label,source,video_path,start_frame,end_frame,length_frames,duration_sec,fps,signer_id,has_video,video_width,video_height
laugh,msasl,,0,31,32.0,1.034,29.97,4,False,640.0,360.0
school,msasl,,33,110,78.0,2.569,29.97,1,False,640.0,360.0
school,msasl,,140,206,67.0,2.2029999999999994,29.97,1,False,640.0,360.0
past,msasl,,0,32,33.0,1.068,29.97,191,False,1280.0,720.0
germany,msasl,,0,36,37.0,1.201,29.97,4,False,640.0,360.0
like,msasl,,0,52,53.0,1.735,29.97,269,False,640.0,360.0
portugal,msasl,,0,44,45.0,1.468,29.97,4,False,640.0,360.0
yellow,msasl,,10,60,51.0,1.6679999999999997,29.97,1,False,640.0,360.0
yellow,msasl,,90,160,71.0,2.3360000000000003,29.97,1,False,640.0,360.0
again,msasl,,0,117,118.0,3.9,30.003,27,False,640.0,360.0
football,msasl,,0,116,117.0,3.871,29.97,269,False,640.0,360.0
mother,msasl,,144,198,55.0,1.8020000000000005,29.97,8,False,640.0,360.0
father,msasl,,216,284,69.0,2.269000000000001,29.97,8,False,640.0,360.0
milk,msasl,,302,369,68.0,2.2349999999999994,29.97,8,False,640.0,360.0
eat,msasl,,387,452,66.0,2.1690000000000005,29.97,8,False,640.0,360.0
drink,msasl,,470,511,42.0,1.3680000000000003,29.97,8,False,640.0,360.0
hot,msasl,,529,596,68.0,2.2360000000000007,29.97,8,False,640.0,360.0
cold,msasl,,615,685,71.0,2.335000000000001,29.97,8,False,640.0,360.0
more,msasl,,703,756,54.0,1.768000000000001,29.97,8,False,640.0,360.0
help,msasl,,774,837,64.0,2.1020000000000003,29.97,8,False,640.0,360.0
clothes,msasl,,928,992,65.0,2.136000000000003,29.97,8,False,640.0,360.0
you,msasl,,1241,1301,61.0,2.001999999999996,29.97,8,False,640.0,360.0
your,msasl,,1320,1381,62.0,2.035000000000004,29.97,8,False,640.0,360.0
down,msasl,,1481,1558,78.0,2.5690000000000026,29.97,8,False,640.0,360.0
hurt,msasl,,1576,1649,74.0,2.436,29.97,8,False,640.0,360.0
again,msasl,,1667,1739,73.0,2.4029999999999987,29.97,8,False,640.0,360.0
want,msasl,,1758,1823,66.0,2.1679999999999997,29.97,8,False,640.0,360.0
like,msasl,,1841,1918,78.0,2.5690000000000026,29.97,8,False,640.0,360.0
not like,msasl,,1938,2009,72.0,2.369,29.97,8,False,640.0,360.0
mad,msasl,,2027,2097,71.0,2.3359999999999985,29.97,8,False,640.0,360.0
funny,msasl,,2204,2270,67.0,2.201999999999998,29.97,8,False,640.0,360.0
silly,msasl,,2288,2355,68.0,2.23599999999999,29.97,8,False,640.0,360.0
sad,msasl,,2374,2432,59.0,1.9359999999999928,29.97,8,False,640.0,360.0
hungry,msasl,,2453,2524,72.0,2.369,29.97,8,False,640.0,360.0
full,msasl,,2542,2605,64.0,2.102000000000004,29.97,8,False,640.0,360.0
tired,msasl,,2695,2763,69.0,2.2689999999999912,29.97,8,False,640.0,360.0
where,msasl,,2781,2849,69.0,2.2689999999999912,29.97,8,False,640.0,360.0
book,msasl,,2868,2925,58.0,1.900999999999996,29.97,8,False,640.0,360.0
dirty,msasl,,2944,2999,56.0,1.8359999999999983,29.97,8,False,640.0,360.0
play,msasl,,3017,3088,72.0,2.369,29.97,8,False,640.0,360.0
outside,msasl,,3107,3179,73.0,2.402999999999992,29.97,8,False,640.0,360.0
home,msasl,,3199,3260,62.0,2.035000000000011,29.97,8,False,640.0,360.0
sister,msasl,,3278,3333,56.0,1.8349999999999935,29.97,8,False,640.0,360.0
brother,msasl,,3351,3417,67.0,2.201999999999998,29.97,8,False,640.0,360.0
grandmother,msasl,,3436,3492,57.0,1.8680000000000088,29.97,8,False,640.0,360.0
grandfather,msasl,,3510,3580,71.0,2.3359999999999985,29.97,8,False,640.0,360.0
aunt,msasl,,3600,3664,65.0,2.134999999999991,29.97,8,False,640.0,360.0
uncle,msasl,,3682,3760,79.0,2.6030000000000086,29.97,8,False,640.0,360.0
cousin,msasl,,3778,3845,68.0,2.23599999999999,29.97,8,False,640.0,360.0
i love you,msasl,,0,117,118.0,3.904,29.97,27,False,640.0,360.0
blue,msasl,,0,89,90.0,2.97,29.97,1,False,640.0,360.0
can,msasl,,0,79,80.0,2.636,29.97,52,False,640.0,360.0
throw,msasl,,0,26,27.0,0.868,29.97,4,False,640.0,360.0
help,msasl,,0,102,103.0,3.4,30.003,27,False,640.0,360.0
spain,msasl,,0,33,34.0,1.101,29.97,4,False,640.0,360.0
elementary school,msasl,,696,832,137.0,4.538,29.97,328,False,640.0,360.0
center school,msasl,,860,1003,144.0,4.771999999999999,29.97,328,False,640.0,360.0
high school,msasl,,1025,1113,89.0,2.936,29.97,328,False,640.0,360.0
gallaudet,msasl,,2884,2965,82.0,2.703000000000003,29.97,328,False,640.0,360.0
english,msasl,,6039,6100,62.0,2.0360000000000014,29.97,328,False,640.0,360.0
spanish,msasl,,6123,6244,122.0,4.037000000000006,29.97,328,False,640.0,360.0
france,msasl,,6468,6538,71.0,2.335000000000008,29.97,328,False,640.0,360.0
sign language,msasl,,6561,6651,91.0,3.002999999999986,29.97,328,False,640.0,360.0
not,msasl,,7576,7627,52.0,1.7019999999999982,29.97,328,False,640.0,360.0
oh i see,msasl,,7795,7872,78.0,2.56899999999996,29.97,328,False,640.0,360.0
remember,msasl,,7895,7947,53.0,1.7350000000000136,29.97,328,False,640.0,360.0
forget,msasl,,7969,8035,67.0,2.201999999999998,29.97,328,False,640.0,360.0
cereal,msasl,,0,126,127.0,4.2,30.0,27,False,640.0,360.0
white,msasl,,0,83,84.0,2.769,29.97,134,False,640.0,360.0
your,msasl,,31,95,65.0,2.136,29.97,1,False,640.0,360.0
your,msasl,,123,203,81.0,2.669,29.97,1,False,640.0,360.0
japan,msasl,,0,23,24.0,0.767,29.97,4,False,640.0,360.0
dance,msasl,,0,75,76.0,2.502,29.97,110,False,640.0,360.0
chicken,msasl,,0,96,97.0,3.203,29.97,27,False,640.0,360.0
mother,msasl,,26,112,87.0,2.869,29.97,1,False,640.0,360.0
mother,msasl,,143,228,86.0,2.837,29.97,1,False,640.0,360.0
tea,msasl,,0,92,93.0,3.067,30.0,1,False,640.0,360.0
tea,msasl,,120,202,83.0,2.733,30.0,1,False,640.0,360.0
cuba,msasl,,0,40,41.0,1.335,29.97,4,False,640.0,360.0
monday,msasl,,0,56,57.0,1.869,29.97,136,False,640.0,360.0
sunday,msasl,,156,259,104.0,3.4369999999999994,29.97,24,False,1280.0,720.0
sunday,msasl,,259,367,109.0,3.604000000000001,29.97,24,False,1280.0,720.0
sunday,msasl,,428,495,68.0,2.235999999999999,29.97,24,False,1280.0,720.0
sunday,msasl,,495,585,91.0,3.003,29.97,24,False,1280.0,720.0
monday,msasl,,637,793,157.0,5.205000000000002,29.97,24,False,1280.0,720.0
tuesday,msasl,,814,949,136.0,4.504999999999999,29.97,24,False,1280.0,720.0
wednesday,msasl,,975,1109,135.0,4.472000000000001,29.97,24,False,1280.0,720.0
thursday,msasl,,1143,1277,135.0,4.471000000000004,29.97,24,False,1280.0,720.0
friday,msasl,,1316,1450,135.0,4.4709999999999965,29.97,24,False,1280.0,720.0
saturday,msasl,,1508,1642,135.0,4.4709999999999965,29.97,24,False,1280.0,720.0
week,msasl,,1672,1806,135.0,4.4709999999999965,29.97,24,False,1280.0,720.0
big,msasl,,0,107,108.0,3.57,29.97,27,False,640.0,360.0
sorry,msasl,,0,128,129.0,4.271,29.97,27,False,640.0,360.0
tiger,msasl,,0,129,130.0,4.3,30.002,27,False,640.0,360.0
girl,msasl,,0,50,51.0,2.085,23.976,181,False,640.0,360.0
me,msasl,,695,777,83.0,2.735999999999997,29.97,400,False,640.0,360.0
you,msasl,,806,876,71.0,2.335000000000001,29.97,400,False,640.0,360.0
he,msasl,,899,1007,109.0,3.6030000000000015,29.97,400,False,640.0,360.0
they,msasl,,1050,1146,97.0,3.203000000000003,29.97,400,False,640.0,360.0
my,msasl,,1349,1424,76.0,2.5020000000000024,29.97,400,False,640.0,360.0
your,msasl,,1439,1512,74.0,2.4350000000000023,29.97,400,False,640.0,360.0
their,msasl,,1535,1613,79.0,2.6019999999999968,29.97,400,False,640.0,360.0
his,msasl,,1634,1701,68.0,2.235999999999997,29.97,400,False,640.0,360.0
our,msasl,,1714,1809,96.0,3.1700000000000017,29.97,400,False,640.0,360.0
what,msasl,,1871,1934,64.0,2.102000000000004,29.97,400,False,640.0,360.0
what,msasl,,2013,2037,25.0,0.8010000000000019,29.97,400,False,640.0,360.0
why,msasl,,2088,2228,141.0,4.670999999999992,29.97,400,False,640.0,360.0
who,msasl,,2251,2355,105.0,3.469999999999999,29.97,400,False,640.0,360.0
where,msasl,,2377,2450,74.0,2.436000000000007,29.97,400,False,640.0,360.0
where,msasl,,2478,2623,146.0,4.837999999999994,29.97,400,False,640.0,360.0
not know,msasl,,3308,3417,110.0,3.637000000000001,29.97,400,False,640.0,360.0
oh i see,msasl,,3484,3624,141.0,4.672000000000011,29.97,400,False,640.0,360.0
cool,msasl,,3653,3757,105.0,3.469999999999999,29.97,400,False,640.0,360.0
from,msasl,,3796,3901,106.0,3.5030000000000143,29.97,400,False,640.0,360.0
live,msasl,,4065,4109,45.0,1.4680000000000175,29.97,400,False,640.0,360.0
live,msasl,,4121,4142,22.0,0.7010000000000218,29.97,400,False,640.0,360.0
live,msasl,,4204,4245,42.0,1.367999999999995,29.97,400,False,640.0,360.0
live,msasl,,4244,4272,29.0,0.9339999999999976,29.97,400,False,640.0,360.0
here,msasl,,4346,4443,98.0,3.2369999999999948,29.97,400,False,640.0,360.0
bye,msasl,,5934,5950,17.0,0.5330000000000155,29.97,400,False,640.0,360.0
hello,msasl,,745,837,93.0,3.0700000000000003,29.97,30,False,640.0,360.0
deaf,msasl,,929,1036,108.0,3.5699999999999967,29.97,30,False,640.0,360.0
hard of hearing,msasl,,1117,1240,124.0,4.103999999999999,29.97,30,False,640.0,360.0
hearing,msasl,,1322,1445,124.0,4.104000000000006,29.97,30,False,640.0,360.0
yes,msasl,,1525,1642,118.0,3.903999999999997,29.97,30,False,640.0,360.0
no,msasl,,1712,1820,109.0,3.6029999999999935,29.97,30,False,640.0,360.0
nice to meet you,msasl,,2571,2751,181.0,6.006,29.97,30,False,640.0,360.0
again,msasl,,3079,3213,135.0,4.470999999999989,29.97,30,False,640.0,360.0
understand,msasl,,3593,3687,95.0,3.135999999999996,29.97,30,False,640.0,360.0
sorry,msasl,,4030,4189,160.0,5.305000000000007,29.97,30,False,640.0,360.0
fine,msasl,,4271,4401,131.0,4.338000000000022,29.97,30,False,640.0,360.0
thank you,msasl,,4481,4571,91.0,3.0030000000000143,29.97,30,False,640.0,360.0
ready,msasl,,4920,5028,109.0,3.604000000000013,29.97,30,False,640.0,360.0
coffee,msasl,,5111,5249,139.0,4.60499999999999,29.97,30,False,640.0,360.0
tea,msasl,,5331,5481,151.0,5.005000000000024,29.97,30,False,640.0,360.0
water,msasl,,6361,6510,150.0,4.971000000000004,29.97,30,False,640.0,360.0
small,msasl,,6860,6934,75.0,2.4690000000000225,29.97,30,False,640.0,360.0
small,msasl,,6934,7028,95.0,3.135999999999996,29.97,30,False,640.0,360.0
small,msasl,,7060,7119,60.0,1.9690000000000225,29.97,30,False,640.0,360.0
small,msasl,,7119,7180,62.0,2.0349999999999966,29.97,30,False,640.0,360.0
medium,msasl,,7275,7321,47.0,1.5349999999999966,29.97,30,False,640.0,360.0
medium,msasl,,7321,7385,65.0,2.1350000000000198,29.97,30,False,640.0,360.0
medium,msasl,,7419,7450,32.0,1.0339999999999918,29.97,30,False,640.0,360.0
medium,msasl,,7450,7502,53.0,1.7350000000000136,29.97,30,False,640.0,360.0
big,msasl,,7626,7655,30.0,0.9669999999999844,29.97,30,False,640.0,360.0
big,msasl,,7655,7701,47.0,1.5349999999999966,29.97,30,False,640.0,360.0
big,msasl,,7753,7790,38.0,1.2350000000000136,29.97,30,False,640.0,360.0
big,msasl,,7790,7834,45.0,1.467999999999961,29.97,30,False,640.0,360.0
hot,msasl,,7920,8053,134.0,4.437000000000012,29.97,30,False,640.0,360.0
good morning,msasl,,12032,12177,146.0,4.838000000000022,29.97,30,False,640.0,360.0
how are you,msasl,,12257,12431,175.0,5.805999999999983,29.97,30,False,640.0,360.0
day,msasl,,28,99,72.0,2.369,29.97,1,False,640.0,360.0
day,msasl,,125,198,74.0,2.436,29.97,1,False,640.0,360.0
fourteen,msasl,,0,137,138.0,4.571,29.97,52,False,640.0,360.0
wait,msasl,,0,119,120.0,3.971,29.97,35,False,640.0,360.0
iran,msasl,,0,43,44.0,1.435,29.97,4,False,640.0,360.0
police,msasl,,0,73,74.0,2.436,29.97,37,False,640.0,360.0
computer,msasl,,32,112,81.0,2.669,29.97,1,False,640.0,360.0
computer,msasl,,132,227,96.0,3.17,29.97,1,False,640.0,360.0
niece,msasl,,0,83,84.0,2.769,29.97,269,False,640.0,360.0
hello,msasl,,250,277,28.0,0.9009999999999998,29.97,43,False,640.0,360.0
hello,msasl,,280,362,83.0,2.7360000000000007,29.97,43,False,640.0,360.0
hello,msasl,,366,413,48.0,1.5679999999999996,29.97,43,False,640.0,360.0
what's up,msasl,,609,629,21.0,0.6679999999999993,29.97,43,False,640.0,360.0
what's up,msasl,,631,762,132.0,4.371000000000002,29.97,43,False,640.0,360.0
how are you,msasl,,813,952,140.0,4.638000000000002,29.97,43,False,640.0,360.0
busy,msasl,,1634,1741,108.0,3.5700000000000003,29.97,43,False,640.0,360.0
busy,msasl,,1749,1826,78.0,2.5700000000000003,29.97,43,False,640.0,360.0
confused,msasl,,1866,1959,94.0,3.1029999999999944,29.97,43,False,640.0,360.0
confused,msasl,,1976,2091,116.0,3.836999999999989,29.97,43,False,640.0,360.0
fine,msasl,,2110,2143,34.0,1.100999999999999,29.97,43,False,640.0,360.0
fine,msasl,,2159,2195,37.0,1.2009999999999934,29.97,43,False,640.0,360.0
fine,msasl,,2193,2245,53.0,1.7349999999999994,29.97,43,False,640.0,360.0
happy,msasl,,2474,2507,34.0,1.100999999999999,29.97,43,False,640.0,360.0
happy,msasl,,2509,2542,34.0,1.100999999999999,29.97,43,False,640.0,360.0
happy,msasl,,2561,2637,77.0,2.5360000000000014,29.97,43,False,640.0,360.0
happy,msasl,,2601,2627,27.0,0.8669999999999902,29.97,43,False,640.0,360.0
nothing,msasl,,2644,2679,36.0,1.1679999999999922,29.97,43,False,640.0,360.0
nothing,msasl,,2720,2751,32.0,1.0349999999999966,29.97,43,False,640.0,360.0
nothing,msasl,,2785,2824,40.0,1.301000000000002,29.97,43,False,640.0,360.0
sleepy,msasl,,3076,3228,153.0,5.072000000000003,29.97,43,False,640.0,360.0
so,msasl,,3251,3316,66.0,2.169000000000011,29.97,43,False,640.0,360.0
so,msasl,,3329,3381,53.0,1.7349999999999994,29.97,43,False,640.0,360.0
tired,msasl,,3399,3591,193.0,6.4069999999999965,29.97,43,False,640.0,360.0
me,msasl,,3610,3770,161.0,5.338000000000008,29.97,43,False,640.0,360.0
we,msasl,,4091,4278,188.0,6.240000000000009,29.97,43,False,640.0,360.0
my,msasl,,4661,4797,137.0,4.538000000000011,29.97,43,False,640.0,360.0
your,msasl,,4821,4973,153.0,5.070999999999998,29.97,43,False,640.0,360.0
his,msasl,,5105,5138,34.0,1.100999999999999,29.97,43,False,640.0,360.0
our,msasl,,5163,5228,66.0,2.169000000000011,29.97,43,False,640.0,360.0
our,msasl,,5230,5361,132.0,4.370999999999981,29.97,43,False,640.0,360.0
your,msasl,,5379,5435,57.0,1.869,29.97,43,False,640.0,360.0
your,msasl,,5396,5539,144.0,4.771000000000015,29.97,43,False,640.0,360.0
their,msasl,,5557,5699,143.0,4.738,29.97,43,False,640.0,360.0
eye contact,msasl,,6328,6397,70.0,2.3029999999999973,29.97,43,False,640.0,360.0
eye contact,msasl,,6445,6513,69.0,2.269000000000005,29.97,43,False,640.0,360.0
hold on,msasl,,6582,6638,57.0,1.869,29.97,43,False,640.0,360.0
hold on,msasl,,6685,6760,76.0,2.502999999999986,29.97,43,False,640.0,360.0
focus,msasl,,6993,7192,200.0,6.640000000000015,29.97,43,False,640.0,360.0
name,msasl,,7330,7515,186.0,6.173000000000002,29.97,43,False,640.0,360.0
last,msasl,,7534,7699,166.0,5.506,29.97,43,False,640.0,360.0
good afternoon,msasl,,8335,8448,114.0,3.771000000000015,29.97,43,False,640.0,360.0
good afternoon,msasl,,8474,8576,103.0,3.4039999999999964,29.97,43,False,640.0,360.0
good morning,msasl,,8880,8974,95.0,3.136000000000024,29.97,43,False,640.0,360.0
good morning,msasl,,9005,9118,114.0,3.770000000000039,29.97,43,False,640.0,360.0
deaf,msasl,,9919,10105,187.0,6.206000000000017,29.97,43,False,640.0,360.0
friend,msasl,,10123,10283,161.0,5.337999999999965,29.97,43,False,640.0,360.0
hard of hearing,msasl,,10340,10507,168.0,5.572999999999979,29.97,43,False,640.0,360.0
hearing,msasl,,10527,10569,43.0,1.4010000000000105,29.97,43,False,640.0,360.0
hearing,msasl,,10589,10613,25.0,0.8000000000000114,29.97,43,False,640.0,360.0
hearing,msasl,,10629,10655,27.0,0.867999999999995,29.97,43,False,640.0,360.0
hearing,msasl,,10659,10703,45.0,1.4680000000000175,29.97,43,False,640.0,360.0
hearing,msasl,,10672,10730,59.0,1.9350000000000025,29.97,43,False,640.0,360.0
introduce,msasl,,10750,10909,160.0,5.305000000000007,29.97,43,False,640.0,360.0
meet,msasl,,10944,11108,165.0,5.47199999999998,29.97,43,False,640.0,360.0
meet,msasl,,11110,11132,23.0,0.7339999999999804,29.97,43,False,640.0,360.0
nice,msasl,,11313,11341,29.0,0.934000000000026,29.97,43,False,640.0,360.0
nice,msasl,,11359,11417,59.0,1.9350000000000025,29.97,43,False,640.0,360.0
nice,msasl,,11439,11529,91.0,3.0030000000000427,29.97,43,False,640.0,360.0
nice,msasl,,11444,11529,86.0,2.8360000000000127,29.97,43,False,640.0,360.0
want,msasl,,11817,11876,60.0,1.968999999999994,29.97,43,False,640.0,360.0
want,msasl,,11907,11998,92.0,3.0360000000000014,29.97,43,False,640.0,360.0
bathroom,msasl,,13108,13178,71.0,2.3360000000000127,29.97,43,False,640.0,360.0
bathroom,msasl,,13207,13294,88.0,2.902000000000044,29.97,43,False,640.0,360.0
learn,msasl,,13545,13624,80.0,2.634999999999991,29.97,43,False,640.0,360.0
learn,msasl,,13637,13729,93.0,3.069999999999993,29.97,43,False,640.0,360.0
please,msasl,,13959,14050,92.0,3.0370000000000346,29.97,43,False,640.0,360.0
please,msasl,,13981,14016,36.0,1.1679999999999495,29.97,43,False,640.0,360.0
please,msasl,,14051,14115,65.0,2.136000000000024,29.97,43,False,640.0,360.0
please,msasl,,14120,14168,49.0,1.6019999999999754,29.97,43,False,640.0,360.0
again,msasl,,14187,14257,71.0,2.3360000000000127,29.97,43,False,640.0,360.0
again,msasl,,14264,14374,111.0,3.670000000000016,29.97,43,False,640.0,360.0
sign,msasl,,14393,14491,99.0,3.2700000000000387,29.97,43,False,640.0,360.0
sign,msasl,,14412,14488,77.0,2.5360000000000014,29.97,43,False,640.0,360.0
sign,msasl,,14502,14538,37.0,1.2019999999999982,29.97,43,False,640.0,360.0
slow,msasl,,14658,14748,91.0,3.002999999999986,29.97,43,False,640.0,360.0
slow,msasl,,14788,14878,91.0,3.002999999999986,29.97,43,False,640.0,360.0
thank you,msasl,,14905,15075,171.0,5.6720000000000255,29.97,43,False,640.0,360.0
yes,msasl,,15094,15166,73.0,2.402999999999963,29.97,43,False,640.0,360.0
yes,msasl,,15170,15197,28.0,0.9009999999999536,29.97,43,False,640.0,360.0
yes,msasl,,15211,15233,23.0,0.7339999999999804,29.97,43,False,640.0,360.0
yes,msasl,,15268,15291,24.0,0.7679999999999723,29.97,43,False,640.0,360.0
bye,msasl,,16536,16637,102.0,3.3700000000000045,29.97,43,False,640.0,360.0
later,msasl,,16665,16818,154.0,5.1049999999999045,29.97,43,False,640.0,360.0
take care,msasl,,17786,17966,181.0,6.005999999999972,29.97,43,False,640.0,360.0
tomorrow,msasl,,18001,18173,173.0,5.738999999999919,29.97,43,False,640.0,360.0
bored,msasl,,18509,18630,122.0,4.037000000000035,29.97,43,False,640.0,360.0
excited,msasl,,18756,18838,83.0,2.73599999999999,29.97,43,False,640.0,360.0
excited,msasl,,18816,18846,31.0,1.0009999999999764,29.97,43,False,640.0,360.0
mad,msasl,,19078,19219,142.0,4.705000000000041,29.97,43,False,640.0,360.0
sad,msasl,,19254,19405,152.0,5.038000000000011,29.97,43,False,640.0,360.0
sick,msasl,,19442,19482,41.0,1.3339999999999463,29.97,43,False,640.0,360.0
sick,msasl,,19499,19584,86.0,2.8360000000000127,29.97,43,False,640.0,360.0
afraid,msasl,,19612,19771,160.0,5.305000000000064,29.97,43,False,640.0,360.0
can't,msasl,,19875,19943,69.0,2.268000000000029,29.97,43,False,640.0,360.0
can't,msasl,,19945,20056,112.0,3.703999999999951,29.97,43,False,640.0,360.0
not know,msasl,,20090,20168,79.0,2.602999999999952,29.97,43,False,640.0,360.0
not know,msasl,,20192,20269,78.0,2.56899999999996,29.97,43,False,640.0,360.0
not like,msasl,,20330,20503,174.0,5.772999999999911,29.97,43,False,640.0,360.0
not understand,msasl,,20531,20724,194.0,6.439999999999941,29.97,43,False,640.0,360.0
know,msasl,,20985,21184,200.0,6.63900000000001,29.97,43,False,640.0,360.0
like,msasl,,21213,21255,43.0,1.4009999999999536,29.97,43,False,640.0,360.0
like,msasl,,21259,21289,31.0,1.0009999999999764,29.97,43,False,640.0,360.0
like,msasl,,21295,21353,59.0,1.9349999999999452,29.97,43,False,640.0,360.0
understand,msasl,,21400,21442,43.0,1.4009999999999536,29.97,43,False,640.0,360.0
understand,msasl,,21446,21580,135.0,4.471000000000004,29.97,43,False,640.0,360.0
who,msasl,,22362,22549,188.0,6.240000000000009,29.97,43,False,640.0,360.0
what,msasl,,22594,22780,187.0,6.206999999999994,29.97,43,False,640.0,360.0
when,msasl,,22814,22895,82.0,2.7029999999999745,29.97,43,False,640.0,360.0
when,msasl,,22898,22981,84.0,2.769000000000005,29.97,43,False,640.0,360.0
where,msasl,,23023,23188,166.0,5.504999999999996,29.97,43,False,640.0,360.0
which,msasl,,23455,23511,57.0,1.869000000000028,29.97,43,False,640.0,360.0
which,msasl,,23526,23561,36.0,1.1680000000000064,29.97,43,False,640.0,360.0
which,msasl,,23569,23661,93.0,3.07000000000005,29.97,43,False,640.0,360.0
color,msasl,,23803,23994,192.0,6.373000000000047,29.97,43,False,640.0,360.0
black,msasl,,24035,24208,174.0,5.772000000000048,29.97,43,False,640.0,360.0
blue,msasl,,24242,24422,181.0,6.005999999999972,29.97,43,False,640.0,360.0
brown,msasl,,24456,24623,168.0,5.572000000000003,29.97,43,False,640.0,360.0
gray,msasl,,24645,24779,135.0,4.471000000000004,29.97,43,False,640.0,360.0
gray,msasl,,24781,24848,68.0,2.23599999999999,29.97,43,False,640.0,360.0
gray,msasl,,24795,24863,69.0,2.268000000000029,29.97,43,False,640.0,360.0
green,msasl,,24916,24943,28.0,0.9009999999999536,29.97,43,False,640.0,360.0
green,msasl,,24945,25030,86.0,2.8360000000000127,29.97,43,False,640.0,360.0
green,msasl,,25034,25101,68.0,2.23599999999999,29.97,43,False,640.0,360.0
orange,msasl,,25136,25166,31.0,1.0009999999999764,29.97,43,False,640.0,360.0
orange,msasl,,25168,25355,188.0,6.239999999999895,29.97,43,False,640.0,360.0
pink,msasl,,25420,25452,33.0,1.0670000000000073,29.97,43,False,640.0,360.0
pink,msasl,,25454,25512,59.0,1.9349999999999452,29.97,43,False,640.0,360.0
pink,msasl,,25521,25599,79.0,2.6019999999999754,29.97,43,False,640.0,360.0
purple,msasl,,25677,25774,98.0,3.23599999999999,29.97,43,False,640.0,360.0
purple,msasl,,25809,25910,102.0,3.3700000000000045,29.97,43,False,640.0,360.0
red,msasl,,25985,26100,116.0,3.836999999999989,29.97,43,False,640.0,360.0
white,msasl,,26142,26165,24.0,0.7680000000000291,29.97,43,False,640.0,360.0
white,msasl,,26167,26208,42.0,1.3680000000000518,29.97,43,False,640.0,360.0
white,msasl,,26214,26300,87.0,2.869000000000028,29.97,43,False,640.0,360.0
white,msasl,,26227,26249,23.0,0.7340000000000373,29.97,43,False,640.0,360.0
white,msasl,,26260,26290,31.0,1.00100000000009,29.97,43,False,640.0,360.0
yellow,msasl,,26370,26481,112.0,3.703999999999951,29.97,43,False,640.0,360.0
yellow,msasl,,26483,26541,59.0,1.9360000000000357,29.97,43,False,640.0,360.0
monday,msasl,,26622,26741,120.0,3.971000000000004,29.97,43,False,640.0,360.0
monday,msasl,,26770,26892,123.0,4.07000000000005,29.97,43,False,640.0,360.0
tuesday,msasl,,26919,27046,128.0,4.237999999999943,29.97,43,False,640.0,360.0
tuesday,msasl,,27073,27197,125.0,4.136999999999944,29.97,43,False,640.0,360.0
wednesday,msasl,,27232,27340,109.0,3.604000000000042,29.97,43,False,640.0,360.0
wednesday,msasl,,27219,27345,127.0,4.205000000000041,29.97,43,False,640.0,360.0
wednesday,msasl,,27365,27476,112.0,3.704000000000065,29.97,43,False,640.0,360.0
thursday,msasl,,27522,27615,94.0,3.104000000000042,29.97,43,False,640.0,360.0
thursday,msasl,,27661,27741,81.0,2.669999999999959,29.97,43,False,640.0,360.0
friday,msasl,,27763,27954,192.0,6.372999999999934,29.97,43,False,640.0,360.0
friday,msasl,,27956,27993,38.0,1.2340000000000373,29.97,43,False,640.0,360.0
saturday,msasl,,28028,28142,115.0,3.8039999999999736,29.97,43,False,640.0,360.0
saturday,msasl,,28168,28266,99.0,3.2700000000000955,29.97,43,False,640.0,360.0
saturday,msasl,,28270,28298,29.0,0.9340000000000828,29.97,43,False,640.0,360.0
sunday,msasl,,28339,28532,194.0,6.440000000000055,29.97,43,False,640.0,360.0
march,msasl,,29224,29307,84.0,2.769999999999982,29.97,43,False,640.0,360.0
march,msasl,,29201,29331,131.0,4.337999999999965,29.97,43,False,640.0,360.0
march,msasl,,29371,29521,151.0,5.005000000000109,29.97,43,False,640.0,360.0
nothing,msasl,,32063,32243,181.0,6.005999999999858,29.97,43,False,640.0,360.0
important,msasl,,33008,33098,91.0,3.002999999999929,29.97,43,False,640.0,360.0
important,msasl,,33118,33208,91.0,3.002999999999929,29.97,43,False,640.0,360.0
water,msasl,,33241,33423,183.0,6.072999999999865,29.97,43,False,640.0,360.0
absent,msasl,,33460,33632,173.0,5.739000000000033,29.97,43,False,640.0,360.0
due,msasl,,33808,33994,187.0,6.206000000000131,29.97,43,False,640.0,360.0
favorite,msasl,,34028,34201,174.0,5.771999999999935,29.97,43,False,640.0,360.0
movie,msasl,,34228,34428,201.0,6.673999999999978,29.97,43,False,640.0,360.0
practice,msasl,,34474,34496,23.0,0.7350000000001273,29.97,43,False,640.0,360.0
practice,msasl,,34498,34618,121.0,4.003999999999905,29.97,43,False,640.0,360.0
practice,msasl,,34620,34645,26.0,0.83400000000006,29.97,43,False,640.0,360.0
practice,msasl,,34652,34712,61.0,2.0019999999999527,29.97,43,False,640.0,360.0
school,msasl,,34741,34927,187.0,6.20699999999988,29.97,43,False,640.0,360.0
paper,msasl,,36117,36189,73.0,2.402000000000044,29.97,43,False,640.0,360.0
paper,msasl,,36191,36291,101.0,3.336999999999989,29.97,43,False,640.0,360.0
paper,msasl,,36207,36232,26.0,0.83400000000006,29.97,43,False,640.0,360.0
paper,msasl,,36253,36291,39.0,1.268000000000029,29.97,43,False,640.0,360.0
study,msasl,,36507,36706,200.0,6.6400000000001,29.97,43,False,640.0,360.0
exam,msasl,,37162,37213,52.0,1.7019999999999982,29.97,43,False,640.0,360.0
exam,msasl,,37215,37250,36.0,1.1669999999999163,29.97,43,False,640.0,360.0
exam,msasl,,37288,37314,27.0,0.8680000000001655,29.97,43,False,640.0,360.0
exam,msasl,,37239,37329,91.0,3.0030000000001564,29.97,43,False,640.0,360.0
write,msasl,,37358,37459,102.0,3.3700000000001182,29.97,43,False,640.0,360.0
write,msasl,,37463,37528,66.0,2.168999999999869,29.97,43,False,640.0,360.0
wrong,msasl,,37585,37721,137.0,4.538000000000011,29.97,43,False,640.0,360.0
book,msasl,,37991,38036,46.0,1.5019999999999527,29.97,43,False,640.0,360.0
book,msasl,,38040,38122,83.0,2.7359999999998763,29.97,43,False,640.0,360.0
book,msasl,,38124,38151,28.0,0.9010000000000672,29.97,43,False,640.0,360.0
table,msasl,,38186,38224,39.0,1.2669999999998254,29.97,43,False,640.0,360.0
table,msasl,,38252,38315,64.0,2.1019999999998618,29.97,43,False,640.0,360.0
table,msasl,,38321,38343,23.0,0.7339999999999236,29.97,43,False,640.0,360.0
pencil,msasl,,38406,38505,100.0,3.3040000000000878,29.97,43,False,640.0,360.0
pencil,msasl,,38509,38534,26.0,0.83400000000006,29.97,43,False,640.0,360.0
from,msasl,,0,38,39.0,1.585,23.976,181,False,640.0,360.0
spain,msasl,,0,34,35.0,1.134,29.97,4,False,640.0,360.0
israel,msasl,,0,30,31.0,1.001,29.97,4,False,640.0,360.0
switzerland,msasl,,0,40,41.0,1.335,29.97,4,False,640.0,360.0
three,msasl,,0,104,105.0,3.47,29.97,52,False,640.0,360.0
good morning,msasl,,160,249,90.0,2.9689999999999994,29.97,24,False,1280.0,720.0
good morning,msasl,,309,391,83.0,2.735999999999999,29.97,24,False,1280.0,720.0
good morning,msasl,,391,478,88.0,2.9030000000000005,29.97,24,False,1280.0,720.0
good afternoon,msasl,,588,773,186.0,6.172000000000001,29.97,24,False,1280.0,720.0
good afternoon,msasl,,775,847,73.0,2.4029999999999987,29.97,24,False,1280.0,720.0
some,msasl,,0,91,92.0,3.036,29.97,52,False,640.0,360.0
four,msasl,,0,69,70.0,2.302,29.97,52,False,640.0,360.0
talk,msasl,,0,85,86.0,3.4,25.0,0,False,480.0,360.0
clear,msasl,,152,212,61.0,2.002,29.97,24,False,1280.0,720.0
clear,msasl,,222,392,171.0,5.673,29.97,24,False,1280.0,720.0
excuse me,msasl,,449,509,61.0,2.0020000000000024,29.97,24,False,1280.0,720.0
excuse me,msasl,,509,559,51.0,1.6679999999999993,29.97,24,False,1280.0,720.0
excuse me,msasl,,589,649,61.0,2.0020000000000024,29.97,24,False,1280.0,720.0
excuse me,msasl,,649,689,41.0,1.3349999999999973,29.97,24,False,1280.0,720.0
excuse me,msasl,,702,752,51.0,1.6690000000000005,29.97,24,False,1280.0,720.0
explain,msasl,,780,830,51.0,1.6679999999999993,29.97,24,False,1280.0,720.0
explain,msasl,,830,940,111.0,3.671,29.97,24,False,1280.0,720.0
explain,msasl,,960,1020,61.0,2.0020000000000024,29.97,24,False,1280.0,720.0
explain,msasl,,1070,1120,51.0,1.669000000000004,29.97,24,False,1280.0,720.0
sheep,msasl,,0,110,111.0,3.67,29.97,64,False,640.0,360.0
friday,msasl,,0,58,59.0,1.935,29.97,136,False,640.0,360.0
same,msasl,,162,337,176.0,5.839999999999999,29.97,24,False,1280.0,720.0
different,msasl,,371,550,180.0,5.973000000000001,29.97,24,False,1280.0,720.0
wake up,msasl,,552,655,104.0,3.437000000000001,29.97,24,False,1280.0,720.0
wake up,msasl,,657,721,65.0,2.134999999999998,29.97,24,False,1280.0,720.0
nothing,msasl,,724,920,197.0,6.539999999999999,29.97,24,False,1280.0,720.0
car,msasl,,1130,1200,71.0,2.3359999999999985,29.97,24,False,1280.0,720.0
car,msasl,,1270,1390,121.0,4.004000000000005,29.97,24,False,1280.0,720.0
past,msasl,,1485,1605,121.0,4.003,29.97,24,False,1280.0,720.0
class,msasl,,1603,1713,111.0,3.6699999999999946,29.97,24,False,1280.0,720.0
class,msasl,,1713,1823,111.0,3.6700000000000017,29.97,24,False,1280.0,720.0
far,msasl,,1903,2013,111.0,3.6700000000000017,29.97,24,False,1280.0,720.0
far,msasl,,2043,2133,91.0,3.003,29.97,24,False,1280.0,720.0
far,msasl,,2203,2273,71.0,2.3349999999999937,29.97,24,False,1280.0,720.0
far,msasl,,2293,2343,51.0,1.6679999999999922,29.97,24,False,1280.0,720.0
paint,msasl,,0,104,105.0,3.47,29.97,219,False,640.0,360.0
confused,msasl,,0,60,61.0,2.002,29.97,1,False,640.0,360.0
confused,msasl,,80,150,71.0,2.336,29.97,1,False,640.0,360.0
teacher,msasl,,0,87,88.0,3.48,25.0,93,False,640.0,360.0
hurry,msasl,,0,89,90.0,2.97,29.97,110,False,640.0,360.0
hi,msasl,,3,20,18.0,0.5670000000000001,30.0,74,False,640.0,360.0
ready,msasl,,499,538,40.0,1.3000000000000007,30.0,74,False,640.0,360.0
china,msasl,,628,682,55.0,1.8000000000000007,30.0,74,False,640.0,360.0
table,msasl,,698,771,74.0,2.433,30.0,74,False,640.0,360.0
english,msasl,,789,852,64.0,2.099999999999998,30.0,74,False,640.0,360.0
france,msasl,,868,945,78.0,2.567,30.0,74,False,640.0,360.0
germany,msasl,,962,1042,81.0,2.665999999999997,30.0,74,False,640.0,360.0
language,msasl,,1206,1279,74.0,2.433,30.0,74,False,640.0,360.0
see,msasl,,1294,1343,50.0,1.6340000000000003,30.0,74,False,640.0,360.0
sign,msasl,,1361,1434,74.0,2.433,30.0,74,False,640.0,360.0
spanish,msasl,,1456,1559,104.0,3.433999999999997,30.0,74,False,640.0,360.0
student,msasl,,1578,1644,67.0,2.199999999999996,30.0,74,False,640.0,360.0
talk,msasl,,1658,1713,56.0,1.8329999999999984,30.0,74,False,640.0,360.0
teacher,msasl,,1726,1785,60.0,1.9669999999999987,30.0,74,False,640.0,360.0
class,msasl,,2015,2061,47.0,1.5330000000000013,30.0,74,False,640.0,360.0
college,msasl,,2075,2139,65.0,2.132999999999996,30.0,74,False,640.0,360.0
right,msasl,,2171,2231,61.0,2.0,30.0,74,False,640.0,360.0
paper,msasl,,2690,2749,60.0,1.965999999999994,30.0,74,False,640.0,360.0
study,msasl,,2868,2966,99.0,3.26700000000001,30.0,74,False,640.0,360.0
exam,msasl,,2982,3031,50.0,1.6329999999999956,30.0,74,False,640.0,360.0
university,msasl,,3049,3147,99.0,3.26700000000001,30.0,74,False,640.0,360.0
easy,msasl,,3451,3493,43.0,1.4000000000000057,30.0,74,False,640.0,360.0
head,msasl,,3649,3713,65.0,2.1340000000000003,30.0,74,False,640.0,360.0
hungry,msasl,,3727,3770,44.0,1.4339999999999975,30.0,74,False,640.0,360.0
lost,msasl,,3783,3833,51.0,1.6670000000000016,30.0,74,False,640.0,360.0
most,msasl,,3847,3892,46.0,1.5,30.0,74,False,640.0,360.0
start,msasl,,3912,4002,91.0,3.0,30.0,74,False,640.0,360.0
some,msasl,,4022,4107,86.0,2.8329999999999984,30.0,74,False,640.0,360.0
thirsty,msasl,,4126,4188,63.0,2.0670000000000077,30.0,74,False,640.0,360.0
tired,msasl,,4316,4389,74.0,2.433000000000021,30.0,74,False,640.0,360.0
restaurant,msasl,,4404,4464,61.0,2.0,30.0,74,False,640.0,360.0
both,msasl,,4640,4712,73.0,2.4000000000000057,30.0,74,False,640.0,360.0
computer,msasl,,4734,4843,110.0,3.632999999999981,30.0,74,False,640.0,360.0
have,msasl,,4863,4938,76.0,2.5,30.0,74,False,640.0,360.0
here,msasl,,4959,5039,81.0,2.6670000000000016,30.0,74,False,640.0,360.0
now,msasl,,5226,5287,62.0,2.0330000000000155,30.0,74,False,640.0,360.0
shoes,msasl,,5455,5531,77.0,2.533999999999992,30.0,74,False,640.0,360.0
sleep,msasl,,5551,5621,71.0,2.334000000000003,30.0,74,False,640.0,360.0
there,msasl,,5637,5686,50.0,1.6329999999999814,30.0,74,False,640.0,360.0
time,msasl,,5703,5767,65.0,2.1330000000000098,30.0,74,False,640.0,360.0
with,msasl,,5784,5848,65.0,2.1329999999999814,30.0,74,False,640.0,360.0
year,msasl,,5865,5920,56.0,1.8329999999999984,30.0,74,False,640.0,360.0
bicycle,msasl,,6040,6091,52.0,1.6999999999999886,30.0,74,False,640.0,360.0
bicycle,msasl,,6093,6140,48.0,1.5670000000000073,30.0,74,False,640.0,360.0
bowl,msasl,,6165,6237,73.0,2.4000000000000057,30.0,74,False,640.0,360.0
camp,msasl,,6260,6407,148.0,4.900000000000006,30.0,74,False,640.0,360.0
dance,msasl,,6510,6587,78.0,2.5670000000000077,30.0,74,False,640.0,360.0
dog,msasl,,6604,6661,58.0,1.8999999999999773,30.0,74,False,640.0,360.0
exercise,msasl,,6682,6792,111.0,3.6670000000000016,30.0,74,False,640.0,360.0
fish,msasl,,6814,6907,94.0,3.0999999999999943,30.0,74,False,640.0,360.0
game,msasl,,7048,7105,58.0,1.9000000000000057,30.0,74,False,640.0,360.0
play,msasl,,7209,7294,86.0,2.8329999999999984,30.0,74,False,640.0,360.0
ready,msasl,,7319,7422,104.0,3.4329999999999927,30.0,74,False,640.0,360.0
run,msasl,,7442,7515,74.0,2.4329999999999927,30.0,74,False,640.0,360.0
walk,msasl,,7532,7588,57.0,1.8659999999999852,30.0,74,False,640.0,360.0
chat,msasl,,7703,7741,39.0,1.2660000000000196,30.0,74,False,640.0,360.0
fun,msasl,,7757,7831,75.0,2.466000000000008,30.0,74,False,640.0,360.0
movie,msasl,,8028,8130,103.0,3.3999999999999773,30.0,74,False,640.0,360.0
music,msasl,,8151,8249,99.0,3.266999999999996,30.0,74,False,640.0,360.0
paint,msasl,,8270,8361,92.0,3.0330000000000155,30.0,74,False,640.0,360.0
party,msasl,,8380,8437,58.0,1.8999999999999773,30.0,74,False,640.0,360.0
phone,msasl,,8454,8536,83.0,2.733000000000004,30.0,74,False,640.0,360.0
sew,msasl,,8657,8733,77.0,2.5330000000000155,30.0,74,False,640.0,360.0
shop,msasl,,8754,8833,80.0,2.6329999999999814,30.0,74,False,640.0,360.0
sports,msasl,,8851,8917,67.0,2.1999999999999886,30.0,74,False,640.0,360.0
travel,msasl,,8982,9045,64.0,2.1000000000000227,30.0,74,False,640.0,360.0
watch,msasl,,9139,9215,77.0,2.533999999999992,30.0,74,False,640.0,360.0
apple,msasl,,9328,9379,52.0,1.6999999999999886,30.0,74,False,640.0,360.0
candy,msasl,,9434,9502,69.0,2.26600000000002,30.0,74,False,640.0,360.0
chocolate,msasl,,9516,9579,64.0,2.1000000000000227,30.0,74,False,640.0,360.0
coffee,msasl,,9595,9669,75.0,2.4669999999999845,30.0,74,False,640.0,360.0
cup,msasl,,9683,9719,37.0,1.1999999999999886,30.0,74,False,640.0,360.0
drink,msasl,,9732,9779,48.0,1.5670000000000073,30.0,74,False,640.0,360.0
eat,msasl,,9792,9842,51.0,1.66700000000003,30.0,74,False,640.0,360.0
hot,msasl,,9856,9908,53.0,1.7339999999999804,30.0,74,False,640.0,360.0
juice,msasl,,9923,9982,60.0,1.966000000000008,30.0,74,False,640.0,360.0
milk,msasl,,10000,10073,74.0,2.433999999999969,30.0,74,False,640.0,360.0
orange,msasl,,10090,10143,54.0,1.766999999999996,30.0,74,False,640.0,360.0
soda,msasl,,10159,10218,60.0,1.9670000000000412,30.0,74,False,640.0,360.0
tea,msasl,,10239,10331,93.0,3.0670000000000077,30.0,74,False,640.0,360.0
water,msasl,,10353,10428,76.0,2.5,30.0,74,False,640.0,360.0
equal,msasl,,10716,10735,20.0,0.6330000000000382,30.0,74,False,640.0,360.0
equal,msasl,,10737,10784,48.0,1.5670000000000073,30.0,74,False,640.0,360.0
history,msasl,,10800,10858,59.0,1.9329999999999927,30.0,74,False,640.0,360.0
math,msasl,,10969,11024,56.0,1.8340000000000032,30.0,74,False,640.0,360.0
minus,msasl,,11038,11090,53.0,1.7339999999999804,30.0,74,False,640.0,360.0
number,msasl,,11104,11162,59.0,1.934000000000026,30.0,74,False,640.0,360.0
plus,msasl,,11171,11194,24.0,0.7659999999999627,30.0,74,False,640.0,360.0
science,msasl,,11207,11263,57.0,1.8659999999999852,30.0,74,False,640.0,360.0
ask,msasl,,11526,11565,40.0,1.3000000000000114,30.0,74,False,640.0,360.0
clear,msasl,,11602,11636,35.0,1.1340000000000146,30.0,74,False,640.0,360.0
excuse me,msasl,,11649,11712,64.0,2.099999999999966,30.0,74,False,640.0,360.0
explain,msasl,,11724,11779,56.0,1.83299999999997,30.0,74,False,640.0,360.0
give,msasl,,11794,11846,53.0,1.7340000000000373,30.0,74,False,640.0,360.0
meaning,msasl,,11946,12028,83.0,2.733000000000004,30.0,74,False,640.0,360.0
need,msasl,,12037,12062,26.0,0.8340000000000032,30.0,74,False,640.0,360.0
nothing,msasl,,12089,12128,40.0,1.3000000000000114,30.0,74,False,640.0,360.0
answer,msasl,,12140,12183,44.0,1.4330000000000496,30.0,74,False,640.0,360.0
tell,msasl,,12236,12274,39.0,1.2659999999999627,30.0,74,False,640.0,360.0
door,msasl,,12648,12691,44.0,1.4329999999999927,30.0,74,False,640.0,360.0
get up,msasl,,12707,12770,64.0,2.099999999999966,30.0,74,False,640.0,360.0
jump,msasl,,12788,12847,60.0,1.966000000000008,30.0,74,False,640.0,360.0
light,msasl,,12861,12900,40.0,1.3000000000000114,30.0,74,False,640.0,360.0
sit,msasl,,13234,13278,45.0,1.4670000000000414,30.0,74,False,640.0,360.0
stand,msasl,,13294,13363,70.0,2.300000000000012,30.0,74,False,640.0,360.0
walk,msasl,,13378,13441,64.0,2.1000000000000227,30.0,74,False,640.0,360.0
day,msasl,,13553,13605,53.0,1.733000000000004,30.0,74,False,640.0,360.0
everyday,msasl,,13621,13688,68.0,2.2339999999999804,30.0,74,False,640.0,360.0
friday,msasl,,13698,13730,33.0,1.0669999999999504,30.0,74,False,640.0,360.0
monday,msasl,,13741,13781,41.0,1.3340000000000032,30.0,74,False,640.0,360.0
saturday,msasl,,13794,13850,57.0,1.8669999999999616,30.0,74,False,640.0,360.0
sunday,msasl,,13862,13901,40.0,1.3000000000000114,30.0,74,False,640.0,360.0
thursday,msasl,,13913,13956,44.0,1.4329999999999927,30.0,74,False,640.0,360.0
tuesday,msasl,,13967,14012,46.0,1.5,30.0,74,False,640.0,360.0
wednesday,msasl,,14023,14062,40.0,1.3000000000000114,30.0,74,False,640.0,360.0
week,msasl,,14073,14118,46.0,1.5,30.0,74,False,640.0,360.0
weekend,msasl,,14133,14197,65.0,2.1329999999999814,30.0,74,False,640.0,360.0
thirsty,msasl,,0,122,123.0,4.071,29.97,27,False,640.0,360.0
rock,msasl,,0,33,34.0,1.101,29.97,4,False,640.0,360.0
sixteen,msasl,,0,105,106.0,3.504,29.97,27,False,640.0,360.0
medicine,msasl,,0,120,121.0,4.0,30.002,27,False,640.0,360.0
old,msasl,,0,40,41.0,1.668,23.976,181,False,640.0,360.0
deer,msasl,,0,132,133.0,4.404,29.97,64,False,640.0,360.0
meet,msasl,,50,110,61.0,2.002,29.97,1,False,640.0,360.0
meet,msasl,,142,222,81.0,2.669,29.97,1,False,640.0,360.0
pepper,msasl,,0,36,37.0,1.201,29.97,4,False,640.0,360.0
husband,msasl,,70,170,101.0,3.334,30.0,1,False,640.0,360.0
husband,msasl,,190,280,91.0,3.0,30.0,1,False,640.0,360.0
room,msasl,,0,101,102.0,3.37,29.97,269,False,640.0,360.0
bird,msasl,,0,98,99.0,3.27,29.97,64,False,640.0,360.0
slide,msasl,,165,235,71.0,2.335,29.97,88,False,640.0,360.0
slide,msasl,,235,345,111.0,3.669999999999999,29.97,88,False,640.0,360.0
slide,msasl,,345,465,121.0,4.004000000000001,29.97,88,False,640.0,360.0
slide,msasl,,465,551,87.0,2.870000000000001,29.97,88,False,640.0,360.0
slide,msasl,,537,635,99.0,3.27,29.97,88,False,640.0,360.0
swing,msasl,,637,672,36.0,1.1670000000000016,29.97,88,False,640.0,360.0
swing,msasl,,672,704,33.0,1.0679999999999978,29.97,88,False,640.0,360.0
swing,msasl,,704,750,47.0,1.535,29.97,88,False,640.0,360.0
swing,msasl,,750,821,72.0,2.369,29.97,88,False,640.0,360.0
swing,msasl,,821,931,111.0,3.6700000000000017,29.97,88,False,640.0,360.0
swing,msasl,,931,953,23.0,0.7339999999999982,29.97,88,False,640.0,360.0
swing,msasl,,984,1093,110.0,3.637000000000001,29.97,88,False,640.0,360.0
pull,msasl,,2034,2084,51.0,1.6680000000000064,29.97,88,False,640.0,360.0
pull,msasl,,2084,2134,51.0,1.6679999999999922,29.97,88,False,640.0,360.0
pull,msasl,,2134,2204,71.0,2.3360000000000127,29.97,88,False,640.0,360.0
pull,msasl,,2204,2284,81.0,2.668999999999997,29.97,88,False,640.0,360.0
pull,msasl,,2284,2354,71.0,2.3359999999999985,29.97,88,False,640.0,360.0
pull,msasl,,2354,2504,151.0,5.004999999999996,29.97,88,False,640.0,360.0
throw,msasl,,2981,3041,61.0,2.002000000000009,29.97,88,False,640.0,360.0
throw,msasl,,3071,3151,81.0,2.669000000000011,29.97,88,False,640.0,360.0
throw,msasl,,3191,3291,101.0,3.3370000000000037,29.97,88,False,640.0,360.0
throw,msasl,,3291,3331,41.0,1.3340000000000032,29.97,88,False,640.0,360.0
throw,msasl,,3333,3431,99.0,3.269999999999996,29.97,88,False,640.0,360.0
music,msasl,,0,83,84.0,2.769,29.97,271,False,640.0,360.0
bicycle,msasl,,0,104,105.0,3.47,29.97,27,False,640.0,360.0
animal,msasl,,211,329,119.0,3.938,29.97,24,False,1280.0,720.0
favorite,msasl,,409,489,81.0,2.6689999999999987,29.97,24,False,1280.0,720.0
favorite,msasl,,489,559,71.0,2.336000000000002,29.97,24,False,1280.0,720.0
favorite,msasl,,609,659,51.0,1.6690000000000005,29.97,24,False,1280.0,720.0
favorite,msasl,,685,775,91.0,3.003,29.97,24,False,1280.0,720.0
color,msasl,,830,948,119.0,3.9380000000000015,29.97,24,False,1280.0,720.0
candy,msasl,,978,1108,131.0,4.336999999999996,29.97,24,False,1280.0,720.0
letter,msasl,,5614,5732,119.0,3.9380000000000166,29.97,24,False,1280.0,720.0
baby,msasl,,60,120,61.0,2.002,29.97,1,False,640.0,360.0
baby,msasl,,170,250,81.0,2.670000000000001,29.97,1,False,640.0,360.0
mouse,msasl,,0,62,63.0,2.48,25.0,93,False,640.0,360.0
headache,msasl,,0,87,88.0,2.903,29.97,269,False,640.0,360.0
potato,msasl,,0,107,108.0,3.577,29.917,27,False,640.0,360.0
sore throat,msasl,,846,966,121.0,4.003999999999998,29.97,24,False,1280.0,720.0
cough,msasl,,1104,1159,56.0,1.8349999999999935,29.97,24,False,1280.0,720.0
cough,msasl,,1159,1222,64.0,2.102000000000004,29.97,24,False,1280.0,720.0
cough,msasl,,1265,1355,91.0,3.003,29.97,24,False,1280.0,720.0
sneeze,msasl,,1405,1445,41.0,1.3350000000000009,29.97,24,False,1280.0,720.0
sneeze,msasl,,1445,1485,41.0,1.3349999999999935,29.97,24,False,1280.0,720.0
sneeze,msasl,,1485,1585,101.0,3.3360000000000056,29.97,24,False,1280.0,720.0
sneeze,msasl,,1585,1665,81.0,2.6699999999999946,29.97,24,False,1280.0,720.0
car,msasl,,0,31,32.0,1.034,29.97,4,False,640.0,360.0
thirteen,msasl,,0,103,104.0,3.437,29.97,52,False,640.0,360.0
again,msasl,,178,327,150.0,4.972,29.97,98,False,960.0,720.0
#asl,msasl,,423,513,91.0,3.003,29.97,98,False,960.0,720.0
#asl,msasl,,653,704,52.0,1.7019999999999982,29.97,98,False,960.0,720.0
bad,msasl,,793,941,149.0,4.937999999999999,29.97,98,False,960.0,720.0
bathroom,msasl,,993,1142,150.0,4.971999999999994,29.97,98,False,960.0,720.0
boy,msasl,,1241,1390,150.0,4.972000000000001,29.97,98,False,960.0,720.0
right,msasl,,1473,1505,33.0,1.0679999999999978,29.97,98,False,960.0,720.0
wrong,msasl,,1901,2020,120.0,3.970999999999997,29.97,98,False,960.0,720.0
culture,msasl,,2123,2231,109.0,3.603999999999999,29.97,98,False,960.0,720.0
culture,msasl,,2231,2290,60.0,1.968999999999994,29.97,98,False,960.0,720.0
deaf,msasl,,2503,2664,162.0,5.372,29.97,98,False,960.0,720.0
fine,msasl,,2853,2954,102.0,3.3700000000000045,29.97,98,False,960.0,720.0
finish,msasl,,3163,3313,151.0,5.004999999999996,29.97,98,False,960.0,720.0
girl,msasl,,3465,3545,81.0,2.6700000000000017,29.97,98,False,960.0,720.0
girl,msasl,,3545,3605,61.0,2.002000000000009,29.97,98,False,960.0,720.0
girl,msasl,,3605,3665,61.0,2.001999999999996,29.97,98,False,960.0,720.0
good,msasl,,3735,3785,51.0,1.6690000000000111,29.97,98,False,960.0,720.0
good,msasl,,3785,3845,61.0,2.001999999999981,29.97,98,False,960.0,720.0
good,msasl,,3845,3905,61.0,2.002000000000009,29.97,98,False,960.0,720.0
good morning,msasl,,3990,4110,121.0,4.003999999999991,29.97,98,False,960.0,720.0
good afternoon,msasl,,4408,4548,141.0,4.671999999999997,29.97,98,False,960.0,720.0
good morning,msasl,,5076,5135,60.0,1.968999999999994,29.97,98,False,960.0,720.0
good afternoon,msasl,,5143,5202,60.0,1.9680000000000175,29.97,98,False,960.0,720.0
hearing,msasl,,5415,5505,91.0,3.0039999999999907,29.97,98,False,960.0,720.0
hearing,msasl,,5505,5588,84.0,2.769000000000005,29.97,98,False,960.0,720.0
hearing help,msasl,,5732,5912,181.0,6.006,29.97,98,False,960.0,720.0
help,msasl,,6200,6320,121.0,4.004000000000019,29.97,98,False,960.0,720.0
help,msasl,,6320,6368,49.0,1.602000000000004,29.97,98,False,960.0,720.0
what's up,msasl,,7157,7191,35.0,1.134999999999991,29.97,98,False,960.0,720.0
what's up,msasl,,7261,7345,85.0,2.8029999999999973,29.97,98,False,960.0,720.0
what's up,msasl,,7345,7396,52.0,1.7019999999999982,29.97,98,False,960.0,720.0
hold on,msasl,,7644,7734,91.0,3.002999999999986,29.97,98,False,960.0,720.0
wait,msasl,,7798,7917,120.0,3.971000000000004,29.97,98,False,960.0,720.0
know,msasl,,8198,8296,99.0,3.269999999999982,29.97,98,False,960.0,720.0
not know,msasl,,8406,8555,150.0,4.97199999999998,29.97,98,False,960.0,720.0
name,msasl,,8791,8861,71.0,2.335999999999956,29.97,98,False,960.0,720.0
name,msasl,,8861,8897,37.0,1.2010000000000218,29.97,98,False,960.0,720.0
name,msasl,,8927,9032,106.0,3.504000000000019,29.97,98,False,960.0,720.0
nice to meet you,msasl,,9805,9838,34.0,1.100999999999999,29.97,98,False,960.0,720.0
#ok,msasl,,10133,10282,150.0,4.972000000000037,29.97,98,False,960.0,720.0
focus,msasl,,10441,10544,104.0,3.437000000000012,29.97,98,False,960.0,720.0
focus,msasl,,10544,10595,52.0,1.7019999999999982,29.97,98,False,960.0,720.0
focus,msasl,,10608,10648,41.0,1.3340000000000032,29.97,98,False,960.0,720.0
focus,msasl,,10666,10707,42.0,1.367999999999995,29.97,98,False,960.0,720.0
please,msasl,,10939,11118,180.0,5.973000000000013,29.97,98,False,960.0,720.0
ready,msasl,,11210,11330,121.0,4.003999999999962,29.97,98,False,960.0,720.0
sign language,msasl,,12528,12633,106.0,3.5030000000000427,29.97,98,False,960.0,720.0
slow,msasl,,12831,12980,150.0,4.971000000000004,29.97,98,False,960.0,720.0
sorry,msasl,,13092,13241,150.0,4.97199999999998,29.97,98,False,960.0,720.0
thank you,msasl,,13387,13566,180.0,5.97199999999998,29.97,98,False,960.0,720.0
understand,msasl,,13868,13948,81.0,2.66900000000004,29.97,98,False,960.0,720.0
not understand,msasl,,14041,14161,121.0,4.004000000000019,29.97,98,False,960.0,720.0
what,msasl,,14876,15055,180.0,5.97199999999998,29.97,98,False,960.0,720.0
ten,msasl,,15833,15922,90.0,2.9700000000000277,29.97,98,False,960.0,720.0
twenty,msasl,,17747,17926,180.0,5.972999999999956,29.97,98,False,960.0,720.0
21,msasl,,17939,18089,151.0,5.004999999999996,29.97,98,False,960.0,720.0
22,msasl,,18106,18195,90.0,2.969000000000051,29.97,98,False,960.0,720.0
23,msasl,,18493,18593,101.0,3.3360000000000127,29.97,98,False,960.0,720.0
24,msasl,,18823,18942,120.0,3.9699999999999136,29.97,98,False,960.0,720.0
25,msasl,,18949,19098,150.0,4.97199999999998,29.97,98,False,960.0,720.0
26,msasl,,19153,19220,68.0,2.2350000000000136,29.97,98,False,960.0,720.0
26,msasl,,19249,19298,50.0,1.634999999999991,29.97,98,False,960.0,720.0
27,msasl,,19351,19470,120.0,3.971000000000004,29.97,98,False,960.0,720.0
28,msasl,,19486,19635,150.0,4.971000000000004,29.97,98,False,960.0,720.0
29,msasl,,19686,19805,120.0,3.971000000000004,29.97,98,False,960.0,720.0
30,msasl,,19957,20020,64.0,2.1019999999999754,29.97,98,False,960.0,720.0
30,msasl,,20020,20045,26.0,0.83400000000006,29.97,98,False,960.0,720.0
30,msasl,,20045,20067,23.0,0.7339999999999236,29.97,98,False,960.0,720.0
100,msasl,,22016,22106,91.0,3.0030000000000427,29.97,98,False,960.0,720.0
bird,msasl,,181,359,179.0,5.94,29.97,88,False,640.0,360.0
bird,msasl,,421,571,151.0,5.004999999999999,29.97,88,False,640.0,360.0
fish,msasl,,598,629,32.0,1.035,29.97,88,False,640.0,360.0
fish,msasl,,643,689,47.0,1.535,29.97,88,False,640.0,360.0
fish,msasl,,691,749,59.0,1.936,29.97,88,False,640.0,360.0
fish,msasl,,601,701,101.0,3.337,29.97,88,False,640.0,360.0
fish,msasl,,701,791,91.0,3.003,29.97,88,False,640.0,360.0
fish,msasl,,791,881,91.0,3.003,29.97,88,False,640.0,360.0
fish,msasl,,881,961,81.0,2.668999999999997,29.97,88,False,640.0,360.0
fish,msasl,,961,1031,71.0,2.3360000000000056,29.97,88,False,640.0,360.0
cat,msasl,,1053,1073,21.0,0.6670000000000016,29.97,88,False,640.0,360.0
cat,msasl,,1073,1133,61.0,2.0020000000000024,29.97,88,False,640.0,360.0
cat,msasl,,1153,1193,41.0,1.333999999999996,29.97,88,False,640.0,360.0
cat,msasl,,1223,1303,81.0,2.6699999999999946,29.97,88,False,640.0,360.0
dog,msasl,,1671,1731,61.0,2.0020000000000024,29.97,88,False,640.0,360.0
dog,msasl,,1731,1831,101.0,3.3359999999999985,29.97,88,False,640.0,360.0
dog,msasl,,1831,1921,91.0,3.002999999999993,29.97,88,False,640.0,360.0
horse,msasl,,1972,2082,111.0,3.669999999999988,29.97,88,False,640.0,360.0
horse,msasl,,2082,2192,111.0,3.6710000000000074,29.97,88,False,640.0,360.0
horse,msasl,,2192,2272,81.0,2.668999999999997,29.97,88,False,640.0,360.0
horse,msasl,,2272,2380,109.0,3.603999999999999,29.97,88,False,640.0,360.0
frog,msasl,,2421,2501,81.0,2.668999999999997,29.97,88,False,640.0,360.0
frog,msasl,,2501,2651,151.0,5.004999999999996,29.97,88,False,640.0,360.0
frog,msasl,,2661,2807,147.0,4.870999999999995,29.97,88,False,640.0,360.0
frog,msasl,,2701,2759,59.0,1.9359999999999928,29.97,88,False,640.0,360.0
frog,msasl,,2821,2841,21.0,0.6680000000000064,29.97,88,False,640.0,360.0
cow,msasl,,2886,3006,121.0,4.003999999999991,29.97,88,False,640.0,360.0
cow,msasl,,3006,3126,121.0,4.004000000000005,29.97,88,False,640.0,360.0
cow,msasl,,3126,3246,121.0,4.004000000000005,29.97,88,False,640.0,360.0
cow,msasl,,3246,3325,80.0,2.635999999999996,29.97,88,False,640.0,360.0
white,msasl,,0,40,41.0,1.335,29.97,36,False,480.0,360.0
white,msasl,,40,140,101.0,3.3360000000000003,29.97,36,False,480.0,360.0
white,msasl,,170,220,51.0,1.6690000000000005,29.97,36,False,480.0,360.0
white,msasl,,270,330,61.0,2.001999999999999,29.97,36,False,480.0,360.0
rain,msasl,,43,216,174.0,5.772,29.97,144,False,480.0,360.0
rain,msasl,,216,286,71.0,2.3359999999999994,29.97,144,False,480.0,360.0
rain,msasl,,286,324,39.0,1.268000000000001,29.97,144,False,480.0,360.0
red,msasl,,10,80,71.0,2.335,29.97,1,False,640.0,360.0
red,msasl,,110,180,71.0,2.3360000000000003,29.97,1,False,640.0,360.0
also,msasl,,163,229,67.0,2.202,29.97,24,False,1280.0,720.0
also,msasl,,310,370,61.0,2.0020000000000007,29.97,24,False,1280.0,720.0
also,msasl,,377,415,39.0,1.267999999999999,29.97,24,False,1280.0,720.0
also,msasl,,451,508,58.0,1.9019999999999992,29.97,24,False,1280.0,720.0
different,msasl,,531,583,53.0,1.7349999999999994,29.97,24,False,1280.0,720.0
different,msasl,,606,710,105.0,3.4700000000000024,29.97,24,False,1280.0,720.0
different,msasl,,736,856,121.0,4.004000000000001,29.97,24,False,1280.0,720.0
curious,msasl,,897,964,68.0,2.2349999999999994,29.97,24,False,1280.0,720.0
curious,msasl,,1004,1157,154.0,5.104999999999997,29.97,24,False,1280.0,720.0
east,msasl,,1351,1371,21.0,0.6679999999999993,29.97,24,False,1280.0,720.0
east,msasl,,1431,1491,61.0,2.0020000000000024,29.97,24,False,1280.0,720.0
east,msasl,,1531,1591,61.0,2.001999999999996,29.97,24,False,1280.0,720.0
south,msasl,,1641,1809,169.0,5.604999999999997,29.97,24,False,1280.0,720.0
west,msasl,,1843,2007,165.0,5.472000000000001,29.97,24,False,1280.0,720.0
north,msasl,,2028,2164,137.0,4.536999999999992,29.97,24,False,1280.0,720.0
south,msasl,,2182,2195,14.0,0.4339999999999975,29.97,24,False,1280.0,720.0
west,msasl,,2233,2262,30.0,0.9669999999999987,29.97,24,False,1280.0,720.0
more than,msasl,,2328,2387,60.0,1.9680000000000035,29.97,24,False,1280.0,720.0
more than,msasl,,2387,2462,76.0,2.503,29.97,24,False,1280.0,720.0
more than,msasl,,2495,2585,91.0,3.003,29.97,24,False,1280.0,720.0
more than,msasl,,2624,2683,60.0,1.968999999999994,29.97,24,False,1280.0,720.0
less than,msasl,,2757,2819,63.0,2.0690000000000026,29.97,24,False,1280.0,720.0
less than,msasl,,2868,2938,71.0,2.335000000000008,29.97,24,False,1280.0,720.0
area,msasl,,3733,3813,81.0,2.668999999999997,29.97,24,False,1280.0,720.0
area,msasl,,3833,4063,231.0,7.674999999999983,29.97,24,False,1280.0,720.0
area,msasl,,4063,4193,131.0,4.3370000000000175,29.97,24,False,1280.0,720.0
look like,msasl,,4228,4284,57.0,1.869,29.97,24,False,1280.0,720.0
look like,msasl,,4284,4344,61.0,2.001999999999981,29.97,24,False,1280.0,720.0
look like,msasl,,4344,4444,101.0,3.3360000000000127,29.97,24,False,1280.0,720.0
look like,msasl,,4444,4584,141.0,4.671999999999997,29.97,24,False,1280.0,720.0
look like,msasl,,4697,4757,61.0,2.001999999999981,29.97,24,False,1280.0,720.0
city,msasl,,4837,4892,56.0,1.8349999999999795,29.97,24,False,1280.0,720.0
city,msasl,,4892,4942,51.0,1.6680000000000064,29.97,24,False,1280.0,720.0
city,msasl,,4952,5035,84.0,2.769000000000005,29.97,24,False,1280.0,720.0
city,msasl,,5065,5135,71.0,2.3359999999999843,29.97,24,False,1280.0,720.0
nervous,msasl,,0,26,27.0,0.868,29.97,4,False,640.0,360.0
sister,msasl,,60,140,81.0,2.6690000000000005,29.97,1,False,640.0,360.0
sister,msasl,,160,240,81.0,2.6689999999999987,29.97,1,False,640.0,360.0
sad,msasl,,0,119,120.0,3.971,29.97,35,False,640.0,360.0
apple,msasl,,0,102,103.0,3.4,30.003,27,False,640.0,360.0
black,msasl,,0,94,95.0,3.136,29.97,134,False,640.0,360.0
grey,msasl,,0,28,29.0,0.934,29.97,4,False,640.0,360.0
feel,msasl,,0,80,81.0,2.669,29.97,1,False,640.0,360.0
feel,msasl,,100,180,81.0,2.669,29.97,1,False,640.0,360.0
work,msasl,,80,170,91.0,3.003,29.97,1,False,640.0,360.0
work,msasl,,190,320,131.0,4.337,29.97,1,False,640.0,360.0
me,msasl,,60,150,91.0,3.003,29.97,1,False,640.0,360.0
me,msasl,,170,237,68.0,2.2360000000000007,29.97,1,False,640.0,360.0
cry,msasl,,30,120,91.0,3.003,29.97,1,False,640.0,360.0
cry,msasl,,150,220,71.0,2.3360000000000003,29.97,1,False,640.0,360.0
christmas,msasl,,0,47,48.0,1.568,29.97,191,False,1280.0,720.0
paper,msasl,,1143,1311,169.0,5.606000000000002,29.97,24,False,1280.0,720.0
school,msasl,,1370,1532,163.0,5.405999999999999,29.97,24,False,1280.0,720.0
nice,msasl,,1565,1711,147.0,4.871000000000002,29.97,24,False,1280.0,720.0
study,msasl,,1979,2179,201.0,6.673000000000002,29.97,24,False,1280.0,720.0
student,msasl,,2225,2408,184.0,6.1059999999999945,29.97,24,False,1280.0,720.0
teacher,msasl,,2418,2498,81.0,2.668999999999997,29.97,24,False,1280.0,720.0
teacher,msasl,,2498,2587,90.0,2.969999999999999,29.97,24,False,1280.0,720.0
teacher,msasl,,2607,2657,51.0,1.6680000000000064,29.97,24,False,1280.0,720.0
write,msasl,,3318,3515,198.0,6.573000000000008,29.97,24,False,1280.0,720.0
wrong,msasl,,3570,3756,187.0,6.206000000000003,29.97,24,False,1280.0,720.0
right,msasl,,3797,3867,71.0,2.3359999999999985,29.97,24,False,1280.0,720.0
right,msasl,,3967,4007,41.0,1.3339999999999748,29.97,24,False,1280.0,720.0
right,msasl,,4007,4007,1.0,0.0333667000333667,29.97,24,False,1280.0,720.0
see,msasl,,0,54,55.0,1.802,29.97,271,False,640.0,360.0
wash face,msasl,,0,123,124.0,4.104,29.97,110,False,640.0,360.0
fifteen,msasl,,0,126,127.0,4.204,29.97,27,False,640.0,360.0
fruit,msasl,,169,266,98.0,3.236999999999999,29.97,24,False,1280.0,720.0
apple,msasl,,311,408,98.0,3.237,29.97,24,False,1280.0,720.0
banana,msasl,,455,590,136.0,4.504,29.97,24,False,1280.0,720.0
cherry,msasl,,856,1000,145.0,4.804999999999996,29.97,24,False,1280.0,720.0
grapes,msasl,,1048,1183,136.0,4.504999999999996,29.97,24,False,1280.0,720.0
lemon,msasl,,1223,1315,93.0,3.0700000000000003,29.97,24,False,1280.0,720.0
melon,msasl,,1653,1784,132.0,4.371000000000002,29.97,24,False,1280.0,720.0
peach,msasl,,1852,2037,186.0,6.173000000000002,29.97,24,False,1280.0,720.0
pear,msasl,,2115,2308,194.0,6.440000000000012,29.97,24,False,1280.0,720.0
pineapple,msasl,,2339,2419,81.0,2.668999999999997,29.97,24,False,1280.0,720.0
pineapple,msasl,,2419,2469,51.0,1.6680000000000064,29.97,24,False,1280.0,720.0
strawberry,msasl,,3562,3602,41.0,1.3349999999999935,29.97,24,False,1280.0,720.0
pumpkin,msasl,,3659,3798,140.0,4.638000000000005,29.97,24,False,1280.0,720.0
good morning,msasl,,0,102,103.0,3.403,29.97,110,False,640.0,360.0
pants,msasl,,0,120,121.0,4.004,29.97,27,False,640.0,360.0
gymnastics,msasl,,0,38,39.0,1.268,29.97,4,False,640.0,360.0
please,msasl,,0,64,65.0,2.135,29.97,287,False,640.0,360.0
where,msasl,,515,664,150.0,4.971,29.97,24,False,1280.0,720.0
nice,msasl,,1004,1143,140.0,4.637999999999998,29.97,24,False,1280.0,720.0
meet,msasl,,1172,1319,148.0,4.905000000000001,29.97,24,False,1280.0,720.0
hurt,msasl,,0,95,96.0,3.17,29.97,35,False,640.0,360.0
shirt,msasl,,0,110,111.0,3.67,29.97,27,False,640.0,360.0
children,msasl,,0,50,51.0,1.668,29.97,191,False,1280.0,720.0
butterfly,msasl,,0,107,108.0,3.57,29.97,27,False,640.0,360.0
me,msasl,,0,58,59.0,1.935,29.97,139,False,640.0,360.0
iran,msasl,,0,43,44.0,1.435,29.97,4,False,640.0,360.0
halloween,msasl,,0,123,124.0,4.104,29.97,27,False,640.0,360.0
father,msasl,,0,141,142.0,4.7,30.002,27,False,640.0,360.0
ready,msasl,,784,802,19.0,0.6010000000000026,29.97,126,False,640.0,360.0
ok,msasl,,814,846,33.0,1.0680000000000014,29.97,126,False,640.0,360.0
pet,msasl,,887,992,106.0,3.5040000000000013,29.97,126,False,640.0,360.0
animal,msasl,,1048,1198,151.0,5.004999999999996,29.97,126,False,640.0,360.0
lion,msasl,,1244,1338,95.0,3.1370000000000005,29.97,126,False,640.0,360.0
tiger,msasl,,1381,1488,108.0,3.5700000000000003,29.97,126,False,640.0,360.0
bear,msasl,,1538,1641,104.0,3.4370000000000047,29.97,126,False,640.0,360.0
turtle,msasl,,2018,2072,55.0,1.8019999999999925,29.97,126,False,640.0,360.0
turtle,msasl,,2076,2117,42.0,1.367999999999995,29.97,126,False,640.0,360.0
horse,msasl,,2195,2315,121.0,4.004000000000005,29.97,126,False,640.0,360.0
pig,msasl,,2578,2673,96.0,3.1699999999999875,29.97,126,False,640.0,360.0
fish,msasl,,2771,2895,125.0,4.1370000000000005,29.97,126,False,640.0,360.0
chicken,msasl,,2977,3092,116.0,3.838000000000008,29.97,126,False,640.0,360.0
elephant,msasl,,3152,3290,139.0,4.603999999999999,29.97,126,False,640.0,360.0
giraffe,msasl,,3411,3536,126.0,4.170999999999992,29.97,126,False,640.0,360.0
cat,msasl,,3828,3949,122.0,4.037999999999983,29.97,126,False,640.0,360.0
dog,msasl,,4056,4153,98.0,3.23599999999999,29.97,126,False,640.0,360.0
cow,msasl,,4486,4501,16.0,0.5,29.97,126,False,640.0,360.0
cow,msasl,,4518,4544,27.0,0.867999999999995,29.97,126,False,640.0,360.0
cow,msasl,,4553,4569,17.0,0.5339999999999918,29.97,126,False,640.0,360.0
cow,msasl,,4529,4578,50.0,1.635000000000019,29.97,126,False,640.0,360.0
dolphin,msasl,,4671,4829,159.0,5.27200000000002,29.97,126,False,640.0,360.0
whale,msasl,,4903,4990,88.0,2.902999999999992,29.97,126,False,640.0,360.0
whale,msasl,,4990,5084,95.0,3.1370000000000005,29.97,126,False,640.0,360.0
shark,msasl,,5584,5734,151.0,5.005000000000024,29.97,126,False,640.0,360.0
bye,msasl,,6069,6089,21.0,0.6670000000000016,29.97,126,False,640.0,360.0
fruit,msasl,,0,105,106.0,3.504,29.97,27,False,640.0,360.0
white,msasl,,10,60,51.0,1.6679999999999997,29.97,1,False,640.0,360.0
white,msasl,,90,150,61.0,2.002,29.97,1,False,640.0,360.0
english,msasl,,0,30,31.0,1.001,29.97,4,False,640.0,360.0
teacher,msasl,,20,80,61.0,2.002,29.97,1,False,640.0,360.0
teacher,msasl,,120,190,71.0,2.3360000000000003,29.97,1,False,640.0,360.0
russia,msasl,,0,39,40.0,1.301,29.97,4,False,640.0,360.0
orange,msasl,,0,95,96.0,3.17,29.97,134,False,640.0,360.0
party,msasl,,0,141,142.0,4.705,29.97,27,False,640.0,360.0
where,msasl,,145,187,43.0,1.402,29.97,24,False,1280.0,720.0
where,msasl,,260,284,25.0,0.8010000000000002,29.97,24,False,1280.0,720.0
sorry,msasl,,322,462,141.0,4.670999999999999,29.97,24,False,1280.0,720.0
sorry,msasl,,464,531,68.0,2.2360000000000007,29.97,24,False,1280.0,720.0
office,msasl,,830,1027,198.0,6.574000000000002,29.97,24,False,1280.0,720.0
office,msasl,,1013,1163,151.0,5.005000000000003,29.97,24,False,1280.0,720.0
copy me,msasl,,1612,1810,199.0,6.606999999999999,29.97,24,False,1280.0,720.0
thank you,msasl,,1838,1901,64.0,2.1019999999999968,29.97,24,False,1280.0,720.0
thank you,msasl,,1903,1999,97.0,3.203000000000003,29.97,24,False,1280.0,720.0
thank you,msasl,,2001,2032,32.0,1.034000000000006,29.97,24,False,1280.0,720.0
nurse,msasl,,2055,2115,61.0,2.0009999999999906,29.97,24,False,1280.0,720.0
nurse,msasl,,2131,2207,77.0,2.5360000000000014,29.97,24,False,1280.0,720.0
nurse,msasl,,2155,2207,53.0,1.7349999999999994,29.97,24,False,1280.0,720.0
oh i see,msasl,,2209,2343,135.0,4.471000000000004,29.97,24,False,1280.0,720.0
please,msasl,,2253,2353,101.0,3.3370000000000037,29.97,24,False,1280.0,720.0
please,msasl,,2353,2433,81.0,2.668999999999997,29.97,24,False,1280.0,720.0
mexico,msasl,,0,41,42.0,1.368,29.97,4,False,640.0,360.0
cousin,msasl,,0,93,94.0,3.103,29.97,269,False,640.0,360.0
near,msasl,,0,54,55.0,1.802,29.97,136,False,640.0,360.0
america,msasl,,1221,1349,129.0,4.585999999999999,27.913,137,False,640.0,360.0
area,msasl,,1379,1439,61.0,2.148999999999994,27.913,137,False,640.0,360.0
area,msasl,,1439,1486,48.0,1.6840000000000046,27.913,137,False,640.0,360.0
around,msasl,,1522,1562,41.0,1.4329999999999998,27.913,137,False,640.0,360.0
around,msasl,,1562,1602,41.0,1.4329999999999998,27.913,137,False,640.0,360.0
arrive,msasl,,1652,1692,41.0,1.4329999999999998,27.913,137,False,640.0,360.0
arrive,msasl,,1702,1732,31.0,1.0749999999999955,27.913,137,False,640.0,360.0
arrive,msasl,,1782,1824,43.0,1.5050000000000026,27.913,137,False,640.0,360.0
arrive,msasl,,1834,1874,41.0,1.433000000000007,27.913,137,False,640.0,360.0
draw,msasl,,1911,1951,41.0,1.433000000000007,27.913,137,False,640.0,360.0
draw,msasl,,1951,1991,41.0,1.4329999999999927,27.913,137,False,640.0,360.0
athlete,msasl,,2041,2081,41.0,1.4329999999999927,27.913,137,False,640.0,360.0
athlete,msasl,,2091,2131,41.0,1.4329999999999927,27.913,137,False,640.0,360.0
back,msasl,,2152,2226,75.0,2.6510000000000105,27.913,137,False,640.0,360.0
back,msasl,,2230,2274,45.0,1.5759999999999934,27.913,137,False,640.0,360.0
biology,msasl,,2323,2403,81.0,2.866,27.913,137,False,640.0,360.0
break,msasl,,2453,2493,41.0,1.433000000000007,27.913,137,False,640.0,360.0
break,msasl,,2503,2533,31.0,1.0749999999999886,27.913,137,False,640.0,360.0
break,msasl,,2577,2627,51.0,1.791000000000011,27.913,137,False,640.0,360.0
break,msasl,,2627,2667,41.0,1.4329999999999927,27.913,137,False,640.0,360.0
bus,msasl,,2717,2777,61.0,2.1500000000000057,27.913,137,False,640.0,360.0
bus,msasl,,2783,2833,51.0,1.7909999999999968,27.913,137,False,640.0,360.0
busy,msasl,,2863,2933,71.0,2.506999999999991,27.913,137,False,640.0,360.0
busy,msasl,,2943,2976,34.0,1.1820000000000022,27.913,137,False,640.0,360.0
business,msasl,,3016,3086,71.0,2.5080000000000098,27.913,137,False,640.0,360.0
business,msasl,,3086,3156,71.0,2.507999999999996,27.913,137,False,640.0,360.0
cafeteria,msasl,,3186,3226,41.0,1.4329999999999927,27.913,137,False,640.0,360.0
cafeteria,msasl,,3236,3268,33.0,1.1460000000000008,27.913,137,False,640.0,360.0
calculus,msasl,,3326,3367,42.0,1.468999999999994,27.913,137,False,640.0,360.0
calculus,msasl,,3367,3393,27.0,0.9309999999999974,27.913,137,False,640.0,360.0
chemistry,msasl,,3423,3483,61.0,2.1500000000000057,27.913,137,False,640.0,360.0
chemistry,msasl,,3483,3519,37.0,1.2889999999999873,27.913,137,False,640.0,360.0
class,msasl,,3906,4023,118.0,4.1910000000000025,27.913,137,False,640.0,360.0
boss,msasl,,4151,4190,40.0,1.3970000000000198,27.913,137,False,640.0,360.0
boss,msasl,,4190,4223,34.0,1.1829999999999927,27.913,137,False,640.0,360.0
computer,msasl,,4261,4311,51.0,1.7909999999999968,27.913,137,False,640.0,360.0
computer,msasl,,4311,4351,41.0,1.4330000000000211,27.913,137,False,640.0,360.0
cook,msasl,,4381,4451,71.0,2.5080000000000098,27.913,137,False,640.0,360.0
counselor,msasl,,4501,4561,61.0,2.1500000000000057,27.913,137,False,640.0,360.0
counselor,msasl,,4561,4595,35.0,1.217999999999989,27.913,137,False,640.0,360.0
dance,msasl,,4625,4678,54.0,1.899000000000001,27.913,137,False,640.0,360.0
dance,msasl,,4688,4728,41.0,1.4330000000000211,27.913,137,False,640.0,360.0
flag,msasl,,5931,6046,116.0,4.1200000000000045,27.913,137,False,640.0,360.0
forget,msasl,,6074,6114,41.0,1.4330000000000211,27.913,137,False,640.0,360.0
forget,msasl,,6114,6152,39.0,1.36099999999999,27.913,137,False,640.0,360.0
freshman,msasl,,6192,6252,61.0,2.1500000000000057,27.913,137,False,640.0,360.0
freshman,msasl,,6252,6302,51.0,1.7909999999999968,27.913,137,False,640.0,360.0
front,msasl,,6342,6372,31.0,1.075000000000017,27.913,137,False,640.0,360.0
front,msasl,,6384,6416,33.0,1.1459999999999866,27.913,137,False,640.0,360.0
government,msasl,,6987,7067,81.0,2.867000000000018,27.913,137,False,640.0,360.0
gym,msasl,,7107,7207,101.0,3.5819999999999936,27.913,137,False,640.0,360.0
half hour,msasl,,7340,7381,42.0,1.468999999999994,27.913,137,False,640.0,360.0
half hour,msasl,,7381,7415,35.0,1.2180000000000175,27.913,137,False,640.0,360.0
hallway,msasl,,7455,7492,38.0,1.3249999999999886,27.913,137,False,640.0,360.0
hallway,msasl,,7498,7529,32.0,1.11099999999999,27.913,137,False,640.0,360.0
health,msasl,,7581,7629,49.0,1.7200000000000273,27.913,137,False,640.0,360.0
health,msasl,,7631,7681,51.0,1.7909999999999968,27.913,137,False,640.0,360.0
history,msasl,,7741,7781,41.0,1.4329999999999927,27.913,137,False,640.0,360.0
history,msasl,,7781,7814,34.0,1.1819999999999595,27.913,137,False,640.0,360.0
hour,msasl,,7854,7894,41.0,1.4329999999999927,27.913,137,False,640.0,360.0
hour,msasl,,7894,7922,29.0,1.002999999999986,27.913,137,False,640.0,360.0
interpreter,msasl,,7962,8018,57.0,2.007000000000005,27.913,137,False,640.0,360.0
interpreter,msasl,,8018,8058,41.0,1.4329999999999927,27.913,137,False,640.0,360.0
junior,msasl,,8175,8335,161.0,5.731999999999971,27.913,137,False,640.0,360.0
center school,msasl,,8345,8545,201.0,7.1650000000000205,27.913,137,False,640.0,360.0
late,msasl,,8706,8805,100.0,3.5459999999999923,27.913,137,False,640.0,360.0
learn,msasl,,8833,8871,39.0,1.3610000000000468,27.913,137,False,640.0,360.0
learn,msasl,,8864,8904,41.0,1.4329999999999927,27.913,137,False,640.0,360.0
learn,msasl,,8904,8934,31.0,1.0749999999999886,27.913,137,False,640.0,360.0
librarian,msasl,,8984,9044,61.0,2.1499999999999773,27.913,137,False,640.0,360.0
librarian,msasl,,9044,9094,51.0,1.7909999999999968,27.913,137,False,640.0,360.0
library,msasl,,9114,9184,71.0,2.507000000000005,27.913,137,False,640.0,360.0
line up,msasl,,9214,9308,95.0,3.367999999999995,27.913,137,False,640.0,360.0
line up,msasl,,9283,9313,31.0,1.0749999999999886,27.913,137,False,640.0,360.0
locker,msasl,,9358,9398,41.0,1.4330000000000496,27.913,137,False,640.0,360.0
locker,msasl,,9398,9428,31.0,1.0749999999999886,27.913,137,False,640.0,360.0
look at,msasl,,9468,9508,41.0,1.4329999999999927,27.913,137,False,640.0,360.0
look at,msasl,,9508,9538,31.0,1.0749999999999886,27.913,137,False,640.0,360.0
search,msasl,,9568,9634,67.0,2.365000000000009,27.913,137,False,640.0,360.0
mainstreamed,msasl,,9674,9734,61.0,2.149000000000001,27.913,137,False,640.0,360.0
mainstreamed,msasl,,9734,9764,31.0,1.0749999999999886,27.913,137,False,640.0,360.0
noon,msasl,,10533,10648,116.0,4.1200000000000045,27.913,137,False,640.0,360.0
nurse,msasl,,10659,10766,108.0,3.83299999999997,27.913,137,False,640.0,360.0
office,msasl,,10798,10888,91.0,3.223999999999989,27.913,137,False,640.0,360.0
office,msasl,,10918,10948,31.0,1.0749999999999886,27.913,137,False,640.0,360.0
photography,msasl,,11278,11358,81.0,2.865999999999985,27.913,137,False,640.0,360.0
physics,msasl,,11408,11483,76.0,2.687000000000012,27.913,137,False,640.0,360.0
secretary,msasl,,12649,12719,71.0,2.5079999999999814,27.913,137,False,640.0,360.0
secretary,msasl,,12719,12769,51.0,1.7909999999999968,27.913,137,False,640.0,360.0
start,msasl,,13583,13649,67.0,2.3649999999999523,27.913,137,False,640.0,360.0
store,msasl,,13693,13725,33.0,1.146000000000015,27.913,137,False,640.0,360.0
store,msasl,,13754,13782,29.0,1.002999999999986,27.913,137,False,640.0,360.0
student,msasl,,13819,13864,46.0,1.6119999999999663,27.913,137,False,640.0,360.0
student,msasl,,13864,13897,34.0,1.1820000000000164,27.913,137,False,640.0,360.0
student center,msasl,,13935,13980,46.0,1.6119999999999663,27.913,137,False,640.0,360.0
student center,msasl,,13980,14020,41.0,1.4329999999999927,27.913,137,False,640.0,360.0
take,msasl,,14060,14100,41.0,1.4329999999999927,27.913,137,False,640.0,360.0
take,msasl,,14100,14134,35.0,1.217999999999961,27.913,137,False,640.0,360.0
take off,msasl,,14188,14240,53.0,1.8629999999999995,27.913,137,False,640.0,360.0
take off,msasl,,14240,14273,34.0,1.1820000000000164,27.913,137,False,640.0,360.0
teach,msasl,,14319,14357,39.0,1.36099999999999,27.913,137,False,640.0,360.0
teach,msasl,,14357,14379,23.0,0.7880000000000109,27.913,137,False,640.0,360.0
think,msasl,,14841,14909,69.0,2.4360000000000355,27.913,137,False,640.0,360.0
think,msasl,,14913,14949,37.0,1.2899999999999636,27.913,137,False,640.0,360.0
time,msasl,,14969,15009,41.0,1.4329999999999927,27.913,137,False,640.0,360.0
time,msasl,,15009,15039,31.0,1.0749999999999318,27.913,137,False,640.0,360.0
train,msasl,,15067,15147,81.0,2.865999999999985,27.913,137,False,640.0,360.0
university,msasl,,15295,15355,61.0,2.149000000000001,27.913,137,False,640.0,360.0
vice president,msasl,,15385,15455,71.0,2.5079999999999245,27.913,137,False,640.0,360.0
wood,msasl,,15494,15544,51.0,1.7910000000000537,27.913,137,False,640.0,360.0
write,msasl,,15584,15664,81.0,2.865999999999985,27.913,137,False,640.0,360.0
yearbook,msasl,,15714,15804,91.0,3.2239999999999327,27.913,137,False,640.0,360.0
yearbook,msasl,,15844,15894,51.0,1.7910000000000537,27.913,137,False,640.0,360.0
due,msasl,,191,309,119.0,3.937,29.97,24,False,1280.0,720.0
excited,msasl,,331,478,148.0,4.904999999999999,29.97,24,False,1280.0,720.0
eye contact,msasl,,513,665,153.0,5.071999999999999,29.97,24,False,1280.0,720.0
favorite,msasl,,873,1006,134.0,4.437999999999999,29.97,24,False,1280.0,720.0
fine,msasl,,1248,1298,51.0,1.6679999999999993,29.97,24,False,1280.0,720.0
fine,msasl,,1298,1368,71.0,2.3359999999999985,29.97,24,False,1280.0,720.0
friend,msasl,,1498,1644,147.0,4.872,29.97,24,False,1280.0,720.0
go to,msasl,,1666,1818,153.0,5.072000000000003,29.97,24,False,1280.0,720.0
good,msasl,,1838,1991,154.0,5.105000000000004,29.97,24,False,1280.0,720.0
bye,msasl,,2028,2163,136.0,4.503999999999991,29.97,24,False,1280.0,720.0
happy,msasl,,2396,2436,41.0,1.3340000000000032,29.97,24,False,1280.0,720.0
happy,msasl,,2536,2636,101.0,3.3370000000000037,29.97,24,False,1280.0,720.0
hello,msasl,,2959,3112,154.0,5.105000000000004,29.97,24,False,1280.0,720.0
hold on,msasl,,3311,3341,31.0,1.0009999999999906,29.97,24,False,1280.0,720.0
hold on,msasl,,3341,3371,31.0,1.0010000000000048,29.97,24,False,1280.0,720.0
hold on,msasl,,3371,3411,41.0,1.3349999999999935,29.97,24,False,1280.0,720.0
hold on,msasl,,3485,3509,25.0,0.8010000000000019,29.97,24,False,1280.0,720.0
hold on,msasl,,3509,3583,75.0,2.468999999999994,29.97,24,False,1280.0,720.0
hold on,msasl,,3583,3649,67.0,2.201999999999998,29.97,24,False,1280.0,720.0
homework,msasl,,3655,3725,71.0,2.3359999999999985,29.97,24,False,1280.0,720.0
homework,msasl,,3725,3832,108.0,3.5700000000000074,29.97,24,False,1280.0,720.0
not,msasl,,4276,4410,135.0,4.471000000000004,29.97,24,False,1280.0,720.0
visit,msasl,,4714,4854,141.0,4.671999999999997,29.97,24,False,1280.0,720.0
drive,msasl,,5036,5184,149.0,4.938000000000017,29.97,24,False,1280.0,720.0
forget,msasl,,5233,5283,51.0,1.6680000000000064,29.97,24,False,1280.0,720.0
forget,msasl,,5313,5353,41.0,1.335000000000008,29.97,24,False,1280.0,720.0
past,msasl,,5661,5813,153.0,5.070999999999998,29.97,24,False,1280.0,720.0
greece,msasl,,0,40,41.0,1.335,29.97,4,False,640.0,360.0
bad,msasl,,18,68,51.0,1.668,29.97,1,False,640.0,360.0
bad,msasl,,98,148,51.0,1.6679999999999997,29.97,1,False,640.0,360.0
meaning,msasl,,60,160,101.0,3.3370000000000006,29.97,1,False,640.0,360.0
meaning,msasl,,210,320,111.0,3.67,29.97,1,False,640.0,360.0
underwear,msasl,,0,35,36.0,1.168,29.97,4,False,640.0,360.0
finish,msasl,,0,38,39.0,1.268,29.97,4,False,640.0,360.0
where,msasl,,0,71,72.0,2.369,29.97,139,False,640.0,360.0
silver,msasl,,0,85,86.0,2.836,29.97,134,False,640.0,360.0
deaf,msasl,,0,99,100.0,3.303,29.97,35,False,640.0,360.0
stop,msasl,,0,102,103.0,3.4,30.003,27,False,640.0,360.0
yesterday,msasl,,0,50,51.0,1.668,29.97,1,False,640.0,360.0
yesterday,msasl,,70,140,71.0,2.3350000000000004,29.97,1,False,640.0,360.0
cousin,msasl,,40,100,61.0,2.002,29.97,1,False,640.0,360.0
cousin,msasl,,140,210,71.0,2.3359999999999994,29.97,1,False,640.0,360.0
cousin,msasl,,260,330,71.0,2.3359999999999985,29.97,1,False,640.0,360.0
cousin,msasl,,360,430,71.0,2.3360000000000003,29.97,1,False,640.0,360.0
hello,msasl,,0,91,92.0,3.036,29.97,110,False,640.0,360.0
love,msasl,,0,94,95.0,3.136,29.97,35,False,640.0,360.0
laugh,msasl,,0,124,125.0,4.137,29.97,35,False,640.0,360.0
year,msasl,,0,95,96.0,3.17,29.97,0,False,1280.0,720.0
graduate,msasl,,0,31,32.0,1.034,29.97,4,False,640.0,360.0
ireland,msasl,,0,39,40.0,1.301,29.97,4,False,640.0,360.0
group,msasl,,0,70,71.0,2.336,29.97,1,False,640.0,360.0
group,msasl,,90,160,71.0,2.3360000000000003,29.97,1,False,640.0,360.0
france,msasl,,0,37,38.0,1.235,29.97,4,False,640.0,360.0
hear,msasl,,0,119,120.0,3.971,29.97,134,False,640.0,360.0
help,msasl,,20,100,81.0,2.67,29.97,1,False,640.0,360.0
help,msasl,,160,230,71.0,2.335,29.97,1,False,640.0,360.0
bed,msasl,,0,117,118.0,3.9,30.003,27,False,640.0,360.0
not,msasl,,0,65,66.0,2.169,29.97,136,False,640.0,360.0
carrot,msasl,,0,108,109.0,3.604,29.97,27,False,640.0,360.0
vietnam,msasl,,0,33,34.0,1.101,29.97,4,False,640.0,360.0
wait,msasl,,0,97,98.0,3.237,29.97,35,False,640.0,360.0
sick,msasl,,6075,6136,62.0,2.032999999999987,30.0,147,False,640.0,360.0
emergency,msasl,,6162,6201,40.0,1.299999999999983,30.0,147,False,640.0,360.0
fire,msasl,,7693,7723,31.0,1.0,30.0,147,False,640.0,360.0
ﬁre,msasl,,7725,7761,37.0,1.1999999999999886,30.0,147,False,640.0,360.0
break up,msasl,,7923,8056,134.0,4.432999999999993,30.0,148,False,640.0,360.0
work,msasl,,8357,8401,45.0,1.4660000000000082,30.0,147,False,640.0,360.0
fun,msasl,,8713,8750,38.0,1.2339999999999804,30.0,147,False,640.0,360.0
like,msasl,,8858,8886,29.0,0.9329999999999928,30.0,147,False,640.0,360.0
so,msasl,,8913,8959,47.0,1.5329999999999586,30.0,147,False,640.0,360.0
happy,msasl,,9375,9415,41.0,1.3330000000000268,30.0,148,False,640.0,360.0
tired,msasl,,9442,9493,52.0,1.6999999999999886,30.0,147,False,640.0,360.0
angry,msasl,,9789,9845,57.0,1.8669999999999616,30.0,147,False,640.0,360.0
upset,msasl,,9870,9912,43.0,1.3999999999999773,30.0,148,False,640.0,360.0
frustrated,msasl,,9946,10014,69.0,2.266999999999996,30.0,148,False,640.0,360.0
disappointed,msasl,,10865,10902,38.0,1.233000000000004,30.0,147,False,640.0,360.0
focus,msasl,,11314,11354,41.0,1.3340000000000032,30.0,148,False,640.0,360.0
careful,msasl,,11789,11824,36.0,1.1659999999999968,30.0,148,False,640.0,360.0
shy,msasl,,12460,12489,30.0,0.9669999999999844,30.0,148,False,640.0,360.0
nosy,msasl,,13654,13718,65.0,2.1340000000000146,30.0,148,False,640.0,360.0
friendly,msasl,,13924,13999,76.0,2.5,30.0,148,False,640.0,360.0
snob,msasl,,14034,14093,60.0,1.9669999999999843,30.0,148,False,640.0,360.0
rude,msasl,,14268,14340,73.0,2.3999999999999773,30.0,148,False,640.0,360.0
sweet,msasl,,14373,14429,57.0,1.8669999999999616,30.0,148,False,640.0,360.0
mean,msasl,,14456,14501,46.0,1.5,30.0,148,False,640.0,360.0
quiet,msasl,,15367,15429,63.0,2.0670000000000077,30.0,148,False,640.0,360.0
strict,msasl,,15460,15518,59.0,1.9340000000000828,30.0,148,False,640.0,360.0
strange,msasl,,15717,15749,33.0,1.0670000000000073,30.0,148,False,640.0,360.0
stubborn,msasl,,16435,16514,80.0,2.6340000000000146,30.0,148,False,640.0,360.0
dumb,msasl,,17137,17189,53.0,1.7340000000000373,30.0,148,False,640.0,360.0
learn,msasl,,0,56,57.0,2.336,23.976,181,False,640.0,360.0
hello,msasl,,30,80,51.0,1.668,29.97,1,False,640.0,360.0
hello,msasl,,110,150,41.0,1.335,29.97,1,False,640.0,360.0
rabbit,msasl,,0,115,116.0,3.837,29.97,64,False,640.0,360.0
hi,msasl,,144,224,81.0,2.6690000000000005,29.97,88,False,640.0,360.0
hi,msasl,,224,344,121.0,4.004,29.97,88,False,640.0,360.0
hi,msasl,,344,544,201.0,6.673,29.97,88,False,640.0,360.0
how are you,msasl,,984,1074,91.0,3.003,29.97,88,False,640.0,360.0
how are you,msasl,,1074,1182,109.0,3.6030000000000015,29.97,88,False,640.0,360.0
how are you,msasl,,1182,1307,126.0,4.170999999999999,29.97,88,False,640.0,360.0
how are you,msasl,,1313,1393,81.0,2.6699999999999946,29.97,88,False,640.0,360.0
put_down,msasl,,1422,1458,37.0,1.2019999999999982,29.97,88,False,640.0,360.0
put_down,msasl,,1458,1487,30.0,0.9669999999999987,29.97,88,False,640.0,360.0
put_down,msasl,,1487,1535,49.0,1.602000000000004,29.97,88,False,640.0,360.0
put_down,msasl,,1535,1568,34.0,1.100999999999999,29.97,88,False,640.0,360.0
put_down,msasl,,1568,1598,31.0,1.0009999999999977,29.97,88,False,640.0,360.0
put_down,msasl,,1598,1638,41.0,1.3350000000000009,29.97,88,False,640.0,360.0
put_down,msasl,,1638,1674,37.0,1.2010000000000003,29.97,88,False,640.0,360.0
put_down,msasl,,1674,1747,74.0,2.436,29.97,88,False,640.0,360.0
put_down,msasl,,1747,1813,67.0,2.201999999999998,29.97,88,False,640.0,360.0
put_down,msasl,,1813,1847,35.0,1.1340000000000003,29.97,88,False,640.0,360.0
time,msasl,,2309,2369,61.0,2.002000000000009,29.97,88,False,640.0,360.0
time,msasl,,2369,2469,101.0,3.3359999999999985,29.97,88,False,640.0,360.0
time,msasl,,2469,2599,131.0,4.337999999999994,29.97,88,False,640.0,360.0
time,msasl,,2599,2629,31.0,1.0010000000000048,29.97,88,False,640.0,360.0
time,msasl,,2669,2759,91.0,3.003,29.97,88,False,640.0,360.0
shoes,msasl,,2780,2840,61.0,2.001999999999996,29.97,88,False,640.0,360.0
shoes,msasl,,2840,2920,81.0,2.6700000000000017,29.97,88,False,640.0,360.0
shoes,msasl,,2920,3030,111.0,3.6700000000000017,29.97,88,False,640.0,360.0
shoes,msasl,,3030,3140,111.0,3.6700000000000017,29.97,88,False,640.0,360.0
shoes,msasl,,3140,3214,75.0,2.468999999999994,29.97,88,False,640.0,360.0
tree,msasl,,3222,3287,66.0,2.168999999999997,29.97,88,False,640.0,360.0
tree,msasl,,3391,3491,101.0,3.3370000000000037,29.97,88,False,640.0,360.0
tree,msasl,,3491,3539,49.0,1.6019999999999897,29.97,88,False,640.0,360.0
tree,msasl,,3539,3589,51.0,1.6680000000000064,29.97,88,False,640.0,360.0
house,msasl,,3668,3758,91.0,3.003,29.97,88,False,640.0,360.0
house,msasl,,3758,3868,111.0,3.670000000000016,29.97,88,False,640.0,360.0
star,msasl,,4136,4239,104.0,3.436000000000007,29.97,88,False,640.0,360.0
star,msasl,,4239,4300,62.0,2.0360000000000014,29.97,88,False,640.0,360.0
star,msasl,,4300,4328,29.0,0.9339999999999976,29.97,88,False,640.0,360.0
star,msasl,,4328,4380,53.0,1.7349999999999852,29.97,88,False,640.0,360.0
star,msasl,,4385,4444,60.0,1.9680000000000175,29.97,88,False,640.0,360.0
star,msasl,,4444,4564,121.0,4.003999999999991,29.97,88,False,640.0,360.0
slow,msasl,,4617,4658,42.0,1.367999999999995,29.97,88,False,640.0,360.0
slow,msasl,,4658,4728,71.0,2.3360000000000127,29.97,88,False,640.0,360.0
slow,msasl,,4728,4797,70.0,2.3019999999999925,29.97,88,False,640.0,360.0
slow,msasl,,4797,4851,55.0,1.8019999999999925,29.97,88,False,640.0,360.0
slow,msasl,,4851,4906,56.0,1.835000000000008,29.97,88,False,640.0,360.0
leave,msasl,,0,31,32.0,1.034,29.97,4,False,640.0,360.0
sorry,msasl,,0,103,104.0,3.437,29.97,139,False,640.0,360.0
grandmother,msasl,,0,134,135.0,4.471,29.97,1,False,640.0,360.0
oh i see,msasl,,0,20,21.0,0.667,29.97,4,False,640.0,360.0
socks,msasl,,0,111,112.0,3.704,29.97,27,False,640.0,360.0
baseball,msasl,,0,40,41.0,1.335,29.97,1,False,640.0,360.0
baseball,msasl,,70,140,71.0,2.3350000000000004,29.97,1,False,640.0,360.0
carrot,msasl,,0,96,97.0,3.203,29.97,27,False,640.0,360.0
you,msasl,,30,80,51.0,1.668,29.97,1,False,640.0,360.0
you,msasl,,120,160,41.0,1.3350000000000009,29.97,1,False,640.0,360.0
blue,msasl,,0,90,91.0,3.003,29.97,134,False,640.0,360.0
sweden,msasl,,0,33,34.0,1.101,29.97,4,False,640.0,360.0
elephant,msasl,,553,634,82.0,3.2399999999999984,25.0,94,False,1280.0,720.0
grandfather,msasl,,0,117,118.0,3.9,30.0,27,False,640.0,360.0
please,msasl,,223,406,184.0,6.106000000000001,29.97,22,False,640.0,360.0
sorry,msasl,,440,503,64.0,2.102000000000002,29.97,22,False,640.0,360.0
sorry,msasl,,533,653,121.0,4.004000000000001,29.97,22,False,640.0,360.0
yes,msasl,,1288,1347,60.0,1.9690000000000007,29.97,22,False,640.0,360.0
no,msasl,,1394,1471,78.0,2.5690000000000026,29.97,22,False,640.0,360.0
no,msasl,,1411,1471,61.0,2.0020000000000024,29.97,22,False,640.0,360.0
no,msasl,,1491,1551,61.0,2.0020000000000024,29.97,22,False,640.0,360.0
no,msasl,,1561,1641,81.0,2.6700000000000017,29.97,22,False,640.0,360.0
name,msasl,,1675,1871,197.0,6.539999999999999,29.97,22,False,640.0,360.0
birthday,msasl,,1897,1966,70.0,2.3020000000000067,29.97,22,False,640.0,360.0
birthday,msasl,,1986,2056,71.0,2.3359999999999985,29.97,22,False,640.0,360.0
birthday,msasl,,2076,2126,51.0,1.668999999999997,29.97,22,False,640.0,360.0
paper,msasl,,2470,2656,187.0,6.206000000000003,29.97,22,False,640.0,360.0
write,msasl,,2905,3055,151.0,5.004999999999996,29.97,22,False,640.0,360.0
help,msasl,,4347,4397,51.0,1.6680000000000064,29.97,22,False,640.0,360.0
help,msasl,,4417,4477,61.0,2.002000000000009,29.97,22,False,640.0,360.0
help,msasl,,4487,4547,61.0,2.001999999999981,29.97,22,False,640.0,360.0
help,msasl,,4577,4627,51.0,1.6690000000000111,29.97,22,False,640.0,360.0
copy,msasl,,4670,4720,51.0,1.6690000000000111,29.97,22,False,640.0,360.0
copy,msasl,,4750,4800,51.0,1.6680000000000064,29.97,22,False,640.0,360.0
copy,msasl,,4810,4870,61.0,2.002000000000009,29.97,22,False,640.0,360.0
copy,msasl,,4890,4940,51.0,1.667999999999978,29.97,22,False,640.0,360.0
same,msasl,,5282,5332,51.0,1.6680000000000064,29.97,22,False,640.0,360.0
same,msasl,,5332,5412,81.0,2.669000000000011,29.97,22,False,640.0,360.0
same,msasl,,5522,5592,71.0,2.335000000000008,29.97,22,False,640.0,360.0
same,msasl,,5602,5645,44.0,1.4350000000000025,29.97,22,False,640.0,360.0
again,msasl,,6318,6362,45.0,1.467999999999989,29.97,22,False,640.0,360.0
again,msasl,,6382,6432,51.0,1.6680000000000064,29.97,22,False,640.0,360.0
again,msasl,,6462,6512,51.0,1.6689999999999827,29.97,22,False,640.0,360.0
you,msasl,,7192,7379,188.0,6.239999999999981,29.97,22,False,640.0,360.0
partner,msasl,,0,99,100.0,3.303,29.97,139,False,640.0,360.0
breakfast,msasl,,0,179,180.0,5.973,29.97,1,False,640.0,360.0
big,msasl,,856,926,71.0,2.3359999999999985,29.97,24,False,1280.0,720.0
big,msasl,,926,1036,111.0,3.669999999999998,29.97,24,False,1280.0,720.0
small,msasl,,1415,1475,61.0,2.0020000000000024,29.97,24,False,1280.0,720.0
small,msasl,,1475,1555,81.0,2.668999999999997,29.97,24,False,1280.0,720.0
medium,msasl,,1901,2001,101.0,3.336999999999996,29.97,24,False,1280.0,720.0
medium,msasl,,2001,2065,65.0,2.135000000000005,29.97,24,False,1280.0,720.0
home,msasl,,2790,2860,71.0,2.3359999999999985,29.97,24,False,1280.0,720.0
home,msasl,,2860,3040,181.0,6.006,29.97,24,False,1280.0,720.0
house,msasl,,3996,4056,61.0,2.002000000000009,29.97,24,False,1280.0,720.0
dorm,msasl,,4310,4370,61.0,2.002000000000009,29.97,24,False,1280.0,720.0
dorm,msasl,,4410,4483,74.0,2.436000000000007,29.97,24,False,1280.0,720.0
apartment,msasl,,4598,4652,55.0,1.802000000000021,29.97,24,False,1280.0,720.0
apartment,msasl,,4652,4762,111.0,3.669999999999988,29.97,24,False,1280.0,720.0
apartment,msasl,,4799,4871,73.0,2.402999999999992,29.97,24,False,1280.0,720.0
apartment,msasl,,4871,4947,77.0,2.5360000000000014,29.97,24,False,1280.0,720.0
apartment,msasl,,4947,4994,48.0,1.568000000000012,29.97,24,False,1280.0,720.0
i,msasl,,6478,6504,27.0,0.867999999999995,29.97,24,False,1280.0,720.0
restaurant,msasl,,0,33,34.0,1.101,29.97,4,False,640.0,360.0
hour,msasl,,0,54,55.0,1.802,29.97,136,False,640.0,360.0
soccer,msasl,,0,40,41.0,1.335,29.97,1,False,640.0,360.0
soccer,msasl,,60,130,71.0,2.3360000000000003,29.97,1,False,640.0,360.0
fine,msasl,,0,116,117.0,3.871,29.97,27,False,640.0,360.0
hurt,msasl,,0,87,88.0,2.903,29.97,35,False,640.0,360.0
hungry,msasl,,0,117,118.0,3.904,29.97,27,False,640.0,360.0
store,msasl,,50,110,61.0,2.002,29.97,1,False,640.0,360.0
store,msasl,,140,230,91.0,3.003,29.97,1,False,640.0,360.0
butter,msasl,,157,260,104.0,3.436000000000001,29.97,24,False,1280.0,720.0
cheese,msasl,,305,439,135.0,4.471,29.97,24,False,1280.0,720.0
ketchup,msasl,,475,578,104.0,3.437000000000001,29.97,24,False,1280.0,720.0
salt,msasl,,1174,1210,37.0,1.2020000000000053,29.97,24,False,1280.0,720.0
salt,msasl,,1240,1310,71.0,2.335000000000001,29.97,24,False,1280.0,720.0
salt,msasl,,1310,1350,41.0,1.3350000000000009,29.97,24,False,1280.0,720.0
salt,msasl,,1350,1410,61.0,2.001999999999996,29.97,24,False,1280.0,720.0
sugar,msasl,,1475,1577,103.0,3.4029999999999987,29.97,24,False,1280.0,720.0
jam,msasl,,1875,1977,103.0,3.4039999999999964,29.97,24,False,1280.0,720.0
yes,msasl,,0,55,56.0,1.835,29.97,287,False,640.0,360.0
wood,msasl,,8566,8673,108.0,3.5670000000000077,30.0,172,False,640.0,360.0
glass,msasl,,8696,8835,140.0,4.632999999999981,30.0,172,False,640.0,360.0
metal,msasl,,8858,9015,158.0,5.233000000000004,30.0,172,False,640.0,360.0
interesting,msasl,,10061,10111,51.0,1.6659999999999968,30.0,172,False,640.0,360.0
interesting,msasl,,10241,10321,81.0,2.665999999999997,30.0,172,False,640.0,360.0
shower,msasl,,10447,10546,100.0,3.300000000000012,30.0,172,False,640.0,360.0
brush teeth,msasl,,10568,10683,116.0,3.833000000000027,30.0,172,False,640.0,360.0
grey,msasl,,0,98,99.0,3.27,29.97,134,False,640.0,360.0
israel,msasl,,0,29,30.0,0.968,29.97,4,False,640.0,360.0
greece,msasl,,0,29,30.0,0.968,29.97,4,False,640.0,360.0
deaf,msasl,,0,25,26.0,0.834,29.97,4,False,640.0,360.0
who,msasl,,10,100,91.0,3.003,29.97,1,False,640.0,360.0
who,msasl,,140,230,91.0,3.003,29.97,1,False,640.0,360.0
thursday,msasl,,0,57,58.0,1.902,29.97,136,False,640.0,360.0
hearing,msasl,,0,31,32.0,1.034,29.97,4,False,640.0,360.0
ten,msasl,,0,82,83.0,2.736,29.97,52,False,640.0,360.0
hit,msasl,,0,83,84.0,2.769,29.97,52,False,640.0,360.0
sun,msasl,,0,101,102.0,3.37,29.97,27,False,640.0,360.0
laugh,msasl,,0,30,31.0,1.001,29.97,4,False,640.0,360.0
thank you,msasl,,0,91,92.0,3.036,29.97,110,False,640.0,360.0
yes,msasl,,0,107,108.0,3.57,29.97,27,False,640.0,360.0
out,msasl,,0,120,121.0,4.0,30.002,27,False,640.0,360.0
snake,msasl,,0,115,116.0,3.837,29.97,64,False,640.0,360.0
leave,msasl,,0,46,47.0,1.919,23.976,181,False,640.0,360.0
carrot,msasl,,1197,1239,43.0,1.4010000000000034,29.97,24,False,1280.0,720.0
carrot,msasl,,1269,1329,61.0,2.0020000000000024,29.97,24,False,1280.0,720.0
carrot,msasl,,1369,1419,51.0,1.6679999999999993,29.97,24,False,1280.0,720.0
carrot,msasl,,1430,1480,51.0,1.669000000000004,29.97,24,False,1280.0,720.0
corn,msasl,,1867,1931,65.0,2.134999999999998,29.97,24,False,1280.0,720.0
corn,msasl,,1971,2036,66.0,2.168999999999997,29.97,24,False,1280.0,720.0
corn,msasl,,2062,2162,101.0,3.336999999999989,29.97,24,False,1280.0,720.0
lettuce,msasl,,2222,2372,151.0,5.004999999999996,29.97,24,False,1280.0,720.0
mushroom,msasl,,2420,2562,143.0,4.738,29.97,24,False,1280.0,720.0
onion,msasl,,2607,2741,135.0,4.471000000000004,29.97,24,False,1280.0,720.0
pepper,msasl,,2980,3077,98.0,3.23599999999999,29.97,24,False,1280.0,720.0
potato,msasl,,3137,3234,98.0,3.2369999999999948,29.97,24,False,1280.0,720.0
salad,msasl,,3325,3421,97.0,3.203000000000003,29.97,24,False,1280.0,720.0
tomato,msasl,,3457,3507,51.0,1.6679999999999922,29.97,24,False,1280.0,720.0
tomato,msasl,,3567,3637,71.0,2.3359999999999985,29.97,24,False,1280.0,720.0
tomato,msasl,,3637,3693,57.0,1.867999999999995,29.97,24,False,1280.0,720.0
accountant,msasl,,145,197,53.0,1.7350000000000003,29.97,24,False,1280.0,720.0
accountant,msasl,,307,393,87.0,2.869,29.97,24,False,1280.0,720.0
accountant,msasl,,429,499,71.0,2.3359999999999985,29.97,24,False,1280.0,720.0
actor,msasl,,621,691,71.0,2.335000000000001,29.97,24,False,1280.0,720.0
actor,msasl,,763,904,142.0,4.704000000000001,29.97,24,False,1280.0,720.0
actor,msasl,,904,987,84.0,2.77,29.97,24,False,1280.0,720.0
actor,msasl,,987,1059,73.0,2.402000000000001,29.97,24,False,1280.0,720.0
athlete,msasl,,1907,2078,172.0,5.705999999999996,29.97,24,False,1280.0,720.0
become,msasl,,2118,2183,66.0,2.167999999999992,29.97,24,False,1280.0,720.0
become,msasl,,2203,2413,211.0,7.006999999999991,29.97,24,False,1280.0,720.0
cashier,msasl,,2832,2896,65.0,2.135999999999996,29.97,24,False,1280.0,720.0
cashier,msasl,,2913,3053,141.0,4.670999999999992,29.97,24,False,1280.0,720.0
chef,msasl,,3286,3425,140.0,4.638000000000005,29.97,24,False,1280.0,720.0
counselor,msasl,,3704,3777,74.0,2.435999999999993,29.97,24,False,1280.0,720.0
counselor,msasl,,3896,3966,71.0,2.3359999999999843,29.97,24,False,1280.0,720.0
counselor,msasl,,3972,4042,71.0,2.3359999999999843,29.97,24,False,1280.0,720.0
dentist,msasl,,4624,4660,37.0,1.2019999999999982,29.97,24,False,1280.0,720.0
dentist,msasl,,4791,4901,111.0,3.669999999999988,29.97,24,False,1280.0,720.0
doctor,msasl,,5500,5540,41.0,1.335000000000008,29.97,24,False,1280.0,720.0
doctor,msasl,,5630,5760,131.0,4.337999999999994,29.97,24,False,1280.0,720.0
emergency,msasl,,6972,7071,100.0,3.3029999999999973,29.97,24,False,1280.0,720.0
emergency,msasl,,7071,7141,71.0,2.3359999999999843,29.97,24,False,1280.0,720.0
engineer,msasl,,7166,7236,71.0,2.3360000000000127,29.97,24,False,1280.0,720.0
engineer,msasl,,7256,7346,91.0,3.002999999999986,29.97,24,False,1280.0,720.0
engineer,msasl,,7437,7515,79.0,2.602000000000004,29.97,24,False,1280.0,720.0
interpreter,msasl,,9222,9292,71.0,2.3360000000000127,29.97,24,False,1280.0,720.0
interpreter,msasl,,9432,9502,71.0,2.3360000000000127,29.97,24,False,1280.0,720.0
interpreter,msasl,,9517,9597,81.0,2.670000000000016,29.97,24,False,1280.0,720.0
janitor,msasl,,9650,9789,140.0,4.637999999999977,29.97,24,False,1280.0,720.0
judge,msasl,,10033,10113,81.0,2.670000000000016,29.97,24,False,1280.0,720.0
judge,msasl,,10131,10231,101.0,3.337000000000046,29.97,24,False,1280.0,720.0
law,msasl,,10294,10432,139.0,4.605000000000018,29.97,24,False,1280.0,720.0
lawyer,msasl,,10455,10594,140.0,4.637999999999977,29.97,24,False,1280.0,720.0
manager,msasl,,10664,10724,61.0,2.002000000000009,29.97,24,False,1280.0,720.0
manager,msasl,,10744,10794,51.0,1.6680000000000064,29.97,24,False,1280.0,720.0
manager,msasl,,10917,11009,93.0,3.069000000000017,29.97,24,False,1280.0,720.0
why,msasl,,0,79,80.0,2.636,29.97,238,False,640.0,360.0
draw,msasl,,0,91,92.0,3.036,29.97,376,False,640.0,360.0
english,msasl,,0,33,34.0,1.101,29.97,4,False,640.0,360.0
separate,msasl,,0,38,39.0,1.268,29.97,191,False,1280.0,720.0
lion,msasl,,0,126,127.0,4.2,30.002,27,False,640.0,360.0
black,msasl,,0,89,90.0,2.97,29.97,1,False,640.0,360.0
grey,msasl,,0,119,120.0,3.971,29.97,134,False,640.0,360.0
grandmother,msasl,,0,123,124.0,4.104,29.97,27,False,640.0,360.0
expensive,msasl,,6344,6414,71.0,2.3360000000000127,29.97,24,False,1280.0,720.0
expensive,msasl,,6414,6454,41.0,1.3340000000000032,29.97,24,False,1280.0,720.0
expensive,msasl,,6454,6546,93.0,3.069999999999993,29.97,24,False,1280.0,720.0
expensive,msasl,,6546,6616,71.0,2.3359999999999843,29.97,24,False,1280.0,720.0
expensive,msasl,,6616,6686,71.0,2.3360000000000127,29.97,24,False,1280.0,720.0
expensive,msasl,,6686,6766,81.0,2.6689999999999827,29.97,24,False,1280.0,720.0
take off,msasl,,6876,6946,71.0,2.3359999999999843,29.97,24,False,1280.0,720.0
dirty,msasl,,11339,11391,53.0,1.7349999999999568,29.97,24,False,1280.0,720.0
dirty,msasl,,11391,11452,62.0,2.035000000000025,29.97,24,False,1280.0,720.0
dirty,msasl,,11482,11542,61.0,2.002000000000009,29.97,24,False,1280.0,720.0
which,msasl,,0,77,78.0,2.569,29.97,238,False,640.0,360.0
swim,msasl,,0,100,101.0,3.337,29.97,37,False,640.0,360.0
clock,msasl,,0,107,108.0,3.57,29.97,27,False,640.0,360.0
who,msasl,,0,64,65.0,2.135,29.97,238,False,640.0,360.0
thank you,msasl,,0,70,71.0,2.8,25.0,190,False,640.0,360.0
cat,msasl,,0,108,109.0,3.604,29.97,27,False,640.0,360.0
vacation,msasl,,0,55,56.0,1.835,29.97,191,False,1280.0,720.0
friend,msasl,,0,87,88.0,2.9,30.0,27,False,640.0,360.0
lunch,msasl,,0,164,165.0,5.472,29.97,1,False,640.0,360.0
brother,msasl,,0,56,57.0,1.837,30.481,191,False,1280.0,720.0
history,msasl,,0,28,29.0,0.934,29.97,4,False,640.0,360.0
kiss,msasl,,0,93,94.0,3.103,29.97,35,False,640.0,360.0
love,msasl,,0,120,121.0,4.0,30.002,27,False,640.0,360.0
nurse,msasl,,0,99,100.0,3.303,29.97,269,False,640.0,360.0
car,msasl,,583,624,42.0,1.368000000000002,29.97,172,False,640.0,360.0
bicycle,msasl,,751,825,75.0,2.469000000000001,29.97,172,False,640.0,360.0
train,msasl,,846,930,85.0,2.8029999999999973,29.97,172,False,640.0,360.0
airplane,msasl,,954,1004,51.0,1.6679999999999993,29.97,172,False,640.0,360.0
bus,msasl,,1028,1077,50.0,1.634999999999998,29.97,172,False,640.0,360.0
boat,msasl,,1359,1411,53.0,1.7349999999999994,29.97,172,False,640.0,360.0
subway,msasl,,1510,1599,90.0,2.969000000000001,29.97,172,False,640.0,360.0
ski,msasl,,1894,1999,106.0,3.504000000000005,29.97,172,False,640.0,360.0
snowboard,msasl,,2019,2113,95.0,3.1370000000000005,29.97,172,False,640.0,360.0
skateboard,msasl,,2214,2323,110.0,3.637000000000001,29.97,172,False,640.0,360.0
ice-skating,msasl,,2919,2995,77.0,2.5360000000000014,29.97,172,False,640.0,360.0
motorcycle,msasl,,3013,3084,72.0,2.369,29.97,172,False,640.0,360.0
truck,msasl,,3333,3449,117.0,3.870999999999995,29.97,172,False,640.0,360.0
walk,msasl,,3468,3542,75.0,2.4690000000000083,29.97,172,False,640.0,360.0
drive,msasl,,3672,3752,81.0,2.6699999999999875,29.97,172,False,640.0,360.0
run,msasl,,3776,3824,49.0,1.600999999999999,29.97,172,False,640.0,360.0
back,msasl,,3848,3914,67.0,2.201999999999998,29.97,172,False,640.0,360.0
busy,msasl,,4044,4149,106.0,3.502999999999986,29.97,172,False,640.0,360.0
early,msasl,,4153,4253,101.0,3.3359999999999843,29.97,172,False,640.0,360.0
early,msasl,,4253,4353,101.0,3.337000000000017,29.97,172,False,640.0,360.0
bank,msasl,,4413,4459,47.0,1.5349999999999966,29.97,172,False,640.0,360.0
what,msasl,,4482,4620,139.0,4.60499999999999,29.97,172,False,640.0,360.0
husband,msasl,,0,56,57.0,1.837,30.481,191,False,1280.0,720.0
cookie,msasl,,0,60,61.0,2.002,29.97,1,False,640.0,360.0
cookie,msasl,,70,140,71.0,2.3350000000000004,29.97,1,False,640.0,360.0
salt,msasl,,0,66,67.0,2.202,29.97,269,False,640.0,360.0
step,msasl,,0,40,41.0,1.329,30.102,191,False,1280.0,720.0
hot,msasl,,0,117,118.0,3.9,30.003,27,False,640.0,360.0
horse,msasl,,0,107,108.0,3.57,29.97,64,False,640.0,360.0
kiss,msasl,,0,108,109.0,3.604,29.97,35,False,640.0,360.0
friend,msasl,,0,129,130.0,4.304,29.97,27,False,640.0,360.0
bath,msasl,,0,120,121.0,4.0,30.0,27,False,640.0,360.0
dark,msasl,,0,106,107.0,3.537,29.97,134,False,640.0,360.0
nothing,msasl,,406,602,197.0,6.539999999999999,29.97,24,False,1280.0,720.0
enjoy,msasl,,868,938,71.0,2.3359999999999985,29.97,24,False,1280.0,720.0
enjoy,msasl,,958,1028,71.0,2.336000000000002,29.97,24,False,1280.0,720.0
learn,msasl,,1129,1199,71.0,2.3359999999999985,29.97,24,False,1280.0,720.0
learn,msasl,,1199,1289,91.0,3.003,29.97,24,False,1280.0,720.0
practice,msasl,,1410,1550,141.0,4.671000000000007,29.97,24,False,1280.0,720.0
practice,msasl,,1550,1656,107.0,3.536999999999999,29.97,24,False,1280.0,720.0
chat,msasl,,2584,2674,91.0,3.003,29.97,24,False,1280.0,720.0
chat,msasl,,2674,2834,161.0,5.339000000000013,29.97,24,False,1280.0,720.0
with,msasl,,2866,3061,196.0,6.506,29.97,24,False,1280.0,720.0
people,msasl,,3106,3196,91.0,3.003,29.97,24,False,1280.0,720.0
restaurant,msasl,,3420,3480,61.0,2.001999999999996,29.97,24,False,1280.0,720.0
restaurant,msasl,,3500,3570,71.0,2.3359999999999985,29.97,24,False,1280.0,720.0
jacket,msasl,,0,108,109.0,3.604,29.97,27,False,640.0,360.0
how,msasl,,30,140,111.0,3.67,29.97,1,False,640.0,360.0
how,msasl,,170,310,141.0,4.672,29.97,1,False,640.0,360.0
rain,msasl,,0,102,103.0,3.403,29.97,27,False,640.0,360.0
please,msasl,,50,120,71.0,2.3359999999999994,29.97,1,False,640.0,360.0
please,msasl,,140,220,81.0,2.67,29.97,1,False,640.0,360.0
feel,msasl,,0,110,111.0,3.67,29.97,27,False,640.0,360.0
christmas,msasl,,0,108,109.0,3.6,30.0,27,False,640.0,360.0
elephant,msasl,,0,141,142.0,4.705,29.97,27,False,640.0,360.0
nephew,msasl,,0,103,104.0,3.437,29.97,269,False,640.0,360.0
hour,msasl,,40,130,91.0,3.003,29.97,1,False,640.0,360.0
hour,msasl,,160,250,91.0,3.003,29.97,1,False,640.0,360.0
eat,msasl,,0,44,45.0,1.468,29.97,1,False,640.0,360.0
flower,msasl,,0,87,88.0,2.903,29.97,27,False,640.0,360.0
eat,msasl,,156,309,154.0,5.105,29.97,94,False,640.0,360.0
drink,msasl,,335,425,91.0,3.0029999999999983,29.97,94,False,640.0,360.0
drink,msasl,,475,545,71.0,2.3359999999999985,29.97,94,False,640.0,360.0
breakfast,msasl,,789,921,133.0,4.405000000000001,29.97,94,False,640.0,360.0
lunch,msasl,,1165,1252,88.0,2.9029999999999987,29.97,94,False,640.0,360.0
dinner,msasl,,1433,1534,102.0,3.369999999999997,29.97,94,False,640.0,360.0
apple,msasl,,1550,1722,173.0,5.738999999999997,29.97,94,False,640.0,360.0
orange,msasl,,1777,1948,172.0,5.705000000000005,29.97,94,False,640.0,360.0
grapes,msasl,,1965,2135,171.0,5.671999999999997,29.97,94,False,640.0,360.0
banana,msasl,,2153,2324,172.0,5.706000000000003,29.97,94,False,640.0,360.0
pizza,msasl,,2358,2488,131.0,4.337000000000003,29.97,94,False,640.0,360.0
potato,msasl,,2582,2751,170.0,5.638999999999996,29.97,94,False,640.0,360.0
france fries,msasl,,2770,2939,170.0,5.638999999999996,29.97,94,False,640.0,360.0
spaghetti,msasl,,2957,3141,185.0,6.140000000000001,29.97,94,False,640.0,360.0
sandwich,msasl,,3193,3293,101.0,3.3359999999999985,29.97,94,False,640.0,360.0
sandwich,msasl,,3293,3333,41.0,1.3349999999999935,29.97,94,False,640.0,360.0
sandwich,msasl,,3353,3423,71.0,2.3359999999999985,29.97,94,False,640.0,360.0
soup,msasl,,3439,3609,171.0,5.671999999999997,29.97,94,False,640.0,360.0
cheese,msasl,,3672,3842,171.0,5.672999999999988,29.97,94,False,640.0,360.0
bacon,msasl,,3913,4084,172.0,5.7050000000000125,29.97,94,False,640.0,360.0
candy,msasl,,4342,4512,171.0,5.6720000000000255,29.97,94,False,640.0,360.0
freeze cream,msasl,,4530,4700,171.0,5.671999999999997,29.97,94,False,640.0,360.0
cookie,msasl,,4758,4926,169.0,5.605000000000018,29.97,94,False,640.0,360.0
cracker,msasl,,4938,5052,115.0,3.8030000000000257,29.97,94,False,640.0,360.0
bread,msasl,,5167,5267,101.0,3.3359999999999843,29.97,94,False,640.0,360.0
popcorn,msasl,,5430,5600,171.0,5.671999999999997,29.97,94,False,640.0,360.0
juice,msasl,,5618,5789,172.0,5.705999999999989,29.97,94,False,640.0,360.0
milk,msasl,,5838,6010,173.0,5.739000000000004,29.97,94,False,640.0,360.0
water,msasl,,6033,6206,174.0,5.773000000000025,29.97,94,False,640.0,360.0
thanksgiving,msasl,,0,44,45.0,1.468,29.97,4,False,640.0,360.0
thirteen,msasl,,0,120,121.0,4.004,29.97,27,False,640.0,360.0
hat,msasl,,0,111,112.0,3.704,29.97,27,False,640.0,360.0
music,msasl,,30,140,111.0,3.67,29.97,27,False,640.0,360.0
spaghetti,msasl,,0,135,136.0,4.505,29.97,27,False,640.0,360.0
read,msasl,,0,146,147.0,4.872,29.97,27,False,640.0,360.0
enjoy,msasl,,0,132,133.0,4.404,29.97,35,False,640.0,360.0
big,msasl,,50,110,61.0,2.002,29.97,1,False,640.0,360.0
big,msasl,,130,190,61.0,2.002,29.97,1,False,640.0,360.0
hold on,msasl,,0,28,29.0,0.934,29.97,4,False,640.0,360.0
holland,msasl,,0,40,41.0,1.335,29.97,4,False,640.0,360.0
laugh,msasl,,0,98,99.0,3.27,29.97,35,False,640.0,360.0
like,msasl,,40,110,71.0,2.335,29.97,1,False,640.0,360.0
like,msasl,,140,220,81.0,2.67,29.97,1,False,640.0,360.0
shower,msasl,,0,83,84.0,2.769,29.97,110,False,640.0,360.0
few,msasl,,0,82,83.0,2.736,29.97,52,False,640.0,360.0
sad,msasl,,1728,1833,106.0,4.378999999999991,23.976,216,False,1280.0,720.0
sad,msasl,,1793,1850,58.0,2.376999999999996,23.976,216,False,1280.0,720.0
america,msasl,,1852,1909,58.0,2.376999999999996,23.976,216,False,1280.0,720.0
bad,msasl,,1921,1949,29.0,1.1680000000000064,23.976,216,False,1280.0,720.0
awful,msasl,,1960,2011,52.0,2.126999999999996,23.976,216,False,1280.0,720.0
now,msasl,,2122,2149,28.0,1.1260000000000048,23.976,216,False,1280.0,720.0
football,msasl,,1061,1161,101.0,3.336999999999996,29.97,24,False,1280.0,720.0
football,msasl,,1161,1301,141.0,4.670999999999999,29.97,24,False,1280.0,720.0
soccer,msasl,,1335,1395,61.0,2.003,29.97,24,False,1280.0,720.0
soccer,msasl,,1415,1525,111.0,3.6700000000000017,29.97,24,False,1280.0,720.0
soccer,msasl,,1525,1590,66.0,2.168999999999997,29.97,24,False,1280.0,720.0
basketball,msasl,,1777,1857,81.0,2.669000000000004,29.97,24,False,1280.0,720.0
basketball,msasl,,1857,1917,61.0,2.001999999999996,29.97,24,False,1280.0,720.0
golf,msasl,,2595,2756,162.0,5.372,29.97,24,False,1280.0,720.0
baseball,msasl,,2813,2949,137.0,4.537999999999997,29.97,24,False,1280.0,720.0
swimming,msasl,,2989,3121,133.0,4.403999999999996,29.97,24,False,1280.0,720.0
volleyball,msasl,,3346,3476,131.0,4.338000000000008,29.97,24,False,1280.0,720.0
tennis,msasl,,3696,3862,167.0,5.5390000000000015,29.97,24,False,1280.0,720.0
ball,msasl,,5025,5155,131.0,4.337999999999994,29.97,24,False,1280.0,720.0
game,msasl,,5191,5353,163.0,5.406000000000006,29.97,24,False,1280.0,720.0
watch,msasl,,5393,5463,71.0,2.3360000000000127,29.97,24,False,1280.0,720.0
watch,msasl,,5483,5533,51.0,1.6689999999999827,29.97,24,False,1280.0,720.0
gymnastics,msasl,,5742,5812,71.0,2.3359999999999843,29.97,24,False,1280.0,720.0
gymnastics,msasl,,5812,5875,64.0,2.102000000000004,29.97,24,False,1280.0,720.0
gymnastics,msasl,,5911,5961,51.0,1.6690000000000111,29.97,24,False,1280.0,720.0
gymnastics,msasl,,5961,6051,91.0,3.002999999999986,29.97,24,False,1280.0,720.0
dance,msasl,,7111,7271,161.0,5.338999999999999,29.97,24,False,1280.0,720.0
bowling,msasl,,7479,7549,71.0,2.3359999999999843,29.97,24,False,1280.0,720.0
bowling,msasl,,7549,7599,51.0,1.6680000000000064,29.97,24,False,1280.0,720.0
wash face,msasl,,0,103,104.0,3.437,29.97,110,False,640.0,360.0
eleven,msasl,,0,112,113.0,3.737,29.97,52,False,640.0,360.0
give,msasl,,0,83,84.0,2.769,29.97,219,False,640.0,360.0
name,msasl,,30,130,101.0,3.337,29.97,1,False,640.0,360.0
name,msasl,,150,230,81.0,2.6690000000000005,29.97,1,False,640.0,360.0
class,msasl,,50,100,51.0,1.6690000000000005,29.97,1,False,640.0,360.0
class,msasl,,130,200,71.0,2.335,29.97,1,False,640.0,360.0
again,msasl,,50,170,121.0,4.004,29.97,1,False,640.0,360.0
again,msasl,,220,290,71.0,2.335,29.97,1,False,640.0,360.0
monkey,msasl,,0,87,88.0,2.903,29.97,64,False,640.0,360.0
israel,msasl,,0,33,34.0,1.101,29.97,4,False,640.0,360.0
soon,msasl,,0,77,78.0,2.569,29.97,139,False,640.0,360.0
bitter,msasl,,0,102,103.0,3.403,29.97,269,False,640.0,360.0
cow,msasl,,0,132,133.0,4.404,29.97,27,False,640.0,360.0
quiet,msasl,,0,107,108.0,3.57,29.97,27,False,640.0,360.0
love,msasl,,60,120,61.0,2.002,29.97,1,False,640.0,360.0
love,msasl,,170,230,61.0,2.0020000000000007,29.97,1,False,640.0,360.0
vietnam,msasl,,0,27,28.0,0.901,29.97,4,False,640.0,360.0
mouse,msasl,,0,114,115.0,3.804,29.97,64,False,640.0,360.0
close,msasl,,0,43,44.0,1.403,30.641,191,False,1280.0,720.0
black,msasl,,0,102,103.0,3.403,29.97,27,False,640.0,360.0
hanukkah,msasl,,0,56,57.0,1.869,29.97,191,False,1280.0,720.0
need,msasl,,0,55,56.0,2.294,23.976,181,False,640.0,360.0
play,msasl,,0,147,148.0,4.9,30.0,27,False,640.0,360.0
chicken,msasl,,0,102,103.0,3.403,29.97,27,False,640.0,360.0
in,msasl,,0,114,115.0,3.804,29.97,27,False,640.0,360.0
measure,msasl,,868,1027,160.0,5.306000000000001,29.97,24,False,1280.0,720.0
mechanic,msasl,,1039,1119,81.0,2.669000000000004,29.97,24,False,1280.0,720.0
mechanic,msasl,,1389,1469,81.0,2.6700000000000017,29.97,24,False,1280.0,720.0
army,msasl,,1637,1819,183.0,6.073,29.97,24,False,1280.0,720.0
nurse,msasl,,1850,2023,174.0,5.773000000000003,29.97,24,False,1280.0,720.0
photographer,msasl,,3001,3158,158.0,5.239000000000004,29.97,24,False,1280.0,720.0
plan,msasl,,4547,4683,137.0,4.538000000000011,29.97,24,False,1280.0,720.0
plan,msasl,,4715,4765,51.0,1.667999999999978,29.97,24,False,1280.0,720.0
police officer,msasl,,4813,4912,100.0,3.3029999999999973,29.97,24,False,1280.0,720.0
police officer,msasl,,4932,5052,121.0,4.004000000000019,29.97,24,False,1280.0,720.0
principal,msasl,,5117,5266,150.0,4.972000000000008,29.97,24,False,1280.0,720.0
psychologist,msasl,,6102,6162,61.0,2.001999999999981,29.97,24,False,1280.0,720.0
psychologist,msasl,,6172,6332,161.0,5.338999999999999,29.97,24,False,1280.0,720.0
scientist,msasl,,6726,6922,197.0,6.539999999999992,29.97,24,False,1280.0,720.0
secretary,msasl,,6949,7009,61.0,2.001999999999981,29.97,24,False,1280.0,720.0
secretary,msasl,,7009,7119,111.0,3.670000000000016,29.97,24,False,1280.0,720.0
army,msasl,,7375,7498,124.0,4.103999999999985,29.97,24,False,1280.0,720.0
teacher,msasl,,7511,7631,121.0,4.004000000000019,29.97,24,False,1280.0,720.0
teacher,msasl,,7631,7721,91.0,3.0030000000000143,29.97,24,False,1280.0,720.0
therapy,msasl,,8298,8494,197.0,6.538999999999987,29.97,24,False,1280.0,720.0
waiter,msasl,,8761,8824,64.0,2.1020000000000323,29.97,24,False,1280.0,720.0
waiter,msasl,,8826,9009,184.0,6.1059999999999945,29.97,24,False,1280.0,720.0
work,msasl,,9308,9378,71.0,2.3360000000000127,29.97,24,False,1280.0,720.0
work,msasl,,9378,9478,101.0,3.3360000000000127,29.97,24,False,1280.0,720.0
outside,msasl,,0,120,121.0,4.004,29.97,27,False,640.0,360.0
mean,msasl,,0,60,61.0,2.002,29.97,1,False,640.0,360.0
mean,msasl,,60,120,61.0,2.002,29.97,1,False,640.0,360.0
bye,msasl,,0,77,78.0,2.569,29.97,110,False,640.0,360.0
bus,msasl,,0,35,36.0,1.168,29.97,4,False,640.0,360.0
poland,msasl,,0,26,27.0,0.868,29.97,4,False,640.0,360.0
france,msasl,,0,35,36.0,1.168,29.97,4,False,640.0,360.0
water,msasl,,0,111,112.0,3.7,30.003,27,False,640.0,360.0
chicken,msasl,,0,123,124.0,4.104,29.97,64,False,640.0,360.0
march,msasl,,70,216,147.0,4.871,29.97,27,False,640.0,360.0
refrigerator,msasl,,30,100,71.0,2.333,30.0,1,False,640.0,360.0
refrigerator,msasl,,120,190,71.0,2.333,30.0,1,False,640.0,360.0
frustrated,msasl,,0,91,92.0,3.036,29.97,35,False,640.0,360.0
love,msasl,,0,108,109.0,3.604,29.97,35,False,640.0,360.0
doctor,msasl,,0,104,105.0,3.47,29.97,269,False,640.0,360.0
small,msasl,,0,102,103.0,3.4,30.0,27,False,640.0,360.0
hello,msasl,,0,49,50.0,1.96,25.0,226,False,640.0,360.0
nothing,msasl,,0,110,111.0,3.67,29.97,52,False,640.0,360.0
onion,msasl,,0,34,35.0,1.134,29.97,4,False,640.0,360.0
bye,msasl,,0,103,104.0,3.437,29.97,110,False,640.0,360.0
twelve,msasl,,0,135,136.0,4.505,29.97,27,False,640.0,360.0
movie,msasl,,0,50,51.0,1.668,29.97,1,False,640.0,360.0
movie,msasl,,60,160,101.0,3.3370000000000006,29.97,1,False,640.0,360.0
home,msasl,,0,111,112.0,3.704,29.97,27,False,640.0,360.0
egypt,msasl,,0,28,29.0,0.934,29.97,4,False,640.0,360.0
absent,msasl,,338,469,132.0,4.370999999999999,29.97,98,False,960.0,720.0
draw,msasl,,645,764,120.0,3.971,29.97,98,False,960.0,720.0
book,msasl,,856,945,90.0,2.969999999999999,29.97,98,False,960.0,720.0
cafeteria,msasl,,1027,1146,120.0,3.969999999999999,29.97,98,False,960.0,720.0
classroom,msasl,,1400,1480,81.0,2.6700000000000017,29.97,98,False,960.0,720.0
come,msasl,,1888,1977,90.0,2.969999999999992,29.97,98,False,960.0,720.0
go,msasl,,2046,2136,91.0,3.003,29.97,98,False,960.0,720.0
computer,msasl,,2216,2365,150.0,4.971000000000004,29.97,98,False,960.0,720.0
table,msasl,,2470,2589,120.0,3.969999999999999,29.97,98,False,960.0,720.0
elementary school,msasl,,2769,2888,120.0,3.971000000000004,29.97,98,False,960.0,720.0
center school,msasl,,3020,3169,150.0,4.972000000000008,29.97,98,False,960.0,720.0
high school,msasl,,3488,3577,90.0,2.969999999999999,29.97,98,False,960.0,720.0
college,msasl,,3671,3851,181.0,6.006,29.97,98,False,960.0,720.0
university,msasl,,3945,4033,89.0,2.937000000000012,29.97,98,False,960.0,720.0
english,msasl,,4208,4357,150.0,4.97199999999998,29.97,98,False,960.0,720.0
fail,msasl,,4604,4753,150.0,4.972000000000008,29.97,98,False,960.0,720.0
fail,msasl,,4861,4950,90.0,2.969999999999999,29.97,98,False,960.0,720.0
favorite,msasl,,5260,5409,150.0,4.971000000000004,29.97,98,False,960.0,720.0
gallaudet,msasl,,5623,5724,102.0,3.3700000000000045,29.97,98,False,960.0,720.0
gallaudet,msasl,,5724,5765,42.0,1.367999999999995,29.97,98,False,960.0,720.0
senior,msasl,,6258,6317,60.0,1.967999999999989,29.97,98,False,960.0,720.0
junior,msasl,,6332,6391,60.0,1.9680000000000175,29.97,98,False,960.0,720.0
sophomore,msasl,,6408,6467,60.0,1.9680000000000175,29.97,98,False,960.0,720.0
freshman,msasl,,6486,6545,60.0,1.968999999999994,29.97,98,False,960.0,720.0
gym,msasl,,6922,7011,90.0,2.969999999999999,29.97,98,False,960.0,720.0
have,msasl,,7080,7228,149.0,4.938000000000017,29.97,98,False,960.0,720.0
history,msasl,,7374,7464,91.0,3.0030000000000143,29.97,98,False,960.0,720.0
history,msasl,,7494,7558,65.0,2.134999999999991,29.97,98,False,960.0,720.0
homework,msasl,,7834,7942,109.0,3.603999999999985,29.97,98,False,960.0,720.0
homework,msasl,,7990,8043,54.0,1.7679999999999725,29.97,98,False,960.0,720.0
library,msasl,,8070,8189,120.0,3.971000000000004,29.97,98,False,960.0,720.0
like,msasl,,8467,8519,53.0,1.7349999999999568,29.97,98,False,960.0,720.0
not like,msasl,,8739,8827,89.0,2.937000000000012,29.97,98,False,960.0,720.0
love it,msasl,,9371,9413,43.0,1.4010000000000105,29.97,98,False,960.0,720.0
love it,msasl,,9454,9492,39.0,1.268000000000029,29.97,98,False,960.0,720.0
mainstreamed,msasl,,10010,10070,61.0,2.002000000000009,29.97,98,False,960.0,720.0
mainstreamed,msasl,,10070,10140,71.0,2.3360000000000127,29.97,98,False,960.0,720.0
math,msasl,,10394,10454,61.0,2.002000000000009,29.97,98,False,960.0,720.0
math,msasl,,10471,10547,77.0,2.5360000000000014,29.97,98,False,960.0,720.0
music,msasl,,10635,10784,150.0,4.971000000000004,29.97,98,False,960.0,720.0
need,msasl,,11059,11169,111.0,3.670000000000016,29.97,98,False,960.0,720.0
paper,msasl,,12445,12558,114.0,3.771000000000015,29.97,98,False,960.0,720.0
paper,msasl,,12558,12629,72.0,2.368999999999972,29.97,98,False,960.0,720.0
pass,msasl,,13006,13076,71.0,2.3360000000000127,29.97,98,False,960.0,720.0
pass,msasl,,13096,13176,81.0,2.6689999999999827,29.97,98,False,960.0,720.0
pencil,msasl,,13476,13586,111.0,3.670999999999992,29.97,98,False,960.0,720.0
pencil,msasl,,13624,13743,120.0,3.971000000000004,29.97,98,False,960.0,720.0
principal,msasl,,14044,14173,130.0,4.305000000000007,29.97,98,False,960.0,720.0
read,msasl,,14497,14589,93.0,3.069000000000017,29.97,98,False,960.0,720.0
schedule,msasl,,15930,16060,131.0,4.338000000000079,29.97,98,False,960.0,720.0
science,msasl,,16557,16665,109.0,3.604000000000042,29.97,98,False,960.0,720.0
science,msasl,,16732,16837,106.0,3.5039999999999054,29.97,98,False,960.0,720.0
learn,msasl,,17642,17676,35.0,1.1340000000000146,29.97,98,False,960.0,720.0
student,msasl,,18055,18137,83.0,2.736000000000104,29.97,98,False,960.0,720.0
study,msasl,,18403,18551,149.0,4.937999999999988,29.97,98,False,960.0,720.0
teacher,msasl,,18893,19012,120.0,3.971000000000004,29.97,98,False,960.0,720.0
want,msasl,,19180,19310,131.0,4.336999999999989,29.97,98,False,960.0,720.0
not want,msasl,,19507,19597,91.0,3.002999999999929,29.97,98,False,960.0,720.0
not want,msasl,,19597,19693,97.0,3.203000000000088,29.97,98,False,960.0,720.0
work,msasl,,19854,19973,120.0,3.9700000000000273,29.97,98,False,960.0,720.0
write,msasl,,20080,20259,180.0,5.97199999999998,29.97,98,False,960.0,720.0
color,msasl,,20314,20463,150.0,4.972000000000094,29.97,98,False,960.0,720.0
black,msasl,,20471,20590,120.0,3.971000000000004,29.97,98,False,960.0,720.0
blue,msasl,,20626,20742,117.0,3.870000000000005,29.97,98,False,960.0,720.0
brown,msasl,,20744,20832,89.0,2.9360000000000355,29.97,98,False,960.0,720.0
green,msasl,,20854,20943,90.0,2.9700000000000277,29.97,98,False,960.0,720.0
orange,msasl,,21025,21114,90.0,2.9700000000000277,29.97,98,False,960.0,720.0
pink,msasl,,21188,21358,171.0,5.6720000000000255,29.97,98,False,960.0,720.0
purple,msasl,,21408,21497,90.0,2.969000000000051,29.97,98,False,960.0,720.0
red,msasl,,21641,21737,97.0,3.203000000000088,29.97,98,False,960.0,720.0
white,msasl,,21829,21906,78.0,2.56899999999996,29.97,98,False,960.0,720.0
yellow,msasl,,22334,22482,149.0,4.937999999999988,29.97,98,False,960.0,720.0
sunday,msasl,,22723,22902,180.0,5.97199999999998,29.97,98,False,960.0,720.0
monday,msasl,,22940,23059,120.0,3.971000000000004,29.97,98,False,960.0,720.0
tuesday,msasl,,23083,23202,120.0,3.9700000000000273,29.97,98,False,960.0,720.0
wednesday,msasl,,23382,23501,120.0,3.971000000000004,29.97,98,False,960.0,720.0
thursday,msasl,,23518,23623,106.0,3.504000000000019,29.97,98,False,960.0,720.0
friday,msasl,,23808,23927,120.0,3.9700000000000273,29.97,98,False,960.0,720.0
saturday,msasl,,23937,24055,119.0,3.937000000000012,29.97,98,False,960.0,720.0
day,msasl,,24227,24376,150.0,4.97199999999998,29.97,98,False,960.0,720.0
week,msasl,,24459,24608,150.0,4.97199999999998,29.97,98,False,960.0,720.0
month,msasl,,24905,25027,123.0,4.071000000000026,29.97,98,False,960.0,720.0
year,msasl,,25114,25233,120.0,3.971000000000004,29.97,98,False,960.0,720.0
yesterday,msasl,,25399,25548,150.0,4.97199999999998,29.97,98,False,960.0,720.0
today,msasl,,25755,25855,101.0,3.3360000000000127,29.97,98,False,960.0,720.0
tomorrow,msasl,,26002,26182,181.0,6.005999999999972,29.97,98,False,960.0,720.0
time,msasl,,26257,26346,90.0,2.968999999999937,29.97,98,False,960.0,720.0
march,msasl,,26835,26864,30.0,0.9679999999999608,29.97,98,False,960.0,720.0
no,msasl,,29104,29193,90.0,2.9700000000000277,29.97,98,False,960.0,720.0
not,msasl,,29211,29300,90.0,2.969000000000051,29.97,98,False,960.0,720.0
nothing,msasl,,29352,29416,65.0,2.1359999999999677,29.97,98,False,960.0,720.0
nothing,msasl,,29416,29516,101.0,3.336999999999989,29.97,98,False,960.0,720.0
who,msasl,,29957,30169,213.0,7.073999999999955,29.97,98,False,960.0,720.0
what,msasl,,30259,30378,120.0,3.971000000000004,29.97,98,False,960.0,720.0
when,msasl,,30523,30755,233.0,7.7409999999999854,29.97,98,False,960.0,720.0
where,msasl,,30893,31012,120.0,3.971000000000004,29.97,98,False,960.0,720.0
why,msasl,,31319,31386,68.0,2.2350000000001278,29.97,98,False,960.0,720.0
how,msasl,,31502,31662,161.0,5.337999999999965,29.97,98,False,960.0,720.0
what's up,msasl,,31799,31948,150.0,4.971000000000004,29.97,98,False,960.0,720.0
america,msasl,,0,37,38.0,1.235,29.97,4,False,640.0,360.0
wedding,msasl,,0,47,48.0,1.568,29.97,191,False,1280.0,720.0
milk,msasl,,115,195,81.0,2.669,29.97,88,False,640.0,360.0
milk,msasl,,195,325,131.0,4.337999999999999,29.97,88,False,640.0,360.0
milk,msasl,,325,455,131.0,4.338000000000001,29.97,88,False,640.0,360.0
milk,msasl,,455,575,121.0,4.004,29.97,88,False,640.0,360.0
want,msasl,,586,646,61.0,2.001999999999999,29.97,88,False,640.0,360.0
want,msasl,,646,746,101.0,3.337,29.97,88,False,640.0,360.0
want,msasl,,746,806,61.0,2.001999999999999,29.97,88,False,640.0,360.0
want,msasl,,806,896,91.0,3.003,29.97,88,False,640.0,360.0
want,msasl,,896,986,91.0,3.003,29.97,88,False,640.0,360.0
want,msasl,,986,1076,91.0,3.003,29.97,88,False,640.0,360.0
bath,msasl,,1100,1240,141.0,4.671999999999997,29.97,88,False,640.0,360.0
bath,msasl,,1240,1340,101.0,3.3359999999999985,29.97,88,False,640.0,360.0
bath,msasl,,1340,1460,121.0,4.004000000000005,29.97,88,False,640.0,360.0
bath,msasl,,1460,1585,126.0,4.170999999999999,29.97,88,False,640.0,360.0
hurt,msasl,,1590,1680,91.0,3.003,29.97,88,False,640.0,360.0
hurt,msasl,,1680,1820,141.0,4.670999999999999,29.97,88,False,640.0,360.0
hurt,msasl,,1820,1930,111.0,3.671,29.97,88,False,640.0,360.0
hurt,msasl,,1930,2050,121.0,4.004000000000005,29.97,88,False,640.0,360.0
how_many,msasl,,2088,2138,51.0,1.6679999999999922,29.97,88,False,640.0,360.0
how_many,msasl,,2138,2238,101.0,3.3370000000000037,29.97,88,False,640.0,360.0
how_many,msasl,,2238,2298,61.0,2.002000000000009,29.97,88,False,640.0,360.0
how_many,msasl,,2298,2418,121.0,4.003999999999991,29.97,88,False,640.0,360.0
go,msasl,,2586,2703,118.0,3.903999999999997,29.97,88,False,640.0,360.0
go,msasl,,2703,2793,91.0,3.003,29.97,88,False,640.0,360.0
go,msasl,,2793,2925,133.0,4.403999999999996,29.97,88,False,640.0,360.0
go,msasl,,2942,2999,58.0,1.9019999999999868,29.97,88,False,640.0,360.0
go,msasl,,3001,3058,58.0,1.902000000000001,29.97,88,False,640.0,360.0
play,msasl,,3075,3215,141.0,4.671000000000007,29.97,88,False,640.0,360.0
play,msasl,,3215,3375,161.0,5.337999999999994,29.97,88,False,640.0,360.0
play,msasl,,3375,3565,191.0,6.340000000000003,29.97,88,False,640.0,360.0
city,msasl,,51,151,101.0,3.3360000000000003,29.97,1,False,640.0,360.0
city,msasl,,161,275,115.0,3.804,29.97,1,False,640.0,360.0
thank you,msasl,,0,90,91.0,3.003,29.97,110,False,640.0,360.0
want,msasl,,0,83,84.0,2.769,29.97,35,False,640.0,360.0
fish,msasl,,0,72,73.0,2.88,25.0,93,False,640.0,360.0
apple,msasl,,200,285,86.0,2.837,29.97,450,False,640.0,360.0
down,msasl,,456,572,117.0,3.870999999999999,29.97,450,False,640.0,360.0
elephant,msasl,,574,663,90.0,2.969999999999999,29.97,450,False,640.0,360.0
friend,msasl,,665,751,87.0,2.869,29.97,450,False,640.0,360.0
freeze cream,msasl,,1070,1161,92.0,3.036999999999999,29.97,450,False,640.0,360.0
monkey,msasl,,1450,1540,91.0,3.003,29.97,450,False,640.0,360.0
quarter,msasl,,1939,2018,80.0,2.63600000000001,29.97,450,False,640.0,360.0
rain,msasl,,2020,2080,61.0,2.002000000000009,29.97,450,False,640.0,360.0
strawberry,msasl,,2090,2180,91.0,3.003,29.97,450,False,640.0,360.0
train,msasl,,2200,2289,90.0,2.9690000000000083,29.97,450,False,640.0,360.0
umbrella,msasl,,2291,2333,43.0,1.4009999999999962,29.97,450,False,640.0,360.0
cat,msasl,,0,79,80.0,3.16,25.0,93,False,640.0,360.0
nice,msasl,,0,103,104.0,3.437,29.97,35,False,640.0,360.0
boy,msasl,,0,111,112.0,3.7,30.003,27,False,640.0,360.0
few,msasl,,0,57,58.0,1.902,29.97,52,False,640.0,360.0
friend,msasl,,0,59,60.0,1.937,30.457,191,False,1280.0,720.0
cow,msasl,,0,107,108.0,3.57,29.97,64,False,640.0,360.0
turkey,msasl,,0,31,32.0,1.034,29.97,4,False,640.0,360.0
pregnant,msasl,,0,91,92.0,3.036,29.97,191,False,1280.0,720.0
ball,msasl,,0,123,124.0,4.104,29.97,27,False,640.0,360.0
play,msasl,,0,126,127.0,4.2,30.002,27,False,640.0,360.0
duck,msasl,,0,120,121.0,4.004,29.97,27,False,640.0,360.0
disappointed,msasl,,0,35,36.0,1.168,29.97,4,False,640.0,360.0
weather,msasl,,179,329,151.0,5.005,29.97,24,False,1280.0,720.0
cold,msasl,,627,775,149.0,4.938000000000002,29.97,24,False,1280.0,720.0
cool,msasl,,815,955,141.0,4.670999999999999,29.97,24,False,1280.0,720.0
hot,msasl,,1002,1173,172.0,5.706000000000003,29.97,24,False,1280.0,720.0
rain,msasl,,1210,1324,115.0,3.802999999999997,29.97,24,False,1280.0,720.0
snow,msasl,,1407,1491,85.0,2.8029999999999973,29.97,24,False,1280.0,720.0
snow,msasl,,1521,1691,171.0,5.672000000000004,29.97,24,False,1280.0,720.0
warm,msasl,,2020,2195,176.0,5.838999999999999,29.97,24,False,1280.0,720.0
weather,msasl,,2708,2754,47.0,1.5349999999999966,29.97,24,False,1280.0,720.0
he,msasl,,0,57,58.0,1.902,29.97,136,False,640.0,360.0
sad,msasl,,80,140,61.0,2.002,29.97,1,False,640.0,360.0
sad,msasl,,160,230,71.0,2.335,29.97,1,False,640.0,360.0
money,msasl,,0,37,38.0,1.235,29.97,4,False,640.0,360.0
hello,msasl,,38,82,45.0,1.835,23.976,339,False,640.0,360.0
name,msasl,,185,251,67.0,2.7529999999999992,23.976,339,False,640.0,360.0
what,msasl,,405,458,54.0,2.210000000000001,23.976,339,False,640.0,360.0
who,msasl,,489,533,45.0,1.836000000000002,23.976,339,False,640.0,360.0
where,msasl,,572,616,45.0,1.8350000000000009,23.976,339,False,640.0,360.0
when,msasl,,654,698,45.0,1.8349999999999973,23.976,339,False,640.0,360.0
why,msasl,,735,779,45.0,1.8350000000000009,23.976,339,False,640.0,360.0
which,msasl,,811,855,45.0,1.8359999999999983,23.976,339,False,640.0,360.0
how_many,msasl,,889,933,45.0,1.8350000000000009,23.976,339,False,640.0,360.0
man,msasl,,968,1031,64.0,2.626999999999996,23.976,339,False,640.0,360.0
woman,msasl,,1059,1118,60.0,2.4610000000000056,23.976,339,False,640.0,360.0
teacher,msasl,,1150,1208,59.0,2.418999999999997,23.976,339,False,640.0,360.0
student,msasl,,1248,1313,66.0,2.7109999999999985,23.976,339,False,640.0,360.0
color,msasl,,1355,1409,55.0,2.2520000000000024,23.976,339,False,640.0,360.0
black,msasl,,1450,1499,50.0,2.044000000000004,23.976,339,False,640.0,360.0
gray,msasl,,1530,1592,63.0,2.5860000000000056,23.976,339,False,640.0,360.0
white,msasl,,1635,1678,44.0,1.793999999999997,23.976,339,False,640.0,360.0
pink,msasl,,1724,1792,69.0,2.8359999999999985,23.976,339,False,640.0,360.0
red,msasl,,1824,1877,54.0,2.2110000000000127,23.976,339,False,640.0,360.0
orange,msasl,,1901,1956,56.0,2.2930000000000064,23.976,339,False,640.0,360.0
yellow,msasl,,2021,2044,24.0,0.958999999999989,23.976,339,False,640.0,360.0
green,msasl,,2079,2139,61.0,2.501999999999996,23.976,339,False,640.0,360.0
blue,msasl,,2174,2229,56.0,2.293999999999997,23.976,339,False,640.0,360.0
brown,msasl,,2358,2410,53.0,2.168999999999997,23.976,339,False,640.0,360.0
stand,msasl,,2445,2497,53.0,2.168999999999997,23.976,339,False,640.0,360.0
jump,msasl,,2539,2575,37.0,1.5019999999999951,23.976,339,False,640.0,360.0
dance,msasl,,2622,2666,45.0,1.835000000000008,23.976,339,False,640.0,360.0
sit,msasl,,2703,2777,75.0,3.0859999999999985,23.976,339,False,640.0,360.0
door,msasl,,2803,2864,62.0,2.5450000000000017,23.976,339,False,640.0,360.0
window,msasl,,2971,3025,55.0,2.253,23.976,339,False,640.0,360.0
light,msasl,,3122,3171,50.0,2.044000000000011,23.976,339,False,640.0,360.0
book,msasl,,3262,3303,42.0,1.710000000000008,23.976,339,False,640.0,360.0
paper,msasl,,3416,3480,65.0,2.669000000000011,23.976,339,False,640.0,360.0
school,msasl,,3510,3570,61.0,2.5030000000000143,23.976,339,False,640.0,360.0
read,msasl,,3616,3697,82.0,3.3789999999999907,23.976,339,False,640.0,360.0
study,msasl,,3738,3801,64.0,2.626999999999981,23.976,339,False,640.0,360.0
same,msasl,,3835,3908,74.0,3.045000000000016,23.976,339,False,640.0,360.0
different,msasl,,3946,4012,67.0,2.7530000000000143,23.976,339,False,640.0,360.0
remember,msasl,,4045,4122,78.0,3.211999999999989,23.976,339,False,640.0,360.0
forget,msasl,,4156,4213,58.0,2.377000000000009,23.976,339,False,640.0,360.0
again,msasl,,4245,4322,78.0,3.2110000000000127,23.976,339,False,640.0,360.0
right,msasl,,4359,4407,49.0,2.002000000000009,23.976,339,False,640.0,360.0
wrong,msasl,,4445,4504,60.0,2.460000000000008,23.976,339,False,640.0,360.0
fingerspell,msasl,,4531,4603,73.0,3.0030000000000143,23.976,339,False,640.0,360.0
put_down,msasl,,4833,4891,59.0,2.419000000000011,23.976,339,False,640.0,360.0
homework,msasl,,4930,5012,83.0,3.4199999999999875,23.976,339,False,640.0,360.0
today,msasl,,5057,5127,71.0,2.9199999999999875,23.976,339,False,640.0,360.0
deaf,msasl,,5240,5301,62.0,2.544000000000011,23.976,339,False,640.0,360.0
hearing,msasl,,5328,5389,62.0,2.5439999999999827,23.976,339,False,640.0,360.0
have,msasl,,5506,5567,62.0,2.544000000000011,23.976,339,False,640.0,360.0
need,msasl,,5581,5637,57.0,2.3360000000000127,23.976,339,False,640.0,360.0
shirt,msasl,,5666,5730,65.0,2.670000000000016,23.976,339,False,640.0,360.0
pants,msasl,,5768,5831,64.0,2.626999999999981,23.976,339,False,640.0,360.0
jacket,msasl,,5868,5941,74.0,3.0449999999999875,23.976,339,False,640.0,360.0
dress,msasl,,5964,6029,66.0,2.712000000000017,23.976,339,False,640.0,360.0
skirt,msasl,,6053,6115,63.0,2.5849999999999795,23.976,339,False,640.0,360.0
hat,msasl,,6150,6203,54.0,2.2110000000000127,23.976,339,False,640.0,360.0
glasses,msasl,,6250,6315,66.0,2.710999999999956,23.976,339,False,640.0,360.0
shoes,msasl,,6343,6408,66.0,2.7110000000000127,23.976,339,False,640.0,360.0
sleepy,msasl,,177,295,119.0,3.937,29.97,24,False,1280.0,720.0
slow,msasl,,356,474,119.0,3.937000000000001,29.97,24,False,1280.0,720.0
so,msasl,,538,656,119.0,3.937999999999999,29.97,24,False,1280.0,720.0
take care,msasl,,682,732,51.0,1.6679999999999993,29.97,24,False,1280.0,720.0
take care,msasl,,782,892,111.0,3.6700000000000017,29.97,24,False,1280.0,720.0
thank you,msasl,,951,1069,119.0,3.9369999999999976,29.97,24,False,1280.0,720.0
tired,msasl,,1316,1434,119.0,3.9369999999999976,29.97,24,False,1280.0,720.0
today,msasl,,1469,1529,61.0,2.0020000000000024,29.97,24,False,1280.0,720.0
today,msasl,,1549,1658,110.0,3.637000000000001,29.97,24,False,1280.0,720.0
tomorrow,msasl,,1861,1979,119.0,3.9380000000000015,29.97,24,False,1280.0,720.0
meet,msasl,,2188,2306,119.0,3.9380000000000015,29.97,24,False,1280.0,720.0
understand,msasl,,2339,2458,120.0,3.969999999999999,29.97,24,False,1280.0,720.0
want,msasl,,2512,2630,119.0,3.937000000000012,29.97,24,False,1280.0,720.0
what,msasl,,2693,2811,119.0,3.9380000000000015,29.97,24,False,1280.0,720.0
we,msasl,,2836,2955,120.0,3.971000000000004,29.97,24,False,1280.0,720.0
sports,msasl,,3052,3142,91.0,3.003,29.97,24,False,1280.0,720.0
sports,msasl,,3192,3352,161.0,5.338999999999999,29.97,24,False,1280.0,720.0
what's up,msasl,,3415,3534,120.0,3.971000000000004,29.97,24,False,1280.0,720.0
yes,msasl,,3589,3707,119.0,3.9369999999999976,29.97,24,False,1280.0,720.0
different,msasl,,3787,3906,120.0,3.970000000000013,29.97,24,False,1280.0,720.0
wake up,msasl,,3963,4083,121.0,4.003999999999991,29.97,24,False,1280.0,720.0
nothing,msasl,,4143,4261,119.0,3.937000000000012,29.97,24,False,1280.0,720.0
near,msasl,,4465,4583,119.0,3.937000000000012,29.97,24,False,1280.0,720.0
far,msasl,,4604,4674,71.0,2.3359999999999843,29.97,24,False,1280.0,720.0
far,msasl,,4694,4754,61.0,2.002000000000009,29.97,24,False,1280.0,720.0
far,msasl,,4791,4861,71.0,2.3349999999999795,29.97,24,False,1280.0,720.0
far,msasl,,4861,4921,61.0,2.002000000000009,29.97,24,False,1280.0,720.0
door,msasl,,5067,5185,119.0,3.937000000000012,29.97,24,False,1280.0,720.0
window,msasl,,5214,5332,119.0,3.937000000000012,29.97,24,False,1280.0,720.0
computer,msasl,,5446,5516,71.0,2.3359999999999843,29.97,24,False,1280.0,720.0
computer,msasl,,5526,5586,61.0,2.002000000000009,29.97,24,False,1280.0,720.0
computer,msasl,,5811,5939,129.0,4.270999999999987,29.97,24,False,1280.0,720.0
light,msasl,,6324,6518,195.0,6.473000000000013,29.97,24,False,1280.0,720.0
walk,msasl,,6644,6762,119.0,3.937000000000012,29.97,24,False,1280.0,720.0
sit,msasl,,6792,6910,119.0,3.937999999999988,29.97,24,False,1280.0,720.0
jump,msasl,,6943,7061,119.0,3.937000000000012,29.97,24,False,1280.0,720.0
swim,msasl,,7089,7207,119.0,3.937999999999988,29.97,24,False,1280.0,720.0
medicine,msasl,,145,266,122.0,4.037999999999999,29.97,24,False,1280.0,720.0
doctor,msasl,,411,453,43.0,1.4009999999999998,29.97,24,False,1280.0,720.0
doctor,msasl,,533,603,71.0,2.336000000000002,29.97,24,False,1280.0,720.0
doctor,msasl,,643,669,27.0,0.8670000000000009,29.97,24,False,1280.0,720.0
doctor,msasl,,880,974,95.0,3.136000000000003,29.97,24,False,1280.0,720.0
should,msasl,,988,1078,91.0,3.003,29.97,24,False,1280.0,720.0
should,msasl,,1078,1228,151.0,5.004999999999996,29.97,24,False,1280.0,720.0
sleep,msasl,,0,111,112.0,3.7,30.0,27,False,640.0,360.0
nineteen,msasl,,0,116,117.0,3.871,29.97,27,False,640.0,360.0
grey,msasl,,0,91,92.0,3.036,29.97,134,False,640.0,360.0
hungry,msasl,,232,292,61.0,2.0020000000000007,29.97,88,False,640.0,360.0
hungry,msasl,,292,342,51.0,1.6679999999999993,29.97,88,False,640.0,360.0
hungry,msasl,,342,412,71.0,2.3360000000000003,29.97,88,False,640.0,360.0
hungry,msasl,,412,462,51.0,1.6679999999999993,29.97,88,False,640.0,360.0
hungry,msasl,,462,522,61.0,2.0020000000000024,29.97,88,False,640.0,360.0
hungry,msasl,,522,572,51.0,1.668999999999997,29.97,88,False,640.0,360.0
hungry,msasl,,572,642,71.0,2.335000000000001,29.97,88,False,640.0,360.0
hungry,msasl,,642,690,49.0,1.6020000000000003,29.97,88,False,640.0,360.0
cereal,msasl,,713,813,101.0,3.337,29.97,88,False,640.0,360.0
cereal,msasl,,813,953,141.0,4.670999999999999,29.97,88,False,640.0,360.0
cereal,msasl,,953,1183,231.0,7.675000000000001,29.97,88,False,640.0,360.0
cookie,msasl,,1670,1760,91.0,3.003,29.97,88,False,640.0,360.0
cookie,msasl,,1760,1920,161.0,5.338999999999992,29.97,88,False,640.0,360.0
cookie,msasl,,1920,2070,151.0,5.00500000000001,29.97,88,False,640.0,360.0
cookie,msasl,,2070,2146,77.0,2.5360000000000014,29.97,88,False,640.0,360.0
drink,msasl,,2154,2214,61.0,2.001999999999996,29.97,88,False,640.0,360.0
drink,msasl,,2214,2304,91.0,3.003,29.97,88,False,640.0,360.0
drink,msasl,,2304,2394,91.0,3.003,29.97,88,False,640.0,360.0
drink,msasl,,2394,2424,31.0,1.0010000000000048,29.97,88,False,640.0,360.0
drink,msasl,,2424,2454,31.0,1.0010000000000048,29.97,88,False,640.0,360.0
drink,msasl,,2454,2514,61.0,2.001999999999996,29.97,88,False,640.0,360.0
drink,msasl,,2514,2627,114.0,3.769999999999996,29.97,88,False,640.0,360.0
me,msasl,,3595,3645,51.0,1.6679999999999922,29.97,88,False,640.0,360.0
me,msasl,,3645,3695,51.0,1.6690000000000111,29.97,88,False,640.0,360.0
me,msasl,,3695,3755,61.0,2.001999999999996,29.97,88,False,640.0,360.0
me,msasl,,3755,3795,41.0,1.3349999999999935,29.97,88,False,640.0,360.0
me,msasl,,3795,3875,81.0,2.668999999999997,29.97,88,False,640.0,360.0
me,msasl,,3875,3915,41.0,1.335000000000008,29.97,88,False,640.0,360.0
me,msasl,,3915,3985,71.0,2.335000000000008,29.97,88,False,640.0,360.0
me,msasl,,3985,4055,71.0,2.3359999999999843,29.97,88,False,640.0,360.0
quiet,msasl,,4061,4125,65.0,2.134999999999991,29.97,88,False,640.0,360.0
quiet,msasl,,4125,4289,165.0,5.473000000000013,29.97,88,False,640.0,360.0
quiet,msasl,,4300,4361,62.0,2.0349999999999966,29.97,88,False,640.0,360.0
quiet,msasl,,4361,4409,49.0,1.602000000000004,29.97,88,False,640.0,360.0
walk,msasl,,0,106,107.0,3.537,29.97,238,False,640.0,360.0
thank you,msasl,,0,111,112.0,3.704,29.97,27,False,640.0,360.0
bright,msasl,,0,110,111.0,3.67,29.97,134,False,640.0,360.0
china,msasl,,0,32,33.0,1.068,29.97,4,False,640.0,360.0
airplane,msasl,,0,110,111.0,3.67,29.97,27,False,640.0,360.0
mother,msasl,,0,123,124.0,4.1,30.002,27,False,640.0,360.0
switzerland,msasl,,0,39,40.0,1.301,29.97,4,False,640.0,360.0
hi,msasl,,4,23,20.0,0.634,30.0,74,False,1280.0,720.0
ready,msasl,,591,643,53.0,1.7330000000000003,30.0,74,False,1280.0,720.0
absent,msasl,,669,829,161.0,5.332999999999998,30.0,74,False,1280.0,720.0
afternoon,msasl,,908,1047,140.0,4.632999999999999,30.0,74,False,1280.0,720.0
draw,msasl,,1329,1468,140.0,4.633000000000003,30.0,74,False,1280.0,720.0
bad,msasl,,1736,1884,149.0,4.933,30.0,74,False,1280.0,720.0
bathroom,msasl,,1914,2065,152.0,5.033000000000001,30.0,74,False,1280.0,720.0
book,msasl,,2141,2252,112.0,3.6999999999999886,30.0,74,False,1280.0,720.0
busy,msasl,,2307,2447,141.0,4.666999999999987,30.0,74,False,1280.0,720.0
bye,msasl,,2514,2581,68.0,2.233000000000004,30.0,74,False,1280.0,720.0
can,msasl,,2635,2714,80.0,2.6340000000000003,30.0,74,False,1280.0,720.0
sit,msasl,,2912,3062,151.0,5.0,30.0,74,False,1280.0,720.0
confused,msasl,,3092,3273,182.0,6.033000000000001,30.0,74,False,1280.0,720.0
culture,msasl,,3302,3486,185.0,6.13300000000001,30.0,74,False,1280.0,720.0
deaf,msasl,,3551,3632,82.0,2.6999999999999886,30.0,74,False,1280.0,720.0
different,msasl,,3660,3746,87.0,2.8670000000000044,30.0,74,False,1280.0,720.0
do,msasl,,3830,3944,115.0,3.8000000000000114,30.0,74,False,1280.0,720.0
draw,msasl,,3974,4169,196.0,6.5,30.0,74,False,1280.0,720.0
due,msasl,,4232,4334,103.0,3.4000000000000057,30.0,74,False,1280.0,720.0
enjoy,msasl,,4364,4558,195.0,6.46599999999998,30.0,74,False,1280.0,720.0
excited,msasl,,4588,4682,95.0,3.1340000000000146,30.0,74,False,1280.0,720.0
eye contact,msasl,,4713,4826,114.0,3.766999999999996,30.0,74,False,1280.0,720.0
favorite,msasl,,4975,5049,75.0,2.467000000000013,30.0,74,False,1280.0,720.0
fine,msasl,,5096,5169,74.0,2.433000000000021,30.0,74,False,1280.0,720.0
fingerspell,msasl,,5197,5313,117.0,3.8669999999999902,30.0,74,False,1280.0,720.0
first,msasl,,5383,5521,139.0,4.599999999999994,30.0,74,False,1280.0,720.0
forget,msasl,,5750,5857,108.0,3.5660000000000025,30.0,74,False,1280.0,720.0
friend,msasl,,5887,6057,171.0,5.667000000000002,30.0,74,False,1280.0,720.0
go,msasl,,6096,6114,19.0,0.6000000000000227,30.0,74,False,1280.0,720.0
go,msasl,,6116,6151,36.0,1.1659999999999968,30.0,74,False,1280.0,720.0
go,msasl,,6153,6174,22.0,0.700000000000017,30.0,74,False,1280.0,720.0
good,msasl,,6238,6394,157.0,5.200000000000017,30.0,74,False,1280.0,720.0
happy,msasl,,6597,6707,111.0,3.6670000000000016,30.0,74,False,1280.0,720.0
hard of hearing,msasl,,6733,6807,75.0,2.467000000000013,30.0,74,False,1280.0,720.0
hearing,msasl,,6845,6920,76.0,2.5,30.0,74,False,1280.0,720.0
he,msasl,,6945,7031,87.0,2.8669999999999902,30.0,74,False,1280.0,720.0
home,msasl,,7407,7536,130.0,4.299999999999983,30.0,74,False,1280.0,720.0
how,msasl,,7567,7663,97.0,3.1999999999999886,30.0,74,False,1280.0,720.0
how_many,msasl,,7693,7827,135.0,4.4669999999999845,30.0,74,False,1280.0,720.0
know,msasl,,8157,8233,77.0,2.5330000000000155,30.0,74,False,1280.0,720.0
language,msasl,,8261,8374,114.0,3.7659999999999623,30.0,74,False,1280.0,720.0
last,msasl,,8435,8568,134.0,4.43300000000005,30.0,74,False,1280.0,720.0
learn,msasl,,8627,8755,129.0,4.26600000000002,30.0,74,False,1280.0,720.0
like,msasl,,8800,8894,95.0,3.1339999999999577,30.0,74,False,1280.0,720.0
man,msasl,,9164,9273,110.0,3.633000000000038,30.0,74,False,1280.0,720.0
me,msasl,,9297,9348,52.0,1.7000000000000457,30.0,74,False,1280.0,720.0
midnight,msasl,,9408,9508,101.0,3.33299999999997,30.0,74,False,1280.0,720.0
morning,msasl,,9537,9652,116.0,3.833000000000027,30.0,74,False,1280.0,720.0
name,msasl,,9681,9777,97.0,3.1999999999999886,30.0,74,False,1280.0,720.0
night,msasl,,9995,10138,144.0,4.76600000000002,30.0,74,False,1280.0,720.0
noon,msasl,,10200,10339,140.0,4.632999999999981,30.0,74,False,1280.0,720.0
nothing,msasl,,10405,10516,112.0,3.6999999999999886,30.0,74,False,1280.0,720.0
not know,msasl,,10585,10735,151.0,5.0,30.0,74,False,1280.0,720.0
not like,msasl,,10764,10942,179.0,5.932999999999993,30.0,74,False,1280.0,720.0
nothing,msasl,,10972,11098,127.0,4.199999999999989,30.0,74,False,1280.0,720.0
not want,msasl,,11127,11281,155.0,5.133000000000038,30.0,74,False,1280.0,720.0
paper,msasl,,11363,11523,161.0,5.333000000000027,30.0,74,False,1280.0,720.0
focus,msasl,,11552,11683,132.0,4.3659999999999854,30.0,74,False,1280.0,720.0
pencil,msasl,,11760,11888,129.0,4.266999999999996,30.0,74,False,1280.0,720.0
practice,msasl,,12101,12257,157.0,5.199999999999989,30.0,74,False,1280.0,720.0
remember,msasl,,12491,12641,151.0,5.0,30.0,74,False,1280.0,720.0
again,msasl,,12895,13021,127.0,4.199999999999989,30.0,74,False,1280.0,720.0
right,msasl,,13089,13243,155.0,5.132999999999981,30.0,74,False,1280.0,720.0
sad,msasl,,13269,13339,71.0,2.33299999999997,30.0,74,False,1280.0,720.0
sad,msasl,,13339,13389,51.0,1.66700000000003,30.0,74,False,1280.0,720.0
sad,msasl,,13389,13449,61.0,2.0,30.0,74,False,1280.0,720.0
sad,msasl,,13449,13509,61.0,2.0,30.0,74,False,1280.0,720.0
sick,msasl,,14037,14139,103.0,3.400000000000034,30.0,74,False,1280.0,720.0
sign,msasl,,14198,14296,99.0,3.26600000000002,30.0,74,False,1280.0,720.0
sit,msasl,,14327,14453,127.0,4.199999999999989,30.0,74,False,1280.0,720.0
sleepy,msasl,,14502,14597,96.0,3.16700000000003,30.0,74,False,1280.0,720.0
slow,msasl,,14689,14755,67.0,2.200000000000045,30.0,74,False,1280.0,720.0
so,msasl,,14819,14897,79.0,2.6000000000000227,30.0,74,False,1280.0,720.0
take care,msasl,,14945,15042,98.0,3.233000000000004,30.0,74,False,1280.0,720.0
they,msasl,,15094,15163,70.0,2.300000000000012,30.0,74,False,1280.0,720.0
today,msasl,,15182,15237,56.0,1.83299999999997,30.0,74,False,1280.0,720.0
tomorrow,msasl,,15259,15332,74.0,2.434000000000026,30.0,74,False,1280.0,720.0
understand,msasl,,15355,15429,75.0,2.466999999999928,30.0,74,False,1280.0,720.0
understand,msasl,,15453,15543,91.0,3.0,30.0,74,False,1280.0,720.0
want,msasl,,15745,15787,43.0,1.3999999999999773,30.0,74,False,1280.0,720.0
we,msasl,,15806,15869,64.0,2.1000000000000227,30.0,74,False,1280.0,720.0
what,msasl,,15895,15980,86.0,2.83400000000006,30.0,74,False,1280.0,720.0
when,msasl,,16208,16319,112.0,3.699999999999932,30.0,74,False,1280.0,720.0
where,msasl,,16349,16468,120.0,3.966000000000008,30.0,74,False,1280.0,720.0
which,msasl,,16497,16581,85.0,2.800000000000068,30.0,74,False,1280.0,720.0
who,msasl,,16610,16786,177.0,5.8659999999999854,30.0,74,False,1280.0,720.0
why,msasl,,16860,16964,105.0,3.4669999999999845,30.0,74,False,1280.0,720.0
woman,msasl,,17029,17181,153.0,5.067000000000007,30.0,74,False,1280.0,720.0
work,msasl,,17234,17337,104.0,3.4329999999999927,30.0,74,False,1280.0,720.0
write,msasl,,17397,17504,108.0,3.5670000000000077,30.0,74,False,1280.0,720.0
wrong,msasl,,17535,17695,161.0,5.33299999999997,30.0,74,False,1280.0,720.0
you,msasl,,17800,17961,162.0,5.367000000000076,30.0,74,False,1280.0,720.0
yesterday,msasl,,18069,18182,114.0,3.7670000000000528,30.0,74,False,1280.0,720.0
hearing,msasl,,0,91,92.0,3.036,29.97,35,False,640.0,360.0
pink,msasl,,0,117,118.0,3.9,30.003,27,False,640.0,360.0
feel,msasl,,0,81,82.0,2.703,29.97,27,False,640.0,360.0
nice,msasl,,10,120,111.0,3.67,29.97,1,False,640.0,360.0
minute,msasl,,40,110,71.0,2.335,29.97,1,False,640.0,360.0
minute,msasl,,140,210,71.0,2.3359999999999994,29.97,1,False,640.0,360.0
hungry,msasl,,0,123,124.0,4.104,29.97,35,False,640.0,360.0
shoes,msasl,,0,120,121.0,4.0,30.002,27,False,640.0,360.0
all,msasl,,0,85,86.0,2.836,29.97,52,False,640.0,360.0
norway,msasl,,0,40,41.0,1.335,29.97,4,False,640.0,360.0
cookie,msasl,,0,120,121.0,4.004,29.97,27,False,640.0,360.0
drink,msasl,,0,149,150.0,4.972,29.97,1,False,640.0,360.0
nice,msasl,,0,99,100.0,3.303,29.97,35,False,640.0,360.0
want,msasl,,0,78,79.0,2.603,29.97,52,False,640.0,360.0
no,msasl,,60,140,81.0,2.6690000000000005,29.97,1,False,640.0,360.0
no,msasl,,180,240,61.0,2.001999999999999,29.97,1,False,640.0,360.0
often,msasl,,0,147,148.0,4.9,30.002,27,False,640.0,360.0
bank,msasl,,0,38,39.0,1.268,29.97,4,False,640.0,360.0
scotland,msasl,,0,36,37.0,1.201,29.97,4,False,640.0,360.0
kiss,msasl,,0,94,95.0,3.136,29.97,35,False,640.0,360.0
surfing,msasl,,173,364,192.0,6.372999999999999,29.97,24,False,1280.0,720.0
skiing,msasl,,415,558,144.0,4.772,29.97,24,False,1280.0,720.0
play,msasl,,591,732,142.0,4.704000000000001,29.97,24,False,1280.0,720.0
game,msasl,,781,922,142.0,4.704999999999998,29.97,24,False,1280.0,720.0
visit,msasl,,1619,1760,142.0,4.704000000000001,29.97,24,False,1280.0,720.0
with,msasl,,1800,1941,142.0,4.704999999999998,29.97,24,False,1280.0,720.0
family,msasl,,1982,2123,142.0,4.704000000000008,29.97,24,False,1280.0,720.0
friend,msasl,,2198,2339,142.0,4.704999999999998,29.97,24,False,1280.0,720.0
shop,msasl,,2818,2959,142.0,4.704999999999998,29.97,24,False,1280.0,720.0
sports,msasl,,3057,3117,61.0,2.002000000000009,29.97,24,False,1280.0,720.0
sports,msasl,,3147,3227,81.0,2.669000000000011,29.97,24,False,1280.0,720.0
read,msasl,,3475,3616,142.0,4.704999999999998,29.97,24,False,1280.0,720.0
draw,msasl,,3667,3808,142.0,4.704000000000008,29.97,24,False,1280.0,720.0
painting,msasl,,3841,4034,194.0,6.439999999999998,29.97,24,False,1280.0,720.0
dance,msasl,,4068,4253,186.0,6.171999999999997,29.97,24,False,1280.0,720.0
write,msasl,,4544,4685,142.0,4.7050000000000125,29.97,24,False,1280.0,720.0
cooking,msasl,,4761,4947,187.0,6.205999999999989,29.97,24,False,1280.0,720.0
internet,msasl,,5221,5362,142.0,4.7050000000000125,29.97,24,False,1280.0,720.0
pool,msasl,,5422,5552,131.0,4.338000000000022,29.97,24,False,1280.0,720.0
pool,msasl,,5552,5642,91.0,3.002999999999986,29.97,24,False,1280.0,720.0
swimming,msasl,,5703,5845,143.0,4.738,29.97,24,False,1280.0,720.0
aunt,msasl,,0,50,51.0,1.636,30.557,191,False,1280.0,720.0
drink,msasl,,0,132,133.0,4.4,30.002,27,False,640.0,360.0
phone,msasl,,0,104,105.0,3.47,29.97,27,False,640.0,360.0
color,msasl,,0,179,180.0,5.973,29.97,1,False,640.0,360.0
orange,msasl,,0,105,106.0,3.5,30.003,27,False,640.0,360.0
tree,msasl,,0,105,106.0,3.5,30.003,27,False,640.0,360.0
work,msasl,,0,50,51.0,1.668,29.97,136,False,640.0,360.0
poland,msasl,,0,24,25.0,0.801,29.97,4,False,640.0,360.0
graduate,msasl,,101,160,60.0,2.46,23.976,252,False,640.0,360.0
proud,msasl,,424,531,108.0,4.462999999999997,23.976,252,False,640.0,360.0
education,msasl,,795,812,18.0,0.7089999999999961,23.976,253,False,640.0,360.0
speech,msasl,,827,859,33.0,1.3350000000000009,23.976,253,False,640.0,360.0
girl,msasl,,72,169,98.0,3.233,30.0,107,False,568.0,320.0
boy,msasl,,171,273,103.0,3.3999999999999995,30.0,107,False,568.0,320.0
woman,msasl,,309,381,73.0,2.3999999999999986,30.0,107,False,568.0,320.0
man,msasl,,390,466,77.0,2.5329999999999995,30.0,107,False,568.0,320.0
family,msasl,,609,691,83.0,2.7330000000000005,30.0,107,False,568.0,320.0
mother,msasl,,787,851,65.0,2.1340000000000003,30.0,107,False,568.0,320.0
father,msasl,,855,938,84.0,2.7669999999999995,30.0,107,False,568.0,320.0
parents,msasl,,1060,1157,98.0,3.2340000000000018,30.0,107,False,568.0,320.0
daughter,msasl,,1219,1306,88.0,2.8999999999999986,30.0,107,False,568.0,320.0
son,msasl,,1350,1423,74.0,2.433,30.0,107,False,568.0,320.0
sister,msasl,,1521,1612,92.0,3.032999999999994,30.0,107,False,568.0,320.0
brother,msasl,,1653,1798,146.0,4.832999999999998,30.0,107,False,568.0,320.0
twins,msasl,,1852,1929,78.0,2.567,30.0,107,False,568.0,320.0
baby,msasl,,2012,2082,71.0,2.3330000000000126,30.0,107,False,568.0,320.0
child,msasl,,2131,2205,75.0,2.4669999999999987,30.0,107,False,568.0,320.0
children,msasl,,2248,2349,102.0,3.3669999999999902,30.0,107,False,568.0,320.0
wife,msasl,,2418,2502,85.0,2.800000000000012,30.0,107,False,568.0,320.0
husband,msasl,,2552,2613,62.0,2.0330000000000013,30.0,107,False,568.0,320.0
aunt,msasl,,2764,2833,70.0,2.300000000000012,30.0,107,False,568.0,320.0
uncle,msasl,,2923,3002,80.0,2.633999999999986,30.0,107,False,568.0,320.0
cousin,msasl,,3040,3120,81.0,2.6670000000000016,30.0,107,False,568.0,320.0
cousin,msasl,,3170,3250,81.0,2.665999999999997,30.0,107,False,568.0,320.0
nephew,msasl,,3415,3483,69.0,2.266999999999996,30.0,107,False,568.0,320.0
niece,msasl,,3505,3571,67.0,2.200000000000003,30.0,107,False,568.0,320.0
grandmother,msasl,,3676,3843,168.0,5.566999999999993,30.0,107,False,568.0,320.0
friend,msasl,,4492,4688,197.0,6.533999999999992,30.0,107,False,568.0,320.0
boyfriend,msasl,,4740,4810,71.0,2.3329999999999984,30.0,107,False,568.0,320.0
girlfriend,msasl,,4815,4884,70.0,2.300000000000012,30.0,107,False,568.0,320.0
underwear,msasl,,0,31,32.0,1.034,29.97,4,False,640.0,360.0
family,msasl,,0,120,121.0,4.0,30.002,27,False,640.0,360.0
dance,msasl,,0,102,103.0,3.403,29.97,27,False,640.0,360.0
thank you,msasl,,0,87,88.0,2.903,29.97,110,False,640.0,360.0
vegetable,msasl,,0,110,111.0,3.67,29.97,27,False,640.0,360.0
light,msasl,,0,78,79.0,2.603,29.97,134,False,640.0,360.0
eat,msasl,,0,99,100.0,3.303,29.97,238,False,640.0,360.0
pool,msasl,,748,828,81.0,2.6700000000000017,29.97,43,False,640.0,360.0
pool,msasl,,838,928,91.0,3.003,29.97,43,False,640.0,360.0
area,msasl,,951,1107,157.0,5.204999999999998,29.97,43,False,640.0,360.0
cafeteria,msasl,,1153,1331,179.0,5.939,29.97,43,False,640.0,360.0
gym,msasl,,1349,1474,126.0,4.170000000000002,29.97,43,False,640.0,360.0
hallway,msasl,,1494,1643,150.0,4.9709999999999965,29.97,43,False,640.0,360.0
library,msasl,,1662,1849,188.0,6.240000000000002,29.97,43,False,640.0,360.0
office,msasl,,1868,2007,140.0,4.637999999999998,29.97,43,False,640.0,360.0
student center,msasl,,2199,2295,97.0,3.2029999999999887,29.97,43,False,640.0,360.0
student center,msasl,,2320,2430,111.0,3.6700000000000017,29.97,43,False,640.0,360.0
theater,msasl,,2671,2842,172.0,5.706000000000003,29.97,43,False,640.0,360.0
back,msasl,,3088,3237,150.0,4.971999999999994,29.97,43,False,640.0,360.0
flag,msasl,,3467,3487,21.0,0.6679999999999922,29.97,43,False,640.0,360.0
flag,msasl,,3535,3563,29.0,0.9340000000000116,29.97,43,False,640.0,360.0
flag,msasl,,3568,3636,69.0,2.2689999999999912,29.97,43,False,640.0,360.0
flag,msasl,,3642,3665,24.0,0.7680000000000007,29.97,43,False,640.0,360.0
front,msasl,,3684,3836,153.0,5.072000000000003,29.97,43,False,640.0,360.0
close,msasl,,4417,4548,132.0,4.371000000000009,29.97,43,False,640.0,360.0
class,msasl,,5435,5613,179.0,5.938999999999993,29.97,43,False,640.0,360.0
locker,msasl,,5632,5776,145.0,4.805000000000007,29.97,43,False,640.0,360.0
room,msasl,,5794,5957,164.0,5.438999999999993,29.97,43,False,640.0,360.0
store,msasl,,5975,6107,133.0,4.403999999999996,29.97,43,False,640.0,360.0
ball,msasl,,6153,6257,105.0,3.469999999999999,29.97,43,False,640.0,360.0
dictionary,msasl,,6618,6787,170.0,5.63900000000001,29.97,43,False,640.0,360.0
counselor,msasl,,7717,7890,174.0,5.771999999999991,29.97,43,False,640.0,360.0
interpreter,msasl,,7908,8080,173.0,5.739000000000033,29.97,43,False,640.0,360.0
librarian,msasl,,8098,8297,200.0,6.640000000000043,29.97,43,False,640.0,360.0
nurse,msasl,,8315,8462,148.0,4.904999999999973,29.97,43,False,640.0,360.0
principal,msasl,,8481,8503,23.0,0.7339999999999804,29.97,43,False,640.0,360.0
principal,msasl,,8510,8659,150.0,4.972000000000037,29.97,43,False,640.0,360.0
psychologist,msasl,,8676,8711,36.0,1.1680000000000064,29.97,43,False,640.0,360.0
psychologist,msasl,,8729,8851,123.0,4.069999999999993,29.97,43,False,640.0,360.0
secretary,msasl,,8869,9034,166.0,5.505000000000052,29.97,43,False,640.0,360.0
actor,msasl,,9255,9424,170.0,5.63900000000001,29.97,43,False,640.0,360.0
music,msasl,,9448,9631,184.0,6.1059999999999945,29.97,43,False,640.0,360.0
musician,msasl,,9649,9701,53.0,1.7350000000000136,29.97,43,False,640.0,360.0
musician,msasl,,9705,9847,143.0,4.738,29.97,43,False,640.0,360.0
freshman,msasl,,10195,10352,158.0,5.238999999999976,29.97,43,False,640.0,360.0
sophomore,msasl,,10370,10528,159.0,5.271999999999991,29.97,43,False,640.0,360.0
junior,msasl,,10546,10683,138.0,4.571000000000026,29.97,43,False,640.0,360.0
senior,msasl,,10700,10847,148.0,4.904999999999973,29.97,43,False,640.0,360.0
elementary school,msasl,,11073,11153,81.0,2.6689999999999827,29.97,43,False,640.0,360.0
elementary school,msasl,,11163,11253,91.0,3.0030000000000427,29.97,43,False,640.0,360.0
forget,msasl,,11281,11450,170.0,5.63900000000001,29.97,43,False,640.0,360.0
major,msasl,,11706,11863,158.0,5.239000000000033,29.97,43,False,640.0,360.0
center school,msasl,,11882,12038,157.0,5.204999999999984,29.97,43,False,640.0,360.0
remember,msasl,,12056,12243,188.0,6.238999999999976,29.97,43,False,640.0,360.0
take,msasl,,12260,12373,114.0,3.771000000000015,29.97,43,False,640.0,360.0
think,msasl,,12402,12552,151.0,5.004999999999996,29.97,43,False,640.0,360.0
college,msasl,,12747,12910,164.0,5.439000000000021,29.97,43,False,640.0,360.0
during,msasl,,12908,12978,71.0,2.3360000000000127,29.97,43,False,640.0,360.0
during,msasl,,12988,13068,81.0,2.670000000000016,29.97,43,False,640.0,360.0
graduate,msasl,,13104,13199,96.0,3.169999999999959,29.97,43,False,640.0,360.0
graduate,msasl,,13203,13274,72.0,2.368999999999972,29.97,43,False,640.0,360.0
high school,msasl,,13292,13446,155.0,5.138000000000034,29.97,43,False,640.0,360.0
vacation,msasl,,13465,13595,131.0,4.338000000000022,29.97,43,False,640.0,360.0
draw,msasl,,13738,13902,165.0,5.47199999999998,29.97,43,False,640.0,360.0
biology,msasl,,14149,14349,201.0,6.673000000000002,29.97,43,False,640.0,360.0
business,msasl,,14368,14440,73.0,2.40300000000002,29.97,43,False,640.0,360.0
business,msasl,,14480,14539,60.0,1.968999999999994,29.97,43,False,640.0,360.0
chemistry,msasl,,14566,14742,177.0,5.872000000000014,29.97,43,False,640.0,360.0
computer,msasl,,14761,14911,151.0,5.004999999999996,29.97,43,False,640.0,360.0
theater,msasl,,15094,15238,145.0,4.80499999999995,29.97,43,False,640.0,360.0
theater,msasl,,15173,15245,73.0,2.40300000000002,29.97,43,False,640.0,360.0
economics,msasl,,15279,15318,40.0,1.301999999999964,29.97,43,False,640.0,360.0
economics,msasl,,15323,15444,122.0,4.038000000000068,29.97,43,False,640.0,360.0
education,msasl,,15462,15613,152.0,5.038999999999987,29.97,43,False,640.0,360.0
engineering,msasl,,15638,15718,81.0,2.6689999999999827,29.97,43,False,640.0,360.0
engineering,msasl,,15728,15808,81.0,2.6689999999999827,29.97,43,False,640.0,360.0
english,msasl,,15836,15992,157.0,5.205000000000041,29.97,43,False,640.0,360.0
government,msasl,,16193,16353,161.0,5.338999999999942,29.97,43,False,640.0,360.0
gym,msasl,,16371,16523,153.0,5.071000000000026,29.97,43,False,640.0,360.0
health,msasl,,16740,16871,132.0,4.370999999999981,29.97,43,False,640.0,360.0
history,msasl,,16889,17023,135.0,4.471000000000004,29.97,43,False,640.0,360.0
math,msasl,,17218,17389,172.0,5.706000000000017,29.97,43,False,640.0,360.0
photography,msasl,,17406,17548,143.0,4.738000000000056,29.97,43,False,640.0,360.0
physics,msasl,,17589,17621,33.0,1.0679999999999836,29.97,43,False,640.0,360.0
speech,msasl,,18265,18397,133.0,4.404999999999973,29.97,43,False,640.0,360.0
wood,msasl,,18781,18848,68.0,2.23599999999999,29.97,43,False,640.0,360.0
wood,msasl,,18864,18940,77.0,2.536000000000058,29.97,43,False,640.0,360.0
yearbook,msasl,,18989,19049,61.0,2.0019999999999527,29.97,43,False,640.0,360.0
yearbook,msasl,,19054,19162,109.0,3.603999999999928,29.97,43,False,640.0,360.0
china,msasl,,19192,19349,158.0,5.238999999999919,29.97,43,False,640.0,360.0
france,msasl,,19368,19543,176.0,5.839000000000056,29.97,43,False,640.0,360.0
germany,msasl,,19561,19721,161.0,5.339000000000056,29.97,43,False,640.0,360.0
sign language,msasl,,20104,20194,91.0,3.0030000000000427,29.97,43,False,640.0,360.0
sign language,msasl,,20220,20320,101.0,3.336999999999989,29.97,43,False,640.0,360.0
spanish,msasl,,20362,20524,163.0,5.404999999999973,29.97,43,False,640.0,360.0
math,msasl,,20542,20711,170.0,5.63900000000001,29.97,43,False,640.0,360.0
algebra,msasl,,20748,20874,127.0,4.203999999999951,29.97,43,False,640.0,360.0
algebra,msasl,,20804,20876,73.0,2.40300000000002,29.97,43,False,640.0,360.0
calculus,msasl,,20913,21058,146.0,4.837999999999965,29.97,43,False,640.0,360.0
geometry,msasl,,21076,21241,166.0,5.504999999999996,29.97,43,False,640.0,360.0
trigonometry,msasl,,21251,21341,91.0,3.002999999999929,29.97,43,False,640.0,360.0
trigonometry,msasl,,21351,21431,81.0,2.6689999999999827,29.97,43,False,640.0,360.0
awful,msasl,,21944,22104,161.0,5.339000000000056,29.97,43,False,640.0,360.0
boring,msasl,,22122,22248,127.0,4.205000000000041,29.97,43,False,640.0,360.0
early,msasl,,22267,22419,153.0,5.071000000000026,29.97,43,False,640.0,360.0
enjoy,msasl,,22437,22619,183.0,6.072999999999979,29.97,43,False,640.0,360.0
excited,msasl,,22693,22735,43.0,1.4009999999999536,29.97,43,False,640.0,360.0
excited,msasl,,22705,22765,61.0,2.0019999999999527,29.97,43,False,640.0,360.0
fun,msasl,,22793,22863,71.0,2.3360000000000127,29.97,43,False,640.0,360.0
fun,msasl,,22873,22953,81.0,2.6689999999999827,29.97,43,False,640.0,360.0
about,msasl,,23603,23778,176.0,5.840000000000032,29.97,43,False,640.0,360.0
hour,msasl,,23797,23979,183.0,6.072000000000003,29.97,43,False,640.0,360.0
noon,msasl,,23995,24151,157.0,5.204999999999927,29.97,43,False,640.0,360.0
midnight,msasl,,24170,24332,163.0,5.406000000000063,29.97,43,False,640.0,360.0
alarm,msasl,,24514,24550,37.0,1.2019999999999982,29.97,43,False,640.0,360.0
alarm,msasl,,24552,24638,87.0,2.8700000000000045,29.97,43,False,640.0,360.0
alarm,msasl,,24642,24675,34.0,1.100999999999999,29.97,43,False,640.0,360.0
arrive,msasl,,24691,24840,150.0,4.97199999999998,29.97,43,False,640.0,360.0
arrive,msasl,,24886,24915,30.0,0.9679999999999608,29.97,43,False,640.0,360.0
arrive,msasl,,24947,25014,68.0,2.23599999999999,29.97,43,False,640.0,360.0
arrive,msasl,,24935,25029,95.0,3.1359999999999677,29.97,43,False,640.0,360.0
late,msasl,,25389,25525,137.0,4.538000000000011,29.97,43,False,640.0,360.0
start,msasl,,25543,25716,174.0,5.772000000000048,29.97,43,False,640.0,360.0
leave,msasl,,25733,25868,136.0,4.504999999999996,29.97,43,False,640.0,360.0
train,msasl,,25941,25997,57.0,1.8679999999999384,29.97,43,False,640.0,360.0
shirt,msasl,,0,194,195.0,6.473,29.97,1,False,640.0,360.0
wait,msasl,,0,116,117.0,3.871,29.97,27,False,640.0,360.0
bear,msasl,,0,112,113.0,3.737,29.97,64,False,640.0,360.0
juice,msasl,,0,111,112.0,3.704,29.97,27,False,640.0,360.0
sleepy,msasl,,0,95,96.0,3.17,29.97,35,False,640.0,360.0
friendly,msasl,,0,100,101.0,3.337,29.97,35,False,640.0,360.0
lazy,msasl,,749,785,37.0,1.2010000000000003,29.97,172,False,640.0,360.0
visit,msasl,,1278,1330,53.0,1.7349999999999994,29.97,172,False,640.0,360.0
beach,msasl,,1814,1914,101.0,3.336999999999996,29.97,172,False,640.0,360.0
museum,msasl,,1939,2004,66.0,2.169000000000011,29.97,172,False,640.0,360.0
awful,msasl,,2792,2833,42.0,1.3680000000000092,29.97,172,False,640.0,360.0
boring,msasl,,2859,2903,45.0,1.4680000000000035,29.97,172,False,640.0,360.0
since,msasl,,3095,3156,62.0,2.035000000000011,29.97,172,False,640.0,360.0
ticket,msasl,,3971,4102,132.0,4.371000000000009,29.97,172,False,640.0,360.0
free,msasl,,4283,4349,67.0,2.203000000000003,29.97,172,False,640.0,360.0
bug,msasl,,0,117,118.0,3.904,29.97,27,False,640.0,360.0
cochlear implant,msasl,,0,31,32.0,1.034,29.97,4,False,640.0,360.0
want,msasl,,60,123,64.0,2.1020000000000003,29.97,1,False,640.0,360.0
want,msasl,,153,223,71.0,2.3359999999999994,29.97,1,False,640.0,360.0
now,msasl,,40,120,81.0,2.669,29.97,1,False,640.0,360.0
now,msasl,,160,230,71.0,2.335,29.97,1,False,640.0,360.0
how,msasl,,0,117,118.0,3.904,29.97,27,False,640.0,360.0
stay,msasl,,7,57,51.0,1.668,29.97,1,False,640.0,360.0
stay,msasl,,99,159,61.0,2.002,29.97,1,False,640.0,360.0
austria,msasl,,0,39,40.0,1.301,29.97,4,False,640.0,360.0
white,msasl,,0,96,97.0,3.203,29.97,27,False,640.0,360.0
germany,msasl,,0,38,39.0,1.268,29.97,4,False,640.0,360.0
restaurant,msasl,,0,37,38.0,1.235,29.97,139,False,640.0,360.0
elephant,msasl,,0,94,95.0,3.136,29.97,64,False,640.0,360.0
laugh,msasl,,0,93,94.0,3.103,29.97,35,False,640.0,360.0
yellow,msasl,,0,99,100.0,3.303,29.97,134,False,640.0,360.0
student,msasl,,20,90,71.0,2.3360000000000003,29.97,1,False,640.0,360.0
student,msasl,,130,200,71.0,2.335,29.97,1,False,640.0,360.0
sorry,msasl,,0,70,71.0,2.336,29.97,1,False,640.0,360.0
sorry,msasl,,90,184,95.0,3.136,29.97,1,False,640.0,360.0
hurry,msasl,,0,79,80.0,2.636,29.97,110,False,640.0,360.0
bald,msasl,,0,34,35.0,1.134,29.97,4,False,640.0,360.0
football,msasl,,178,244,67.0,2.1999999999999997,30.0,300,False,640.0,360.0
soccer,msasl,,265,318,54.0,1.7669999999999997,30.0,300,False,640.0,360.0
basketball,msasl,,333,380,48.0,1.5670000000000002,30.0,300,False,640.0,360.0
baseball,msasl,,395,461,67.0,2.200000000000001,30.0,300,False,640.0,360.0
swimming,msasl,,474,538,65.0,2.132999999999999,30.0,300,False,640.0,360.0
tennis,msasl,,549,590,42.0,1.3670000000000009,30.0,300,False,640.0,360.0
volleyball,msasl,,603,673,71.0,2.3329999999999984,30.0,300,False,640.0,360.0
volleyball,msasl,,673,826,154.0,5.100000000000001,30.0,300,False,640.0,360.0
hockey,msasl,,906,967,62.0,2.0329999999999977,30.0,300,False,640.0,360.0
gymnastics,msasl,,983,1103,121.0,4.0,30.0,300,False,640.0,360.0
gymnastics,msasl,,1103,1219,117.0,3.866,30.0,300,False,640.0,360.0
run,msasl,,1224,1367,144.0,4.767000000000003,30.0,300,False,640.0,360.0
hike,msasl,,1389,1514,126.0,4.167000000000002,30.0,300,False,640.0,360.0
hike,msasl,,1520,1548,29.0,0.9329999999999998,30.0,300,False,640.0,360.0
hike,msasl,,1552,1598,47.0,1.534000000000006,30.0,300,False,640.0,360.0
golf,msasl,,1623,1735,113.0,3.732999999999997,30.0,300,False,640.0,360.0
ice-skating,msasl,,1760,1858,99.0,3.2659999999999982,30.0,300,False,640.0,360.0
ski,msasl,,2038,2105,68.0,2.2339999999999947,30.0,300,False,640.0,360.0
ski,msasl,,2182,2259,78.0,2.566999999999993,30.0,300,False,640.0,360.0
surf,msasl,,2267,2361,95.0,3.1330000000000098,30.0,300,False,640.0,360.0
dance,msasl,,2383,2441,59.0,1.9339999999999973,30.0,300,False,640.0,360.0
book,msasl,,150,270,121.0,4.004,29.97,24,False,1280.0,720.0
book,msasl,,320,360,41.0,1.3350000000000009,29.97,24,False,1280.0,720.0
help,msasl,,905,1093,189.0,6.273,29.97,24,False,1280.0,720.0
show,msasl,,1126,1320,195.0,6.472999999999999,29.97,24,False,1280.0,720.0
tell,msasl,,1358,1531,174.0,5.772000000000006,29.97,24,False,1280.0,720.0
pencil,msasl,,3182,3380,199.0,6.6059999999999945,29.97,24,False,1280.0,720.0
pencil,msasl,,3405,3573,169.0,5.60499999999999,29.97,24,False,1280.0,720.0
ask,msasl,,3821,3981,161.0,5.338999999999999,29.97,24,False,1280.0,720.0
brown,msasl,,0,114,115.0,3.8,30.0,27,False,640.0,360.0
dirty,msasl,,0,114,115.0,3.804,29.97,27,False,640.0,360.0
young,msasl,,0,41,42.0,1.71,23.976,181,False,640.0,360.0
silly,msasl,,30,80,51.0,1.668,29.97,1,False,640.0,360.0
silly,msasl,,110,170,61.0,2.002,29.97,1,False,640.0,360.0
appointment,msasl,,0,100,101.0,3.337,29.97,269,False,640.0,360.0
sister,msasl,,0,126,127.0,4.204,29.97,27,False,640.0,360.0
eleven,msasl,,0,126,127.0,4.204,29.97,27,False,640.0,360.0
portugal,msasl,,0,28,29.0,0.934,29.97,4,False,640.0,360.0
denmark,msasl,,0,34,35.0,1.134,29.97,4,False,640.0,360.0
friend,msasl,,0,38,39.0,1.268,29.97,271,False,640.0,360.0
flirt,msasl,,65,116,52.0,1.7000000000000002,30.0,107,False,568.0,320.0
date,msasl,,210,307,98.0,3.2330000000000005,30.0,107,False,568.0,320.0
kiss,msasl,,571,688,118.0,3.899999999999999,30.0,107,False,568.0,320.0
sweetheart,msasl,,759,879,121.0,4.0,30.0,107,False,568.0,320.0
autumn in love,msasl,,906,1023,118.0,3.900000000000002,30.0,107,False,568.0,320.0
love,msasl,,1141,1200,60.0,1.9669999999999987,30.0,107,False,568.0,320.0
engaged,msasl,,1359,1488,130.0,4.300000000000004,30.0,107,False,568.0,320.0
wedding,msasl,,1570,1678,109.0,3.6000000000000014,30.0,107,False,568.0,320.0
marry,msasl,,1795,1908,114.0,3.767000000000003,30.0,107,False,568.0,320.0
argue,msasl,,1981,2072,92.0,3.033999999999992,30.0,107,False,568.0,320.0
break up,msasl,,2212,2338,127.0,4.200000000000003,30.0,107,False,568.0,320.0
divorce,msasl,,2649,2755,107.0,3.5330000000000013,30.0,107,False,568.0,320.0
born,msasl,,2902,2964,63.0,2.066999999999993,30.0,107,False,568.0,320.0
young,msasl,,2970,3075,106.0,3.5,30.0,107,False,568.0,320.0
old,msasl,,3130,3193,64.0,2.1000000000000085,30.0,107,False,568.0,320.0
live,msasl,,3342,3436,95.0,3.132999999999996,30.0,107,False,568.0,320.0
spring up,msasl,,3476,3576,101.0,3.3329999999999984,30.0,107,False,568.0,320.0
alone,msasl,,3832,3950,119.0,3.9339999999999975,30.0,107,False,568.0,320.0
together,msasl,,4116,4228,113.0,3.733000000000004,30.0,107,False,568.0,320.0
together,msasl,,4230,4417,188.0,6.233000000000004,30.0,107,False,568.0,320.0
die,msasl,,4473,4551,79.0,2.5999999999999943,30.0,107,False,568.0,320.0
adopt,msasl,,4789,4939,151.0,5.0,30.0,107,False,568.0,320.0
single,msasl,,5143,5227,85.0,2.800000000000012,30.0,107,False,568.0,320.0
no,msasl,,5317,5361,45.0,1.4669999999999843,30.0,107,False,568.0,320.0
not,msasl,,5373,5425,53.0,1.733000000000004,30.0,107,False,568.0,320.0
nothing,msasl,,5427,5486,60.0,1.9669999999999843,30.0,107,False,568.0,320.0
no,msasl,,5554,5649,96.0,3.1670000000000016,30.0,107,False,568.0,320.0
refuse,msasl,,5706,5775,70.0,2.300000000000012,30.0,107,False,568.0,320.0
never,msasl,,5845,5985,141.0,4.667000000000002,30.0,107,False,568.0,320.0
many,msasl,,0,104,105.0,3.47,29.97,52,False,640.0,360.0
dry,msasl,,0,108,109.0,3.604,29.97,27,False,640.0,360.0
sign,msasl,,40,90,51.0,1.668,29.97,1,False,640.0,360.0
sign,msasl,,120,180,61.0,2.0020000000000007,29.97,1,False,640.0,360.0
grapes,msasl,,0,147,148.0,4.9,30.0,27,False,640.0,360.0
thanksgiving,msasl,,0,102,103.0,3.4,30.003,27,False,640.0,360.0
need,msasl,,0,87,88.0,2.903,29.97,110,False,640.0,360.0
pear,msasl,,0,123,124.0,4.104,29.97,27,False,640.0,360.0
cereal,msasl,,0,126,127.0,4.204,29.97,27,False,640.0,360.0
brown,msasl,,0,104,105.0,3.47,29.97,1,False,640.0,360.0
think,msasl,,50,130,81.0,2.67,29.97,1,False,640.0,360.0
think,msasl,,150,230,81.0,2.6690000000000005,29.97,1,False,640.0,360.0
oh i see,msasl,,0,32,33.0,1.068,29.97,4,False,640.0,360.0
twelve,msasl,,0,128,129.0,4.271,29.97,52,False,640.0,360.0
with,msasl,,71,161,91.0,3.003,29.97,1,False,640.0,360.0
with,msasl,,211,281,71.0,2.3359999999999994,29.97,1,False,640.0,360.0
book,msasl,,0,111,112.0,3.704,29.97,27,False,640.0,360.0
japan,msasl,,0,37,38.0,1.235,29.97,4,False,640.0,360.0
hill,msasl,,737,846,110.0,3.637000000000001,29.97,24,False,1280.0,720.0
island,msasl,,857,974,118.0,3.904000000000004,29.97,24,False,1280.0,720.0
island,msasl,,978,1087,110.0,3.637000000000001,29.97,24,False,1280.0,720.0
island,msasl,,1124,1162,39.0,1.268000000000001,29.97,24,False,1280.0,720.0
island,msasl,,1260,1281,22.0,0.7010000000000005,29.97,24,False,1280.0,720.0
mountain,msasl,,1881,1941,61.0,2.0020000000000024,29.97,24,False,1280.0,720.0
mountain,msasl,,1981,2093,113.0,3.7369999999999943,29.97,24,False,1280.0,720.0
mountain,msasl,,2093,2183,91.0,3.003,29.97,24,False,1280.0,720.0
spring,msasl,,2257,2353,97.0,3.203000000000003,29.97,24,False,1280.0,720.0
spring,msasl,,2424,2447,24.0,0.7669999999999959,29.97,24,False,1280.0,720.0
spring,msasl,,2484,2505,22.0,0.7010000000000076,29.97,24,False,1280.0,720.0
spring,msasl,,2523,2561,39.0,1.268000000000001,29.97,24,False,1280.0,720.0
spring,msasl,,2543,2594,52.0,1.7019999999999982,29.97,24,False,1280.0,720.0
river,msasl,,2671,2758,88.0,2.903000000000006,29.97,24,False,1280.0,720.0
star,msasl,,3017,3110,94.0,3.1029999999999944,29.97,24,False,1280.0,720.0
sun,msasl,,3119,3162,44.0,1.4339999999999975,29.97,24,False,1280.0,720.0
sun,msasl,,3170,3294,125.0,4.137999999999991,29.97,24,False,1280.0,720.0
tree,msasl,,3473,3653,181.0,6.006,29.97,24,False,1280.0,720.0
tree,msasl,,3661,3701,41.0,1.3349999999999935,29.97,24,False,1280.0,720.0
rock,msasl,,4067,4123,57.0,1.869,29.97,24,False,1280.0,720.0
rock,msasl,,4145,4213,69.0,2.269000000000005,29.97,24,False,1280.0,720.0
rock,msasl,,4150,4185,36.0,1.1670000000000016,29.97,24,False,1280.0,720.0
rock,msasl,,4252,4285,34.0,1.100999999999999,29.97,24,False,1280.0,720.0
ocean,msasl,,4765,4845,81.0,2.669000000000011,29.97,24,False,1280.0,720.0
ocean,msasl,,4855,4945,91.0,3.002999999999986,29.97,24,False,1280.0,720.0
beach,msasl,,5748,5930,183.0,6.072000000000003,29.97,24,False,1280.0,720.0
beach,msasl,,5876,5934,59.0,1.9350000000000025,29.97,24,False,1280.0,720.0
beach,msasl,,5965,6050,86.0,2.8359999999999843,29.97,24,False,1280.0,720.0
blue,msasl,,0,120,121.0,4.0,30.0,27,False,640.0,360.0
bird,msasl,,0,144,145.0,4.8,30.002,27,False,640.0,360.0
shoes,msasl,,0,80,81.0,2.669,29.97,1,False,640.0,360.0
shoes,msasl,,100,170,71.0,2.3349999999999995,29.97,1,False,640.0,360.0
lunch,msasl,,0,80,81.0,2.669,29.97,139,False,640.0,360.0
hello,msasl,,143,205,63.0,2.069,29.97,24,False,1280.0,720.0
hello,msasl,,217,295,79.0,2.6020000000000003,29.97,24,False,1280.0,720.0
name,msasl,,579,688,110.0,3.637000000000001,29.97,24,False,1280.0,720.0
name,msasl,,691,758,68.0,2.2360000000000007,29.97,24,False,1280.0,720.0
go to,msasl,,783,958,176.0,5.838999999999999,29.97,24,False,1280.0,720.0
who,msasl,,1249,1281,33.0,1.068000000000005,29.97,24,False,1280.0,720.0
forget,msasl,,1853,2013,161.0,5.338999999999999,29.97,24,False,1280.0,720.0
what,msasl,,2040,2080,41.0,1.335000000000008,29.97,24,False,1280.0,720.0
what,msasl,,2120,2170,51.0,1.6690000000000111,29.97,24,False,1280.0,720.0
blanket,msasl,,0,116,117.0,3.871,29.97,27,False,640.0,360.0
bitter,msasl,,0,75,76.0,2.502,29.97,269,False,640.0,360.0
what,msasl,,0,75,76.0,2.502,29.97,238,False,640.0,360.0
sunday,msasl,,840,974,135.0,4.471000000000004,29.97,172,False,640.0,360.0
monday,msasl,,997,1077,81.0,2.668999999999997,29.97,172,False,640.0,360.0
tuesday,msasl,,1097,1158,62.0,2.0360000000000014,29.97,172,False,640.0,360.0
wednesday,msasl,,1176,1296,121.0,4.004000000000005,29.97,172,False,640.0,360.0
thursday,msasl,,1310,1389,80.0,2.635999999999996,29.97,172,False,640.0,360.0
friday,msasl,,1407,1485,79.0,2.6029999999999944,29.97,172,False,640.0,360.0
saturday,msasl,,1504,1584,81.0,2.6700000000000017,29.97,172,False,640.0,360.0
cook,msasl,,1804,1876,73.0,2.4029999999999987,29.97,172,False,640.0,360.0
go,msasl,,2160,2210,51.0,1.6679999999999922,29.97,172,False,640.0,360.0
work,msasl,,2317,2396,80.0,2.635999999999996,29.97,172,False,640.0,360.0
study,msasl,,2416,2499,84.0,2.7689999999999912,29.97,172,False,640.0,360.0
meeting,msasl,,2799,2913,115.0,3.804000000000002,29.97,172,False,640.0,360.0
shop,msasl,,3370,3445,76.0,2.501999999999996,29.97,172,False,640.0,360.0
shop,msasl,,3465,3525,61.0,2.003,29.97,172,False,640.0,360.0
church,msasl,,3553,3636,84.0,2.7689999999999912,29.97,172,False,640.0,360.0
bank,msasl,,3660,3720,61.0,2.001999999999996,29.97,172,False,640.0,360.0
restaurant,msasl,,3740,3882,143.0,4.738,29.97,172,False,640.0,360.0
grocery store,msasl,,3900,3993,94.0,3.1030000000000086,29.97,172,False,640.0,360.0
newspaper,msasl,,4008,4113,106.0,3.502999999999986,29.97,172,False,640.0,360.0
enjoy,msasl,,4244,4315,72.0,2.369,29.97,172,False,640.0,360.0
laundry,msasl,,5061,5113,53.0,1.7350000000000136,29.97,172,False,640.0,360.0
dryer,msasl,,5137,5223,87.0,2.869,29.97,172,False,640.0,360.0
apply,msasl,,8417,8491,75.0,2.468999999999994,29.97,172,False,640.0,360.0
gold,msasl,,0,108,109.0,3.604,29.97,134,False,640.0,360.0
yes,msasl,,0,95,96.0,3.17,29.97,110,False,640.0,360.0
sit,msasl,,10,90,81.0,2.669,29.97,1,False,640.0,360.0
sit,msasl,,120,200,81.0,2.6690000000000005,29.97,1,False,640.0,360.0
house,msasl,,20,110,91.0,3.003,29.97,1,False,640.0,360.0
house,msasl,,130,200,71.0,2.335,29.97,1,False,640.0,360.0
nose,msasl,,0,25,26.0,0.834,29.97,4,False,640.0,360.0
argentina,msasl,,0,36,37.0,1.201,29.97,4,False,640.0,360.0
candy,msasl,,0,32,33.0,1.068,29.97,4,False,640.0,360.0
mad,msasl,,0,78,79.0,2.603,29.97,35,False,640.0,360.0
holland,msasl,,0,33,34.0,1.101,29.97,4,False,640.0,360.0
brother,msasl,,0,168,169.0,5.606,29.97,27,False,640.0,360.0
table,msasl,,0,100,101.0,3.337,29.97,269,False,640.0,360.0
green,msasl,,0,89,90.0,2.97,29.97,1,False,640.0,360.0
ask,msasl,,10,70,61.0,2.002,29.97,1,False,640.0,360.0
ask,msasl,,90,164,75.0,2.4690000000000003,29.97,1,False,640.0,360.0
bye,msasl,,0,53,54.0,1.768,29.97,287,False,640.0,360.0
flower,msasl,,0,159,160.0,5.305,29.97,27,False,640.0,360.0
hello,msasl,,235,372,138.0,4.571000000000001,29.97,24,False,1280.0,720.0
what's up,msasl,,559,734,176.0,5.838999999999999,29.97,24,False,1280.0,720.0
how are you,msasl,,778,818,41.0,1.3350000000000009,29.97,24,False,1280.0,720.0
how are you,msasl,,860,970,111.0,3.671,29.97,24,False,1280.0,720.0
busy,msasl,,1245,1325,81.0,2.6700000000000017,29.97,24,False,1280.0,720.0
busy,msasl,,1375,1455,81.0,2.6700000000000017,29.97,24,False,1280.0,720.0
confused,msasl,,1493,1583,91.0,3.003,29.97,24,False,1280.0,720.0
confused,msasl,,1603,1683,81.0,2.668999999999997,29.97,24,False,1280.0,720.0
fine,msasl,,2031,2150,120.0,3.969999999999999,29.97,24,False,1280.0,720.0
happy,msasl,,2362,2481,120.0,3.971000000000004,29.97,24,False,1280.0,720.0
nothing,msasl,,2526,2706,181.0,6.006,29.97,24,False,1280.0,720.0
nothing,msasl,,2760,2879,120.0,3.971000000000004,29.97,24,False,1280.0,720.0
sleepy,msasl,,3112,3266,155.0,5.138999999999996,29.97,24,False,1280.0,720.0
so,msasl,,3330,3449,120.0,3.970999999999989,29.97,24,False,1280.0,720.0
tired,msasl,,3500,3619,120.0,3.971000000000004,29.97,24,False,1280.0,720.0
maybe,msasl,,0,65,66.0,2.137,30.415,191,False,1280.0,720.0
we,msasl,,0,47,48.0,1.568,29.97,136,False,640.0,360.0
bicycle,msasl,,0,107,108.0,3.57,29.97,27,False,640.0,360.0
sore throat,msasl,,736,946,211.0,7.0070000000000014,29.97,24,False,1280.0,720.0
cough,msasl,,976,1066,91.0,3.003,29.97,24,False,1280.0,720.0
cough,msasl,,1096,1216,121.0,4.003999999999998,29.97,24,False,1280.0,720.0
sneeze,msasl,,1258,1338,81.0,2.6700000000000017,29.97,24,False,1280.0,720.0
sneeze,msasl,,1376,1447,72.0,2.369,29.97,24,False,1280.0,720.0
sneeze,msasl,,1449,1616,168.0,5.573,29.97,24,False,1280.0,720.0
sad,msasl,,0,114,115.0,3.8,30.003,27,False,640.0,360.0
pepper,msasl,,0,28,29.0,0.934,29.97,4,False,640.0,360.0
tuesday,msasl,,0,55,56.0,1.835,29.97,136,False,640.0,360.0
hear,msasl,,0,116,117.0,3.871,29.97,27,False,640.0,360.0
i love you,msasl,,3611,3657,47.0,1.917999999999978,23.976,216,False,1280.0,720.0
russia,msasl,,0,31,32.0,1.034,29.97,4,False,640.0,360.0
deaf,msasl,,60,130,71.0,2.3360000000000003,29.97,1,False,640.0,360.0
deaf,msasl,,150,220,71.0,2.3360000000000003,29.97,1,False,640.0,360.0
coffee,msasl,,0,105,106.0,3.504,29.97,139,False,640.0,360.0
loan,msasl,,156,276,121.0,4.004,29.97,24,False,1280.0,720.0
loan,msasl,,396,606,211.0,7.007,29.97,24,False,1280.0,720.0
steal,msasl,,1132,1232,101.0,3.336999999999996,29.97,24,False,1280.0,720.0
steal,msasl,,1312,1422,111.0,3.6700000000000017,29.97,24,False,1280.0,720.0
steal,msasl,,1442,1552,111.0,3.6699999999999946,29.97,24,False,1280.0,720.0
break,msasl,,1992,2072,81.0,2.6700000000000017,29.97,24,False,1280.0,720.0
break,msasl,,2092,2272,181.0,6.006,29.97,24,False,1280.0,720.0
complain,msasl,,2342,2422,81.0,2.668999999999997,29.97,24,False,1280.0,720.0
complain,msasl,,2472,2652,181.0,6.006,29.97,24,False,1280.0,720.0
fight,msasl,,2722,2802,81.0,2.668999999999997,29.97,24,False,1280.0,720.0
fight,msasl,,2862,2962,101.0,3.336999999999989,29.97,24,False,1280.0,720.0
nosy,msasl,,3494,3574,81.0,2.668999999999997,29.97,24,False,1280.0,720.0
nosy,msasl,,3614,3724,111.0,3.6700000000000017,29.97,24,False,1280.0,720.0
nosy,msasl,,3829,3870,42.0,1.367999999999995,29.97,24,False,1280.0,720.0
mischievous,msasl,,4226,4386,161.0,5.338999999999999,29.97,24,False,1280.0,720.0
mischievous,msasl,,4386,4456,71.0,2.3359999999999843,29.97,24,False,1280.0,720.0
dessert,msasl,,144,192,49.0,1.601,29.97,24,False,1280.0,720.0
dessert,msasl,,260,380,121.0,4.004,29.97,24,False,1280.0,720.0
cookie,msasl,,416,462,47.0,1.533999999999999,29.97,24,False,1280.0,720.0
cookie,msasl,,511,615,105.0,3.471,29.97,24,False,1280.0,720.0
cake,msasl,,985,1132,148.0,4.905000000000001,29.97,24,False,1280.0,720.0
freeze cream,msasl,,1392,1551,160.0,5.3060000000000045,29.97,24,False,1280.0,720.0
pie,msasl,,1597,1781,185.0,6.139000000000003,29.97,24,False,1280.0,720.0
sweet,msasl,,1820,1930,111.0,3.671,29.97,24,False,1280.0,720.0
chocolate,msasl,,2325,2434,110.0,3.635999999999996,29.97,24,False,1280.0,720.0
delicious,msasl,,2828,2918,91.0,3.003,29.97,24,False,1280.0,720.0
delicious,msasl,,2918,2958,41.0,1.3349999999999935,29.97,24,False,1280.0,720.0
delicious,msasl,,3188,3238,51.0,1.6679999999999922,29.97,24,False,1280.0,720.0
delicious,msasl,,3258,3308,51.0,1.6679999999999922,29.97,24,False,1280.0,720.0
delicious,msasl,,3318,3388,71.0,2.335000000000008,29.97,24,False,1280.0,720.0
dessert,msasl,,3475,3518,44.0,1.4350000000000025,29.97,24,False,1280.0,720.0
quiet,msasl,,0,91,92.0,3.036,29.97,35,False,640.0,360.0
my,msasl,,20,110,91.0,3.003,29.97,1,False,640.0,360.0
my,msasl,,120,200,81.0,2.6690000000000005,29.97,1,False,640.0,360.0
green,msasl,,0,111,112.0,3.704,29.97,27,False,640.0,360.0
cloud,msasl,,0,113,114.0,3.77,29.97,27,False,640.0,360.0
what,msasl,,0,91,92.0,3.036,29.97,238,False,640.0,360.0
come,msasl,,18,68,51.0,1.668,29.97,1,False,640.0,360.0
come,msasl,,108,158,51.0,1.668,29.97,1,False,640.0,360.0
shower,msasl,,0,91,92.0,3.036,29.97,110,False,640.0,360.0
kiss,msasl,,0,94,95.0,3.136,29.97,35,False,640.0,360.0
soda,msasl,,0,164,165.0,5.472,29.97,1,False,640.0,360.0
aunt,msasl,,196,350,155.0,5.138000000000001,29.97,24,False,1280.0,720.0
uncle,msasl,,394,548,155.0,5.138999999999999,29.97,24,False,1280.0,720.0
brother,msasl,,603,713,111.0,3.669999999999998,29.97,24,False,1280.0,720.0
brother,msasl,,713,833,121.0,4.004000000000001,29.97,24,False,1280.0,720.0
sister,msasl,,1442,1522,81.0,2.668999999999997,29.97,24,False,1280.0,720.0
sister,msasl,,1522,1642,121.0,4.003999999999998,29.97,24,False,1280.0,720.0
cousin,msasl,,2354,2508,155.0,5.138999999999996,29.97,24,False,1280.0,720.0
cousin,msasl,,2570,2724,155.0,5.13900000000001,29.97,24,False,1280.0,720.0
husband,msasl,,2779,2933,155.0,5.138000000000005,29.97,24,False,1280.0,720.0
wife,msasl,,3072,3226,155.0,5.13900000000001,29.97,24,False,1280.0,720.0
grandfather,msasl,,3299,3369,71.0,2.335000000000008,29.97,24,False,1280.0,720.0
grandmother,msasl,,3586,3741,156.0,5.171999999999997,29.97,24,False,1280.0,720.0
mother,msasl,,3827,3981,155.0,5.138999999999996,29.97,24,False,1280.0,720.0
father,msasl,,4034,4188,155.0,5.13900000000001,29.97,24,False,1280.0,720.0
step,msasl,,4253,4407,155.0,5.13900000000001,29.97,24,False,1280.0,720.0
twins,msasl,,4931,5091,161.0,5.338999999999999,29.97,24,False,1280.0,720.0
baby,msasl,,5398,5552,155.0,5.13900000000001,29.97,24,False,1280.0,720.0
children,msasl,,5939,6093,155.0,5.138000000000005,29.97,24,False,1280.0,720.0
son,msasl,,6151,6305,155.0,5.13900000000001,29.97,24,False,1280.0,720.0
daughter,msasl,,6366,6520,155.0,5.138999999999982,29.97,24,False,1280.0,720.0
nephew,msasl,,6657,6811,155.0,5.137999999999977,29.97,24,False,1280.0,720.0
niece,msasl,,6847,6980,134.0,4.437000000000012,29.97,24,False,1280.0,720.0
lettuce,msasl,,0,105,106.0,3.504,29.97,27,False,640.0,360.0
church,msasl,,10,90,81.0,2.669,29.97,1,False,640.0,360.0
church,msasl,,120,210,91.0,3.003,29.97,1,False,640.0,360.0
weekend,msasl,,0,30,31.0,1.001,29.97,4,False,640.0,360.0
far,msasl,,0,67,68.0,2.236,29.97,136,False,640.0,360.0
weekend,msasl,,0,33,34.0,1.101,29.97,4,False,640.0,360.0
wait,msasl,,0,107,108.0,3.57,29.97,269,False,640.0,360.0
english,msasl,,0,31,32.0,1.034,29.97,4,False,640.0,360.0
color,msasl,,940,962,23.0,0.7339999999999982,29.97,303,False,1280.0,720.0
family,msasl,,975,1013,39.0,1.268000000000001,29.97,303,False,1280.0,720.0
color,msasl,,3040,3063,24.0,0.7669999999999959,29.97,303,False,1280.0,720.0
blue,msasl,,3108,3178,71.0,2.335000000000008,29.97,303,False,1280.0,720.0
green,msasl,,3216,3326,111.0,3.670999999999992,29.97,303,False,1280.0,720.0
purple,msasl,,3357,3459,103.0,3.403000000000006,29.97,303,False,1280.0,720.0
yellow,msasl,,3486,3569,84.0,2.769999999999996,29.97,303,False,1280.0,720.0
orange,msasl,,3640,3775,136.0,4.504000000000005,29.97,303,False,1280.0,720.0
pink,msasl,,3835,3957,123.0,4.071000000000012,29.97,303,False,1280.0,720.0
red,msasl,,3984,4086,103.0,3.40300000000002,29.97,303,False,1280.0,720.0
black,msasl,,4139,4228,90.0,2.9690000000000225,29.97,303,False,1280.0,720.0
white,msasl,,4258,4333,76.0,2.5030000000000143,29.97,303,False,1280.0,720.0
gray,msasl,,4367,4442,76.0,2.5030000000000143,29.97,303,False,1280.0,720.0
gold,msasl,,4486,4650,165.0,5.472000000000008,29.97,303,False,1280.0,720.0
silver,msasl,,4684,4851,168.0,5.573000000000008,29.97,303,False,1280.0,720.0
brown,msasl,,4993,5095,103.0,3.402999999999992,29.97,303,False,1280.0,720.0
mother,msasl,,5214,5305,92.0,3.0360000000000014,29.97,303,False,1280.0,720.0
father,msasl,,5336,5438,103.0,3.40300000000002,29.97,303,False,1280.0,720.0
sister,msasl,,5473,5604,132.0,4.370999999999981,29.97,303,False,1280.0,720.0
brother,msasl,,5635,5780,146.0,4.838000000000022,29.97,303,False,1280.0,720.0
aunt,msasl,,5820,5922,103.0,3.40300000000002,29.97,303,False,1280.0,720.0
uncle,msasl,,5956,6072,117.0,3.870000000000005,29.97,303,False,1280.0,720.0
cousin,msasl,,6116,6218,103.0,3.402999999999992,29.97,303,False,1280.0,720.0
niece,msasl,,6301,6372,72.0,2.369,29.97,303,False,1280.0,720.0
nephew,msasl,,6412,6501,90.0,2.969999999999999,29.97,303,False,1280.0,720.0
me,msasl,,6672,6738,67.0,2.2029999999999745,29.97,303,False,1280.0,720.0
you,msasl,,6774,6860,87.0,2.869,29.97,303,False,1280.0,720.0
your,msasl,,7151,7229,79.0,2.6030000000000086,29.97,303,False,1280.0,720.0
who,msasl,,7589,7695,107.0,3.537000000000006,29.97,303,False,1280.0,720.0
what,msasl,,7724,7812,89.0,2.9360000000000355,29.97,303,False,1280.0,720.0
when,msasl,,7844,7947,104.0,3.437000000000012,29.97,303,False,1280.0,720.0
where,msasl,,7978,8054,77.0,2.5360000000000014,29.97,303,False,1280.0,720.0
girl,msasl,,8364,8530,167.0,5.538999999999987,29.97,303,False,1280.0,720.0
boy,msasl,,8579,8695,117.0,3.870000000000005,29.97,303,False,1280.0,720.0
hearing,msasl,,8774,8905,132.0,4.370999999999981,29.97,303,False,1280.0,720.0
deaf,msasl,,8945,9145,201.0,6.673000000000002,29.97,303,False,1280.0,720.0
same,msasl,,9193,9324,132.0,4.370999999999981,29.97,303,False,1280.0,720.0
different,msasl,,9362,9522,161.0,5.337999999999965,29.97,303,False,1280.0,720.0
bad,msasl,,9765,9898,134.0,4.436999999999955,29.97,303,False,1280.0,720.0
see,msasl,,0,104,105.0,3.47,29.97,134,False,640.0,360.0
saturday,msasl,,0,60,61.0,2.002,29.97,287,False,640.0,360.0
animal,msasl,,360,510,151.0,5.004999999999999,29.97,24,False,1280.0,720.0
bat,msasl,,527,637,111.0,3.671,29.97,24,False,1280.0,720.0
bat,msasl,,647,707,61.0,2.001999999999999,29.97,24,False,1280.0,720.0
bear,msasl,,762,832,71.0,2.3359999999999985,29.97,24,False,1280.0,720.0
bear,msasl,,832,912,81.0,2.6690000000000005,29.97,24,False,1280.0,720.0
bear,msasl,,942,1002,61.0,2.001999999999999,29.97,24,False,1280.0,720.0
butterfly,msasl,,1271,1422,152.0,5.038000000000004,29.97,24,False,1280.0,720.0
cat,msasl,,1439,1499,61.0,2.0020000000000024,29.97,24,False,1280.0,720.0
cat,msasl,,1509,1569,61.0,2.001999999999996,29.97,24,False,1280.0,720.0
cat,msasl,,1599,1659,61.0,2.001999999999996,29.97,24,False,1280.0,720.0
cat,msasl,,1669,1719,51.0,1.6679999999999993,29.97,24,False,1280.0,720.0
chicken,msasl,,1761,1901,141.0,4.670999999999999,29.97,24,False,1280.0,720.0
cow,msasl,,2393,2473,81.0,2.6700000000000017,29.97,24,False,1280.0,720.0
cow,msasl,,2473,2560,88.0,2.902999999999992,29.97,24,False,1280.0,720.0
cow,msasl,,2585,2675,91.0,3.003,29.97,24,False,1280.0,720.0
cow,msasl,,2675,2725,51.0,1.6680000000000064,29.97,24,False,1280.0,720.0
deer,msasl,,2752,2892,141.0,4.670999999999992,29.97,24,False,1280.0,720.0
dog,msasl,,2915,2985,71.0,2.3359999999999985,29.97,24,False,1280.0,720.0
dog,msasl,,2995,3135,141.0,4.671999999999997,29.97,24,False,1280.0,720.0
dolphin,msasl,,3203,3313,111.0,3.670999999999992,29.97,24,False,1280.0,720.0
dolphin,msasl,,3343,3476,134.0,4.438000000000002,29.97,24,False,1280.0,720.0
duck,msasl,,3939,4089,151.0,5.004999999999996,29.97,24,False,1280.0,720.0
elephant,msasl,,4379,4459,81.0,2.669000000000011,29.97,24,False,1280.0,720.0
elephant,msasl,,4469,4539,71.0,2.3349999999999795,29.97,24,False,1280.0,720.0
fish,msasl,,4648,4708,61.0,2.002000000000009,29.97,24,False,1280.0,720.0
fish,msasl,,4738,4790,53.0,1.7349999999999852,29.97,24,False,1280.0,720.0
frog,msasl,,5003,5083,81.0,2.670000000000016,29.97,24,False,1280.0,720.0
frog,msasl,,5113,5193,81.0,2.6689999999999827,29.97,24,False,1280.0,720.0
frog,msasl,,5193,5267,75.0,2.468999999999994,29.97,24,False,1280.0,720.0
giraffe,msasl,,5308,5458,151.0,5.004999999999996,29.97,24,False,1280.0,720.0
goat,msasl,,5495,5575,81.0,2.669000000000011,29.97,24,False,1280.0,720.0
goat,msasl,,5645,5725,81.0,2.669000000000011,29.97,24,False,1280.0,720.0
hippo,msasl,,6004,6094,91.0,3.0030000000000143,29.97,24,False,1280.0,720.0
hippo,msasl,,6124,6194,71.0,2.3360000000000127,29.97,24,False,1280.0,720.0
hippo,msasl,,6230,6310,81.0,2.670000000000016,29.97,24,False,1280.0,720.0
horse,msasl,,6421,6531,111.0,3.670999999999992,29.97,24,False,1280.0,720.0
horse,msasl,,6581,6691,111.0,3.669999999999988,29.97,24,False,1280.0,720.0
corn,msasl,,0,101,102.0,3.37,29.97,27,False,640.0,360.0
canada,msasl,,0,35,36.0,1.168,29.97,4,False,640.0,360.0
bathroom,msasl,,0,100,101.0,3.337,29.97,1,False,640.0,360.0
bathroom,msasl,,120,230,111.0,3.670000000000001,29.97,1,False,640.0,360.0
clothes,msasl,,0,114,115.0,3.8,30.003,27,False,640.0,360.0
walk,msasl,,0,126,127.0,4.204,29.97,27,False,640.0,360.0
government,msasl,,335,405,71.0,2.3359999999999985,29.97,172,False,640.0,360.0
gasoline,msasl,,423,479,57.0,1.869,29.97,172,False,640.0,360.0
jail,msasl,,501,550,50.0,1.6350000000000016,29.97,172,False,640.0,360.0
school,msasl,,709,733,25.0,0.8009999999999984,29.97,172,False,640.0,360.0
secretary,msasl,,1720,1831,112.0,3.703000000000003,29.97,172,False,640.0,360.0
mechanic,msasl,,2114,2270,157.0,5.204999999999998,29.97,172,False,640.0,360.0
firefighter,msasl,,2370,2448,79.0,2.6030000000000086,29.97,172,False,640.0,360.0
doctor,msasl,,2528,2554,27.0,0.8670000000000044,29.97,172,False,640.0,360.0
dentist,msasl,,2578,2614,37.0,1.2009999999999934,29.97,172,False,640.0,360.0
nurse,msasl,,2637,2681,45.0,1.4680000000000035,29.97,172,False,640.0,360.0
accountant,msasl,,2701,2782,82.0,2.7029999999999887,29.97,172,False,640.0,360.0
lawyer,msasl,,3177,3336,160.0,5.305000000000007,29.97,172,False,640.0,360.0
librarian,msasl,,3438,3533,96.0,3.168999999999997,29.97,172,False,640.0,360.0
janitor,msasl,,3549,3592,44.0,1.434999999999988,29.97,172,False,640.0,360.0
artist,msasl,,3610,3663,54.0,1.768000000000001,29.97,172,False,640.0,360.0
actor,msasl,,3685,3745,61.0,2.001999999999996,29.97,172,False,640.0,360.0
mechanic,msasl,,3959,4109,151.0,5.005000000000024,29.97,172,False,640.0,360.0
waiter,msasl,,4127,4196,70.0,2.3029999999999973,29.97,172,False,640.0,360.0
photographer,msasl,,4211,4268,58.0,1.9019999999999868,29.97,172,False,640.0,360.0
engineer,msasl,,4387,4445,59.0,1.9350000000000025,29.97,172,False,640.0,360.0
scientist,msasl,,4463,4530,68.0,2.2360000000000184,29.97,172,False,640.0,360.0
boss,msasl,,5038,5087,50.0,1.634999999999991,29.97,172,False,640.0,360.0
manager,msasl,,5107,5178,72.0,2.369,29.97,172,False,640.0,360.0
musician,msasl,,5560,5673,114.0,3.769999999999982,29.97,172,False,640.0,360.0
musician,msasl,,6109,6181,73.0,2.4020000000000152,29.97,172,False,640.0,360.0
interpreter,msasl,,6480,6594,115.0,3.804000000000002,29.97,172,False,640.0,360.0
army,msasl,,6991,7058,68.0,2.2360000000000184,29.97,172,False,640.0,360.0
student,msasl,,7336,7371,36.0,1.1680000000000064,29.97,172,False,640.0,360.0
retire,msasl,,7536,7584,49.0,1.602000000000004,29.97,172,False,640.0,360.0
hearing,msasl,,30,100,71.0,2.3360000000000003,29.97,1,False,640.0,360.0
hearing,msasl,,110,200,91.0,3.003,29.97,1,False,640.0,360.0
snow,msasl,,0,141,142.0,4.705,29.97,27,False,640.0,360.0
hong kong,msasl,,0,26,27.0,0.868,29.97,4,False,640.0,360.0
car,msasl,,167,277,111.0,3.671,29.97,88,False,640.0,360.0
car,msasl,,277,387,111.0,3.67,29.97,88,False,640.0,360.0
car,msasl,,387,537,151.0,5.004999999999999,29.97,88,False,640.0,360.0
car,msasl,,537,622,86.0,2.836000000000002,29.97,88,False,640.0,360.0
train,msasl,,630,710,81.0,2.6690000000000005,29.97,88,False,640.0,360.0
train,msasl,,710,860,151.0,5.004999999999999,29.97,88,False,640.0,360.0
train,msasl,,860,970,111.0,3.671,29.97,88,False,640.0,360.0
train,msasl,,970,1040,71.0,2.335000000000001,29.97,88,False,640.0,360.0
train,msasl,,1040,1097,58.0,1.902000000000001,29.97,88,False,640.0,360.0
bicycle,msasl,,1122,1202,81.0,2.6700000000000017,29.97,88,False,640.0,360.0
bicycle,msasl,,1202,1372,171.0,5.672000000000004,29.97,88,False,640.0,360.0
bicycle,msasl,,1372,1492,121.0,4.003999999999998,29.97,88,False,640.0,360.0
bicycle,msasl,,1492,1560,69.0,2.2689999999999984,29.97,88,False,640.0,360.0
airplane,msasl,,1564,1754,191.0,6.339999999999996,29.97,88,False,640.0,360.0
airplane,msasl,,1754,2010,257.0,8.541999999999994,29.97,88,False,640.0,360.0
bus,msasl,,2341,2499,159.0,5.271999999999991,29.97,88,False,640.0,360.0
i,msasl,,3713,3771,59.0,1.9359999999999928,29.97,88,False,640.0,360.0
old,msasl,,677,796,120.0,3.971,29.97,98,False,960.0,720.0
annoy,msasl,,970,1022,53.0,1.7349999999999994,29.97,98,False,960.0,720.0
annoy,msasl,,1072,1128,57.0,1.869,29.97,98,False,960.0,720.0
beautiful,msasl,,1936,1990,55.0,1.8020000000000067,29.97,98,False,960.0,720.0
best friend,msasl,,2133,2282,150.0,4.971999999999994,29.97,98,False,960.0,720.0
boring,msasl,,2318,2408,91.0,3.003,29.97,98,False,960.0,720.0
boy,msasl,,2576,2695,120.0,3.969999999999999,29.97,98,False,960.0,720.0
boyfriend,msasl,,2702,2821,120.0,3.969999999999999,29.97,98,False,960.0,720.0
brother,msasl,,2935,3015,81.0,2.668999999999997,29.97,98,False,960.0,720.0
cousin,msasl,,3112,3222,111.0,3.6700000000000017,29.97,98,False,960.0,720.0
father,msasl,,3331,3381,51.0,1.668999999999997,29.97,98,False,960.0,720.0
date,msasl,,4126,4169,44.0,1.4350000000000025,29.97,98,False,960.0,720.0
daughter,msasl,,4420,4510,91.0,3.0030000000000143,29.97,98,False,960.0,720.0
divorce,msasl,,4715,4833,119.0,3.936999999999984,29.97,98,False,960.0,720.0
dumb,msasl,,4853,4993,141.0,4.671999999999997,29.97,98,False,960.0,720.0
family,msasl,,5283,5433,151.0,5.004999999999996,29.97,98,False,960.0,720.0
friend,msasl,,5632,5751,120.0,3.971000000000004,29.97,98,False,960.0,720.0
funny,msasl,,5818,5869,52.0,1.7019999999999982,29.97,98,False,960.0,720.0
girl,msasl,,6254,6312,59.0,1.9350000000000025,29.97,98,False,960.0,720.0
girlfriend,msasl,,6479,6568,90.0,2.968999999999994,29.97,98,False,960.0,720.0
grandmother,msasl,,6589,6699,111.0,3.669999999999988,29.97,98,False,960.0,720.0
grandfather,msasl,,6916,7065,150.0,4.97199999999998,29.97,98,False,960.0,720.0
husband,msasl,,7175,7235,61.0,2.001999999999981,29.97,98,False,960.0,720.0
husband,msasl,,7375,7465,91.0,3.002999999999986,29.97,98,False,960.0,720.0
lazy,msasl,,7645,7755,111.0,3.6710000000000207,29.97,98,False,960.0,720.0
man,msasl,,7960,8078,119.0,3.937000000000012,29.97,98,False,960.0,720.0
marry,msasl,,8231,8278,48.0,1.5679999999999836,29.97,98,False,960.0,720.0
mother,msasl,,8922,9032,111.0,3.670999999999992,29.97,98,False,960.0,720.0
nice,msasl,,9264,9349,86.0,2.8360000000000127,29.97,98,False,960.0,720.0
brother,msasl,,10150,10190,41.0,1.3339999999999463,29.97,98,False,960.0,720.0
sister,msasl,,10240,10300,61.0,2.002000000000009,29.97,98,False,960.0,720.0
smart,msasl,,10603,10669,67.0,2.201999999999998,29.97,98,False,960.0,720.0
smart,msasl,,10699,10769,71.0,2.3360000000000127,29.97,98,False,960.0,720.0
son,msasl,,10941,11090,150.0,4.971000000000004,29.97,98,False,960.0,720.0
strange,msasl,,11146,11213,68.0,2.2350000000000136,29.97,98,False,960.0,720.0
ugly,msasl,,11860,11902,43.0,1.4010000000000105,29.97,98,False,960.0,720.0
wife,msasl,,12263,12303,41.0,1.3349999999999795,29.97,98,False,960.0,720.0
maybe,msasl,,12640,12789,150.0,4.971000000000004,29.97,98,False,960.0,720.0
engaged,msasl,,12839,12959,121.0,4.004000000000019,29.97,98,False,960.0,720.0
wedding,msasl,,13065,13120,56.0,1.8360000000000127,29.97,98,False,960.0,720.0
wedding,msasl,,13120,13190,71.0,2.3349999999999795,29.97,98,False,960.0,720.0
marry,msasl,,13342,13462,121.0,4.004000000000019,29.97,98,False,960.0,720.0
autumn in love,msasl,,13654,13744,91.0,3.002999999999986,29.97,98,False,960.0,720.0
with,msasl,,13859,13893,35.0,1.1340000000000146,29.97,98,False,960.0,720.0
born,msasl,,14404,14453,50.0,1.634999999999991,29.97,98,False,960.0,720.0
born,msasl,,14453,14484,32.0,1.035000000000025,29.97,98,False,960.0,720.0
pregnant,msasl,,14761,14940,180.0,5.973000000000013,29.97,98,False,960.0,720.0
twins,msasl,,14964,15034,71.0,2.3350000000000364,29.97,98,False,960.0,720.0
children,msasl,,15443,15592,150.0,4.972000000000094,29.97,98,False,960.0,720.0
tell,msasl,,100,140,41.0,1.334,29.97,1,False,640.0,360.0
tell,msasl,,170,214,45.0,1.468,29.97,1,False,640.0,360.0
apple,msasl,,60,100,41.0,1.3350000000000004,29.97,1,False,640.0,360.0
apple,msasl,,120,180,61.0,2.0020000000000007,29.97,1,False,640.0,360.0
hospital,msasl,,0,105,106.0,3.504,29.97,269,False,640.0,360.0
fish,msasl,,0,117,118.0,3.9,30.003,27,False,640.0,360.0
basketball,msasl,,0,118,119.0,3.937,29.97,269,False,640.0,360.0
turkey,msasl,,0,114,115.0,3.8,30.0,27,False,640.0,360.0
whale,msasl,,0,116,117.0,3.871,29.97,64,False,640.0,360.0
hurt,msasl,,0,99,100.0,3.303,29.97,35,False,640.0,360.0
work,msasl,,0,95,96.0,3.17,29.97,35,False,640.0,360.0
game,msasl,,878,971,94.0,3.103000000000001,29.97,98,False,960.0,720.0
practice,msasl,,1397,1597,201.0,6.674,29.97,98,False,960.0,720.0
play,msasl,,1834,2014,181.0,6.006,29.97,98,False,960.0,720.0
team,msasl,,2620,2660,41.0,1.333999999999989,29.97,98,False,960.0,720.0
team,msasl,,2868,2955,88.0,2.903000000000006,29.97,98,False,960.0,720.0
win,msasl,,3259,3294,36.0,1.1679999999999922,29.97,98,False,960.0,720.0
lost,msasl,,3824,3904,81.0,2.669000000000011,29.97,98,False,960.0,720.0
good,msasl,,6107,6196,90.0,2.969999999999999,29.97,98,False,960.0,720.0
bad,msasl,,6289,6348,60.0,1.9690000000000225,29.97,98,False,960.0,720.0
enjoy,msasl,,6493,6563,71.0,2.335000000000008,29.97,98,False,960.0,720.0
funny,msasl,,7156,7244,89.0,2.936000000000007,29.97,98,False,960.0,720.0
baseball,msasl,,7475,7561,87.0,2.869,29.97,98,False,960.0,720.0
football,msasl,,8051,8161,111.0,3.670000000000016,29.97,98,False,960.0,720.0
soccer,msasl,,8326,8506,181.0,6.006000000000029,29.97,98,False,960.0,720.0
soccer,msasl,,8506,8576,71.0,2.3360000000000127,29.97,98,False,960.0,720.0
soccer,msasl,,8602,8700,99.0,3.2700000000000387,29.97,98,False,960.0,720.0
swimming,msasl,,8780,8928,149.0,4.939000000000021,29.97,98,False,960.0,720.0
tennis,msasl,,9058,9158,101.0,3.336999999999989,29.97,98,False,960.0,720.0
golf,msasl,,9360,9449,90.0,2.9699999999999704,29.97,98,False,960.0,720.0
basketball,msasl,,9826,10006,181.0,6.006000000000029,29.97,98,False,960.0,720.0
volleyball,msasl,,10180,10238,59.0,1.9350000000000025,29.97,98,False,960.0,720.0
volleyball,msasl,,10371,10489,119.0,3.937000000000012,29.97,98,False,960.0,720.0
hate,msasl,,10561,10650,90.0,2.9700000000000277,29.97,98,False,960.0,720.0
fishing,msasl,,10964,11143,180.0,5.973000000000013,29.97,98,False,960.0,720.0
bowling,msasl,,11217,11366,150.0,4.97199999999998,29.97,98,False,960.0,720.0
run,msasl,,11716,11784,69.0,2.269000000000005,29.97,98,False,960.0,720.0
run,msasl,,11784,11843,60.0,1.9680000000000175,29.97,98,False,960.0,720.0
jump,msasl,,12079,12199,121.0,4.004000000000019,29.97,98,False,960.0,720.0
jump,msasl,,12199,12249,51.0,1.6680000000000064,29.97,98,False,960.0,720.0
dance,msasl,,12352,12502,151.0,5.004999999999996,29.97,98,False,960.0,720.0
surf,msasl,,12728,12848,121.0,4.004000000000019,29.97,98,False,960.0,720.0
exercise,msasl,,12952,13131,180.0,5.972999999999956,29.97,98,False,960.0,720.0
ski,msasl,,13940,14080,141.0,4.6720000000000255,29.97,98,False,960.0,720.0
gymnastics,msasl,,14902,14992,91.0,3.002999999999986,29.97,98,False,960.0,720.0
walk,msasl,,15801,15980,180.0,5.97199999999998,29.97,98,False,960.0,720.0
stop,msasl,,16189,16259,71.0,2.3360000000000127,29.97,98,False,960.0,720.0
stop,msasl,,16299,16339,41.0,1.3350000000000364,29.97,98,False,960.0,720.0
with,msasl,,16586,16735,150.0,4.971000000000004,29.97,98,False,960.0,720.0
join,msasl,,17392,17462,71.0,2.3360000000000127,29.97,98,False,960.0,720.0
join,msasl,,17462,17513,52.0,1.7010000000000218,29.97,98,False,960.0,720.0
can,msasl,,19206,19355,150.0,4.97199999999998,29.97,98,False,960.0,720.0
can't,msasl,,19458,19607,150.0,4.971000000000004,29.97,98,False,960.0,720.0
perfect,msasl,,0,91,92.0,3.036,29.97,139,False,640.0,360.0
bye,msasl,,0,164,165.0,5.472,29.97,1,False,640.0,360.0
pink,msasl,,0,90,91.0,3.003,29.97,1,False,640.0,360.0
pink,msasl,,120,190,71.0,2.3360000000000003,29.97,1,False,640.0,360.0
sandwich,msasl,,0,70,71.0,2.336,29.97,1,False,640.0,360.0
sandwich,msasl,,120,200,81.0,2.6690000000000005,29.97,1,False,640.0,360.0
sore throat,msasl,,0,103,104.0,3.437,29.97,269,False,640.0,360.0
mad,msasl,,0,96,97.0,3.203,29.97,27,False,640.0,360.0
bored,msasl,,0,104,105.0,3.47,29.97,35,False,640.0,360.0
tired,msasl,,0,82,83.0,2.736,29.97,269,False,640.0,360.0
meat,msasl,,0,50,51.0,1.668,29.97,1,False,640.0,360.0
meat,msasl,,80,180,101.0,3.337,29.97,1,False,640.0,360.0
sleepy,msasl,,0,128,129.0,4.271,29.97,35,False,640.0,360.0
bear,msasl,,0,132,133.0,4.4,30.002,27,False,640.0,360.0
cent,msasl,,451,614,164.0,5.438999999999998,29.97,172,False,640.0,360.0
gone,msasl,,634,718,85.0,2.803000000000001,29.97,172,False,640.0,360.0
lost,msasl,,1167,1236,70.0,2.302,29.97,172,False,640.0,360.0
tape,msasl,,1931,1974,44.0,1.4350000000000025,29.97,172,False,640.0,360.0
clock,msasl,,2000,2082,83.0,2.73599999999999,29.97,172,False,640.0,360.0
dresser,msasl,,2108,2221,114.0,3.769999999999996,29.97,172,False,640.0,360.0
some,msasl,,2246,2308,63.0,2.068000000000012,29.97,172,False,640.0,360.0
find,msasl,,2334,2427,94.0,3.1029999999999944,29.97,172,False,640.0,360.0
candle,msasl,,2520,2581,62.0,2.0349999999999966,29.97,172,False,640.0,360.0
furniture,msasl,,2694,2764,71.0,2.3349999999999937,29.97,172,False,640.0,360.0
key,msasl,,3047,3122,76.0,2.503,29.97,172,False,640.0,360.0
laundry,msasl,,3148,3192,45.0,1.4680000000000035,29.97,172,False,640.0,360.0
all,msasl,,3219,3284,66.0,2.168999999999997,29.97,172,False,640.0,360.0
couch,msasl,,3309,3401,93.0,3.0700000000000074,29.97,172,False,640.0,360.0
sink,msasl,,3427,3558,132.0,4.370999999999995,29.97,172,False,640.0,360.0
dining room,msasl,,3583,3681,99.0,3.269999999999996,29.97,172,False,640.0,360.0
nothing,msasl,,3705,3742,38.0,1.2340000000000089,29.97,172,False,640.0,360.0
bathroom,msasl,,3768,3839,72.0,2.369,29.97,172,False,640.0,360.0
cabinets,msasl,,4411,4532,122.0,4.037999999999983,29.97,172,False,640.0,360.0
nice,msasl,,4558,4600,43.0,1.4019999999999868,29.97,172,False,640.0,360.0
camera,msasl,,4627,4687,61.0,2.001999999999981,29.97,172,False,640.0,360.0
kitchen,msasl,,4829,4907,79.0,2.602000000000004,29.97,172,False,640.0,360.0
lamp,msasl,,5199,5269,71.0,2.3359999999999843,29.97,172,False,640.0,360.0
television,msasl,,5294,5336,43.0,1.4019999999999868,29.97,172,False,640.0,360.0
fence,msasl,,5362,5427,66.0,2.1689999999999827,29.97,172,False,640.0,360.0
towel,msasl,,5453,5520,68.0,2.23599999999999,29.97,172,False,640.0,360.0
table,msasl,,5546,5655,110.0,3.637000000000001,29.97,172,False,640.0,360.0
pillow,msasl,,5688,5868,181.0,6.006,29.97,172,False,640.0,360.0
stove,msasl,,5911,5999,89.0,2.937000000000012,29.97,172,False,640.0,360.0
many,msasl,,6025,6091,67.0,2.201999999999998,29.97,172,False,640.0,360.0
shower,msasl,,6116,6155,40.0,1.301000000000016,29.97,172,False,640.0,360.0
bathroom,msasl,,6177,6207,31.0,1.0010000000000048,29.97,172,False,640.0,360.0
living room,msasl,,6337,6519,183.0,6.072000000000003,29.97,172,False,640.0,360.0
soap,msasl,,6543,6600,58.0,1.9019999999999868,29.97,172,False,640.0,360.0
glass,msasl,,6626,6695,70.0,2.3019999999999925,29.97,172,False,640.0,360.0
magazine,msasl,,6719,6823,105.0,3.469999999999999,29.97,172,False,640.0,360.0
dictionary,msasl,,6856,6919,64.0,2.102000000000004,29.97,172,False,640.0,360.0
newspaper,msasl,,6942,7021,80.0,2.635999999999996,29.97,172,False,640.0,360.0
curtains,msasl,,7158,7238,81.0,2.669000000000011,29.97,172,False,640.0,360.0
blanket,msasl,,7261,7350,90.0,2.969999999999999,29.97,172,False,640.0,360.0
envelope,msasl,,7375,7522,148.0,4.905000000000001,29.97,172,False,640.0,360.0
piano,msasl,,7545,7655,111.0,3.670999999999992,29.97,172,False,640.0,360.0
stairs,msasl,,7680,7740,61.0,2.002000000000009,29.97,172,False,640.0,360.0
garage,msasl,,8157,8218,62.0,2.034999999999968,29.97,172,False,640.0,360.0
scissors,msasl,,8340,8397,58.0,1.9019999999999868,29.97,172,False,640.0,360.0
spring,msasl,,8534,8594,61.0,2.002000000000009,29.97,172,False,640.0,360.0
phone,msasl,,8620,8687,68.0,2.2350000000000136,29.97,172,False,640.0,360.0
bed,msasl,,8713,8772,60.0,1.9680000000000175,29.97,172,False,640.0,360.0
vacuum,msasl,,8798,8861,64.0,2.1019999999999754,29.97,172,False,640.0,360.0
sweep,msasl,,8885,8967,83.0,2.73599999999999,29.97,172,False,640.0,360.0
change,msasl,,9298,9368,71.0,2.3360000000000127,29.97,172,False,640.0,360.0
painting,msasl,,9506,9585,80.0,2.6359999999999677,29.97,172,False,640.0,360.0
comfortable,msasl,,9703,9759,57.0,1.867999999999995,29.97,172,False,640.0,360.0
bathtub,msasl,,9780,9924,145.0,4.80499999999995,29.97,172,False,640.0,360.0
picture,msasl,,9948,10046,99.0,3.269999999999982,29.97,172,False,640.0,360.0
medium,msasl,,10070,10148,79.0,2.6030000000000086,29.97,172,False,640.0,360.0
several,msasl,,10303,10366,64.0,2.1020000000000323,29.97,172,False,640.0,360.0
mirror,msasl,,10392,10451,60.0,1.968999999999994,29.97,172,False,640.0,360.0
most,msasl,,10475,10540,66.0,2.1689999999999827,29.97,172,False,640.0,360.0
small,msasl,,10566,10623,58.0,1.9019999999999868,29.97,172,False,640.0,360.0
bedroom,msasl,,10647,10749,103.0,3.40300000000002,29.97,172,False,640.0,360.0
microwave,msasl,,10773,10840,68.0,2.23599999999999,29.97,172,False,640.0,360.0
wood,msasl,,10864,10951,88.0,2.90300000000002,29.97,172,False,640.0,360.0
closet,msasl,,10976,11077,102.0,3.3700000000000045,29.97,172,False,640.0,360.0
shelves,msasl,,11102,11219,118.0,3.903999999999997,29.97,172,False,640.0,360.0
big,msasl,,11245,11292,48.0,1.5679999999999836,29.97,172,False,640.0,360.0
refrigerator,msasl,,11318,11413,96.0,3.170000000000016,29.97,172,False,640.0,360.0
umbrella,msasl,,12156,12232,77.0,2.5360000000000014,29.97,172,False,640.0,360.0
glue,msasl,,12254,12356,103.0,3.4039999999999964,29.97,172,False,640.0,360.0
screwdriver,msasl,,12970,13099,130.0,4.303999999999974,29.97,172,False,640.0,360.0
calendar,msasl,,13125,13210,86.0,2.8360000000000127,29.97,172,False,640.0,360.0
eye contact,msasl,,178,248,71.0,2.335,29.98,24,False,1280.0,720.0
eye contact,msasl,,288,348,61.0,2.0020000000000007,29.98,24,False,1280.0,720.0
hold on,msasl,,509,609,101.0,3.3349999999999973,29.98,24,False,1280.0,720.0
hold on,msasl,,609,689,81.0,2.6690000000000005,29.98,24,False,1280.0,720.0
hold on,msasl,,724,864,141.0,4.669999999999998,29.98,24,False,1280.0,720.0
focus,msasl,,1112,1264,153.0,5.07,29.98,24,False,1280.0,720.0
deaf,msasl,,1512,1699,188.0,6.238,29.98,24,False,1280.0,720.0
hard of hearing,msasl,,1758,1910,153.0,5.07,29.98,24,False,1280.0,720.0
hearing,msasl,,1942,2131,190.0,6.304000000000002,29.98,24,False,1280.0,720.0
want,msasl,,2162,2343,182.0,6.037999999999997,29.98,24,False,1280.0,720.0
introduce,msasl,,2384,2536,153.0,5.069999999999993,29.98,24,False,1280.0,720.0
friend,msasl,,2572,2624,53.0,1.7339999999999949,29.98,24,False,1280.0,720.0
friend,msasl,,2684,2774,91.0,3.002000000000009,29.98,24,False,1280.0,720.0
brush teeth,msasl,,0,135,136.0,4.505,29.97,27,False,640.0,360.0
give,msasl,,10,80,71.0,2.335,29.97,1,False,640.0,360.0
give,msasl,,110,170,61.0,2.002,29.97,1,False,640.0,360.0
yellow,msasl,,0,105,106.0,3.504,29.97,27,False,640.0,360.0
hurry,msasl,,0,98,99.0,3.27,29.97,110,False,640.0,360.0
italy,msasl,,0,30,31.0,1.001,29.97,4,False,640.0,360.0
they,msasl,,0,66,67.0,2.202,29.97,136,False,640.0,360.0
money,msasl,,0,33,34.0,1.101,29.97,4,False,640.0,360.0
salad,msasl,,372,431,60.0,1.9689999999999996,29.97,172,False,640.0,360.0
tomato,msasl,,452,512,61.0,2.001999999999999,29.97,172,False,640.0,360.0
sugar,msasl,,537,612,76.0,2.5020000000000024,29.97,172,False,640.0,360.0
freeze cream,msasl,,638,706,69.0,2.2689999999999984,29.97,172,False,640.0,360.0
ketchup,msasl,,734,824,91.0,3.003,29.97,172,False,640.0,360.0
potato,msasl,,1004,1110,107.0,3.536999999999999,29.97,172,False,640.0,360.0
carrot,msasl,,1143,1233,91.0,3.003,29.97,172,False,640.0,360.0
corn,msasl,,1262,1338,77.0,2.5360000000000014,29.97,172,False,640.0,360.0
cookie,msasl,,1481,1582,102.0,3.3700000000000045,29.97,172,False,640.0,360.0
cake,msasl,,1621,1748,128.0,4.238,29.97,172,False,640.0,360.0
pie,msasl,,1781,1868,88.0,2.9029999999999987,29.97,172,False,640.0,360.0
bread,msasl,,2140,2230,91.0,3.003,29.97,172,False,640.0,360.0
bacon,msasl,,2267,2388,122.0,4.038000000000011,29.97,172,False,640.0,360.0
coffee,msasl,,2518,2597,80.0,2.63600000000001,29.97,172,False,640.0,360.0
toast,msasl,,2730,2871,142.0,4.7050000000000125,29.97,172,False,640.0,360.0
banana,msasl,,2911,3000,90.0,2.969999999999999,29.97,172,False,640.0,360.0
cereal,msasl,,3029,3101,73.0,2.402000000000001,29.97,172,False,640.0,360.0
pizza,msasl,,3477,3623,147.0,4.870999999999995,29.97,172,False,640.0,360.0
grapes,msasl,,3657,3740,84.0,2.7689999999999912,29.97,172,False,640.0,360.0
apple,msasl,,3772,3870,99.0,3.269999999999996,29.97,172,False,640.0,360.0
strawberry,msasl,,3904,4000,97.0,3.204000000000008,29.97,172,False,640.0,360.0
peach,msasl,,4248,4353,106.0,3.5030000000000143,29.97,172,False,640.0,360.0
melon,msasl,,4390,4496,107.0,3.537000000000006,29.97,172,False,640.0,360.0
orange,msasl,,4527,4605,79.0,2.6030000000000086,29.97,172,False,640.0,360.0
sandwich,msasl,,4644,4786,143.0,4.738,29.97,172,False,640.0,360.0
nuts,msasl,,4820,4882,63.0,2.0689999999999884,29.97,172,False,640.0,360.0
lemon,msasl,,4903,4957,55.0,1.8019999999999925,29.97,172,False,640.0,360.0
candy,msasl,,4980,5053,74.0,2.436000000000007,29.97,172,False,640.0,360.0
butter,msasl,,5190,5276,87.0,2.8700000000000045,29.97,172,False,640.0,360.0
tea,msasl,,5302,5359,58.0,1.9020000000000152,29.97,172,False,640.0,360.0
salt,msasl,,5403,5572,170.0,5.63900000000001,29.97,172,False,640.0,360.0
pepper,msasl,,5622,5756,135.0,4.472000000000008,29.97,172,False,640.0,360.0
mushroom,msasl,,5783,5840,58.0,1.9019999999999868,29.97,172,False,640.0,360.0
hoddog,msasl,,5858,5900,43.0,1.4010000000000105,29.97,172,False,640.0,360.0
watermelon,msasl,,5922,5999,78.0,2.569999999999993,29.97,172,False,640.0,360.0
pumpkin,msasl,,6023,6086,64.0,2.10299999999998,29.97,172,False,640.0,360.0
france fries,msasl,,6110,6182,73.0,2.402999999999992,29.97,172,False,640.0,360.0
cheese,msasl,,6437,6494,58.0,1.9019999999999868,29.97,172,False,640.0,360.0
cracker,msasl,,6511,6553,43.0,1.4019999999999868,29.97,172,False,640.0,360.0
onion,msasl,,6683,6764,82.0,2.703000000000003,29.97,172,False,640.0,360.0
lettuce,msasl,,6790,6855,66.0,2.1680000000000064,29.97,172,False,640.0,360.0
pineapple,msasl,,7366,7406,41.0,1.335000000000008,29.97,172,False,640.0,360.0
gum,msasl,,7428,7505,78.0,2.5689999999999884,29.97,172,False,640.0,360.0
popcorn,msasl,,7533,7613,81.0,2.669000000000011,29.97,172,False,640.0,360.0
soda,msasl,,7638,7701,64.0,2.102000000000004,29.97,172,False,640.0,360.0
want,msasl,,7884,7930,47.0,1.535000000000025,29.97,172,False,640.0,360.0
buy,msasl,,7945,7978,34.0,1.100999999999999,29.97,172,False,640.0,360.0
go,msasl,,7989,8016,28.0,0.9010000000000103,29.97,172,False,640.0,360.0
come,msasl,,8029,8069,41.0,1.3349999999999795,29.97,172,False,640.0,360.0
play,msasl,,0,179,180.0,5.973,29.97,1,False,640.0,360.0
eighteen,msasl,,0,120,121.0,4.004,29.97,27,False,640.0,360.0
graduate,msasl,,0,30,31.0,1.001,29.97,4,False,640.0,360.0
boy,msasl,,0,54,55.0,2.252,23.976,181,False,640.0,360.0
more,msasl,,0,120,121.0,4.004,29.97,27,False,640.0,360.0
walk,msasl,,773,848,76.0,2.503,29.97,172,False,640.0,360.0
dance,msasl,,901,996,96.0,3.169999999999998,29.97,172,False,640.0,360.0
bowling,msasl,,1024,1157,134.0,4.437999999999995,29.97,172,False,640.0,360.0
cooking,msasl,,1319,1416,98.0,3.235999999999997,29.97,172,False,640.0,360.0
sew,msasl,,1591,1664,74.0,2.436,29.97,172,False,640.0,360.0
photography,msasl,,1936,2020,85.0,2.8029999999999973,29.97,172,False,640.0,360.0
painting,msasl,,2083,2256,174.0,5.772000000000006,29.97,172,False,640.0,360.0
shop,msasl,,2279,2385,107.0,3.535999999999987,29.97,172,False,640.0,360.0
camping,msasl,,2696,2873,178.0,5.905000000000001,29.97,172,False,640.0,360.0
fishing,msasl,,2896,3013,118.0,3.9040000000000106,29.97,172,False,640.0,360.0
read,msasl,,3427,3608,182.0,6.0390000000000015,29.97,172,False,640.0,360.0
swimming,msasl,,4704,4796,93.0,3.069999999999993,29.97,172,False,640.0,360.0
drink,msasl,,4821,4889,69.0,2.269000000000005,29.97,172,False,640.0,360.0
soda,msasl,,4914,5015,102.0,3.3700000000000045,29.97,172,False,640.0,360.0
coffee,msasl,,5040,5159,120.0,3.971000000000004,29.97,172,False,640.0,360.0
tea,msasl,,5185,5281,97.0,3.203000000000003,29.97,172,False,640.0,360.0
water,msasl,,5307,5404,98.0,3.23599999999999,29.97,172,False,640.0,360.0
milk,msasl,,5429,5487,59.0,1.9350000000000025,29.97,172,False,640.0,360.0
rainbow,msasl,,0,128,129.0,4.271,29.97,27,False,640.0,360.0
friendly,msasl,,0,106,107.0,3.537,29.97,35,False,640.0,360.0
want,msasl,,0,102,103.0,3.403,29.97,27,False,640.0,360.0
seven,msasl,,0,102,103.0,3.403,29.97,52,False,640.0,360.0
brown,msasl,,0,133,134.0,4.438,29.97,134,False,640.0,360.0
bitter,msasl,,0,105,106.0,3.504,29.97,27,False,640.0,360.0
today,msasl,,0,70,71.0,2.336,29.97,1,False,640.0,360.0
today,msasl,,100,180,81.0,2.669,29.97,1,False,640.0,360.0
from,msasl,,20,110,91.0,3.003,29.97,1,False,640.0,360.0
from,msasl,,140,240,101.0,3.336999999999999,29.97,1,False,640.0,360.0
basketball,msasl,,0,194,195.0,6.473,29.97,1,False,640.0,360.0
about,msasl,,0,37,38.0,1.543,23.976,181,False,640.0,360.0
no,msasl,,0,101,102.0,3.37,29.97,27,False,640.0,360.0
eat,msasl,,249,415,167.0,5.539,29.97,43,False,640.0,360.0
breakfast,msasl,,456,590,135.0,4.471,29.97,43,False,640.0,360.0
lunch,msasl,,617,771,155.0,5.138999999999999,29.97,43,False,640.0,360.0
dinner,msasl,,804,959,156.0,5.171999999999997,29.97,43,False,640.0,360.0
drink,msasl,,993,1141,149.0,4.937999999999995,29.97,43,False,640.0,360.0
coffee,msasl,,1174,1315,142.0,4.705000000000005,29.97,43,False,640.0,360.0
cup,msasl,,1355,1382,28.0,0.9009999999999962,29.97,43,False,640.0,360.0
cup,msasl,,1408,1477,70.0,2.3030000000000044,29.97,43,False,640.0,360.0
milk,msasl,,1517,1638,122.0,4.038000000000004,29.97,43,False,640.0,360.0
soda,msasl,,1672,1819,148.0,4.905000000000001,29.97,43,False,640.0,360.0
tea,msasl,,1857,2006,150.0,4.971999999999994,29.97,43,False,640.0,360.0
fruit,msasl,,2035,2208,174.0,5.77300000000001,29.97,43,False,640.0,360.0
apple,msasl,,2235,2389,155.0,5.137999999999991,29.97,43,False,640.0,360.0
banana,msasl,,2430,2558,129.0,4.271000000000001,29.97,43,False,640.0,360.0
cherry,msasl,,2585,2765,181.0,6.006,29.97,43,False,640.0,360.0
grapes,msasl,,2805,2939,135.0,4.471000000000004,29.97,43,False,640.0,360.0
orange,msasl,,3155,3307,153.0,5.0719999999999885,29.97,43,False,640.0,360.0
peach,msasl,,3336,3477,142.0,4.704999999999998,29.97,43,False,640.0,360.0
strawberry,msasl,,3510,3541,32.0,1.0339999999999918,29.97,43,False,640.0,360.0
strawberry,msasl,,3546,3644,99.0,3.269999999999996,29.97,43,False,640.0,360.0
vegetable,msasl,,3812,3993,182.0,6.0390000000000015,29.97,43,False,640.0,360.0
carrot,msasl,,4207,4315,109.0,3.6030000000000086,29.97,43,False,640.0,360.0
corn,msasl,,4343,4490,148.0,4.905000000000001,29.97,43,False,640.0,360.0
lettuce,msasl,,4517,4587,71.0,2.3359999999999843,29.97,43,False,640.0,360.0
lettuce,msasl,,4597,4667,71.0,2.335000000000008,29.97,43,False,640.0,360.0
mushroom,msasl,,4698,4840,143.0,4.738,29.97,43,False,640.0,360.0
onion,msasl,,4867,5005,139.0,4.604000000000013,29.97,43,False,640.0,360.0
potato,msasl,,5036,5157,122.0,4.037000000000006,29.97,43,False,640.0,360.0
tomato,msasl,,5176,5236,61.0,2.002000000000009,29.97,43,False,640.0,360.0
tomato,msasl,,5231,5317,87.0,2.8700000000000045,29.97,43,False,640.0,360.0
bacon,msasl,,5678,5863,186.0,6.173000000000002,29.97,43,False,640.0,360.0
chicken,msasl,,6091,6238,148.0,4.905000000000001,29.97,43,False,640.0,360.0
fish,msasl,,6409,6472,64.0,2.102000000000004,29.97,43,False,640.0,360.0
fish,msasl,,6497,6583,87.0,2.8700000000000045,29.97,43,False,640.0,360.0
turkey,msasl,,6609,6773,165.0,5.47199999999998,29.97,43,False,640.0,360.0
dessert,msasl,,6998,7178,181.0,6.006,29.97,43,False,640.0,360.0
cake,msasl,,7218,7358,141.0,4.670999999999992,29.97,43,False,640.0,360.0
candy,msasl,,7385,7572,188.0,6.238999999999976,29.97,43,False,640.0,360.0
chocolate,msasl,,7594,7773,180.0,5.972999999999985,29.97,43,False,640.0,360.0
cookie,msasl,,7807,7941,135.0,4.470999999999947,29.97,43,False,640.0,360.0
freeze cream,msasl,,7969,8097,129.0,4.271000000000015,29.97,43,False,640.0,360.0
bread,msasl,,8652,8814,163.0,5.406000000000006,29.97,43,False,640.0,360.0
butter,msasl,,8990,9163,174.0,5.772999999999968,29.97,43,False,640.0,360.0
cereal,msasl,,9197,9332,136.0,4.504999999999996,29.97,43,False,640.0,360.0
cheese,msasl,,9376,9519,144.0,4.771000000000015,29.97,43,False,640.0,360.0
cracker,msasl,,9546,9687,142.0,4.705000000000041,29.97,43,False,640.0,360.0
france fries,msasl,,9708,9855,148.0,4.90500000000003,29.97,43,False,640.0,360.0
hoddog,msasl,,9868,9927,60.0,1.968999999999994,29.97,43,False,640.0,360.0
hoddog,msasl,,9900,9954,55.0,1.802000000000021,29.97,43,False,640.0,360.0
hoddog,msasl,,9983,10029,47.0,1.535000000000025,29.97,43,False,640.0,360.0
pancake,msasl,,10058,10179,122.0,4.037000000000035,29.97,43,False,640.0,360.0
pizza,msasl,,10207,10387,181.0,6.005999999999972,29.97,43,False,640.0,360.0
popcorn,msasl,,10414,10561,148.0,4.904999999999973,29.97,43,False,640.0,360.0
salad,msasl,,10589,10756,168.0,5.572000000000003,29.97,43,False,640.0,360.0
sandwich,msasl,,10784,10833,50.0,1.634999999999991,29.97,43,False,640.0,360.0
sandwich,msasl,,10853,10873,21.0,0.6680000000000064,29.97,43,False,640.0,360.0
soup,msasl,,10948,11088,141.0,4.6720000000000255,29.97,43,False,640.0,360.0
spaghetti,msasl,,11107,11273,167.0,5.538000000000011,29.97,43,False,640.0,360.0
toast,msasl,,11504,11670,167.0,5.538999999999987,29.97,43,False,640.0,360.0
accept,msasl,,11976,12130,155.0,5.13900000000001,29.97,43,False,640.0,360.0
not want,msasl,,12148,12295,148.0,4.904999999999973,29.97,43,False,640.0,360.0
favorite,msasl,,12313,12460,148.0,4.90500000000003,29.97,43,False,640.0,360.0
hungry,msasl,,12668,12790,123.0,4.0709999999999695,29.97,43,False,640.0,360.0
like,msasl,,12986,13120,135.0,4.471000000000004,29.97,43,False,640.0,360.0
favorite,msasl,,13303,13476,174.0,5.771999999999991,29.97,43,False,640.0,360.0
restaurant,msasl,,13494,13680,187.0,6.206000000000017,29.97,43,False,640.0,360.0
delicious,msasl,,13818,13868,51.0,1.6680000000000064,29.97,43,False,640.0,360.0
delicious,msasl,,13870,13919,50.0,1.634999999999991,29.97,43,False,640.0,360.0
delicious,msasl,,13921,13991,71.0,2.3360000000000127,29.97,43,False,640.0,360.0
thirsty,msasl,,14148,14199,52.0,1.7010000000000218,29.97,43,False,640.0,360.0
thirsty,msasl,,14205,14312,108.0,3.569999999999993,29.97,43,False,640.0,360.0
use,msasl,,14340,14498,159.0,5.271999999999991,29.97,43,False,640.0,360.0
with,msasl,,14517,14658,142.0,4.704999999999984,29.97,43,False,640.0,360.0
oh i see,msasl,,14684,14869,186.0,6.173000000000002,29.97,43,False,640.0,360.0
love it,msasl,,14887,15021,135.0,4.471000000000004,29.97,43,False,640.0,360.0
everyday,msasl,,15039,15206,168.0,5.573000000000036,29.97,43,False,640.0,360.0
every morning,msasl,,15224,15404,181.0,6.006000000000029,29.97,43,False,640.0,360.0
every afternoon,msasl,,15423,15602,180.0,5.972999999999956,29.97,43,False,640.0,360.0
every night,msasl,,15620,15806,187.0,6.206999999999994,29.97,43,False,640.0,360.0
every year,msasl,,16962,17083,122.0,4.038000000000011,29.97,43,False,640.0,360.0
every week,msasl,,17101,17261,161.0,5.339000000000056,29.97,43,False,640.0,360.0
always,msasl,,17529,17683,155.0,5.13900000000001,29.97,43,False,640.0,360.0
sometimes,msasl,,17701,17855,155.0,5.138999999999896,29.97,43,False,640.0,360.0
never,msasl,,17872,18053,182.0,6.039000000000101,29.97,43,False,640.0,360.0
birthday,msasl,,18340,18500,161.0,5.337999999999965,29.97,43,False,640.0,360.0
party,msasl,,18509,18589,81.0,2.6690000000000964,29.97,43,False,640.0,360.0
party,msasl,,18609,18699,91.0,3.0030000000000427,29.97,43,False,640.0,360.0
christmas,msasl,,18882,18952,71.0,2.3360000000000127,29.97,43,False,640.0,360.0
christmas,msasl,,18972,19052,81.0,2.669999999999959,29.97,43,False,640.0,360.0
easter,msasl,,19086,19286,201.0,6.673999999999978,29.97,43,False,640.0,360.0
halloween,msasl,,19303,19394,92.0,3.036000000000058,29.97,43,False,640.0,360.0
halloween,msasl,,19412,19458,47.0,1.5349999999999682,29.97,43,False,640.0,360.0
hanukkah,msasl,,19476,19500,25.0,0.8009999999999309,29.97,43,False,640.0,360.0
hanukkah,msasl,,19514,19597,84.0,2.769999999999982,29.97,43,False,640.0,360.0
hanukkah,msasl,,19613,19683,71.0,2.3360000000000127,29.97,43,False,640.0,360.0
thanksgiving,msasl,,21030,21088,59.0,1.9349999999999452,29.97,43,False,640.0,360.0
thanksgiving,msasl,,21121,21169,49.0,1.6020000000000891,29.97,43,False,640.0,360.0
date,msasl,,0,61,62.0,2.003,30.452,191,False,1280.0,720.0
couch,msasl,,177,247,71.0,2.336000000000001,29.97,24,False,480.0,360.0
couch,msasl,,241,341,101.0,3.337,29.97,24,False,480.0,360.0
couch,msasl,,341,431,91.0,3.003,29.97,24,False,480.0,360.0
couch,msasl,,431,491,61.0,2.001999999999999,29.97,24,False,480.0,360.0
bed,msasl,,540,590,51.0,1.6679999999999993,29.97,24,False,480.0,360.0
bed,msasl,,636,706,71.0,2.3359999999999985,29.97,24,False,480.0,360.0
bed,msasl,,728,813,86.0,2.8359999999999985,29.97,24,False,480.0,360.0
lamp,msasl,,1196,1365,170.0,5.639000000000003,29.97,24,False,480.0,360.0
lamp,msasl,,1377,1453,77.0,2.5360000000000014,29.97,24,False,480.0,360.0
window,msasl,,1728,1876,149.0,4.937999999999995,29.97,24,False,480.0,360.0
door,msasl,,1947,2017,71.0,2.3359999999999985,29.97,24,False,480.0,360.0
door,msasl,,2027,2077,51.0,1.668999999999997,29.97,24,False,480.0,360.0
wall,msasl,,2237,2310,74.0,2.435999999999993,29.97,24,False,480.0,360.0
wall,msasl,,2326,2433,108.0,3.569999999999993,29.97,24,False,480.0,360.0
refrigerator,msasl,,2483,2563,81.0,2.6700000000000017,29.97,24,False,480.0,360.0
refrigerator,msasl,,2563,2623,61.0,2.001999999999996,29.97,24,False,480.0,360.0
laundry,msasl,,2786,2938,153.0,5.071000000000012,29.97,24,False,480.0,360.0
laundry,msasl,,2938,3018,81.0,2.6699999999999875,29.97,24,False,480.0,360.0
laundry,msasl,,3018,3108,91.0,3.003,29.97,24,False,480.0,360.0
microwave,msasl,,3235,3304,70.0,2.3019999999999925,29.97,24,False,480.0,360.0
microwave,msasl,,3354,3445,92.0,3.035999999999987,29.97,24,False,480.0,360.0
bake,msasl,,3778,3948,171.0,5.673000000000002,29.97,24,False,480.0,360.0
bake,msasl,,3948,4058,111.0,3.669999999999988,29.97,24,False,480.0,360.0
radio,msasl,,4340,4442,103.0,3.4039999999999964,29.97,24,False,480.0,360.0
curtains,msasl,,4966,5026,61.0,2.001999999999981,29.97,24,False,480.0,360.0
curtains,msasl,,5036,5116,81.0,2.669000000000011,29.97,24,False,480.0,360.0
curtains,msasl,,5126,5206,81.0,2.6689999999999827,29.97,24,False,480.0,360.0
shower,msasl,,5275,5472,198.0,6.573000000000008,29.97,24,False,480.0,360.0
dresser,msasl,,5897,5998,102.0,3.3700000000000045,29.97,24,False,480.0,360.0
dresser,msasl,,5998,6148,151.0,5.004999999999996,29.97,24,False,480.0,360.0
bathtub,msasl,,6547,6757,211.0,7.007000000000005,29.97,24,False,480.0,360.0
bathtub,msasl,,6757,6847,91.0,3.002999999999986,29.97,24,False,480.0,360.0
computer,msasl,,7164,7286,123.0,4.071000000000026,29.97,24,False,480.0,360.0
computer,msasl,,7456,7576,121.0,4.003999999999991,29.97,24,False,480.0,360.0
sink,msasl,,8462,8613,152.0,5.038000000000011,29.97,24,False,480.0,360.0
sink,msasl,,8647,8712,66.0,2.1680000000000064,29.97,24,False,480.0,360.0
cabinets,msasl,,8849,9031,183.0,6.072000000000003,29.97,24,False,480.0,360.0
mirror,msasl,,9141,9261,121.0,4.004000000000019,29.97,24,False,480.0,360.0
mirror,msasl,,9263,9305,43.0,1.4019999999999868,29.97,24,False,480.0,360.0
blanket,msasl,,9870,9940,71.0,2.3360000000000127,29.97,24,False,480.0,360.0
blanket,msasl,,9940,10070,131.0,4.336999999999989,29.97,24,False,480.0,360.0
piano,msasl,,10680,10920,241.0,8.007999999999981,29.97,24,False,480.0,360.0
alarm,msasl,,10938,11103,166.0,5.505000000000052,29.97,24,False,480.0,360.0
newspaper,msasl,,11189,11382,194.0,6.439000000000021,29.97,24,False,480.0,360.0
cup,msasl,,11942,12012,71.0,2.3350000000000364,29.97,24,False,480.0,360.0
plate,msasl,,12023,12071,49.0,1.6020000000000325,29.97,24,False,480.0,360.0
plate,msasl,,12106,12156,51.0,1.6680000000000064,29.97,24,False,480.0,360.0
bowl,msasl,,12413,12472,60.0,1.968999999999994,29.97,24,False,480.0,360.0
bowl,msasl,,12472,12539,68.0,2.23599999999999,29.97,24,False,480.0,360.0
spoon,msasl,,12742,12908,167.0,5.538999999999987,29.97,24,False,480.0,360.0
knife,msasl,,12959,13125,167.0,5.538999999999987,29.97,24,False,480.0,360.0
sweep,msasl,,13825,13990,166.0,5.506000000000029,29.97,24,False,480.0,360.0
towel,msasl,,14515,14656,142.0,4.704999999999984,29.97,24,False,480.0,360.0
pillow,msasl,,15059,15145,87.0,2.869000000000028,29.97,24,False,480.0,360.0
pillow,msasl,,15153,15248,96.0,3.169999999999959,29.97,24,False,480.0,360.0
stove,msasl,,15772,15839,68.0,2.23599999999999,29.97,24,False,480.0,360.0
stove,msasl,,15861,15914,54.0,1.7679999999999154,29.97,24,False,480.0,360.0
stove,msasl,,15946,16029,84.0,2.768999999999892,29.97,24,False,480.0,360.0
stove,msasl,,16029,16154,126.0,4.171000000000049,29.97,24,False,480.0,360.0
phone,msasl,,16313,16452,140.0,4.638000000000034,29.97,24,False,480.0,360.0
not yet,msasl,,180,312,133.0,4.404,29.97,24,False,1280.0,720.0
last year,msasl,,342,412,71.0,2.3360000000000003,29.97,24,False,1280.0,720.0
last year,msasl,,452,536,85.0,2.803000000000001,29.97,24,False,1280.0,720.0
last year,msasl,,596,646,51.0,1.6679999999999993,29.97,24,False,1280.0,720.0
last year,msasl,,646,736,91.0,3.003,29.97,24,False,1280.0,720.0
last year,msasl,,758,848,91.0,3.003,29.97,24,False,1280.0,720.0
future,msasl,,1434,1565,132.0,4.371000000000002,29.97,24,False,1280.0,720.0
long,msasl,,1822,1974,153.0,5.072000000000003,29.97,24,False,1280.0,720.0
slow,msasl,,2006,2137,132.0,4.371000000000009,29.97,24,False,1280.0,720.0
stay,msasl,,2184,2315,132.0,4.370999999999995,29.97,24,False,1280.0,720.0
soon,msasl,,2350,2517,168.0,5.5719999999999885,29.97,24,False,1280.0,720.0
rest,msasl,,0,105,106.0,3.504,29.97,269,False,640.0,360.0
sunday,msasl,,0,58,59.0,1.935,29.97,136,False,640.0,360.0
see,msasl,,30,120,91.0,3.003,29.97,1,False,640.0,360.0
see,msasl,,160,240,81.0,2.6689999999999987,29.97,1,False,640.0,360.0
welcome,msasl,,0,55,56.0,1.835,29.97,287,False,640.0,360.0
india,msasl,,0,36,37.0,1.201,29.97,4,False,640.0,360.0
thursday,msasl,,10,160,151.0,5.005000000000001,29.97,36,False,480.0,360.0
thursday,msasl,,206,281,76.0,2.502,29.97,36,False,480.0,360.0
hurt,msasl,,20,90,71.0,2.3360000000000003,29.97,1,False,640.0,360.0
hurt,msasl,,120,170,51.0,1.668,29.97,1,False,640.0,360.0
purple,msasl,,0,134,135.0,4.471,29.97,1,False,640.0,360.0
funny,msasl,,0,149,150.0,4.972,29.97,1,False,640.0,360.0
giraffe,msasl,,0,126,127.0,4.2,30.002,27,False,640.0,360.0
get,msasl,,0,134,135.0,4.471,29.97,1,False,640.0,360.0
want,msasl,,0,98,99.0,3.27,29.97,35,False,640.0,360.0
team,msasl,,30,100,71.0,2.3360000000000003,29.97,1,False,640.0,360.0
team,msasl,,120,200,81.0,2.6690000000000005,29.97,1,False,640.0,360.0
hard of hearing,msasl,,29,82,54.0,2.21,23.976,339,False,640.0,360.0
spanish,msasl,,120,200,81.0,3.3370000000000006,23.976,339,False,640.0,360.0
france,msasl,,228,289,62.0,2.545,23.976,339,False,640.0,360.0
english,msasl,,321,385,65.0,2.67,23.976,339,False,640.0,360.0
language,msasl,,418,473,56.0,2.2940000000000005,23.976,339,False,640.0,360.0
class,msasl,,513,582,70.0,2.878,23.976,339,False,640.0,360.0
classroom,msasl,,620,699,80.0,3.294999999999998,23.976,339,False,640.0,360.0
college,msasl,,729,787,59.0,2.418999999999997,23.976,339,False,640.0,360.0
yes,msasl,,821,869,49.0,2.001999999999996,23.976,339,False,640.0,360.0
no,msasl,,899,915,17.0,0.6669999999999945,23.976,339,False,640.0,360.0
no,msasl,,917,944,28.0,1.1259999999999977,23.976,339,False,640.0,360.0
start,msasl,,1037,1056,20.0,0.7919999999999945,23.976,339,False,640.0,360.0
win,msasl,,1107,1273,167.0,6.924,23.976,339,False,640.0,360.0
lost,msasl,,1316,1385,70.0,2.878,23.976,339,False,640.0,360.0
talk,msasl,,1417,1478,62.0,2.544000000000004,23.976,339,False,640.0,360.0
most,msasl,,1520,1583,64.0,2.6270000000000024,23.976,339,False,640.0,360.0
some,msasl,,1619,1677,59.0,2.418999999999997,23.976,339,False,640.0,360.0
few,msasl,,1697,1755,59.0,2.418999999999997,23.976,339,False,640.0,360.0
nothing,msasl,,1781,1832,52.0,2.126999999999996,23.976,339,False,640.0,360.0
all,msasl,,1869,1930,62.0,2.543999999999997,23.976,339,False,640.0,360.0
hard,msasl,,1957,2023,67.0,2.753,23.976,339,False,640.0,360.0
easy,msasl,,2048,2101,54.0,2.210000000000008,23.976,339,False,640.0,360.0
year,msasl,,2212,2281,70.0,2.878,23.976,339,False,640.0,360.0
week,msasl,,2312,2373,62.0,2.543999999999997,23.976,339,False,640.0,360.0
month,msasl,,2401,2470,70.0,2.878,23.976,339,False,640.0,360.0
favorite,msasl,,2489,2544,56.0,2.293999999999997,23.976,339,False,640.0,360.0
both,msasl,,2575,2630,56.0,2.293999999999997,23.976,339,False,640.0,360.0
how are you,msasl,,2660,2733,74.0,3.0450000000000017,23.976,339,False,640.0,360.0
fine,msasl,,2765,2790,26.0,1.0420000000000016,23.976,339,False,640.0,360.0
fine,msasl,,2792,2809,18.0,0.7090000000000032,23.976,339,False,640.0,360.0
fine,msasl,,2765,2818,54.0,2.210000000000008,23.976,339,False,640.0,360.0
so,msasl,,2849,2902,54.0,2.2109999999999985,23.976,339,False,640.0,360.0
tired,msasl,,2929,2990,62.0,2.543999999999997,23.976,339,False,640.0,360.0
busy,msasl,,3017,3089,73.0,3.002999999999986,23.976,339,False,640.0,360.0
sick,msasl,,3127,3201,75.0,3.0860000000000127,23.976,339,False,640.0,360.0
like,msasl,,3224,3290,67.0,2.752000000000009,23.976,339,False,640.0,360.0
not like,msasl,,3311,3374,64.0,2.627999999999986,23.976,339,False,640.0,360.0
morning,msasl,,3401,3478,78.0,3.212000000000017,23.976,339,False,640.0,360.0
afternoon,msasl,,3493,3552,60.0,2.4609999999999843,23.976,339,False,640.0,360.0
night,msasl,,3562,3622,61.0,2.5030000000000143,23.976,339,False,640.0,360.0
know,msasl,,3646,3699,54.0,2.210000000000008,23.976,339,False,640.0,360.0
not know,msasl,,3708,3761,54.0,2.2110000000000127,23.976,339,False,640.0,360.0
gallaudet,msasl,,3777,3844,68.0,2.7949999999999875,23.976,339,False,640.0,360.0
how,msasl,,3863,3910,48.0,1.9610000000000127,23.976,339,False,640.0,360.0
computer,msasl,,3997,4058,62.0,2.544000000000011,23.976,339,False,640.0,360.0
sleep,msasl,,4091,4150,60.0,2.4610000000000127,23.976,339,False,640.0,360.0
drink,msasl,,4186,4239,54.0,2.2109999999999843,23.976,339,False,640.0,360.0
eat,msasl,,4268,4321,54.0,2.2110000000000127,23.976,339,False,640.0,360.0
no,msasl,,4441,4456,16.0,0.625,23.976,339,False,640.0,360.0
not,msasl,,4458,4494,37.0,1.5010000000000048,23.976,339,False,640.0,360.0
bicycle,msasl,,4531,4597,67.0,2.7530000000000143,23.976,339,False,640.0,360.0
exercise,msasl,,4645,4708,64.0,2.627999999999986,23.976,339,False,640.0,360.0
run,msasl,,4731,4827,97.0,4.003999999999991,23.976,339,False,640.0,360.0
walk,msasl,,4846,4913,68.0,2.794000000000011,23.976,339,False,640.0,360.0
bowl,msasl,,4951,5036,86.0,3.545000000000016,23.976,339,False,640.0,360.0
play,msasl,,5071,5142,72.0,2.9610000000000127,23.976,339,False,640.0,360.0
cook,msasl,,5166,5245,80.0,3.2949999999999875,23.976,339,False,640.0,360.0
sew,msasl,,5275,5336,62.0,2.545000000000016,23.976,339,False,640.0,360.0
television,msasl,,5393,5423,31.0,1.2510000000000048,23.976,339,False,640.0,360.0
watch,msasl,,5463,5554,92.0,3.794999999999988,23.976,339,False,640.0,360.0
paint,msasl,,5587,5666,80.0,3.2949999999999875,23.976,339,False,640.0,360.0
buy,msasl,,5692,5756,65.0,2.669000000000011,23.976,339,False,640.0,360.0
shop,msasl,,5783,5850,68.0,2.7949999999999875,23.976,339,False,640.0,360.0
travel,msasl,,5884,5957,74.0,3.0449999999999875,23.976,339,False,640.0,360.0
camp,msasl,,5979,6038,60.0,2.4610000000000127,23.976,339,False,640.0,360.0
game,msasl,,6159,6221,63.0,2.5860000000000127,23.976,339,False,640.0,360.0
excuse me,msasl,,6257,6321,65.0,2.6689999999999827,23.976,339,False,640.0,360.0
soda,msasl,,6343,6417,75.0,3.0860000000000127,23.976,339,False,640.0,360.0
water,msasl,,6545,6611,67.0,2.752999999999986,23.976,339,False,640.0,360.0
milk,msasl,,6638,6699,62.0,2.5439999999999827,23.976,339,False,640.0,360.0
tea,msasl,,6724,6795,72.0,2.9610000000000127,23.976,339,False,640.0,360.0
understand,msasl,,6824,6866,43.0,1.7510000000000332,23.976,339,False,640.0,360.0
not understand,msasl,,6872,6930,59.0,2.4189999999999827,23.976,339,False,640.0,360.0
milk,msasl,,0,128,129.0,4.271,29.97,27,False,640.0,360.0
uncle,msasl,,0,99,100.0,3.303,29.97,269,False,640.0,360.0
again,msasl,,0,41,42.0,1.71,23.976,181,False,640.0,360.0
argue,msasl,,0,71,72.0,2.369,29.97,191,False,1280.0,720.0
pull,msasl,,0,93,94.0,3.103,29.97,52,False,640.0,360.0
india,msasl,,0,45,46.0,1.502,29.97,4,False,640.0,360.0
where,msasl,,0,102,103.0,3.403,29.97,27,False,640.0,360.0
watch,msasl,,40,100,61.0,2.002,29.97,1,False,640.0,360.0
watch,msasl,,130,200,71.0,2.335,29.97,1,False,640.0,360.0
pizza,msasl,,0,89,90.0,2.97,29.97,1,False,640.0,360.0
sweden,msasl,,0,34,35.0,1.134,29.97,4,False,640.0,360.0
rabbit,msasl,,0,99,100.0,3.303,29.97,64,False,640.0,360.0
your,msasl,,0,111,112.0,3.704,29.97,27,False,640.0,360.0
frog,msasl,,0,96,97.0,3.203,29.97,27,False,640.0,360.0
where,msasl,,10,64,55.0,1.8009999999999995,29.97,1,False,640.0,360.0
where,msasl,,94,154,61.0,2.002,29.97,1,False,640.0,360.0
i,msasl,,4320,4342,23.0,0.7330000000000041,30.0,347,False,640.0,360.0
i,msasl,,4356,4368,13.0,0.4000000000000057,30.0,347,False,640.0,360.0
visit,msasl,,4387,4403,17.0,0.5339999999999918,30.0,347,False,640.0,360.0
visit,msasl,,4406,4444,39.0,1.2660000000000196,30.0,347,False,640.0,360.0
dance,msasl,,4628,4656,29.0,0.9329999999999928,30.0,347,False,640.0,360.0
dance,msasl,,4658,4678,21.0,0.6659999999999968,30.0,347,False,640.0,360.0
museum,msasl,,4765,4783,19.0,0.5999999999999943,30.0,347,False,640.0,360.0
museum,msasl,,4786,4805,20.0,0.6340000000000146,30.0,347,False,640.0,360.0
fun,msasl,,5118,5128,11.0,0.3329999999999984,30.0,347,False,640.0,360.0
fun,msasl,,5130,5157,28.0,0.9000000000000057,30.0,347,False,640.0,360.0
join,msasl,,5215,5239,25.0,0.8000000000000114,30.0,347,False,640.0,360.0
bear,msasl,,5287,5331,45.0,1.4669999999999843,30.0,347,False,640.0,360.0
deer,msasl,,5359,5377,19.0,0.5999999999999943,30.0,347,False,640.0,360.0
dolphin,msasl,,5417,5429,13.0,0.4000000000000057,30.0,347,False,640.0,360.0
dolphin,msasl,,5431,5466,36.0,1.1670000000000016,30.0,347,False,640.0,360.0
elephant,msasl,,5482,5548,67.0,2.1999999999999886,30.0,347,False,640.0,360.0
monkey,msasl,,5765,5781,17.0,0.532999999999987,30.0,347,False,640.0,360.0
monkey,msasl,,5786,5813,28.0,0.9000000000000057,30.0,347,False,640.0,360.0
snake,msasl,,5899,5920,22.0,0.6999999999999886,30.0,347,False,640.0,360.0
tiger,msasl,,5962,5986,25.0,0.799999999999983,30.0,347,False,640.0,360.0
whale,msasl,,6060,6114,55.0,1.8000000000000114,30.0,347,False,640.0,360.0
lunch,msasl,,6230,6259,30.0,0.9660000000000082,30.0,347,False,640.0,360.0
dinner,msasl,,6265,6306,42.0,1.3669999999999902,30.0,347,False,640.0,360.0
i,msasl,,6694,6750,57.0,1.8669999999999904,30.0,347,False,640.0,360.0
shower,msasl,,6787,6805,19.0,0.5999999999999943,30.0,347,False,640.0,360.0
shower,msasl,,6811,6826,16.0,0.5,30.0,347,False,640.0,360.0
pow,msasl,,7020,7053,34.0,1.0999999999999943,30.0,347,False,640.0,360.0
ears,msasl,,7847,7858,12.0,0.3659999999999854,30.0,348,False,640.0,360.0
ears,msasl,,7867,7887,21.0,0.6669999999999732,30.0,348,False,640.0,360.0
hate,msasl,,9447,9458,12.0,0.3670000000000186,30.0,350,False,640.0,360.0
lousy,msasl,,9528,9553,26.0,0.83299999999997,30.0,350,False,640.0,360.0
feel,msasl,,9575,9609,35.0,1.1330000000000382,30.0,350,False,640.0,360.0
not yet,msasl,,9626,9648,23.0,0.7330000000000041,30.0,350,False,640.0,360.0
loan,msasl,,9933,9955,23.0,0.7330000000000041,30.0,350,False,640.0,360.0
day,msasl,,10061,10071,11.0,0.33299999999997,30.0,350,False,640.0,360.0
take care,msasl,,10083,10100,18.0,0.5669999999999504,30.0,350,False,640.0,360.0
gas,msasl,,10310,10330,21.0,0.6660000000000537,30.0,350,False,640.0,360.0
fun,msasl,,10344,10361,18.0,0.5670000000000073,30.0,350,False,640.0,360.0
apply,msasl,,10582,10609,28.0,0.8999999999999773,30.0,350,False,640.0,360.0
refuse,msasl,,10887,10918,32.0,1.0330000000000157,30.0,350,False,640.0,360.0
soon,msasl,,11115,11157,43.0,1.3999999999999773,30.0,350,False,640.0,360.0
everyday,msasl,,11234,11257,24.0,0.7660000000000196,30.0,350,False,640.0,360.0
never,msasl,,11274,11296,23.0,0.7330000000000041,30.0,350,False,640.0,360.0
cat,msasl,,0,112,113.0,3.737,29.97,64,False,640.0,360.0
up,msasl,,0,111,112.0,3.7,30.003,27,False,640.0,360.0
me,msasl,,0,108,109.0,3.604,29.97,27,False,640.0,360.0
dentist,msasl,,0,94,95.0,3.136,29.97,269,False,640.0,360.0
loud,msasl,,0,99,100.0,3.303,29.97,35,False,640.0,360.0
partner,msasl,,0,55,56.0,1.835,29.97,191,False,1280.0,720.0
deaf,msasl,,0,23,24.0,0.767,29.97,4,False,640.0,360.0
two,msasl,,304,435,132.0,4.370999999999999,29.97,351,False,640.0,360.0
three,msasl,,467,597,131.0,4.338000000000001,29.97,351,False,640.0,360.0
four,msasl,,636,798,163.0,5.405999999999999,29.97,351,False,640.0,360.0
five,msasl,,836,975,140.0,4.636999999999997,29.97,351,False,640.0,360.0
six,msasl,,1024,1166,143.0,4.738999999999997,29.97,351,False,640.0,360.0
seven,msasl,,1198,1358,161.0,5.338999999999999,29.97,351,False,640.0,360.0
eight,msasl,,1397,1556,160.0,5.305999999999997,29.97,351,False,640.0,360.0
nine,msasl,,1595,1757,163.0,5.405000000000001,29.97,351,False,640.0,360.0
twenty,msasl,,3562,3692,131.0,4.337999999999994,29.97,351,False,640.0,360.0
22,msasl,,3955,4134,180.0,5.972999999999985,29.97,352,False,640.0,360.0
23,msasl,,4176,4346,171.0,5.673000000000002,29.97,352,False,640.0,360.0
24,msasl,,4373,4555,183.0,6.073000000000008,29.97,352,False,640.0,360.0
25,msasl,,4585,4728,144.0,4.77200000000002,29.97,352,False,640.0,360.0
26,msasl,,4768,4943,176.0,5.838999999999999,29.97,352,False,640.0,360.0
27,msasl,,4977,5143,167.0,5.538999999999987,29.97,352,False,640.0,360.0
28,msasl,,5175,5349,175.0,5.805000000000007,29.97,352,False,640.0,360.0
29,msasl,,5380,5516,137.0,4.537999999999983,29.97,352,False,640.0,360.0
30,msasl,,5558,5706,149.0,4.937999999999988,29.97,352,False,640.0,360.0
50,msasl,,8860,8957,98.0,3.23599999999999,29.97,352,False,640.0,360.0
work,msasl,,0,79,80.0,2.636,29.97,35,False,640.0,360.0
store,msasl,,0,82,83.0,2.736,29.97,139,False,640.0,360.0
work,msasl,,1485,1645,161.0,5.338000000000001,29.97,98,False,960.0,720.0
spring up,msasl,,1937,2087,151.0,5.004999999999996,29.97,98,False,960.0,720.0
become,msasl,,2319,2539,221.0,7.341000000000008,29.97,98,False,960.0,720.0
become,msasl,,2549,2628,80.0,2.635999999999996,29.97,98,False,960.0,720.0
will,msasl,,2947,3027,81.0,2.669000000000011,29.97,98,False,960.0,720.0
will,msasl,,3027,3132,106.0,3.503,29.97,98,False,960.0,720.0
want,msasl,,3349,3393,45.0,1.467999999999989,29.97,98,False,960.0,720.0
money,msasl,,3936,4012,77.0,2.5360000000000014,29.97,98,False,960.0,720.0
actor,msasl,,4290,4360,71.0,2.3360000000000127,29.97,98,False,960.0,720.0
actor,msasl,,4360,4457,98.0,3.23599999999999,29.97,98,False,960.0,720.0
athlete,msasl,,4872,5132,261.0,8.675999999999988,29.97,98,False,960.0,720.0
scientist,msasl,,5559,5622,64.0,2.1019999999999754,29.97,98,False,960.0,720.0
scientist,msasl,,5635,5725,91.0,3.0030000000000143,29.97,98,False,960.0,720.0
chef,msasl,,5908,5980,73.0,2.402999999999992,29.97,98,False,960.0,720.0
chef,msasl,,6020,6102,83.0,2.7360000000000184,29.97,98,False,960.0,720.0
chef,msasl,,6102,6144,43.0,1.4019999999999868,29.97,98,False,960.0,720.0
chef,msasl,,6144,6210,67.0,2.201999999999998,29.97,98,False,960.0,720.0
chef,msasl,,6210,6309,100.0,3.3029999999999973,29.97,98,False,960.0,720.0
counselor,msasl,,6874,6964,91.0,3.0030000000000143,29.97,98,False,960.0,720.0
counselor,msasl,,6984,7044,61.0,2.002000000000009,29.97,98,False,960.0,720.0
dentist,msasl,,7583,7693,111.0,3.670999999999992,29.97,98,False,960.0,720.0
doctor,msasl,,8754,8844,91.0,3.0030000000000427,29.97,98,False,960.0,720.0
nurse,msasl,,9262,9372,111.0,3.670000000000016,29.97,98,False,960.0,720.0
lawyer,msasl,,10044,10094,51.0,1.6680000000000064,29.97,98,False,960.0,720.0
lawyer,msasl,,10104,10156,53.0,1.7350000000000136,29.97,98,False,960.0,720.0
sorry,msasl,,10642,10840,199.0,6.606999999999971,29.97,98,False,960.0,720.0
interpreter,msasl,,12172,12242,71.0,2.3360000000000127,29.97,98,False,960.0,720.0
manager,msasl,,13336,13406,71.0,2.3360000000000127,29.97,98,False,960.0,720.0
mechanic,msasl,,13776,13916,141.0,4.6720000000000255,29.97,98,False,960.0,720.0
mechanic,msasl,,13916,13986,71.0,2.3349999999999795,29.97,98,False,960.0,720.0
photographer,msasl,,14692,14832,141.0,4.670999999999992,29.97,98,False,960.0,720.0
photographer,msasl,,14852,14898,47.0,1.5349999999999682,29.97,98,False,960.0,720.0
army,msasl,,16192,16334,143.0,4.737999999999943,29.97,98,False,960.0,720.0
principal,msasl,,17617,17738,122.0,4.036999999999921,29.97,98,False,960.0,720.0
principal,msasl,,17738,17815,78.0,2.5690000000000737,29.97,98,False,960.0,720.0
teacher,msasl,,18112,18172,61.0,2.0020000000000664,29.97,98,False,960.0,720.0
psychologist,msasl,,19621,19711,91.0,3.0030000000000427,29.97,98,False,960.0,720.0
psychologist,msasl,,19751,19811,61.0,2.0020000000000664,29.97,98,False,960.0,720.0
artist,msasl,,23843,23924,82.0,2.7029999999999745,29.97,98,False,960.0,720.0
artist,msasl,,23924,23967,44.0,1.4349999999999454,29.97,98,False,960.0,720.0
musician,msasl,,24151,24273,123.0,4.071000000000026,29.97,98,False,960.0,720.0
musician,msasl,,24273,24343,71.0,2.3360000000000127,29.97,98,False,960.0,720.0
freeze cream,msasl,,0,123,124.0,4.104,29.97,27,False,640.0,360.0
red,msasl,,0,111,112.0,3.7,30.003,27,False,640.0,360.0
salad,msasl,,0,102,103.0,3.403,29.97,27,False,640.0,360.0
cake,msasl,,0,132,133.0,4.404,29.97,27,False,640.0,360.0
sad,msasl,,0,126,127.0,4.204,29.97,35,False,640.0,360.0
funny,msasl,,0,70,71.0,2.336,29.97,35,False,640.0,360.0
lion,msasl,,0,99,100.0,3.303,29.97,64,False,640.0,360.0
polite,msasl,,180,353,174.0,5.772,29.97,24,False,1280.0,720.0
strange,msasl,,398,572,175.0,5.805999999999999,29.97,24,False,1280.0,720.0
complain,msasl,,1017,1164,148.0,4.905000000000001,29.97,24,False,1280.0,720.0
stubborn,msasl,,1210,1358,149.0,4.937999999999995,29.97,24,False,1280.0,720.0
nosy,msasl,,1395,1542,148.0,4.904000000000004,29.97,24,False,1280.0,720.0
strict,msasl,,1646,1793,148.0,4.904000000000004,29.97,24,False,1280.0,720.0
weak,msasl,,1865,2044,180.0,5.971999999999994,29.97,24,False,1280.0,720.0
serious,msasl,,2301,2448,148.0,4.905000000000001,29.97,24,False,1280.0,720.0
dumb,msasl,,3361,3509,149.0,4.939000000000007,29.97,24,False,1280.0,720.0
silly,msasl,,3553,3700,148.0,4.904999999999987,29.97,24,False,1280.0,720.0
awkward,msasl,,3728,3875,148.0,4.904999999999987,29.97,24,False,1280.0,720.0
mad,msasl,,4087,4234,148.0,4.903999999999996,29.97,24,False,1280.0,720.0
angry,msasl,,4269,4416,148.0,4.905000000000001,29.97,24,False,1280.0,720.0
quiet,msasl,,4750,4897,148.0,4.905000000000001,29.97,24,False,1280.0,720.0
principal,msasl,,0,36,37.0,1.201,29.97,4,False,640.0,360.0
light,msasl,,0,129,130.0,4.3,30.002,27,False,640.0,360.0
stop,msasl,,0,86,87.0,2.87,29.97,35,False,640.0,360.0
tired,msasl,,0,112,113.0,3.737,29.97,35,False,640.0,360.0
dog,msasl,,0,132,133.0,4.404,29.975,27,False,480.0,360.0
aunt,msasl,,0,95,96.0,3.17,29.97,269,False,640.0,360.0
jump,msasl,,0,83,84.0,2.769,29.97,238,False,640.0,360.0
girl,msasl,,0,105,106.0,3.5,30.003,27,False,640.0,360.0
name,msasl,,191,349,159.0,5.271999999999999,29.97,24,False,1280.0,720.0
school,msasl,,371,492,122.0,4.037000000000001,29.97,24,False,1280.0,720.0
group,msasl,,506,566,61.0,2.001999999999999,29.97,24,False,1280.0,720.0
group,msasl,,586,666,81.0,2.6690000000000005,29.97,24,False,1280.0,720.0
summer,msasl,,1097,1256,160.0,5.305999999999997,29.97,24,False,1280.0,720.0
autumn,msasl,,1277,1427,151.0,5.004999999999996,29.97,24,False,1280.0,720.0
winter,msasl,,1447,1587,141.0,4.671000000000007,29.97,24,False,1280.0,720.0
spring,msasl,,1609,1768,160.0,5.305,29.97,24,False,1280.0,720.0
class,msasl,,1792,1987,196.0,6.506999999999998,29.97,24,False,1280.0,720.0
deaf,msasl,,2001,2071,71.0,2.335000000000008,29.97,24,False,1280.0,720.0
deaf,msasl,,2091,2141,51.0,1.6680000000000064,29.97,24,False,1280.0,720.0
hearing,msasl,,2349,2510,162.0,5.372,29.97,24,False,1280.0,720.0
hard of hearing,msasl,,2535,2678,144.0,4.771000000000001,29.97,24,False,1280.0,720.0
absent,msasl,,2699,2899,201.0,6.673000000000002,29.97,24,False,1280.0,720.0
afternoon,msasl,,2922,3080,159.0,5.272000000000006,29.97,24,False,1280.0,720.0
again,msasl,,3107,3236,130.0,4.304999999999993,29.97,24,False,1280.0,720.0
bad,msasl,,3259,3417,159.0,5.271999999999991,29.97,24,False,1280.0,720.0
bathroom,msasl,,3441,3564,124.0,4.103999999999999,29.97,24,False,1280.0,720.0
bored,msasl,,3791,3949,159.0,5.271999999999991,29.97,24,False,1280.0,720.0
busy,msasl,,3978,4137,160.0,5.305000000000007,29.97,24,False,1280.0,720.0
can,msasl,,4166,4308,143.0,4.738,29.97,24,False,1280.0,720.0
can't,msasl,,4331,4490,160.0,5.305000000000007,29.97,24,False,1280.0,720.0
confused,msasl,,4508,4638,131.0,4.337999999999994,29.97,24,False,1280.0,720.0
confused,msasl,,4638,4748,111.0,3.670000000000016,29.97,24,False,1280.0,720.0
teacher,msasl,,5099,5270,172.0,5.7050000000000125,29.97,24,False,1280.0,720.0
not know,msasl,,5296,5448,153.0,5.072000000000003,29.97,24,False,1280.0,720.0
not like,msasl,,5472,5617,146.0,4.838999999999999,29.97,24,False,1280.0,720.0
not understand,msasl,,5641,5794,154.0,5.10499999999999,29.97,24,False,1280.0,720.0
feel,msasl,,0,42,43.0,1.752,23.976,181,False,640.0,360.0
half,msasl,,0,158,159.0,5.272,29.97,191,False,1280.0,720.0
twenty,msasl,,0,105,106.0,3.504,29.97,27,False,640.0,360.0
bread,msasl,,0,102,103.0,3.4,30.003,27,False,640.0,360.0
stand,msasl,,20,83,64.0,2.1020000000000003,29.97,1,False,640.0,360.0
stand,msasl,,113,193,81.0,2.6700000000000004,29.97,1,False,640.0,360.0
why,msasl,,40,110,71.0,2.335,29.97,1,False,640.0,360.0
why,msasl,,140,200,61.0,2.002,29.97,1,False,640.0,360.0
rainbow,msasl,,60,130,71.0,2.3360000000000003,29.97,1,False,640.0,360.0
rainbow,msasl,,130,210,81.0,2.669,29.97,1,False,640.0,360.0
seventeen,msasl,,0,135,136.0,4.505,29.97,27,False,640.0,360.0
lost,msasl,,438,528,91.0,3.0029999999999983,29.97,24,False,1280.0,720.0
lost,msasl,,588,778,191.0,6.338999999999999,29.97,24,False,1280.0,720.0
steal,msasl,,844,954,111.0,3.671,29.97,24,False,1280.0,720.0
steal,msasl,,954,1034,81.0,2.668999999999997,29.97,24,False,1280.0,720.0
steal,msasl,,1074,1164,91.0,3.003,29.97,24,False,1280.0,720.0
break,msasl,,1508,1681,174.0,5.771999999999999,29.97,24,False,1280.0,720.0
afraid,msasl,,1739,1931,193.0,6.405999999999999,29.97,24,False,1280.0,720.0
complain,msasl,,1996,2138,143.0,4.738,29.97,24,False,1280.0,720.0
fight,msasl,,2172,2252,81.0,2.6700000000000017,29.97,24,False,1280.0,720.0
fight,msasl,,2286,2376,91.0,3.003,29.97,24,False,1280.0,720.0
forget,msasl,,2489,2559,71.0,2.335000000000008,29.97,24,False,1280.0,720.0
forget,msasl,,2559,2641,83.0,2.73599999999999,29.97,24,False,1280.0,720.0
forget,msasl,,2671,2761,91.0,3.003,29.97,24,False,1280.0,720.0
cry,msasl,,3625,3823,199.0,6.6070000000000135,29.97,24,False,1280.0,720.0
lie,msasl,,4132,4325,194.0,6.439999999999998,29.97,24,False,1280.0,720.0
mischievous,msasl,,4743,4843,101.0,3.336999999999989,29.97,24,False,1280.0,720.0
mischievous,msasl,,4843,4943,101.0,3.3360000000000127,29.97,24,False,1280.0,720.0
no,msasl,,0,75,76.0,2.502,29.97,110,False,640.0,360.0
talk,msasl,,169,265,97.0,3.2030000000000003,29.97,24,False,1280.0,720.0
camping,msasl,,318,414,97.0,3.2029999999999994,29.97,24,False,1280.0,720.0
paper,msasl,,493,589,97.0,3.2029999999999994,29.97,24,False,1280.0,720.0
live,msasl,,662,758,97.0,3.203000000000003,29.97,24,False,1280.0,720.0
accident,msasl,,815,885,71.0,2.336000000000002,29.97,24,False,1280.0,720.0
accident,msasl,,895,968,74.0,2.436,29.97,24,False,1280.0,720.0
accident,msasl,,1028,1088,61.0,2.001999999999996,29.97,24,False,1280.0,720.0
accident,msasl,,1088,1148,61.0,2.0020000000000024,29.97,24,False,1280.0,720.0
live,msasl,,1230,1377,148.0,4.905000000000001,29.97,24,False,1280.0,720.0
love it,msasl,,1844,1894,51.0,1.6679999999999993,29.97,24,False,1280.0,720.0
love it,msasl,,1924,2064,141.0,4.671999999999997,29.97,24,False,1280.0,720.0
high school,msasl,,2129,2300,172.0,5.704999999999998,29.97,24,False,1280.0,720.0
college,msasl,,2334,2488,155.0,5.138000000000005,29.97,24,False,1280.0,720.0
graduate,msasl,,2565,2711,147.0,4.872,29.97,24,False,1280.0,720.0
happy,msasl,,2763,2833,71.0,2.3360000000000127,29.97,24,False,1280.0,720.0
happy,msasl,,2833,2893,61.0,2.001999999999996,29.97,24,False,1280.0,720.0
happy,msasl,,2916,3016,101.0,3.3370000000000037,29.97,24,False,1280.0,720.0
hate,msasl,,3072,3168,97.0,3.204000000000008,29.97,24,False,1280.0,720.0
enjoy,msasl,,3271,3413,143.0,4.738,29.97,24,False,1280.0,720.0
come on,msasl,,3451,3547,97.0,3.204000000000008,29.97,24,False,1280.0,720.0
like,msasl,,3590,3650,61.0,2.001999999999996,29.97,24,False,1280.0,720.0
like,msasl,,3690,3770,81.0,2.668999999999997,29.97,24,False,1280.0,720.0
like,msasl,,3780,3830,51.0,1.6679999999999922,29.97,24,False,1280.0,720.0
not like,msasl,,3844,3904,61.0,2.002000000000009,29.97,24,False,1280.0,720.0
not like,msasl,,3904,4004,101.0,3.336999999999989,29.97,24,False,1280.0,720.0
not like,msasl,,4004,4044,41.0,1.335000000000008,29.97,24,False,1280.0,720.0
annoy,msasl,,199,269,71.0,2.336000000000001,29.97,24,False,640.0,360.0
annoy,msasl,,399,499,101.0,3.336999999999998,29.97,24,False,640.0,360.0
arrogant,msasl,,1021,1179,159.0,5.271999999999999,29.97,24,False,640.0,360.0
friendly,msasl,,1260,1418,159.0,5.271999999999999,29.97,24,False,640.0,360.0
funny,msasl,,1452,1597,146.0,4.838999999999999,29.97,24,False,640.0,360.0
mischievous,msasl,,1637,1795,159.0,5.271999999999999,29.97,24,False,640.0,360.0
shy,msasl,,1835,1993,159.0,5.271999999999999,29.97,24,False,640.0,360.0
sweet,msasl,,2059,2217,159.0,5.272000000000006,29.97,24,False,640.0,360.0
laugh,msasl,,2229,2363,135.0,4.471000000000004,29.97,24,False,640.0,360.0
boring,msasl,,2602,2760,159.0,5.272000000000006,29.97,24,False,640.0,360.0
interesting,msasl,,2823,2981,159.0,5.271999999999991,29.97,24,False,640.0,360.0
negative,msasl,,3066,3224,159.0,5.271999999999991,29.97,24,False,640.0,360.0
motivated,msasl,,3240,3317,78.0,2.5690000000000026,29.97,24,False,640.0,360.0
motivated,msasl,,3317,3407,91.0,3.003,29.97,24,False,640.0,360.0
lazy,msasl,,3454,3612,159.0,5.271999999999991,29.97,24,False,640.0,360.0
positive,msasl,,3840,3998,159.0,5.27200000000002,29.97,24,False,640.0,360.0
smart,msasl,,4024,4182,159.0,5.271999999999991,29.97,24,False,640.0,360.0
stupid,msasl,,4238,4396,159.0,5.27200000000002,29.97,24,False,640.0,360.0
rich,msasl,,4915,5073,159.0,5.271999999999991,29.97,24,False,640.0,360.0
poor,msasl,,5861,6018,158.0,5.238999999999976,29.97,24,False,640.0,360.0
wood,msasl,,0,87,88.0,2.903,29.97,0,False,640.0,360.0
home,msasl,,0,114,115.0,3.8,30.003,27,False,640.0,360.0
sixteen,msasl,,0,107,108.0,3.57,29.97,52,False,640.0,360.0
yes,msasl,,10,70,61.0,2.002,29.97,1,False,640.0,360.0
yes,msasl,,100,150,51.0,1.6679999999999997,29.97,1,False,640.0,360.0
read,msasl,,0,78,79.0,2.603,29.97,376,False,640.0,360.0
stop,msasl,,20,80,61.0,2.002,29.97,1,False,640.0,360.0
stop,msasl,,120,170,51.0,1.668,29.97,1,False,640.0,360.0
change,msasl,,0,138,139.0,4.6,30.002,27,False,640.0,360.0
car,msasl,,0,105,106.0,3.5,30.003,27,False,640.0,360.0
eat,msasl,,0,105,106.0,3.504,29.97,27,False,640.0,360.0
finland,msasl,,0,38,39.0,1.268,29.97,4,False,640.0,360.0
hamburger,msasl,,0,44,45.0,1.835,23.976,181,False,640.0,360.0
one,msasl,,1461,1501,41.0,1.333999999999996,29.97,378,False,640.0,360.0
one,msasl,,1513,1573,61.0,2.001999999999996,29.97,378,False,640.0,360.0
one,msasl,,1653,1693,41.0,1.3350000000000009,29.97,378,False,640.0,360.0
two,msasl,,1898,1957,60.0,1.9690000000000083,29.97,378,False,640.0,360.0
three,msasl,,2000,2042,43.0,1.402000000000001,29.97,378,False,640.0,360.0
three,msasl,,2018,2145,128.0,4.236999999999995,29.97,378,False,640.0,360.0
four,msasl,,2209,2279,71.0,2.3360000000000127,29.97,378,False,640.0,360.0
six,msasl,,2548,2697,150.0,4.971999999999994,29.97,378,False,640.0,360.0
seven,msasl,,2748,2798,51.0,1.6680000000000064,29.97,378,False,640.0,360.0
seven,msasl,,3188,3248,61.0,2.001999999999996,29.97,378,False,640.0,360.0
eight,msasl,,3302,3394,93.0,3.0689999999999884,29.97,378,False,640.0,360.0
nine,msasl,,3436,3498,63.0,2.0690000000000026,29.97,378,False,640.0,360.0
eleven,msasl,,4399,4478,80.0,2.635999999999996,29.97,378,False,640.0,360.0
eleven,msasl,,4478,4528,51.0,1.6680000000000064,29.97,378,False,640.0,360.0
twelve,msasl,,4869,4989,121.0,4.004000000000019,29.97,378,False,640.0,360.0
thirteen,msasl,,5342,5408,67.0,2.201999999999998,29.97,378,False,640.0,360.0
thirteen,msasl,,5408,5440,33.0,1.0679999999999836,29.97,378,False,640.0,360.0
fourteen,msasl,,5603,5697,95.0,3.1370000000000005,29.97,378,False,640.0,360.0
fifteen,msasl,,5744,5836,93.0,3.0700000000000216,29.97,378,False,640.0,360.0
sixteen,msasl,,6529,6549,21.0,0.6670000000000016,29.97,378,False,640.0,360.0
sixteen,msasl,,6553,6653,101.0,3.3360000000000127,29.97,378,False,640.0,360.0
sixteen,msasl,,6933,7003,71.0,2.3360000000000127,29.97,378,False,640.0,360.0
seventeen,msasl,,7380,7440,61.0,2.001999999999981,29.97,378,False,640.0,360.0
eighteen,msasl,,7487,7546,60.0,1.968999999999994,29.97,378,False,640.0,360.0
nineteen,msasl,,7597,7671,75.0,2.468999999999994,29.97,378,False,640.0,360.0
twenty,msasl,,7929,8036,108.0,3.570999999999969,29.97,378,False,640.0,360.0
one,msasl,,8237,8301,65.0,2.1359999999999677,29.97,378,False,640.0,360.0
two,msasl,,8342,8368,27.0,0.8669999999999618,29.97,378,False,640.0,360.0
four,msasl,,8476,8521,46.0,1.5010000000000332,29.97,378,False,640.0,360.0
eleven,msasl,,9014,9036,23.0,0.7339999999999804,29.97,378,False,640.0,360.0
twelve,msasl,,9082,9133,52.0,1.7019999999999982,29.97,378,False,640.0,360.0
fourteen,msasl,,9256,9287,32.0,1.0339999999999918,29.97,378,False,640.0,360.0
fifteen,msasl,,9326,9350,25.0,0.8000000000000114,29.97,378,False,640.0,360.0
sixteen,msasl,,9396,9428,33.0,1.0680000000000405,29.97,378,False,640.0,360.0
nineteen,msasl,,9621,9648,28.0,0.9010000000000103,29.97,378,False,640.0,360.0
twenty,msasl,,9696,9732,37.0,1.200999999999965,29.97,378,False,640.0,360.0
aunt,msasl,,10,80,71.0,2.335,29.97,1,False,640.0,360.0
aunt,msasl,,110,190,81.0,2.67,29.97,1,False,640.0,360.0
cheese,msasl,,0,141,142.0,4.7,30.002,27,False,640.0,360.0
favorite,msasl,,0,179,180.0,5.973,29.97,1,False,640.0,360.0
grandfather,msasl,,0,194,195.0,6.473,29.97,1,False,640.0,360.0
afraid,msasl,,0,105,106.0,3.504,29.97,27,False,640.0,360.0
100,msasl,,0,37,38.0,1.235,29.97,136,False,640.0,360.0
want,msasl,,0,94,95.0,3.136,29.97,35,False,640.0,360.0
remember,msasl,,40,150,111.0,3.67,29.97,1,False,640.0,360.0
remember,msasl,,180,260,81.0,2.6690000000000005,29.97,1,False,640.0,360.0
squirrel,msasl,,0,112,113.0,3.737,29.97,64,False,640.0,360.0
puerto rico,msasl,,0,33,34.0,1.101,29.97,4,False,640.0,360.0
india,msasl,,0,28,29.0,0.934,29.97,4,False,640.0,360.0
me,msasl,,383,505,123.0,4.0710000000000015,29.97,24,False,1280.0,720.0
we,msasl,,844,1037,194.0,6.439999999999998,29.97,24,False,1280.0,720.0
elephant,msasl,,0,141,142.0,4.705,29.97,64,False,640.0,360.0
hurt,msasl,,0,90,91.0,3.003,29.97,27,False,640.0,360.0
shop,msasl,,0,102,103.0,3.403,29.97,37,False,640.0,360.0
dolphin,msasl,,0,128,129.0,4.271,29.97,64,False,640.0,360.0
about,msasl,,12,58,47.0,1.539,29.877,390,False,568.0,320.0
about,msasl,,99,164,66.0,2.175,29.877,390,False,568.0,320.0
for,msasl,,635,677,43.0,1.4059999999999988,29.877,390,False,568.0,320.0
for,msasl,,732,805,74.0,2.443999999999999,29.877,390,False,568.0,320.0
after,msasl,,850,888,39.0,1.272000000000002,29.877,390,False,568.0,320.0
after,msasl,,929,957,29.0,0.9369999999999976,29.877,390,False,568.0,320.0
after,msasl,,959,998,40.0,1.3060000000000045,29.877,390,False,568.0,320.0
have,msasl,,1741,1764,24.0,0.7700000000000031,29.877,390,False,568.0,320.0
have,msasl,,1798,1843,46.0,1.5060000000000002,29.877,390,False,568.0,320.0
like,msasl,,2452,2504,53.0,1.740000000000009,29.877,390,False,568.0,320.0
we,msasl,,3452,3519,68.0,2.242999999999995,29.877,390,False,568.0,320.0
and,msasl,,3538,3558,21.0,0.6689999999999969,29.877,390,False,568.0,320.0
and,msasl,,3587,3628,42.0,1.372,29.877,390,False,568.0,320.0
you,msasl,,3793,3821,29.0,0.9370000000000118,29.877,390,False,568.0,320.0
you,msasl,,3859,3911,53.0,1.739999999999981,29.877,390,False,568.0,320.0
out,msasl,,4401,4432,32.0,1.038000000000011,29.877,390,False,568.0,320.0
out,msasl,,4470,4525,56.0,1.841000000000008,29.877,390,False,568.0,320.0
down,msasl,,4561,4584,24.0,0.7700000000000102,29.877,390,False,568.0,320.0
down,msasl,,4620,4663,44.0,1.4390000000000214,29.877,390,False,568.0,320.0
baseball,msasl,,0,119,120.0,3.971,29.97,269,False,640.0,360.0
how are you,msasl,,0,117,118.0,3.904,29.97,27,False,640.0,360.0
brown,msasl,,0,110,111.0,3.67,29.97,134,False,640.0,360.0
pepper,msasl,,0,38,39.0,1.268,29.97,4,False,640.0,360.0
hair,msasl,,0,194,195.0,6.473,29.97,1,False,640.0,360.0
future,msasl,,0,47,48.0,1.536,30.593,191,False,1280.0,720.0
twenty,msasl,,0,95,96.0,3.17,29.97,52,False,640.0,360.0
purple,msasl,,0,123,124.0,4.104,29.97,27,False,640.0,360.0
sick,msasl,,0,91,92.0,3.036,29.97,269,False,640.0,360.0
know,msasl,,0,49,50.0,2.044,23.976,181,False,640.0,360.0
italy,msasl,,0,26,27.0,0.868,29.97,4,False,640.0,360.0
goat,msasl,,0,120,121.0,4.004,29.97,64,False,640.0,360.0
banana,msasl,,0,111,112.0,3.7,30.003,27,False,640.0,360.0
what,msasl,,30,80,51.0,1.668,29.97,1,False,640.0,360.0
what,msasl,,0,93,94.0,3.103,29.97,238,False,640.0,360.0
dolphin,msasl,,0,106,107.0,3.537,29.97,64,False,640.0,360.0
feel,msasl,,0,105,106.0,3.504,29.97,27,False,640.0,360.0
hurt,msasl,,0,78,79.0,2.603,29.97,269,False,640.0,360.0
photography,msasl,,197,310,114.0,3.770999999999999,29.97,24,False,1280.0,720.0
health,msasl,,349,461,113.0,3.737,29.97,24,False,1280.0,720.0
business,msasl,,836,948,113.0,3.737000000000002,29.97,24,False,1280.0,720.0
speech,msasl,,1231,1343,113.0,3.737000000000002,29.97,24,False,1280.0,720.0
wood,msasl,,1426,1538,113.0,3.7369999999999943,29.97,24,False,1280.0,720.0
yearbook,msasl,,1580,1680,101.0,3.336999999999996,29.97,24,False,1280.0,720.0
yearbook,msasl,,1760,1920,161.0,5.338999999999992,29.97,24,False,1280.0,720.0
math,msasl,,2057,2218,162.0,5.372,29.97,24,False,1280.0,720.0
algebra,msasl,,2291,2468,178.0,5.906000000000006,29.97,24,False,1280.0,720.0
calculus,msasl,,2534,2647,114.0,3.771000000000001,29.97,24,False,1280.0,720.0
geometry,msasl,,2709,2821,113.0,3.7369999999999943,29.97,24,False,1280.0,720.0
trigonometry,msasl,,2868,2946,79.0,2.602000000000004,29.97,24,False,1280.0,720.0
trigonometry,msasl,,2990,3046,57.0,1.869,29.97,24,False,1280.0,720.0
english,msasl,,3093,3243,151.0,5.004999999999996,29.97,24,False,1280.0,720.0
english,msasl,,3273,3380,108.0,3.569999999999993,29.97,24,False,1280.0,720.0
spanish,msasl,,3443,3543,101.0,3.3370000000000037,29.97,24,False,1280.0,720.0
spanish,msasl,,3576,3636,61.0,2.001999999999996,29.97,24,False,1280.0,720.0
germany,msasl,,3912,3992,81.0,2.6699999999999875,29.97,24,False,1280.0,720.0
germany,msasl,,3992,4075,84.0,2.769000000000005,29.97,24,False,1280.0,720.0
germany,msasl,,4108,4188,81.0,2.670000000000016,29.97,24,False,1280.0,720.0
germany,msasl,,4188,4302,115.0,3.802999999999997,29.97,24,False,1280.0,720.0
france,msasl,,4382,4494,113.0,3.7369999999999943,29.97,24,False,1280.0,720.0
asl,msasl,,5010,5079,70.0,2.3019999999999925,29.97,24,False,1280.0,720.0
asl,msasl,,5079,5179,101.0,3.337000000000017,29.97,24,False,1280.0,720.0
pumpkin,msasl,,0,117,118.0,3.9,30.0,27,False,640.0,360.0
cuba,msasl,,0,35,36.0,1.168,29.97,4,False,640.0,360.0
laugh,msasl,,0,93,94.0,3.103,29.97,35,False,640.0,360.0
separate,msasl,,156,206,51.0,1.6689999999999996,29.97,24,False,1280.0,720.0
separate,msasl,,286,416,131.0,4.338000000000001,29.97,24,False,1280.0,720.0
meet,msasl,,517,671,155.0,5.137999999999998,29.97,24,False,1280.0,720.0
old,msasl,,760,914,155.0,5.137999999999998,29.97,24,False,1280.0,720.0
woman,msasl,,1420,1490,71.0,2.335000000000001,29.97,24,False,1280.0,720.0
woman,msasl,,1520,1590,71.0,2.3359999999999985,29.97,24,False,1280.0,720.0
woman,msasl,,1640,1700,61.0,2.0020000000000024,29.97,24,False,1280.0,720.0
woman,msasl,,1700,1770,71.0,2.3359999999999985,29.97,24,False,1280.0,720.0
born,msasl,,1913,2067,155.0,5.138999999999996,29.97,24,False,1280.0,720.0
break up,msasl,,2116,2216,101.0,3.3370000000000037,29.97,24,False,1280.0,720.0
break up,msasl,,2216,2359,144.0,4.771000000000001,29.97,24,False,1280.0,720.0
girl,msasl,,2777,2918,142.0,4.704999999999998,29.97,24,False,1280.0,720.0
boy,msasl,,2946,3079,134.0,4.438000000000002,29.97,24,False,1280.0,720.0
pregnant,msasl,,3086,3238,153.0,5.070999999999998,29.97,24,False,1280.0,720.0
pregnant,msasl,,3280,3430,151.0,5.004999999999996,29.97,24,False,1280.0,720.0
in law,msasl,,3487,3641,155.0,5.138000000000005,29.97,24,False,1280.0,720.0
sweetheart,msasl,,3958,4113,156.0,5.171999999999997,29.97,24,False,1280.0,720.0
engaged,msasl,,4164,4318,155.0,5.138000000000005,29.97,24,False,1280.0,720.0
young,msasl,,4407,4562,156.0,5.171999999999997,29.97,24,False,1280.0,720.0
date,msasl,,4963,5118,156.0,5.171999999999997,29.97,24,False,1280.0,720.0
man,msasl,,5179,5269,91.0,3.002999999999986,29.97,24,False,1280.0,720.0
man,msasl,,5282,5375,94.0,3.1030000000000086,29.97,24,False,1280.0,720.0
wedding,msasl,,5691,5845,155.0,5.138000000000005,29.97,24,False,1280.0,720.0
marry,msasl,,5977,6132,156.0,5.171000000000021,29.97,24,False,1280.0,720.0
spring up,msasl,,6188,6343,156.0,5.171999999999997,29.97,24,False,1280.0,720.0
die,msasl,,6383,6453,71.0,2.3359999999999843,29.97,24,False,1280.0,720.0
die,msasl,,6493,6563,71.0,2.335000000000008,29.97,24,False,1280.0,720.0
dog,msasl,,0,79,80.0,2.636,29.97,64,False,640.0,360.0
here,msasl,,10,60,51.0,1.6679999999999997,29.97,1,False,640.0,360.0
here,msasl,,100,160,61.0,2.002,29.97,1,False,640.0,360.0
need,msasl,,100,150,51.0,1.6679999999999997,29.97,1,False,640.0,360.0
need,msasl,,190,270,81.0,2.6690000000000005,29.97,1,False,640.0,360.0
candy,msasl,,0,105,106.0,3.5,30.003,27,False,640.0,360.0
ireland,msasl,,0,29,30.0,0.968,29.97,4,False,640.0,360.0
nurse,msasl,,0,131,132.0,4.371,29.97,27,False,640.0,360.0
egypt,msasl,,0,27,28.0,0.901,29.97,4,False,640.0,360.0
absent,msasl,,0,80,81.0,2.669,29.97,399,False,640.0,360.0
afternoon,msasl,,139,198,60.0,1.9690000000000003,29.97,399,False,640.0,360.0
again,msasl,,217,319,103.0,3.4030000000000005,29.97,399,False,640.0,360.0
bathroom,msasl,,547,609,63.0,2.0680000000000014,29.97,399,False,640.0,360.0
bored,msasl,,837,916,80.0,2.6359999999999992,29.97,399,False,640.0,360.0
busy,msasl,,938,1017,80.0,2.6359999999999992,29.97,399,False,640.0,360.0
can't,msasl,,1182,1261,80.0,2.636000000000003,29.97,399,False,640.0,360.0
confused,msasl,,1281,1381,101.0,3.3359999999999985,29.97,399,False,640.0,360.0
deaf,msasl,,1393,1490,98.0,3.236000000000004,29.97,399,False,640.0,360.0
not know,msasl,,1642,1721,80.0,2.636000000000003,29.97,399,False,640.0,360.0
not understand,msasl,,1868,1947,80.0,2.636000000000003,29.97,399,False,640.0,360.0
due,msasl,,2000,2079,80.0,2.635999999999996,29.97,399,False,640.0,360.0
night,msasl,,2166,2274,109.0,3.603999999999999,29.97,399,False,640.0,360.0
excited,msasl,,2284,2369,86.0,2.8370000000000037,29.97,399,False,640.0,360.0
eye contact,msasl,,2408,2544,137.0,4.538000000000011,29.97,399,False,640.0,360.0
favorite,msasl,,2713,2792,80.0,2.635999999999996,29.97,399,False,640.0,360.0
fine,msasl,,2811,2890,80.0,2.63600000000001,29.97,399,False,640.0,360.0
focus,msasl,,2903,2990,88.0,2.903000000000006,29.97,399,False,640.0,360.0
friend,msasl,,3045,3124,80.0,2.634999999999991,29.97,399,False,640.0,360.0
go to,msasl,,3148,3227,80.0,2.63600000000001,29.97,399,False,640.0,360.0
bye,msasl,,3391,3470,80.0,2.635999999999996,29.97,399,False,640.0,360.0
happy,msasl,,3593,3672,80.0,2.63600000000001,29.97,399,False,640.0,360.0
hard of hearing,msasl,,3708,3787,80.0,2.635999999999996,29.97,399,False,640.0,360.0
he,msasl,,3789,3867,79.0,2.6029999999999944,29.97,399,False,640.0,360.0
hello,msasl,,4037,4116,80.0,2.635999999999996,29.97,399,False,640.0,360.0
hi,msasl,,4124,4203,80.0,2.635999999999996,29.97,399,False,640.0,360.0
hold on,msasl,,4215,4294,80.0,2.6350000000000198,29.97,399,False,640.0,360.0
homework,msasl,,4329,4489,161.0,5.338999999999999,29.97,399,False,640.0,360.0
introduce,msasl,,4869,4948,80.0,2.636000000000024,29.97,399,False,640.0,360.0
know,msasl,,4985,5064,80.0,2.635999999999996,29.97,399,False,640.0,360.0
last,msasl,,5131,5163,33.0,1.0679999999999836,29.97,399,False,640.0,360.0
learn,msasl,,5293,5372,80.0,2.635999999999996,29.97,399,False,640.0,360.0
like,msasl,,5422,5501,80.0,2.636000000000024,29.97,399,False,640.0,360.0
meet,msasl,,5871,6021,151.0,5.005000000000024,29.97,399,False,640.0,360.0
morning,msasl,,6038,6137,100.0,3.3029999999999973,29.97,399,False,640.0,360.0
movie,msasl,,6165,6255,91.0,3.0030000000000143,29.97,399,False,640.0,360.0
name,msasl,,6374,6453,80.0,2.635999999999996,29.97,399,False,640.0,360.0
nice,msasl,,6469,6559,91.0,3.0030000000000143,29.97,399,False,640.0,360.0
no,msasl,,7220,7315,96.0,3.1699999999999875,29.97,399,False,640.0,360.0
nothing,msasl,,7464,7559,96.0,3.1699999999999875,29.97,399,False,640.0,360.0
please,msasl,,7575,7654,80.0,2.635999999999996,29.97,399,False,640.0,360.0
practice,msasl,,7690,7784,95.0,3.136000000000024,29.97,399,False,640.0,360.0
sad,msasl,,7827,7919,93.0,3.069999999999993,29.97,399,False,640.0,360.0
afraid,msasl,,8089,8168,80.0,2.6359999999999677,29.97,399,False,640.0,360.0
school,msasl,,8180,8249,70.0,2.3029999999999973,29.97,399,False,640.0,360.0
see,msasl,,8264,8343,80.0,2.6359999999999677,29.97,399,False,640.0,360.0
sick,msasl,,8504,8583,80.0,2.636000000000024,29.97,399,False,640.0,360.0
sleepy,msasl,,8729,8847,119.0,3.937000000000012,29.97,399,False,640.0,360.0
slow,msasl,,8878,8973,96.0,3.170000000000016,29.97,399,False,640.0,360.0
so,msasl,,9008,9101,94.0,3.1030000000000086,29.97,399,False,640.0,360.0
take care,msasl,,9131,9225,95.0,3.1370000000000005,29.97,399,False,640.0,360.0
tired,msasl,,9236,9339,104.0,3.435999999999978,29.97,399,False,640.0,360.0
tomorrow,msasl,,9542,9621,80.0,2.636000000000024,29.97,399,False,640.0,360.0
understand,msasl,,9790,9869,80.0,2.6359999999999677,29.97,399,False,640.0,360.0
want,msasl,,9884,9955,72.0,2.369000000000028,29.97,399,False,640.0,360.0
we,msasl,,9964,10044,81.0,2.670000000000016,29.97,399,False,640.0,360.0
what's up,msasl,,10076,10155,80.0,2.636000000000024,29.97,399,False,640.0,360.0
yes,msasl,,10191,10270,80.0,2.6359999999999677,29.97,399,False,640.0,360.0
how are you,msasl,,10489,10587,99.0,3.269999999999982,29.97,399,False,640.0,360.0
nice to meet you,msasl,,10704,10800,97.0,3.203000000000032,29.97,399,False,640.0,360.0
happy,msasl,,1558,1693,136.0,4.505000000000003,29.97,400,False,640.0,360.0
sad,msasl,,1706,1831,126.0,4.170000000000002,29.97,400,False,640.0,360.0
sad,msasl,,2245,2327,83.0,2.736000000000004,29.97,400,False,640.0,360.0
angry,msasl,,2383,2489,107.0,3.536999999999992,29.97,400,False,640.0,360.0
mad,msasl,,2505,2615,111.0,3.6700000000000017,29.97,400,False,640.0,360.0
afraid,msasl,,2718,2827,110.0,3.637000000000001,29.97,400,False,640.0,360.0
excited,msasl,,2962,3063,102.0,3.3700000000000045,29.97,400,False,640.0,360.0
surprise,msasl,,3090,3221,132.0,4.371000000000009,29.97,400,False,640.0,360.0
nervous,msasl,,3485,3525,41.0,1.3349999999999935,29.97,400,False,640.0,360.0
nervous,msasl,,3554,3613,60.0,1.9690000000000083,29.97,400,False,640.0,360.0
love,msasl,,3830,3879,50.0,1.6350000000000051,29.97,400,False,640.0,360.0
upset,msasl,,4896,5062,167.0,5.538999999999987,29.97,400,False,640.0,360.0
shock,msasl,,5275,5385,111.0,3.670000000000016,29.97,400,False,640.0,360.0
shock,msasl,,5385,5425,41.0,1.335000000000008,29.97,400,False,640.0,360.0
guilty,msasl,,5548,5734,187.0,6.206000000000017,29.97,400,False,640.0,360.0
lonely,msasl,,5757,5923,167.0,5.538999999999987,29.97,400,False,640.0,360.0
jealous,msasl,,5941,6093,153.0,5.072000000000003,29.97,400,False,640.0,360.0
annoy,msasl,,6173,6283,111.0,3.670999999999992,29.97,400,False,640.0,360.0
silly,msasl,,6435,6543,109.0,3.6030000000000086,29.97,400,False,640.0,360.0
funny,msasl,,6570,6671,102.0,3.3700000000000045,29.97,400,False,640.0,360.0
proud,msasl,,6690,6805,116.0,3.836999999999989,29.97,400,False,640.0,360.0
hurt,msasl,,7288,7398,111.0,3.6710000000000207,29.97,400,False,640.0,360.0
tired,msasl,,7557,7676,120.0,3.971000000000004,29.97,400,False,640.0,360.0
sleepy,msasl,,7704,7778,75.0,2.468999999999994,29.97,400,False,640.0,360.0
worry,msasl,,7821,7929,109.0,3.6030000000000086,29.97,400,False,640.0,360.0
bored,msasl,,7984,8077,94.0,3.103999999999985,29.97,400,False,640.0,360.0
your,msasl,,0,117,118.0,3.904,29.97,27,False,640.0,360.0
six,msasl,,0,86,87.0,2.87,29.97,52,False,640.0,360.0
lost,msasl,,0,73,74.0,2.436,29.97,269,False,640.0,360.0
giraffe,msasl,,0,98,99.0,3.27,29.97,64,False,640.0,360.0
cold,msasl,,0,102,103.0,3.403,29.97,269,False,640.0,360.0
time,msasl,,40,140,101.0,3.3360000000000003,29.97,1,False,640.0,360.0
time,msasl,,173,266,94.0,3.103999999999999,29.97,1,False,640.0,360.0
learn,msasl,,80,170,91.0,3.003,29.97,1,False,640.0,360.0
learn,msasl,,170,230,61.0,2.0020000000000007,29.97,1,False,640.0,360.0
silver,msasl,,0,71,72.0,2.369,29.97,134,False,640.0,360.0
delicious,msasl,,0,73,74.0,2.436,29.97,269,False,640.0,360.0
eat,msasl,,152,232,81.0,2.669,29.97,24,False,1280.0,720.0
eat,msasl,,302,382,81.0,2.6690000000000005,29.97,24,False,1280.0,720.0
eat,msasl,,453,622,170.0,5.639000000000001,29.97,24,False,1280.0,720.0
hungry,msasl,,664,720,57.0,1.869,29.97,24,False,1280.0,720.0
hungry,msasl,,750,820,71.0,2.336000000000002,29.97,24,False,1280.0,720.0
hungry,msasl,,840,900,61.0,2.0020000000000024,29.97,24,False,1280.0,720.0
ready,msasl,,975,1025,51.0,1.669000000000004,29.97,24,False,1280.0,720.0
ready,msasl,,1025,1115,91.0,3.003,29.97,24,False,1280.0,720.0
restaurant,msasl,,1482,1552,71.0,2.3359999999999985,29.97,24,False,1280.0,720.0
restaurant,msasl,,1552,1682,131.0,4.338000000000001,29.97,24,False,1280.0,720.0
with,msasl,,1748,1948,201.0,6.673000000000002,29.97,24,False,1280.0,720.0
time,msasl,,0,110,111.0,3.67,29.97,27,False,640.0,360.0
sweet,msasl,,0,101,102.0,3.37,29.97,27,False,640.0,360.0
medicine,msasl,,0,103,104.0,3.437,29.97,269,False,640.0,360.0
butterfly,msasl,,0,105,106.0,4.2,25.0,93,False,640.0,360.0
weak,msasl,,0,97,98.0,3.237,29.97,269,False,640.0,360.0
finish,msasl,,0,30,31.0,1.001,29.97,4,False,640.0,360.0
fine,msasl,,30,90,61.0,2.002,29.97,1,False,640.0,360.0
fine,msasl,,120,170,51.0,1.668,29.97,1,False,640.0,360.0
baby,msasl,,0,108,109.0,3.6,30.003,27,False,640.0,360.0
you,msasl,,0,62,63.0,2.069,29.97,139,False,640.0,360.0
good,msasl,,191,221,31.0,1.0009999999999994,29.97,402,False,480.0,360.0
good,msasl,,224,280,57.0,1.869,29.97,402,False,480.0,360.0
bad,msasl,,286,375,90.0,2.9700000000000006,29.97,402,False,480.0,360.0
poor,msasl,,597,703,107.0,3.536999999999999,29.97,402,False,480.0,360.0
poor,msasl,,630,700,71.0,2.3359999999999985,29.97,402,False,480.0,360.0
young,msasl,,1081,1145,65.0,2.135999999999996,29.97,402,False,480.0,360.0
young,msasl,,1147,1188,42.0,1.368000000000002,29.97,402,False,480.0,360.0
old,msasl,,1272,1361,90.0,2.969999999999999,29.97,402,False,480.0,360.0
strong,msasl,,1527,1549,23.0,0.7340000000000018,29.97,402,False,480.0,360.0
strong,msasl,,1553,1616,64.0,2.103000000000001,29.97,402,False,480.0,360.0
weak,msasl,,1660,1748,89.0,2.936,29.97,402,False,480.0,360.0
sad,msasl,,1832,1901,70.0,2.302,29.97,402,False,480.0,360.0
sad,msasl,,1873,1936,64.0,2.1019999999999968,29.97,402,False,480.0,360.0
sad,msasl,,1922,1981,60.0,1.9680000000000035,29.97,402,False,480.0,360.0
excited,msasl,,2418,2454,37.0,1.2010000000000076,29.97,402,False,480.0,360.0
excited,msasl,,2461,2492,32.0,1.0350000000000108,29.97,402,False,480.0,360.0
excited,msasl,,2474,2499,26.0,0.833999999999989,29.97,402,False,480.0,360.0
excited,msasl,,2515,2536,22.0,0.7009999999999934,29.97,402,False,480.0,360.0
humble,msasl,,2821,2970,150.0,4.972000000000008,29.97,402,False,480.0,360.0
arrogant,msasl,,3015,3104,90.0,2.969999999999999,29.97,402,False,480.0,360.0
arrogant,msasl,,3088,3143,56.0,1.8349999999999935,29.97,402,False,480.0,360.0
snob,msasl,,3217,3366,150.0,4.971000000000004,29.97,402,False,480.0,360.0
famous,msasl,,3437,3492,56.0,1.835000000000008,29.97,402,False,480.0,360.0
famous,msasl,,3502,3557,56.0,1.835000000000008,29.97,402,False,480.0,360.0
famous,msasl,,3568,3590,23.0,0.7339999999999947,29.97,402,False,480.0,360.0
strange,msasl,,4114,4263,150.0,4.97199999999998,29.97,402,False,480.0,360.0
ugly,msasl,,4671,4701,31.0,1.0010000000000048,29.97,402,False,480.0,360.0
ugly,msasl,,4707,4820,114.0,3.77000000000001,29.97,402,False,480.0,360.0
beautiful,msasl,,4845,4994,150.0,4.972000000000008,29.97,402,False,480.0,360.0
cute,msasl,,5167,5226,60.0,1.967999999999989,29.97,402,False,480.0,360.0
fast,msasl,,5783,5931,149.0,4.938999999999993,29.97,402,False,480.0,360.0
slow,msasl,,6020,6139,120.0,3.971000000000004,29.97,402,False,480.0,360.0
rude,msasl,,6147,6266,120.0,3.971000000000004,29.97,402,False,480.0,360.0
nice,msasl,,6269,6298,30.0,0.967000000000013,29.97,402,False,480.0,360.0
nervous,msasl,,6568,6717,150.0,4.972000000000008,29.97,402,False,480.0,360.0
innocent,msasl,,6990,7047,58.0,1.9019999999999868,29.97,402,False,480.0,360.0
innocent,msasl,,7047,7127,81.0,2.669000000000011,29.97,402,False,480.0,360.0
guilty,msasl,,7178,7297,120.0,3.971000000000004,29.97,402,False,480.0,360.0
mean,msasl,,7498,7587,90.0,2.969999999999999,29.97,402,False,480.0,360.0
nice,msasl,,7674,7763,90.0,2.968999999999994,29.97,402,False,480.0,360.0
strict,msasl,,7786,7867,82.0,2.7029999999999745,29.97,402,False,480.0,360.0
strict,msasl,,7874,7935,62.0,2.035000000000025,29.97,402,False,480.0,360.0
sweet,msasl,,8305,8454,150.0,4.97199999999998,29.97,402,False,480.0,360.0
bitter,msasl,,8488,8540,53.0,1.7350000000000136,29.97,402,False,480.0,360.0
bitter,msasl,,8562,8591,30.0,0.9680000000000176,29.97,402,False,480.0,360.0
serious,msasl,,8616,8765,150.0,4.97199999999998,29.97,402,False,480.0,360.0
lazy,msasl,,8765,8880,116.0,3.836999999999989,29.97,402,False,480.0,360.0
lazy,msasl,,8850,8866,17.0,0.5339999999999918,29.97,402,False,480.0,360.0
lazy,msasl,,8871,8908,38.0,1.2340000000000373,29.97,402,False,480.0,360.0
late,msasl,,9270,9318,49.0,1.6019999999999754,29.97,402,False,480.0,360.0
late,msasl,,9325,9397,73.0,2.40300000000002,29.97,402,False,480.0,360.0
polite,msasl,,9410,9559,150.0,4.97199999999998,29.97,402,False,480.0,360.0
mean,msasl,,9723,9752,30.0,0.9680000000000176,29.97,402,False,480.0,360.0
dumb,msasl,,9928,10072,145.0,4.805000000000007,29.97,402,False,480.0,360.0
serious,msasl,,11774,11922,149.0,4.938000000000045,29.97,402,False,480.0,360.0
silly,msasl,,11937,12086,150.0,4.97199999999998,29.97,402,False,480.0,360.0
humble,msasl,,12426,12575,150.0,4.972000000000037,29.97,402,False,480.0,360.0
shy,msasl,,12612,12634,23.0,0.7339999999999804,29.97,402,False,480.0,360.0
shy,msasl,,12639,12660,22.0,0.7010000000000218,29.97,402,False,480.0,360.0
shy,msasl,,12635,12694,60.0,1.967999999999961,29.97,402,False,480.0,360.0
shy,msasl,,12699,12744,46.0,1.5020000000000095,29.97,402,False,480.0,360.0
afraid,msasl,,13104,13192,89.0,2.935999999999978,29.97,402,False,480.0,360.0
stubborn,msasl,,13543,13692,150.0,4.971000000000004,29.97,402,False,480.0,360.0
fine,msasl,,13915,14051,137.0,4.537999999999954,29.97,402,False,480.0,360.0
stupid,msasl,,14096,14181,86.0,2.8360000000000127,29.97,402,False,480.0,360.0
stupid,msasl,,14157,14250,94.0,3.1030000000000086,29.97,402,False,480.0,360.0
smart,msasl,,14269,14388,120.0,3.971000000000004,29.97,402,False,480.0,360.0
sleepy,msasl,,15029,15177,149.0,4.937999999999988,29.97,402,False,480.0,360.0
complain,msasl,,15401,15548,148.0,4.904999999999973,29.97,402,False,480.0,360.0
finish,msasl,,15597,15617,21.0,0.66700000000003,29.97,402,False,480.0,360.0
afraid,msasl,,0,95,96.0,3.17,29.97,35,False,640.0,360.0
meet,msasl,,0,53,54.0,1.768,29.97,287,False,640.0,360.0
dinner,msasl,,0,119,120.0,3.971,29.97,1,False,640.0,360.0
nice,msasl,,0,94,95.0,3.136,29.97,35,False,640.0,360.0
yes,msasl,,0,64,65.0,2.135,29.97,110,False,640.0,360.0
mad,msasl,,0,194,195.0,6.473,29.97,1,False,640.0,360.0
monkey,msasl,,0,120,121.0,4.0,30.002,27,False,640.0,360.0
graduate,msasl,,0,31,32.0,1.034,29.97,4,False,640.0,360.0
nineteen,msasl,,0,124,125.0,4.137,29.97,52,False,640.0,360.0
orange,msasl,,0,116,117.0,3.871,29.97,134,False,640.0,360.0
young,msasl,,0,44,45.0,1.468,29.97,191,False,1280.0,720.0
down,msasl,,0,111,112.0,3.7,30.003,27,False,640.0,360.0
give,msasl,,0,85,86.0,2.836,29.97,219,False,640.0,360.0
dog,msasl,,0,103,104.0,3.437,29.97,219,False,640.0,360.0
two,msasl,,0,86,87.0,2.87,29.97,52,False,640.0,360.0
wet,msasl,,0,132,133.0,4.4,30.0,27,False,640.0,360.0
understand,msasl,,30,100,71.0,2.3360000000000003,29.97,1,False,640.0,360.0
understand,msasl,,130,200,71.0,2.335,29.97,1,False,640.0,360.0
hard of hearing,msasl,,0,81,82.0,2.703,29.97,35,False,640.0,360.0
all,msasl,,0,89,90.0,2.97,29.97,52,False,640.0,360.0
listen,msasl,,0,101,102.0,3.37,29.97,27,False,640.0,360.0
soccer,msasl,,0,125,126.0,4.171,29.97,269,False,640.0,360.0
turtle,msasl,,0,118,119.0,3.937,29.97,64,False,640.0,360.0
quiet,msasl,,0,104,105.0,3.47,29.97,35,False,640.0,360.0
can,msasl,,0,62,63.0,2.069,29.97,139,False,640.0,360.0
drink,msasl,,0,75,76.0,2.502,29.97,0,False,640.0,360.0
afraid,msasl,,0,132,133.0,4.4,30.002,27,False,640.0,360.0
maybe,msasl,,20,80,61.0,2.002,29.97,1,False,640.0,360.0
maybe,msasl,,120,190,71.0,2.3360000000000003,29.97,1,False,640.0,360.0
see,msasl,,0,111,112.0,3.704,29.97,27,False,640.0,360.0
gold,msasl,,0,75,76.0,2.502,29.97,134,False,640.0,360.0
tomorrow,msasl,,0,194,195.0,6.473,29.97,1,False,640.0,360.0
i love you,msasl,,0,91,92.0,3.036,29.97,110,False,640.0,360.0
graduate,msasl,,0,47,48.0,1.568,29.97,191,False,1280.0,720.0
turkey,msasl,,263,383,121.0,4.0,30.0,107,False,568.0,320.0
lobster,msasl,,732,825,94.0,3.1000000000000014,30.0,107,False,568.0,320.0
lobster,msasl,,845,1002,158.0,5.232999999999997,30.0,107,False,568.0,320.0
turtle,msasl,,1111,1237,127.0,4.199999999999996,30.0,107,False,568.0,320.0
dolphin,msasl,,1262,1399,138.0,4.5660000000000025,30.0,107,False,568.0,320.0
whale,msasl,,1455,1629,175.0,5.799999999999997,30.0,107,False,568.0,320.0
shark,msasl,,1770,1935,166.0,5.5,30.0,107,False,568.0,320.0
frog,msasl,,2302,2354,53.0,1.7339999999999949,30.0,107,False,568.0,320.0
frog,msasl,,2451,2509,59.0,1.9329999999999927,30.0,107,False,568.0,320.0
butterfly,msasl,,2514,2608,95.0,3.1330000000000098,30.0,107,False,568.0,320.0
bat,msasl,,2683,2806,124.0,4.099999999999994,30.0,107,False,568.0,320.0
mouse,msasl,,2859,2964,106.0,3.5,30.0,107,False,568.0,320.0
bug,msasl,,3134,3289,156.0,5.165999999999997,30.0,107,False,568.0,320.0
squirrel,msasl,,3381,3578,198.0,6.566999999999993,30.0,107,False,568.0,320.0
many,msasl,,0,108,109.0,3.604,29.97,52,False,640.0,360.0
egg,msasl,,0,90,91.0,3.003,29.97,27,False,640.0,360.0
want,msasl,,0,43,44.0,1.435,29.97,191,False,1280.0,720.0
adopt,msasl,,0,50,51.0,1.636,30.557,191,False,1280.0,720.0
have,msasl,,0,82,83.0,2.736,29.97,110,False,640.0,360.0
five,msasl,,0,97,98.0,3.237,29.97,52,False,640.0,360.0
visit,msasl,,0,118,119.0,3.937,29.97,191,False,1280.0,720.0
vegetable,msasl,,0,101,102.0,3.37,29.97,27,False,640.0,360.0
all,msasl,,40,140,101.0,3.3360000000000003,29.97,1,False,640.0,360.0
all,msasl,,170,275,106.0,3.5040000000000004,29.97,1,False,640.0,360.0
city,msasl,,696,816,121.0,4.0,30.0,172,False,640.0,360.0
country,msasl,,2465,2625,161.0,5.332999999999998,30.0,172,False,640.0,360.0
country,msasl,,2625,2709,85.0,2.799999999999997,30.0,172,False,640.0,360.0
apartment,msasl,,3137,3280,144.0,4.766000000000005,30.0,172,False,640.0,360.0
freeway,msasl,,4803,4900,98.0,3.233000000000004,30.0,172,False,640.0,360.0
freeway,msasl,,4979,5008,30.0,0.9659999999999798,30.0,172,False,640.0,360.0
white,msasl,,7710,7787,78.0,2.5670000000000077,30.0,172,False,640.0,360.0
india,msasl,,7806,7876,71.0,2.333000000000027,30.0,172,False,640.0,360.0
hotel,msasl,,8099,8271,173.0,5.733000000000004,30.0,172,False,640.0,360.0
store,msasl,,8976,9043,68.0,2.233000000000004,30.0,172,False,640.0,360.0
sandwich,msasl,,10194,10274,81.0,2.666999999999973,30.0,172,False,640.0,360.0
cheap,msasl,,10742,10829,88.0,2.8999999999999773,30.0,172,False,640.0,360.0
police,msasl,,11704,11844,141.0,4.66700000000003,30.0,172,False,640.0,360.0
china,msasl,,12769,12884,116.0,3.834000000000003,30.0,172,False,640.0,360.0
india,msasl,,13638,13717,80.0,2.6329999999999814,30.0,172,False,640.0,360.0
france,msasl,,13994,14125,132.0,4.366000000000042,30.0,172,False,640.0,360.0
sandwich,msasl,,15959,16049,91.0,3.0,30.0,172,False,640.0,360.0
spaghetti,msasl,,16159,16264,106.0,3.5,30.0,172,False,640.0,360.0
salad,msasl,,16287,16407,121.0,4.0,30.0,172,False,640.0,360.0
france fries,msasl,,16508,16635,128.0,4.232999999999947,30.0,172,False,640.0,360.0
fish,msasl,,16658,16820,163.0,5.399999999999977,30.0,172,False,640.0,360.0
shrimp,msasl,,16840,16906,67.0,2.200000000000045,30.0,172,False,640.0,360.0
chicken,msasl,,16926,17116,191.0,6.33299999999997,30.0,172,False,640.0,360.0
dessert,msasl,,17767,17928,162.0,5.367000000000076,30.0,172,False,640.0,360.0
beer,msasl,,18002,18095,94.0,3.1000000000000227,30.0,172,False,640.0,360.0
beer,msasl,,18095,18175,81.0,2.66599999999994,30.0,172,False,640.0,360.0
wine,msasl,,18189,18354,166.0,5.5,30.0,172,False,640.0,360.0
russia,msasl,,0,33,34.0,1.101,29.97,4,False,640.0,360.0
nice,msasl,,0,57,58.0,1.902,29.97,287,False,640.0,360.0
parents,msasl,,0,85,86.0,2.836,29.97,191,False,1280.0,720.0
moon,msasl,,0,123,124.0,4.104,29.97,27,False,640.0,360.0
vietnam,msasl,,0,37,38.0,1.235,29.97,4,False,640.0,360.0
hallway,msasl,,169,281,113.0,3.736999999999999,29.97,24,False,1280.0,720.0
locker,msasl,,491,611,121.0,4.004000000000001,29.97,24,False,1280.0,720.0
classroom,msasl,,689,801,113.0,3.737000000000002,29.97,24,False,1280.0,720.0
principal,msasl,,914,1026,113.0,3.737000000000002,29.97,24,False,1280.0,720.0
counselor,msasl,,1076,1244,169.0,5.605000000000004,29.97,24,False,1280.0,720.0
take up,msasl,,1803,1994,192.0,6.373000000000005,29.97,24,False,1280.0,720.0
school,msasl,,2355,2397,43.0,1.4010000000000105,29.97,24,False,1280.0,720.0
boat,msasl,,0,132,133.0,4.4,30.002,27,False,640.0,360.0
practice,msasl,,20,90,71.0,2.3360000000000003,29.97,1,False,640.0,360.0
practice,msasl,,100,200,101.0,3.336,29.97,1,False,640.0,360.0
head,msasl,,232,268,37.0,1.502000000000001,23.976,339,False,640.0,360.0
short,msasl,,412,440,29.0,1.1679999999999993,23.976,339,False,640.0,360.0
rubber,msasl,,1503,1535,33.0,1.3340000000000032,23.976,339,False,640.0,360.0
clear,msasl,,1734,1755,22.0,0.8759999999999906,23.976,339,False,640.0,360.0
false,msasl,,1852,1880,29.0,1.1680000000000064,23.976,339,False,640.0,360.0
jacket,msasl,,2356,2387,32.0,1.2930000000000064,23.976,339,False,640.0,360.0
backpack,msasl,,2639,2661,23.0,0.9180000000000064,23.976,339,False,640.0,360.0
glasses,msasl,,2767,2787,21.0,0.8340000000000032,23.976,339,False,640.0,360.0
beautiful,msasl,,2892,2925,34.0,1.3769999999999951,23.976,339,False,640.0,360.0
wow,msasl,,3876,3970,95.0,3.920999999999992,23.976,339,False,640.0,360.0
sleepy,msasl,,0,116,117.0,3.871,29.97,35,False,640.0,360.0
thank you,msasl,,20,70,51.0,1.6689999999999998,29.97,1,False,640.0,360.0
thank you,msasl,,110,170,61.0,2.002,29.97,1,False,640.0,360.0
giraffe,msasl,,0,105,106.0,3.504,29.97,27,False,640.0,360.0
please,msasl,,0,99,100.0,3.303,29.97,27,False,640.0,360.0
seventeen,msasl,,0,106,107.0,3.537,29.97,52,False,640.0,360.0
question,msasl,,0,60,61.0,2.002,29.97,1,False,640.0,360.0
question,msasl,,100,160,61.0,2.002,29.97,1,False,640.0,360.0
talk,msasl,,0,106,107.0,3.537,29.97,37,False,640.0,360.0
uncle,msasl,,10,110,101.0,3.336,29.97,1,False,640.0,360.0
uncle,msasl,,138,218,81.0,2.669,29.97,1,False,640.0,360.0
more,msasl,,10,114,105.0,3.47,29.97,1,False,640.0,360.0
more,msasl,,134,234,101.0,3.337,29.97,1,False,640.0,360.0
phone,msasl,,0,111,112.0,3.704,29.97,27,False,640.0,360.0
my,msasl,,0,111,112.0,3.704,29.97,27,False,640.0,360.0
cold,msasl,,0,96,97.0,3.203,29.97,27,False,640.0,360.0
finish,msasl,,0,102,103.0,3.403,29.97,27,False,640.0,360.0
no,msasl,,0,45,46.0,1.502,29.97,287,False,640.0,360.0
how_many,msasl,,378,467,90.0,2.969000000000001,29.97,328,False,640.0,360.0
class,msasl,,488,579,92.0,3.035999999999998,29.97,328,False,640.0,360.0
here,msasl,,602,725,124.0,4.103999999999999,29.97,328,False,640.0,360.0
fine,msasl,,830,904,75.0,2.469000000000001,29.97,328,False,640.0,360.0
tired,msasl,,1047,1153,107.0,3.536999999999999,29.97,328,False,640.0,360.0
sick,msasl,,1175,1282,108.0,3.5700000000000003,29.97,328,False,640.0,360.0
good,msasl,,1304,1361,58.0,1.902000000000001,29.97,328,False,640.0,360.0
bad,msasl,,1383,1472,90.0,2.969999999999999,29.97,328,False,640.0,360.0
boring,msasl,,1494,1564,71.0,2.335000000000001,29.97,328,False,640.0,360.0
nervous,msasl,,1585,1727,143.0,4.738,29.97,328,False,640.0,360.0
excited,msasl,,1747,1901,155.0,5.137999999999998,29.97,328,False,640.0,360.0
today,msasl,,3566,3642,77.0,2.5349999999999966,29.97,328,False,640.0,360.0
now,msasl,,3666,3762,97.0,3.203000000000003,29.97,328,False,640.0,360.0
spring up,msasl,,3783,3883,101.0,3.336999999999989,29.97,328,False,640.0,360.0
weekend,msasl,,5112,5217,106.0,3.504000000000019,29.97,328,False,640.0,360.0
day,msasl,,5239,5309,71.0,2.3360000000000127,29.97,328,False,640.0,360.0
tomorrow,msasl,,5330,5446,117.0,3.871000000000009,29.97,328,False,640.0,360.0
yesterday,msasl,,5466,5559,94.0,3.1030000000000086,29.97,328,False,640.0,360.0
both,msasl,,5563,5623,61.0,2.002000000000009,29.97,328,False,640.0,360.0
both,msasl,,5723,5803,81.0,2.670000000000016,29.97,328,False,640.0,360.0
hate,msasl,,6089,6224,136.0,4.504000000000019,29.97,328,False,640.0,360.0
like,msasl,,6390,6531,142.0,4.7050000000000125,29.97,328,False,640.0,360.0
start,msasl,,6822,6921,100.0,3.304000000000002,29.97,328,False,640.0,360.0
win,msasl,,6944,7031,88.0,2.902999999999992,29.97,328,False,640.0,360.0
lost,msasl,,7054,7212,159.0,5.271999999999991,29.97,328,False,640.0,360.0
tie,msasl,,7236,7397,162.0,5.371999999999986,29.97,328,False,640.0,360.0
have,msasl,,7586,7659,74.0,2.4350000000000023,29.97,328,False,640.0,360.0
good morning,msasl,,0,115,116.0,3.837,29.97,110,False,640.0,360.0
cup,msasl,,0,149,150.0,4.972,29.97,1,False,640.0,360.0
angry,msasl,,0,105,106.0,3.5,30.003,27,False,640.0,360.0
nine,msasl,,0,122,123.0,4.071,29.97,52,False,640.0,360.0
drink,msasl,,155,260,106.0,3.503000000000001,29.97,24,False,1280.0,720.0
coffee,msasl,,303,491,189.0,6.273,29.97,24,False,1280.0,720.0
juice,msasl,,545,682,138.0,4.5710000000000015,29.97,24,False,1280.0,720.0
milk,msasl,,750,852,103.0,3.4030000000000022,29.97,24,False,1280.0,720.0
tea,msasl,,1058,1250,193.0,6.405999999999999,29.97,24,False,1280.0,720.0
soda,msasl,,1281,1329,49.0,1.600999999999999,29.97,24,False,1280.0,720.0
soda,msasl,,1629,1719,91.0,3.003,29.97,24,False,1280.0,720.0
soda,msasl,,1719,1769,51.0,1.669000000000004,29.97,24,False,1280.0,720.0
deaf,msasl,,0,104,105.0,3.47,29.97,35,False,640.0,360.0
bedroom,msasl,,70,170,101.0,3.336,29.97,1,False,640.0,360.0
bedroom,msasl,,170,270,101.0,3.3370000000000006,29.97,1,False,640.0,360.0
one,msasl,,0,77,78.0,2.569,29.97,52,False,640.0,360.0
mexico,msasl,,0,32,33.0,1.068,29.97,4,False,640.0,360.0
orange,msasl,,40,100,61.0,2.002,29.97,1,False,640.0,360.0
orange,msasl,,120,180,61.0,2.0020000000000007,29.97,1,False,640.0,360.0
home,msasl,,144,194,51.0,1.668,29.97,24,False,1280.0,720.0
home,msasl,,234,304,71.0,2.335000000000001,29.97,24,False,1280.0,720.0
walk,msasl,,430,510,81.0,2.6689999999999987,29.97,24,False,1280.0,720.0
walk,msasl,,540,630,91.0,3.003,29.97,24,False,1280.0,720.0
party,msasl,,759,842,84.0,2.77,29.97,24,False,1280.0,720.0
party,msasl,,902,1082,181.0,6.006,29.97,24,False,1280.0,720.0
read,msasl,,1229,1404,176.0,5.838999999999999,29.97,24,False,1280.0,720.0
sleep,msasl,,1426,1476,51.0,1.6679999999999993,29.97,24,False,1280.0,720.0
sleep,msasl,,1476,1556,81.0,2.6699999999999946,29.97,24,False,1280.0,720.0
play,msasl,,2069,2159,91.0,3.003,29.97,24,False,1280.0,720.0
play,msasl,,2159,2299,141.0,4.670999999999992,29.97,24,False,1280.0,720.0
game,msasl,,2381,2573,193.0,6.406000000000006,29.97,24,False,1280.0,720.0
chicken,msasl,,0,119,120.0,3.971,29.97,27,False,640.0,360.0
bored,msasl,,0,116,117.0,3.871,29.97,35,False,640.0,360.0
friendly,msasl,,0,40,41.0,1.335,29.97,4,False,640.0,360.0
korea,msasl,,0,39,40.0,1.301,29.97,4,False,640.0,360.0
good,msasl,,20,80,61.0,2.002,29.97,1,False,640.0,360.0
good,msasl,,130,190,61.0,2.002,29.97,1,False,640.0,360.0
front,msasl,,0,37,38.0,1.235,29.97,136,False,640.0,360.0
fifteen,msasl,,0,112,113.0,3.737,29.97,52,False,640.0,360.0
friendly,msasl,,231,333,103.0,3.3999999999999995,30.0,172,False,640.0,360.0
nosy,msasl,,588,714,127.0,4.199999999999999,30.0,172,False,640.0,360.0
quiet,msasl,,736,829,94.0,3.099999999999998,30.0,172,False,640.0,360.0
dirty,msasl,,2913,3048,136.0,4.5,30.0,172,False,640.0,360.0
boring,msasl,,3266,3411,146.0,4.832999999999998,30.0,172,False,640.0,360.0
expensive,msasl,,3703,3873,171.0,5.666999999999987,30.0,172,False,640.0,360.0
cheap,msasl,,4092,4261,170.0,5.632999999999981,30.0,172,False,640.0,360.0
beautiful,msasl,,5426,5496,71.0,2.3329999999999984,30.0,172,False,640.0,360.0
different,msasl,,5693,5850,158.0,5.233000000000004,30.0,172,False,640.0,360.0
some,msasl,,6478,6618,141.0,4.667000000000002,30.0,172,False,640.0,360.0
few,msasl,,6658,6733,76.0,2.5,30.0,172,False,640.0,360.0
arrive,msasl,,7488,7578,91.0,3.0,30.0,172,False,640.0,360.0
start,msasl,,7855,7991,137.0,4.533999999999992,30.0,172,False,640.0,360.0
get up,msasl,,8177,8358,182.0,6.033000000000016,30.0,172,False,640.0,360.0
how,msasl,,9328,9418,91.0,3.0,30.0,172,False,640.0,360.0
fix,msasl,,9627,9729,103.0,3.400000000000034,30.0,172,False,640.0,360.0
internet,msasl,,11084,11204,121.0,4.0,30.0,172,False,640.0,360.0
spider,msasl,,11590,11657,68.0,2.2339999999999804,30.0,172,False,640.0,360.0
spider,msasl,,11657,11718,62.0,2.0330000000000155,30.0,172,False,640.0,360.0
bug,msasl,,11731,11799,69.0,2.266999999999996,30.0,172,False,640.0,360.0
frog,msasl,,11821,11968,148.0,4.899999999999977,30.0,172,False,640.0,360.0
afraid,msasl,,11989,12079,91.0,3.0,30.0,172,False,640.0,360.0
early,msasl,,12099,12174,76.0,2.5,30.0,172,False,640.0,360.0
expensive,msasl,,12853,12901,49.0,1.6000000000000227,30.0,172,False,640.0,360.0
cheap,msasl,,13638,13761,124.0,4.099999999999966,30.0,172,False,640.0,360.0
delicious,msasl,,13884,13944,61.0,2.0,30.0,172,False,640.0,360.0
delicious,msasl,,13944,14014,71.0,2.33299999999997,30.0,172,False,640.0,360.0
delicious,msasl,,14070,14150,81.0,2.666999999999973,30.0,172,False,640.0,360.0
delicious,msasl,,14180,14212,33.0,1.066000000000031,30.0,172,False,640.0,360.0
good,msasl,,14592,14692,101.0,3.333000000000027,30.0,172,False,640.0,360.0
50,msasl,,14731,14770,40.0,1.3000000000000114,30.0,172,False,640.0,360.0
ok,msasl,,14897,14973,77.0,2.5330000000000155,30.0,172,False,640.0,360.0
lousy,msasl,,15024,15121,98.0,3.233000000000004,30.0,172,False,640.0,360.0
eight,msasl,,0,110,111.0,3.67,29.97,52,False,640.0,360.0
can,msasl,,60,120,61.0,2.002,29.97,1,False,640.0,360.0
can,msasl,,170,230,61.0,2.0020000000000007,29.97,1,False,640.0,360.0
chicken,msasl,,0,105,106.0,3.504,29.97,27,False,640.0,360.0
forget,msasl,,162,222,61.0,2.002,29.973,24,False,1280.0,720.0
forget,msasl,,222,352,131.0,4.337,29.973,24,False,1280.0,720.0
late,msasl,,1099,1230,132.0,4.371000000000002,29.973,24,False,1280.0,720.0
oversleep,msasl,,1925,1995,71.0,2.3349999999999937,29.973,24,False,1280.0,720.0
oversleep,msasl,,1995,2045,51.0,1.668999999999997,29.973,24,False,1280.0,720.0
buy,msasl,,3049,3169,121.0,4.003999999999991,29.973,24,False,1280.0,720.0
buy,msasl,,3169,3299,131.0,4.337000000000003,29.973,24,False,1280.0,720.0
worry,msasl,,4301,4496,196.0,6.506,29.973,24,False,1280.0,720.0
complain,msasl,,5859,6054,196.0,6.504999999999996,29.973,24,False,1280.0,720.0
eat,msasl,,7668,7748,81.0,2.6689999999999827,29.973,24,False,1280.0,720.0
eat,msasl,,7748,7808,61.0,2.001000000000033,29.973,24,False,1280.0,720.0
animal,msasl,,49,157,109.0,3.6,30.0,107,False,568.0,320.0
dog,msasl,,258,449,192.0,6.367000000000001,30.0,107,False,568.0,320.0
cat,msasl,,451,572,122.0,4.034000000000001,30.0,107,False,568.0,320.0
fish,msasl,,624,751,128.0,4.2330000000000005,30.0,107,False,568.0,320.0
bird,msasl,,823,963,141.0,4.667000000000002,30.0,107,False,568.0,320.0
snake,msasl,,1001,1089,89.0,2.933,30.0,107,False,568.0,320.0
rabbit,msasl,,1252,1437,186.0,6.167000000000002,30.0,107,False,568.0,320.0
horse,msasl,,1548,1633,86.0,2.8329999999999984,30.0,107,False,568.0,320.0
cow,msasl,,1740,1877,138.0,4.567,30.0,107,False,568.0,320.0
pig,msasl,,1912,2016,105.0,3.467000000000006,30.0,107,False,568.0,320.0
duck,msasl,,2031,2138,108.0,3.566999999999993,30.0,107,False,568.0,320.0
hippo,msasl,,2226,2319,94.0,3.0999999999999943,30.0,107,False,568.0,320.0
tiger,msasl,,2648,2763,116.0,3.8329999999999984,30.0,107,False,568.0,320.0
lion,msasl,,2815,2875,61.0,2.0,30.0,107,False,568.0,320.0
lion,msasl,,2895,2948,54.0,1.766999999999996,30.0,107,False,568.0,320.0
fox,msasl,,3038,3160,123.0,4.0660000000000025,30.0,107,False,568.0,320.0
elephant,msasl,,3195,3351,157.0,5.200000000000003,30.0,107,False,568.0,320.0
bear,msasl,,3405,3532,128.0,4.233000000000004,30.0,107,False,568.0,320.0
giraffe,msasl,,3844,3950,107.0,3.533999999999992,30.0,107,False,568.0,320.0
deer,msasl,,4402,4507,106.0,3.5,30.0,107,False,568.0,320.0
goat,msasl,,4735,4865,131.0,4.334000000000003,30.0,107,False,568.0,320.0
monkey,msasl,,4924,5069,146.0,4.834000000000003,30.0,107,False,568.0,320.0
australia,msasl,,0,30,31.0,1.001,29.97,4,False,640.0,360.0
careful,msasl,,0,117,118.0,3.9,30.003,27,False,640.0,360.0
accident,msasl,,151,241,91.0,3.003,29.97,429,False,1280.0,720.0
alarm,msasl,,461,551,91.0,3.003000000000002,29.97,429,False,1280.0,720.0
algebra,msasl,,587,677,91.0,3.003,29.97,429,False,1280.0,720.0
america,msasl,,706,796,91.0,3.003,29.97,429,False,1280.0,720.0
area,msasl,,824,904,81.0,2.6690000000000005,29.97,429,False,1280.0,720.0
around,msasl,,929,1019,91.0,3.002999999999997,29.97,429,False,1280.0,720.0
arrive,msasl,,1054,1144,91.0,3.003,29.97,429,False,1280.0,720.0
arrive,msasl,,1169,1259,91.0,3.003,29.97,429,False,1280.0,720.0
draw,msasl,,1275,1365,91.0,3.003,29.97,429,False,1280.0,720.0
athlete,msasl,,1385,1475,91.0,3.003,29.97,429,False,1280.0,720.0
back,msasl,,1616,1675,60.0,1.9680000000000035,29.97,429,False,1280.0,720.0
biology,msasl,,1710,1800,91.0,3.003,29.97,429,False,1280.0,720.0
break,msasl,,1870,1960,91.0,3.003,29.97,429,False,1280.0,720.0
break,msasl,,2004,2094,91.0,3.003,29.97,429,False,1280.0,720.0
bus,msasl,,2120,2176,57.0,1.869,29.97,429,False,1280.0,720.0
busy,msasl,,2213,2283,71.0,2.3359999999999985,29.97,429,False,1280.0,720.0
business,msasl,,2312,2402,91.0,3.003,29.97,429,False,1280.0,720.0
cafeteria,msasl,,2422,2512,91.0,3.003,29.97,429,False,1280.0,720.0
calculus,msasl,,2548,2638,91.0,3.003,29.97,429,False,1280.0,720.0
chemistry,msasl,,2668,2742,75.0,2.468999999999994,29.97,429,False,1280.0,720.0
class,msasl,,3077,3167,91.0,3.003,29.97,429,False,1280.0,720.0
boss,msasl,,3294,3384,91.0,3.003,29.97,429,False,1280.0,720.0
computer,msasl,,3414,3504,91.0,3.003,29.97,429,False,1280.0,720.0
computer,msasl,,3521,3611,91.0,3.003,29.97,429,False,1280.0,720.0
computer,msasl,,3618,3708,91.0,3.003,29.97,429,False,1280.0,720.0
cook,msasl,,3758,3848,91.0,3.0030000000000143,29.97,429,False,1280.0,720.0
counselor,msasl,,3863,3953,91.0,3.002999999999986,29.97,429,False,1280.0,720.0
dance,msasl,,3972,4026,55.0,1.8019999999999925,29.97,429,False,1280.0,720.0
economics,msasl,,4294,4384,91.0,3.002999999999986,29.97,429,False,1280.0,720.0
elementary school,msasl,,4517,4607,91.0,3.002999999999986,29.97,429,False,1280.0,720.0
engineering,msasl,,4627,4717,91.0,3.002999999999986,29.97,429,False,1280.0,720.0
english,msasl,,4739,4829,91.0,3.002999999999986,29.97,429,False,1280.0,720.0
forget,msasl,,5156,5220,65.0,2.1350000000000198,29.97,429,False,1280.0,720.0
freshman,msasl,,5238,5304,67.0,2.201999999999998,29.97,429,False,1280.0,720.0
psychology,msasl,,9743,9816,74.0,2.435999999999978,29.97,431,False,1280.0,720.0
remember,msasl,,9848,9921,74.0,2.435999999999978,29.97,431,False,1280.0,720.0
room,msasl,,10088,10166,79.0,2.6030000000000086,29.97,431,False,1280.0,720.0
science,msasl,,10207,10304,98.0,3.23599999999999,29.97,431,False,1280.0,720.0
senior,msasl,,10481,10559,79.0,2.6030000000000086,29.97,431,False,1280.0,720.0
sophomore,msasl,,11227,11319,93.0,3.069000000000017,29.97,431,False,1280.0,720.0
speech,msasl,,11361,11453,93.0,3.069000000000017,29.97,431,False,1280.0,720.0
student,msasl,,11933,12025,93.0,3.069999999999993,29.97,431,False,1280.0,720.0
student center,msasl,,12080,12210,131.0,4.337999999999965,29.97,431,False,1280.0,720.0
take,msasl,,12279,12371,93.0,3.069999999999993,29.97,431,False,1280.0,720.0
take off,msasl,,12413,12505,93.0,3.069999999999993,29.97,431,False,1280.0,720.0
teach,msasl,,12527,12619,93.0,3.069999999999993,29.97,431,False,1280.0,720.0
theater,msasl,,13045,13137,93.0,3.07000000000005,29.97,431,False,1280.0,720.0
think,msasl,,13188,13262,75.0,2.468999999999994,29.97,431,False,1280.0,720.0
time,msasl,,13280,13339,60.0,1.968999999999994,29.97,431,False,1280.0,720.0
train,msasl,,13386,13478,93.0,3.069999999999993,29.97,431,False,1280.0,720.0
trigonometry,msasl,,13551,13643,93.0,3.069000000000017,29.97,431,False,1280.0,720.0
university,msasl,,13699,13791,93.0,3.07000000000005,29.97,431,False,1280.0,720.0
vice president,msasl,,13836,13928,93.0,3.069999999999993,29.97,431,False,1280.0,720.0
wood,msasl,,13964,14056,93.0,3.069999999999993,29.97,431,False,1280.0,720.0
write,msasl,,14110,14202,93.0,3.069000000000017,29.97,431,False,1280.0,720.0
yearbook,msasl,,14225,14317,93.0,3.069999999999993,29.97,431,False,1280.0,720.0
cracker,msasl,,0,111,112.0,3.7,30.0,27,False,640.0,360.0
marry,msasl,,0,41,42.0,1.368,29.97,191,False,1280.0,720.0
i,msasl,,0,105,106.0,3.504,29.97,27,False,640.0,360.0
thirsty,msasl,,0,91,92.0,3.036,29.97,35,False,640.0,360.0
happy,msasl,,0,108,109.0,3.604,29.97,27,False,640.0,360.0
not,msasl,,0,117,118.0,3.904,29.97,27,False,640.0,360.0
later,msasl,,0,120,121.0,4.004,29.97,139,False,640.0,360.0
line up,msasl,,211,359,149.0,6.173,23.976,94,False,640.0,360.0
alarm,msasl,,474,622,149.0,6.173000000000002,23.976,94,False,640.0,360.0
class,msasl,,639,805,167.0,6.923000000000002,23.976,94,False,640.0,360.0
teacher,msasl,,822,988,167.0,6.924,23.976,94,False,640.0,360.0
student,msasl,,1049,1116,68.0,2.793999999999997,23.976,94,False,640.0,360.0
friend,msasl,,1295,1461,167.0,6.924,23.976,94,False,640.0,360.0
bus,msasl,,1487,1537,51.0,2.0859999999999914,23.976,94,False,640.0,360.0
bus,msasl,,1567,1647,81.0,3.3370000000000037,23.976,94,False,640.0,360.0
bus,msasl,,1667,1761,95.0,3.919999999999988,23.976,94,False,640.0,360.0
bus,msasl,,1761,1821,61.0,2.503,23.976,94,False,640.0,360.0
science,msasl,,2400,2566,167.0,6.924000000000007,23.976,94,False,640.0,360.0
math,msasl,,2663,2723,61.0,2.503,23.976,94,False,640.0,360.0
math,msasl,,2723,2845,123.0,5.087999999999994,23.976,94,False,640.0,360.0
draw,msasl,,2865,3031,167.0,6.924000000000007,23.976,94,False,640.0,360.0
music,msasl,,3104,3270,167.0,6.923000000000002,23.976,94,False,640.0,360.0
library,msasl,,3361,3467,107.0,4.421000000000021,23.976,94,False,640.0,360.0
computer,msasl,,3672,3830,159.0,6.590000000000003,23.976,94,False,640.0,360.0
speech,msasl,,3881,4071,191.0,7.924999999999983,23.976,94,False,640.0,360.0
read,msasl,,4273,4363,91.0,3.7530000000000143,23.976,94,False,640.0,360.0
read,msasl,,4380,4451,72.0,2.962000000000017,23.976,94,False,640.0,360.0
read,msasl,,4468,4490,23.0,0.9170000000000016,23.976,94,False,640.0,360.0
read,msasl,,4507,4580,74.0,3.0449999999999875,23.976,94,False,640.0,360.0
write,msasl,,4597,4679,83.0,3.4199999999999875,23.976,94,False,640.0,360.0
write,msasl,,4698,4718,21.0,0.8340000000000032,23.976,94,False,640.0,360.0
write,msasl,,4759,4817,59.0,2.4189999999999827,23.976,94,False,640.0,360.0
write,msasl,,4834,4854,21.0,0.8340000000000032,23.976,94,False,640.0,360.0
scissors,msasl,,4912,5041,130.0,5.381,23.976,94,False,640.0,360.0
glue,msasl,,5064,5154,91.0,3.753999999999991,23.976,94,False,640.0,360.0
glue,msasl,,5173,5213,41.0,1.6689999999999827,23.976,94,False,640.0,360.0
glue,msasl,,5286,5356,71.0,2.9199999999999875,23.976,94,False,640.0,360.0
pencil,msasl,,5393,5483,91.0,3.754000000000019,23.976,94,False,640.0,360.0
pencil,msasl,,5483,5563,81.0,3.3359999999999843,23.976,94,False,640.0,360.0
paper,msasl,,5622,5737,116.0,4.796999999999997,23.976,94,False,640.0,360.0
school,msasl,,5761,5927,167.0,6.923000000000002,23.976,94,False,640.0,360.0
table,msasl,,5944,6074,131.0,5.4220000000000255,23.976,94,False,640.0,360.0
sit,msasl,,6207,6329,123.0,5.087999999999965,23.976,94,False,640.0,360.0
principal,msasl,,6793,6959,167.0,6.923000000000002,23.976,94,False,640.0,360.0
nurse,msasl,,7049,7215,167.0,6.923999999999978,23.976,94,False,640.0,360.0
homework,msasl,,7258,7424,167.0,6.923999999999978,23.976,94,False,640.0,360.0
backpack,msasl,,7455,7506,52.0,2.127000000000009,23.976,94,False,640.0,360.0
backpack,msasl,,7594,7733,140.0,5.798000000000002,23.976,94,False,640.0,360.0
backpack,msasl,,7648,7814,167.0,6.923999999999978,23.976,94,False,640.0,360.0
book,msasl,,7831,7954,124.0,5.129999999999996,23.976,94,False,640.0,360.0
study,msasl,,8218,8383,166.0,6.882000000000005,23.976,94,False,640.0,360.0
wednesday,msasl,,0,59,60.0,1.969,29.97,287,False,640.0,360.0
and,msasl,,468,538,71.0,2.335000000000001,29.97,98,False,960.0,720.0
and,msasl,,538,678,141.0,4.672000000000001,29.97,98,False,960.0,720.0
but,msasl,,796,856,61.0,2.0020000000000024,29.97,98,False,960.0,720.0
but,msasl,,856,906,51.0,1.6679999999999993,29.97,98,False,960.0,720.0
ask,msasl,,1778,1842,65.0,2.134999999999998,29.97,98,False,960.0,720.0
ask,msasl,,1881,1986,106.0,3.503000000000007,29.97,98,False,960.0,720.0
give,msasl,,2404,2454,51.0,1.6690000000000111,29.97,98,False,960.0,720.0
give,msasl,,2501,2551,51.0,1.6679999999999922,29.97,98,False,960.0,720.0
help,msasl,,3455,3545,91.0,3.003,29.97,98,False,960.0,720.0
show,msasl,,4118,4218,101.0,3.337000000000017,29.97,98,False,960.0,720.0
pay,msasl,,4850,4895,46.0,1.5020000000000095,29.97,98,False,960.0,720.0
pay,msasl,,4895,4939,45.0,1.467999999999989,29.97,98,False,960.0,720.0
tell,msasl,,5713,5853,141.0,4.670999999999992,29.97,98,False,960.0,720.0
tell,msasl,,5887,5921,35.0,1.133999999999986,29.97,98,False,960.0,720.0
annoy,msasl,,7462,7572,111.0,3.669999999999988,29.97,98,False,960.0,720.0
annoy,msasl,,7622,7837,216.0,7.174000000000007,29.97,98,False,960.0,720.0
copy,msasl,,8294,8386,93.0,3.069999999999993,29.97,98,False,960.0,720.0
drive,msasl,,12681,12718,38.0,1.2340000000000373,29.97,98,False,960.0,720.0
inform,msasl,,12888,12998,111.0,3.670000000000016,29.97,98,False,960.0,720.0
inform,msasl,,12998,13042,45.0,1.4680000000000175,29.97,98,False,960.0,720.0
look at,msasl,,13598,13645,48.0,1.5679999999999836,29.97,98,False,960.0,720.0
look at,msasl,,13739,13777,39.0,1.2679999999999725,29.97,98,False,960.0,720.0
eat,msasl,,15102,15191,90.0,2.9699999999999704,29.97,98,False,960.0,720.0
eat,msasl,,15196,15254,59.0,1.9350000000000025,29.97,98,False,960.0,720.0
sit,msasl,,15631,15750,120.0,3.971000000000004,29.97,98,False,960.0,720.0
sit,msasl,,15796,15885,90.0,2.969000000000051,29.97,98,False,960.0,720.0
airplane,msasl,,16758,16830,73.0,2.402000000000044,29.97,98,False,960.0,720.0
spring,msasl,,17119,17238,120.0,3.971000000000004,29.97,98,False,960.0,720.0
spring,msasl,,17273,17392,120.0,3.971000000000004,29.97,98,False,960.0,720.0
hearing help,msasl,,17752,17821,70.0,2.3019999999999072,29.97,98,False,960.0,720.0
car,msasl,,18539,18688,150.0,4.971000000000004,29.97,98,False,960.0,720.0
drive,msasl,,18725,18784,60.0,1.967999999999961,29.97,98,False,960.0,720.0
cake,msasl,,0,179,180.0,5.973,29.97,1,False,640.0,360.0
rabbit,msasl,,0,111,112.0,3.704,29.97,27,False,640.0,360.0
mother,msasl,,0,53,54.0,1.736,30.526,191,False,1280.0,720.0
happy,msasl,,60,120,61.0,2.002,29.97,1,False,640.0,360.0
happy,msasl,,153,213,61.0,2.002,29.97,1,False,640.0,360.0
dolphin,msasl,,0,100,101.0,4.0,25.0,93,False,640.0,360.0
basement,msasl,,635,687,53.0,1.7349999999999994,29.97,24,False,1280.0,720.0
basement,msasl,,687,747,61.0,2.0020000000000024,29.97,24,False,1280.0,720.0
basement,msasl,,747,897,151.0,5.004999999999999,29.97,24,False,1280.0,720.0
bedroom,msasl,,963,1035,73.0,2.4029999999999987,29.97,24,False,1280.0,720.0
bedroom,msasl,,1035,1131,97.0,3.203000000000003,29.97,24,False,1280.0,720.0
bedroom,msasl,,1161,1241,81.0,2.669000000000004,29.97,24,False,1280.0,720.0
bedroom,msasl,,1241,1354,114.0,3.769999999999996,29.97,24,False,1280.0,720.0
dining room,msasl,,1417,1524,108.0,3.5700000000000003,29.97,24,False,1280.0,720.0
elevator,msasl,,1585,1645,61.0,2.001999999999996,29.97,24,False,1280.0,720.0
elevator,msasl,,1655,1725,71.0,2.3359999999999985,29.97,24,False,1280.0,720.0
elevator,msasl,,1753,1893,141.0,4.670999999999999,29.97,24,False,1280.0,720.0
living room,msasl,,2452,2532,81.0,2.668999999999997,29.97,24,False,1280.0,720.0
living room,msasl,,2532,2655,124.0,4.103999999999999,29.97,24,False,1280.0,720.0
kitchen,msasl,,3102,3186,85.0,2.8029999999999973,29.97,24,False,1280.0,720.0
kitchen,msasl,,3216,3386,171.0,5.673000000000002,29.97,24,False,1280.0,720.0
garage,msasl,,4527,4597,71.0,2.3360000000000127,29.97,24,False,1280.0,720.0
i,msasl,,4813,4844,32.0,1.0339999999999918,29.97,24,False,1280.0,720.0
office,msasl,,6183,6233,51.0,1.667999999999978,29.97,24,False,1280.0,720.0
office,msasl,,6259,6316,58.0,1.9019999999999868,29.97,24,False,1280.0,720.0
bathroom,msasl,,6348,6495,148.0,4.903999999999996,29.97,24,False,1280.0,720.0
stairs,msasl,,7163,7323,161.0,5.338999999999999,29.97,24,False,1280.0,720.0
stairs,msasl,,7323,7463,141.0,4.670999999999992,29.97,24,False,1280.0,720.0
closet,msasl,,7471,7525,55.0,1.8019999999999925,29.97,24,False,1280.0,720.0
closet,msasl,,7623,7663,41.0,1.3349999999999795,29.97,24,False,1280.0,720.0
fourteen,msasl,,0,117,118.0,3.904,29.97,27,False,640.0,360.0
give,msasl,,0,79,80.0,2.636,29.97,219,False,640.0,360.0
finland,msasl,,0,36,37.0,1.201,29.97,4,False,640.0,360.0
nice,msasl,,0,114,115.0,3.804,29.97,27,False,640.0,360.0
eighteen,msasl,,0,104,105.0,3.47,29.97,52,False,640.0,360.0
horse,msasl,,0,135,136.0,4.505,29.97,27,False,640.0,360.0
australia,msasl,,0,44,45.0,1.468,29.97,4,False,640.0,360.0
green,msasl,,0,119,120.0,3.971,29.97,134,False,640.0,360.0
yellow,msasl,,10,70,61.0,2.002,29.97,36,False,480.0,360.0
yellow,msasl,,70,170,101.0,3.336,29.97,36,False,480.0,360.0
yellow,msasl,,180,240,61.0,2.001999999999999,29.97,36,False,480.0,360.0
airplane,msasl,,2025,2156,132.0,4.372,29.97,24,False,1280.0,720.0
bicycle,msasl,,2181,2333,153.0,5.070999999999998,29.97,24,False,1280.0,720.0
train,msasl,,2372,2511,140.0,4.638000000000005,29.97,24,False,1280.0,720.0
horse,msasl,,2559,2717,159.0,5.271999999999991,29.97,24,False,1280.0,720.0
boat,msasl,,2743,2891,149.0,4.937999999999988,29.97,24,False,1280.0,720.0
hike,msasl,,3309,3475,167.0,5.5390000000000015,29.97,24,False,1280.0,720.0
push,msasl,,0,102,103.0,3.403,29.97,27,False,640.0,360.0
absent,msasl,,0,37,38.0,1.277,28.971,114,False,202.0,360.0
help,msasl,,0,110,111.0,3.67,29.97,76,False,640.0,360.0
come on,msasl,,0,41,42.0,1.64,25.0,114,False,480.0,360.0
confused,msasl,,0,95,96.0,3.17,29.969,53,False,640.0,360.0
microwave,msasl,,0,92,93.0,3.07,29.97,76,False,640.0,360.0
pizza,msasl,,0,39,40.0,1.627,23.976,7,False,640.0,360.0
tape,msasl,,0,39,40.0,1.627,23.976,7,False,640.0,360.0
daughter,msasl,,0,56,57.0,1.869,29.97,87,False,1280.0,720.0
break,msasl,,0,58,59.0,2.32,25.0,114,False,480.0,360.0
drop,msasl,,0,69,70.0,2.302,29.979,53,False,640.0,360.0
bicycle,msasl,,0,142,143.0,4.738,29.969,53,False,640.0,360.0
strong,msasl,,0,36,37.0,1.501,23.976,15,False,640.0,360.0
ask,msasl,,0,38,39.0,1.585,23.976,15,False,640.0,360.0
four,msasl,,0,37,38.0,1.543,23.976,15,False,640.0,360.0
junior,msasl,,0,50,51.0,2.0,25.0,114,False,480.0,360.0
near,msasl,,0,43,44.0,1.435,29.97,15,False,640.0,360.0
during,msasl,,0,74,75.0,2.96,25.0,114,False,480.0,360.0
white,msasl,,0,36,37.0,1.501,23.976,15,False,640.0,360.0
excited,msasl,,0,79,80.0,2.637,29.963,53,False,640.0,360.0
pull,msasl,,0,46,47.0,1.919,23.976,7,False,640.0,360.0
bathroom,msasl,,0,71,72.0,2.84,25.0,66,False,640.0,360.0
copy,msasl,,0,32,33.0,1.068,29.97,44,False,640.0,360.0
cup,msasl,,0,39,40.0,1.627,23.976,15,False,640.0,360.0
senior,msasl,,0,34,35.0,1.134,29.97,44,False,640.0,360.0
wall,msasl,,0,33,34.0,1.376,23.976,7,False,640.0,360.0
mouse,msasl,,0,34,35.0,1.134,29.97,44,False,640.0,360.0
phone,msasl,,0,48,49.0,1.92,25.0,66,False,640.0,360.0
freshman,msasl,,0,34,35.0,1.134,29.97,44,False,640.0,360.0
gone,msasl,,0,37,38.0,1.543,23.976,15,False,640.0,360.0
interpreter,msasl,,0,92,93.0,3.68,25.0,114,False,480.0,360.0
boat,msasl,,0,102,103.0,4.08,25.0,114,False,480.0,360.0
remember,msasl,,434,515,82.0,2.700000000000001,30.0,63,False,1280.0,720.0
understand,msasl,,673,719,47.0,1.533999999999999,30.0,63,False,1280.0,720.0
decide,msasl,,1121,1238,118.0,3.9000000000000057,30.0,63,False,1280.0,720.0
forget,msasl,,2452,2516,65.0,2.1340000000000003,30.0,63,False,1280.0,720.0
not understand,msasl,,2648,2719,72.0,2.366,30.0,63,False,1280.0,720.0
clear,msasl,,4072,4166,95.0,3.133999999999986,30.0,63,False,1280.0,720.0
inform,msasl,,4283,4371,89.0,2.9329999999999927,30.0,63,False,1280.0,720.0
believe,msasl,,5434,5539,106.0,3.5,30.0,63,False,1280.0,720.0
worry,msasl,,6086,6230,145.0,4.800000000000011,30.0,63,False,1280.0,720.0
know,msasl,,6535,6580,46.0,1.5,30.0,63,False,1280.0,720.0
email,msasl,,0,25,26.0,1.043,23.976,7,False,640.0,360.0
steal,msasl,,0,32,33.0,1.335,23.976,7,False,640.0,360.0
kitchen,msasl,,0,70,71.0,2.336,29.97,76,False,640.0,360.0
25,msasl,,0,84,85.0,2.803,29.965,53,False,640.0,360.0
fish,msasl,,0,66,67.0,2.202,29.978,53,False,640.0,360.0
cry,msasl,,0,30,31.0,1.251,23.976,7,False,640.0,360.0
small,msasl,,0,34,35.0,1.418,23.976,7,False,640.0,360.0
midnight,msasl,,0,48,49.0,1.92,25.0,114,False,480.0,360.0
laugh,msasl,,0,38,39.0,1.268,29.97,44,False,640.0,360.0
ten,msasl,,0,71,72.0,2.84,25.0,114,False,480.0,360.0
favorite,msasl,,0,34,35.0,1.134,29.97,44,False,640.0,360.0
can,msasl,,0,78,79.0,2.603,29.97,76,False,640.0,360.0
football,msasl,,0,50,51.0,2.085,23.976,7,False,640.0,360.0
freeze cream,msasl,,0,38,39.0,1.585,23.976,7,False,640.0,360.0
table,msasl,,0,87,88.0,2.903,29.97,76,False,640.0,360.0
senior,msasl,,0,39,40.0,1.301,29.97,44,False,640.0,360.0
long ago,msasl,,0,61,62.0,2.44,25.0,114,False,480.0,360.0
annoy,msasl,,0,36,37.0,1.501,23.976,15,False,640.0,360.0
hotel,msasl,,0,121,122.0,4.037,29.975,53,False,640.0,360.0
tree,msasl,,0,34,35.0,1.418,23.976,7,False,640.0,360.0
center school,msasl,,0,80,81.0,3.2,25.0,114,False,480.0,360.0
welcome,msasl,,110,201,92.0,3.0330000000000004,30.0,63,False,1280.0,720.0
family,msasl,,432,490,59.0,1.932999999999998,30.0,63,False,1280.0,720.0
family,msasl,,526,576,51.0,1.666999999999998,30.0,63,False,1280.0,720.0
big,msasl,,600,666,67.0,2.1999999999999997,30.0,63,False,1280.0,720.0
medium,msasl,,790,921,132.0,4.367000000000001,30.0,63,False,1280.0,720.0
only,msasl,,947,1039,93.0,3.0660000000000025,30.0,63,False,1280.0,720.0
small,msasl,,1062,1141,80.0,2.6330000000000027,30.0,63,False,1280.0,720.0
parents,msasl,,1466,1560,95.0,3.1330000000000027,30.0,63,False,1280.0,720.0
people,msasl,,1647,1740,94.0,3.1000000000000014,30.0,63,False,1280.0,720.0
people,msasl,,1780,1880,101.0,3.334000000000003,30.0,63,False,1280.0,720.0
aunt,msasl,,1897,1995,99.0,3.267000000000003,30.0,63,False,1280.0,720.0
baby,msasl,,2019,2101,83.0,2.733000000000004,30.0,63,False,1280.0,720.0
brother,msasl,,2205,2293,89.0,2.933000000000007,30.0,63,False,1280.0,720.0
brother,msasl,,2293,2353,61.0,2.0,30.0,63,False,1280.0,720.0
brother,msasl,,2429,2474,46.0,1.5,30.0,63,False,1280.0,720.0
brother,msasl,,2474,2518,45.0,1.4660000000000082,30.0,63,False,1280.0,720.0
cousin,msasl,,2566,2610,45.0,1.4669999999999987,30.0,63,False,1280.0,720.0
cousin,msasl,,2625,2686,62.0,2.0330000000000013,30.0,63,False,1280.0,720.0
father,msasl,,2706,2795,90.0,2.9669999999999987,30.0,63,False,1280.0,720.0
daughter,msasl,,2817,2904,88.0,2.8999999999999915,30.0,63,False,1280.0,720.0
niece,msasl,,3085,3154,70.0,2.299999999999997,30.0,63,False,1280.0,720.0
marry,msasl,,3180,3233,54.0,1.766999999999996,30.0,63,False,1280.0,720.0
divorce,msasl,,3269,3341,73.0,2.4000000000000057,30.0,63,False,1280.0,720.0
mother,msasl,,3564,3634,71.0,2.3329999999999984,30.0,63,False,1280.0,720.0
sister,msasl,,3872,3936,65.0,2.1329999999999814,30.0,63,False,1280.0,720.0
sister,msasl,,3936,3981,46.0,1.5,30.0,63,False,1280.0,720.0
sister,msasl,,4041,4082,42.0,1.3670000000000186,30.0,63,False,1280.0,720.0
step,msasl,,4154,4230,77.0,2.532999999999987,30.0,63,False,1280.0,720.0
twins,msasl,,4252,4357,106.0,3.5,30.0,63,False,1280.0,720.0
uncle,msasl,,4384,4494,111.0,3.6670000000000016,30.0,63,False,1280.0,720.0
boyfriend,msasl,,4518,4589,72.0,2.367000000000018,30.0,63,False,1280.0,720.0
girlfriend,msasl,,4611,4682,72.0,2.367000000000018,30.0,63,False,1280.0,720.0
best friend,msasl,,4825,5021,197.0,6.533999999999992,30.0,63,False,1280.0,720.0
sweetheart,msasl,,5044,5153,110.0,3.633999999999986,30.0,63,False,1280.0,720.0
single,msasl,,5175,5265,91.0,3.0,30.0,63,False,1280.0,720.0
grandfather,msasl,,5289,5360,72.0,2.3669999999999902,30.0,63,False,1280.0,720.0
grandmother,msasl,,5380,5457,78.0,2.5670000000000077,30.0,63,False,1280.0,720.0
nothing,msasl,,5599,5661,63.0,2.066999999999979,30.0,63,False,1280.0,720.0
son,msasl,,5681,5762,82.0,2.700000000000017,30.0,63,False,1280.0,720.0
born,msasl,,6003,6176,174.0,5.766999999999996,30.0,63,False,1280.0,720.0
college,msasl,,6831,6988,158.0,5.233000000000004,30.0,63,False,1280.0,720.0
argue,msasl,,7016,7099,84.0,2.76600000000002,30.0,63,False,1280.0,720.0
wife,msasl,,7354,7450,97.0,3.1999999999999886,30.0,63,False,1280.0,720.0
wedding,msasl,,7473,7612,140.0,4.63300000000001,30.0,63,False,1280.0,720.0
husband,msasl,,7637,7734,98.0,3.233000000000004,30.0,63,False,1280.0,720.0
young,msasl,,7968,8062,95.0,3.1329999999999814,30.0,63,False,1280.0,720.0
graduate,msasl,,8088,8260,173.0,5.733000000000004,30.0,63,False,1280.0,720.0
relationship,msasl,,8510,8639,130.0,4.300000000000011,30.0,63,False,1280.0,720.0
break up,msasl,,8671,8788,118.0,3.899999999999977,30.0,63,False,1280.0,720.0
engaged,msasl,,8813,8973,161.0,5.333000000000027,30.0,63,False,1280.0,720.0
friend,msasl,,9175,9254,80.0,2.6339999999999577,30.0,63,False,1280.0,720.0
total,msasl,,9360,9465,106.0,3.5,30.0,63,False,1280.0,720.0
total,msasl,,9465,9490,26.0,0.8330000000000268,30.0,63,False,1280.0,720.0
total,msasl,,9490,9533,44.0,1.433999999999969,30.0,63,False,1280.0,720.0
total,msasl,,9581,9631,51.0,1.6659999999999968,30.0,63,False,1280.0,720.0
total,msasl,,9631,9701,71.0,2.334000000000003,30.0,63,False,1280.0,720.0
total,msasl,,9701,9741,41.0,1.33299999999997,30.0,63,False,1280.0,720.0
bed,msasl,,0,75,76.0,3.0,25.0,66,False,640.0,360.0
flag,msasl,,0,36,37.0,1.501,23.976,7,False,640.0,360.0
grandmother,msasl,,0,59,60.0,2.36,25.0,66,False,640.0,360.0
can,msasl,,169,276,108.0,3.5669999999999997,30.0,63,False,1280.0,720.0
start,msasl,,313,472,160.0,5.300000000000001,30.0,63,False,1280.0,720.0
book,msasl,,484,597,114.0,3.767,30.0,63,False,1280.0,720.0
forget,msasl,,622,722,101.0,3.334,30.0,63,False,1280.0,720.0
money,msasl,,744,851,108.0,3.567,30.0,63,False,1280.0,720.0
school,msasl,,875,1009,135.0,4.466000000000001,30.0,63,False,1280.0,720.0
good,msasl,,1034,1159,126.0,4.166000000000004,30.0,63,False,1280.0,720.0
now,msasl,,1330,1465,136.0,4.5,30.0,63,False,1280.0,720.0
learn,msasl,,1491,1621,131.0,4.332999999999998,30.0,63,False,1280.0,720.0
culture,msasl,,1644,1780,137.0,4.533000000000001,30.0,63,False,1280.0,720.0
bored,msasl,,1805,1913,109.0,3.6000000000000014,30.0,63,False,1280.0,720.0
always,msasl,,1939,2066,128.0,4.234000000000009,30.0,63,False,1280.0,720.0
more,msasl,,2091,2224,134.0,4.432999999999993,30.0,63,False,1280.0,720.0
deaf,msasl,,2247,2375,129.0,4.266999999999996,30.0,63,False,1280.0,720.0
bathroom,msasl,,2560,2662,103.0,3.4000000000000057,30.0,63,False,1280.0,720.0
girl,msasl,,2688,2813,126.0,4.167000000000002,30.0,63,False,1280.0,720.0
work,msasl,,2837,2931,95.0,3.1330000000000098,30.0,63,False,1280.0,720.0
can't,msasl,,2957,3093,137.0,4.533000000000001,30.0,63,False,1280.0,720.0
coffee,msasl,,3118,3256,139.0,4.599999999999994,30.0,63,False,1280.0,720.0
love it,msasl,,3283,3396,114.0,3.766999999999996,30.0,63,False,1280.0,720.0
library,msasl,,3421,3541,121.0,4.0,30.0,63,False,1280.0,720.0
boy,msasl,,3710,3829,120.0,3.965999999999994,30.0,63,False,1280.0,720.0
bad,msasl,,3854,3983,130.0,4.299999999999983,30.0,63,False,1280.0,720.0
new,msasl,,4041,4181,141.0,4.667000000000002,30.0,63,False,1280.0,720.0
freshman,msasl,,4213,4345,133.0,4.400000000000006,30.0,63,False,1280.0,720.0
sophomore,msasl,,4370,4436,67.0,2.1999999999999886,30.0,63,False,1280.0,720.0
junior,msasl,,4511,4661,151.0,5.0,30.0,63,False,1280.0,720.0
senior,msasl,,4687,4800,114.0,3.766999999999996,30.0,63,False,1280.0,720.0
outside,msasl,,4826,4940,115.0,3.8000000000000114,30.0,63,False,1280.0,720.0
rain,msasl,,4966,5052,87.0,2.867000000000018,30.0,63,False,1280.0,720.0
cold,msasl,,5075,5175,101.0,3.3329999999999984,30.0,63,False,1280.0,720.0
hot,msasl,,5200,5315,116.0,3.834000000000003,30.0,63,False,1280.0,720.0
cafeteria,msasl,,5340,5470,131.0,4.332999999999998,30.0,63,False,1280.0,720.0
delicious,msasl,,0,27,28.0,0.901,29.97,44,False,640.0,360.0
thirteen,msasl,,0,46,47.0,1.919,23.976,15,False,640.0,360.0
calculus,msasl,,0,70,71.0,2.8,25.0,114,False,480.0,360.0
drive,msasl,,0,72,73.0,2.402,29.979,53,False,640.0,360.0
knife,msasl,,0,28,29.0,1.168,23.976,7,False,640.0,360.0
wow,msasl,,0,43,44.0,1.793,23.976,7,False,640.0,360.0
ice-skating,msasl,,0,66,67.0,2.64,25.0,114,False,480.0,360.0
banana,msasl,,0,95,96.0,3.17,29.969,53,False,640.0,360.0
window,msasl,,0,41,42.0,1.71,23.976,7,False,640.0,360.0
not want,msasl,,0,43,44.0,1.403,30.641,87,False,1280.0,720.0
stove,msasl,,0,99,100.0,3.303,29.97,76,False,640.0,360.0
grass,msasl,,0,95,96.0,3.17,29.97,76,False,640.0,360.0
chemistry,msasl,,0,51,52.0,2.127,23.976,7,False,640.0,360.0
girl,msasl,,0,35,36.0,1.168,29.97,87,False,1280.0,720.0
focus,msasl,,0,33,34.0,1.101,29.97,44,False,640.0,360.0
thirteen,msasl,,0,73,74.0,2.437,29.96,53,False,640.0,360.0
whale,msasl,,0,38,39.0,1.268,29.97,44,False,640.0,360.0
teach,msasl,,0,49,50.0,1.96,25.0,114,False,480.0,360.0
small,msasl,,0,36,37.0,1.201,29.97,44,False,640.0,360.0
explain,msasl,,0,42,43.0,1.752,23.976,7,False,640.0,360.0
child,msasl,,0,66,67.0,2.64,25.0,114,False,480.0,360.0
breakfast,msasl,,0,103,104.0,3.437,29.971,53,False,640.0,360.0
easy,msasl,,0,32,33.0,1.335,23.976,15,False,640.0,360.0
nephew,msasl,,0,53,54.0,1.768,29.97,87,False,1280.0,720.0
twins,msasl,,0,59,60.0,1.969,29.97,87,False,1280.0,720.0
store,msasl,,0,86,87.0,3.44,25.0,114,False,480.0,360.0
hate,msasl,,0,29,30.0,1.21,23.976,15,False,640.0,360.0
engineering,msasl,,0,50,51.0,2.0,25.0,114,False,480.0,360.0
27,msasl,,0,38,39.0,1.585,23.976,15,False,640.0,360.0
hat,msasl,,0,81,82.0,2.703,29.97,76,False,640.0,360.0
good morning,msasl,,0,94,95.0,3.137,29.968,53,False,640.0,360.0
half hour,msasl,,0,52,53.0,2.08,25.0,114,False,480.0,360.0
center,msasl,,0,40,41.0,1.668,23.976,15,False,640.0,360.0
sixteen,msasl,,0,45,46.0,1.877,23.976,15,False,640.0,360.0
hour,msasl,,0,89,90.0,3.56,25.0,114,False,480.0,360.0
bake,msasl,,0,36,37.0,1.501,23.976,7,False,640.0,360.0
hold on,msasl,,0,27,28.0,1.126,23.976,7,False,640.0,360.0
cook,msasl,,0,66,67.0,2.64,25.0,114,False,480.0,360.0
brother,msasl,,0,47,48.0,1.568,29.97,44,False,640.0,360.0
21,msasl,,0,46,47.0,1.84,25.0,114,False,480.0,360.0
nine,msasl,,0,50,51.0,2.0,25.0,114,False,480.0,360.0
stand,msasl,,0,34,35.0,1.418,23.976,15,False,640.0,360.0
spring,msasl,,0,87,88.0,2.903,29.97,76,False,640.0,360.0
bicycle,msasl,,0,59,60.0,2.36,25.0,66,False,640.0,360.0
thin,msasl,,0,36,37.0,1.201,29.97,44,False,640.0,360.0
cabinets,msasl,,0,53,54.0,2.211,23.976,7,False,640.0,360.0
divorce,msasl,,0,36,37.0,1.501,23.976,15,False,640.0,360.0
milk,msasl,,0,57,58.0,2.28,25.0,66,False,640.0,360.0
alarm,msasl,,0,68,69.0,2.72,25.0,114,False,480.0,360.0
junior,msasl,,0,37,38.0,1.235,29.97,44,False,640.0,360.0
eleven,msasl,,0,68,69.0,2.268,29.978,53,False,640.0,360.0
how_many,msasl,,0,41,42.0,1.71,23.976,15,False,640.0,360.0
five,msasl,,0,37,38.0,1.543,23.976,15,False,640.0,360.0
rude,msasl,,0,39,40.0,1.301,29.97,44,False,640.0,360.0
junior,msasl,,0,59,60.0,2.36,25.0,114,False,480.0,360.0
boy,msasl,,0,36,37.0,1.201,29.97,44,False,640.0,360.0
stay,msasl,,0,59,60.0,2.36,25.0,114,False,480.0,360.0
bathroom,msasl,,0,94,95.0,3.136,29.97,76,False,640.0,360.0
sweet,msasl,,305,335,31.0,1.0010000000000012,29.97,142,False,640.0,360.0
cute,msasl,,374,394,21.0,0.6670000000000016,29.97,142,False,640.0,360.0
shy,msasl,,466,505,40.0,1.301000000000002,29.97,142,False,640.0,360.0
innocent,msasl,,550,584,35.0,1.1340000000000003,29.97,142,False,640.0,360.0
30,msasl,,0,91,92.0,3.037,29.967,53,False,640.0,360.0
center,msasl,,0,30,31.0,1.001,29.97,44,False,640.0,360.0
21,msasl,,0,52,53.0,2.08,25.0,114,False,480.0,360.0
egg,msasl,,0,55,56.0,2.2,25.0,66,False,640.0,360.0
grapes,msasl,,0,126,127.0,4.203,29.976,53,False,640.0,360.0
freeze cream,msasl,,0,44,45.0,1.835,23.976,7,False,640.0,360.0
soup,msasl,,0,45,46.0,1.877,23.976,15,False,640.0,360.0
lunch,msasl,,0,110,111.0,3.67,29.973,53,False,640.0,360.0
mother,msasl,,0,51,52.0,2.04,25.0,114,False,480.0,360.0
27,msasl,,0,81,82.0,3.24,25.0,114,False,480.0,360.0
pig,msasl,,0,34,35.0,1.418,23.976,15,False,640.0,360.0
lion,msasl,,0,61,62.0,2.44,25.0,66,False,640.0,360.0
far,msasl,,195,288,94.0,3.103999999999999,29.97,118,False,1280.0,720.0
far,msasl,,306,399,94.0,3.103,29.97,118,False,1280.0,720.0
near,msasl,,423,521,99.0,3.27,29.97,118,False,1280.0,720.0
near,msasl,,535,633,99.0,3.27,29.97,118,False,1280.0,720.0
fast,msasl,,663,750,88.0,2.9029999999999987,29.97,118,False,1280.0,720.0
fast,msasl,,764,851,88.0,2.9029999999999987,29.97,118,False,1280.0,720.0
fat,msasl,,1131,1226,96.0,3.1700000000000017,29.97,118,False,1280.0,720.0
fat,msasl,,1242,1337,96.0,3.1699999999999946,29.97,118,False,1280.0,720.0
thin,msasl,,1369,1471,103.0,3.4029999999999987,29.97,118,False,1280.0,720.0
thin,msasl,,1489,1591,103.0,3.4029999999999987,29.97,118,False,1280.0,720.0
woman,msasl,,1623,1707,85.0,2.8029999999999973,29.97,118,False,1280.0,720.0
woman,msasl,,1724,1808,85.0,2.8029999999999973,29.97,118,False,1280.0,720.0
man,msasl,,1840,1937,98.0,3.235999999999997,29.97,118,False,1280.0,720.0
man,msasl,,1955,2052,98.0,3.236000000000004,29.97,118,False,1280.0,720.0
few,msasl,,2084,2188,105.0,3.469999999999999,29.97,118,False,1280.0,720.0
few,msasl,,2206,2310,105.0,3.469999999999999,29.97,118,False,1280.0,720.0
many,msasl,,2343,2423,81.0,2.668999999999997,29.97,118,False,1280.0,720.0
many,msasl,,2444,2524,81.0,2.668999999999997,29.97,118,False,1280.0,720.0
find,msasl,,2556,2649,94.0,3.1030000000000086,29.97,118,False,1280.0,720.0
find,msasl,,2665,2758,94.0,3.1030000000000086,29.97,118,False,1280.0,720.0
lost,msasl,,2790,2889,100.0,3.3029999999999973,29.97,118,False,1280.0,720.0
lost,msasl,,2906,3005,100.0,3.3029999999999973,29.97,118,False,1280.0,720.0
first,msasl,,3038,3136,99.0,3.2700000000000102,29.97,118,False,1280.0,720.0
first,msasl,,3154,3252,99.0,3.269999999999996,29.97,118,False,1280.0,720.0
last,msasl,,3286,3375,90.0,2.968999999999994,29.97,118,False,1280.0,720.0
last,msasl,,3393,3482,90.0,2.970000000000013,29.97,118,False,1280.0,720.0
hill,msasl,,3767,3814,48.0,1.568000000000012,29.97,118,False,1280.0,720.0
hill,msasl,,3826,3847,22.0,0.7009999999999934,29.97,118,False,1280.0,720.0
hill,msasl,,3861,3892,32.0,1.0339999999999918,29.97,118,False,1280.0,720.0
hill,msasl,,3910,3957,48.0,1.568000000000012,29.97,118,False,1280.0,720.0
hill,msasl,,3968,3999,32.0,1.0339999999999918,29.97,118,False,1280.0,720.0
hill,msasl,,4005,4035,31.0,1.0019999999999811,29.97,118,False,1280.0,720.0
follow,msasl,,4066,4160,95.0,3.135999999999996,29.97,118,False,1280.0,720.0
follow,msasl,,4175,4269,95.0,3.135999999999996,29.97,118,False,1280.0,720.0
lead,msasl,,4302,4417,116.0,3.837999999999994,29.97,118,False,1280.0,720.0
lead,msasl,,4434,4549,116.0,3.836999999999989,29.97,118,False,1280.0,720.0
forget,msasl,,4583,4677,95.0,3.1370000000000005,29.97,118,False,1280.0,720.0
forget,msasl,,4695,4789,95.0,3.1370000000000005,29.97,118,False,1280.0,720.0
remember,msasl,,4823,4933,111.0,3.6710000000000207,29.97,118,False,1280.0,720.0
remember,msasl,,4949,5059,111.0,3.669999999999988,29.97,118,False,1280.0,720.0
freeze,msasl,,5093,5191,99.0,3.269999999999982,29.97,118,False,1280.0,720.0
freeze,msasl,,5207,5305,99.0,3.269999999999982,29.97,118,False,1280.0,720.0
funny,msasl,,5605,5704,100.0,3.3029999999999973,29.97,118,False,1280.0,720.0
funny,msasl,,5717,5816,100.0,3.304000000000002,29.97,118,False,1280.0,720.0
future,msasl,,6106,6208,103.0,3.402999999999992,29.97,118,False,1280.0,720.0
future,msasl,,6223,6325,103.0,3.40300000000002,29.97,118,False,1280.0,720.0
past,msasl,,6356,6457,102.0,3.3700000000000045,29.97,118,False,1280.0,720.0
past,msasl,,6473,6574,102.0,3.3700000000000045,29.97,118,False,1280.0,720.0
give,msasl,,6606,6703,98.0,3.237000000000023,29.97,118,False,1280.0,720.0
give,msasl,,6719,6816,98.0,3.23599999999999,29.97,118,False,1280.0,720.0
take,msasl,,6842,6959,118.0,3.904000000000025,29.97,118,False,1280.0,720.0
take,msasl,,6973,7090,118.0,3.903999999999997,29.97,118,False,1280.0,720.0
guilty,msasl,,7113,7221,109.0,3.604000000000013,29.97,118,False,1280.0,720.0
guilty,msasl,,7235,7343,109.0,3.6030000000000086,29.97,118,False,1280.0,720.0
innocent,msasl,,7373,7485,113.0,3.738,29.97,118,False,1280.0,720.0
innocent,msasl,,7499,7611,113.0,3.7369999999999943,29.97,118,False,1280.0,720.0
happy,msasl,,7632,7734,103.0,3.4039999999999964,29.97,118,False,1280.0,720.0
happy,msasl,,7747,7849,103.0,3.402999999999963,29.97,118,False,1280.0,720.0
sad,msasl,,7879,7987,109.0,3.603999999999985,29.97,118,False,1280.0,720.0
sad,msasl,,8000,8108,109.0,3.603999999999985,29.97,118,False,1280.0,720.0
hard,msasl,,8133,8247,115.0,3.8040000000000314,29.97,118,False,1280.0,720.0
hard,msasl,,8259,8373,115.0,3.8040000000000314,29.97,118,False,1280.0,720.0
easy,msasl,,8398,8505,108.0,3.570999999999969,29.97,118,False,1280.0,720.0
easy,msasl,,8516,8623,108.0,3.569999999999993,29.97,118,False,1280.0,720.0
hate,msasl,,8646,8750,105.0,3.4700000000000277,29.97,118,False,1280.0,720.0
hate,msasl,,8762,8866,105.0,3.4700000000000277,29.97,118,False,1280.0,720.0
like,msasl,,8887,8997,111.0,3.670000000000016,29.97,118,False,1280.0,720.0
like,msasl,,9010,9120,111.0,3.669999999999959,29.97,118,False,1280.0,720.0
light,msasl,,9374,9482,109.0,3.603999999999985,29.97,118,False,1280.0,720.0
light,msasl,,9498,9606,109.0,3.6030000000000086,29.97,118,False,1280.0,720.0
polite,msasl,,11656,11769,114.0,3.769999999999982,29.97,118,False,1280.0,720.0
polite,msasl,,11783,11896,114.0,3.771000000000015,29.97,118,False,1280.0,720.0
rude,msasl,,11920,12030,111.0,3.670000000000016,29.97,118,False,1280.0,720.0
rude,msasl,,12045,12155,111.0,3.670999999999992,29.97,118,False,1280.0,720.0
poor,msasl,,12182,12287,106.0,3.502999999999986,29.97,118,False,1280.0,720.0
poor,msasl,,12301,12406,106.0,3.504000000000019,29.97,118,False,1280.0,720.0
rich,msasl,,12428,12529,102.0,3.3700000000000045,29.97,118,False,1280.0,720.0
rich,msasl,,12545,12646,102.0,3.3700000000000045,29.97,118,False,1280.0,720.0
pull,msasl,,13244,13364,121.0,4.003999999999962,29.97,118,False,1280.0,720.0
pull,msasl,,13392,13512,121.0,4.004000000000019,29.97,118,False,1280.0,720.0
push,msasl,,13544,13642,99.0,3.269999999999982,29.97,118,False,1280.0,720.0
push,msasl,,13661,13759,99.0,3.269999999999982,29.97,118,False,1280.0,720.0
receive,msasl,,13791,13883,93.0,3.06899999999996,29.97,118,False,1280.0,720.0
receive,msasl,,13900,13992,93.0,3.06899999999996,29.97,118,False,1280.0,720.0
send,msasl,,14024,14126,103.0,3.4039999999999964,29.97,118,False,1280.0,720.0
send,msasl,,14143,14245,103.0,3.40300000000002,29.97,118,False,1280.0,720.0
rest,msasl,,14277,14377,101.0,3.337000000000046,29.97,118,False,1280.0,720.0
rest,msasl,,14394,14494,101.0,3.3360000000000127,29.97,118,False,1280.0,720.0
work,msasl,,14526,14635,110.0,3.637000000000001,29.97,118,False,1280.0,720.0
work,msasl,,14649,14758,110.0,3.637000000000001,29.97,118,False,1280.0,720.0
save,msasl,,14790,14905,116.0,3.836999999999989,29.97,118,False,1280.0,720.0
save,msasl,,14922,15037,116.0,3.8380000000000223,29.97,118,False,1280.0,720.0
start,msasl,,15339,15442,104.0,3.4370000000000687,29.97,118,False,1280.0,720.0
start,msasl,,15460,15563,104.0,3.435999999999922,29.97,118,False,1280.0,720.0
stop,msasl,,15595,15689,95.0,3.1370000000000573,29.97,118,False,1280.0,720.0
stop,msasl,,15706,15800,95.0,3.1359999999999677,29.97,118,False,1280.0,720.0
strong,msasl,,15832,15943,112.0,3.704000000000065,29.97,118,False,1280.0,720.0
strong,msasl,,15961,16072,112.0,3.703999999999951,29.97,118,False,1280.0,720.0
weak,msasl,,16104,16216,113.0,3.7369999999999663,29.97,118,False,1280.0,720.0
weak,msasl,,16231,16343,113.0,3.73700000000008,29.97,118,False,1280.0,720.0
summer,msasl,,16375,16476,102.0,3.3700000000000045,29.97,118,False,1280.0,720.0
summer,msasl,,16492,16593,102.0,3.3700000000000045,29.97,118,False,1280.0,720.0
winter,msasl,,16625,16728,104.0,3.437000000000012,29.97,118,False,1280.0,720.0
winter,msasl,,16745,16848,104.0,3.437000000000012,29.97,118,False,1280.0,720.0
tall,msasl,,16880,16942,63.0,2.06899999999996,29.97,118,False,1280.0,720.0
tall,msasl,,16944,16987,44.0,1.4349999999999454,29.97,118,False,1280.0,720.0
tall,msasl,,17000,17107,108.0,3.5710000000000264,29.97,118,False,1280.0,720.0
short,msasl,,17139,17227,89.0,2.937000000000012,29.97,118,False,1280.0,720.0
short,msasl,,17242,17330,89.0,2.9360000000000355,29.97,118,False,1280.0,720.0
tomorrow,msasl,,17903,17999,97.0,3.203999999999951,29.97,118,False,1280.0,720.0
tomorrow,msasl,,18017,18113,97.0,3.2029999999999745,29.97,118,False,1280.0,720.0
yesterday,msasl,,18145,18251,107.0,3.5370000000000346,29.97,118,False,1280.0,720.0
yesterday,msasl,,18268,18374,107.0,3.536999999999921,29.97,118,False,1280.0,720.0
true,msasl,,18406,18500,95.0,3.1359999999999677,29.97,118,False,1280.0,720.0
true,msasl,,18517,18611,95.0,3.1359999999999677,29.97,118,False,1280.0,720.0
false,msasl,,18643,18741,99.0,3.2700000000000955,29.97,118,False,1280.0,720.0
false,msasl,,18756,18854,99.0,3.269999999999982,29.97,118,False,1280.0,720.0
dark,msasl,,19331,19432,102.0,3.3700000000000045,29.97,118,False,1280.0,720.0
dark,msasl,,19445,19546,102.0,3.369999999999891,29.97,118,False,1280.0,720.0
same,msasl,,19581,19680,100.0,3.3029999999999973,29.97,118,False,1280.0,720.0
same,msasl,,19692,19791,100.0,3.3039999999999736,29.97,118,False,1280.0,720.0
different,msasl,,19823,19922,100.0,3.3039999999999736,29.97,118,False,1280.0,720.0
different,msasl,,19939,20038,100.0,3.3029999999999973,29.97,118,False,1280.0,720.0
leave,msasl,,20925,21031,107.0,3.5370000000000346,29.97,118,False,1280.0,720.0
leave,msasl,,21058,21164,107.0,3.5370000000000346,29.97,118,False,1280.0,720.0
cooking,msasl,,0,34,35.0,1.418,23.976,15,False,640.0,360.0
mustache,msasl,,0,34,35.0,1.418,23.976,7,False,640.0,360.0
long hair,msasl,,0,49,50.0,2.044,23.976,7,False,640.0,360.0
hallway,msasl,,0,44,45.0,1.76,25.0,114,False,480.0,360.0
office,msasl,,0,55,56.0,2.2,25.0,114,False,480.0,360.0
eleven,msasl,,0,56,57.0,2.24,25.0,114,False,480.0,360.0
interesting,msasl,,0,35,36.0,1.168,29.97,44,False,640.0,360.0
dress,msasl,,0,37,38.0,1.543,23.976,7,False,640.0,360.0
ugly,msasl,,0,63,64.0,2.52,25.0,114,False,480.0,360.0
soccer,msasl,,0,67,68.0,2.68,25.0,114,False,480.0,360.0
uncle,msasl,,0,85,86.0,3.4,25.0,114,False,480.0,360.0
freeze,msasl,,0,94,95.0,3.136,29.97,76,False,640.0,360.0
table,msasl,,0,99,100.0,3.303,29.97,76,False,640.0,360.0
knife,msasl,,0,72,73.0,2.88,25.0,66,False,640.0,360.0
health,msasl,,0,59,60.0,2.36,25.0,114,False,480.0,360.0
butterfly,msasl,,0,38,39.0,1.585,23.976,15,False,640.0,360.0
hit,msasl,,0,43,44.0,1.435,29.97,15,False,640.0,360.0
jacket,msasl,,0,94,95.0,3.136,29.97,76,False,640.0,360.0
parents,msasl,,0,65,66.0,2.6,25.0,114,False,480.0,360.0
fine,msasl,,0,94,95.0,3.137,29.968,53,False,640.0,360.0
pay,msasl,,0,29,30.0,1.21,23.976,7,False,640.0,360.0
good,msasl,,299,328,30.0,0.9670000000000004,29.97,142,False,640.0,360.0
bad,msasl,,355,407,53.0,1.7349999999999994,29.97,142,False,640.0,360.0
nervous,msasl,,435,478,44.0,1.4350000000000005,29.97,142,False,640.0,360.0
mad,msasl,,506,553,48.0,1.5680000000000014,29.97,142,False,640.0,360.0
happy,msasl,,580,621,42.0,1.3679999999999986,29.97,142,False,640.0,360.0
sad,msasl,,649,713,65.0,2.134999999999998,29.97,142,False,640.0,360.0
tired,msasl,,739,773,35.0,1.1340000000000003,29.97,142,False,640.0,360.0
nice,msasl,,801,826,26.0,0.8339999999999996,29.97,142,False,640.0,360.0
hike,msasl,,0,56,57.0,2.336,23.976,7,False,640.0,360.0
living room,msasl,,0,95,96.0,3.17,29.97,76,False,640.0,360.0
again,msasl,,0,81,82.0,2.703,29.963,53,False,640.0,360.0
umbrella,msasl,,0,64,65.0,2.56,25.0,66,False,640.0,360.0
boy,msasl,,0,40,41.0,1.335,29.97,87,False,1280.0,720.0
shoes,msasl,,0,82,83.0,2.736,29.97,76,False,640.0,360.0
boring,msasl,,0,28,29.0,0.934,29.97,15,False,640.0,360.0
awkward,msasl,,0,41,42.0,1.71,23.976,7,False,640.0,360.0
skateboard,msasl,,0,76,77.0,3.04,25.0,114,False,480.0,360.0
now,msasl,,449,521,73.0,2.402000000000001,29.97,142,False,640.0,360.0
day,msasl,,548,605,58.0,1.902000000000001,29.97,142,False,640.0,360.0
yesterday,msasl,,857,926,70.0,2.303000000000001,29.97,142,False,640.0,360.0
tomorrow,msasl,,954,1016,63.0,2.0690000000000026,29.97,142,False,640.0,360.0
day,msasl,,1461,1537,77.0,2.5359999999999943,29.97,142,False,640.0,360.0
like,msasl,,1563,1584,22.0,0.7010000000000005,29.97,142,False,640.0,360.0
not like,msasl,,1611,1654,44.0,1.4340000000000046,29.97,142,False,640.0,360.0
sink,msasl,,0,43,44.0,1.793,23.976,7,False,640.0,360.0
go,msasl,,0,104,105.0,3.47,29.97,76,False,640.0,360.0
daughter,msasl,,0,45,46.0,1.502,29.97,44,False,640.0,360.0
cold,msasl,,0,66,67.0,2.64,25.0,66,False,640.0,360.0
snow,msasl,,0,55,56.0,1.835,29.97,15,False,640.0,360.0
nineteen,msasl,,0,41,42.0,1.71,23.976,15,False,640.0,360.0
twelve,msasl,,0,46,47.0,1.84,25.0,114,False,480.0,360.0
march,msasl,,0,125,126.0,4.172,29.964,53,False,640.0,360.0
computer,msasl,,0,90,91.0,3.003,29.97,76,False,640.0,360.0
awful,msasl,,0,38,39.0,1.268,29.97,15,False,640.0,360.0
snowboard,msasl,,0,77,78.0,3.08,25.0,114,False,480.0,360.0
nice,msasl,,0,42,43.0,1.401,29.97,15,False,640.0,360.0
arrogant,msasl,,9682,9748,67.0,2.1999999999999886,30.0,63,False,1280.0,720.0
new,msasl,,0,32,33.0,1.068,29.97,44,False,640.0,360.0
sweet,msasl,,0,38,39.0,1.52,25.0,114,False,480.0,360.0
ugly,msasl,,321,341,21.0,0.6669999999999998,29.97,142,False,640.0,360.0
awkward,msasl,,484,537,54.0,1.7689999999999984,29.97,142,False,640.0,360.0
confused,msasl,,598,668,71.0,2.336000000000002,29.97,142,False,640.0,360.0
embarrassed,msasl,,720,772,53.0,1.7349999999999994,29.97,142,False,640.0,360.0
summer,msasl,,105,142,38.0,1.2329999999999997,30.0,146,False,640.0,360.0
spring,msasl,,181,217,37.0,1.1999999999999993,30.0,146,False,640.0,360.0
autumn,msasl,,333,379,47.0,1.5329999999999997,30.0,146,False,640.0,360.0
celebrate,msasl,,743,819,77.0,2.5330000000000013,30.0,146,False,640.0,360.0
play,msasl,,1057,1112,56.0,1.8340000000000032,30.0,146,False,640.0,360.0
christmas,msasl,,1427,1490,64.0,2.1000000000000014,30.0,146,False,640.0,360.0
thanksgiving,msasl,,1524,1571,48.0,1.5670000000000002,30.0,146,False,640.0,360.0
vacation,msasl,,1867,1910,44.0,1.4340000000000046,30.0,146,False,640.0,360.0
painting,msasl,,2862,2930,69.0,2.266999999999996,30.0,146,False,640.0,360.0
building,msasl,,2957,3004,48.0,1.5660000000000025,30.0,146,False,640.0,360.0
outside,msasl,,3211,3257,47.0,1.5339999999999918,30.0,146,False,640.0,360.0
fishing,msasl,,3657,3728,72.0,2.3669999999999902,30.0,146,False,640.0,360.0
baseball,msasl,,4215,4278,64.0,2.0999999999999943,30.0,146,False,640.0,360.0
shop,msasl,,5079,5186,108.0,3.566999999999979,30.0,146,False,640.0,360.0
bathroom,msasl,,0,83,84.0,2.769,29.97,76,False,640.0,360.0
shoes,msasl,,0,74,75.0,2.469,29.97,76,False,640.0,360.0
crazy,msasl,,0,29,30.0,0.968,29.97,44,False,640.0,360.0
wait,msasl,,0,30,31.0,1.251,23.976,7,False,640.0,360.0
28,msasl,,0,87,88.0,2.903,29.966,53,False,640.0,360.0
during,msasl,,0,27,28.0,1.126,23.976,7,False,640.0,360.0
baby,msasl,,524,630,107.0,3.536999999999999,29.97,118,False,1280.0,720.0
baby,msasl,,661,796,136.0,4.504999999999999,29.97,118,False,1280.0,720.0
baby,msasl,,827,921,95.0,3.1370000000000005,29.97,118,False,1280.0,720.0
baby,msasl,,947,1075,129.0,4.271000000000001,29.97,118,False,1280.0,720.0
child,msasl,,1206,1327,122.0,4.037999999999997,29.97,118,False,1280.0,720.0
child,msasl,,1392,1532,141.0,4.672000000000004,29.97,118,False,1280.0,720.0
children,msasl,,1679,1821,143.0,4.738,29.97,118,False,1280.0,720.0
children,msasl,,1852,2051,200.0,6.640000000000001,29.97,118,False,1280.0,720.0
boy,msasl,,2200,2311,112.0,3.703000000000003,29.97,118,False,1280.0,720.0
boy,msasl,,2344,2506,163.0,5.406000000000006,29.97,118,False,1280.0,720.0
girl,msasl,,2654,2762,109.0,3.603999999999999,29.97,118,False,1280.0,720.0
girl,msasl,,2796,2941,146.0,4.837999999999994,29.97,118,False,1280.0,720.0
sister,msasl,,3093,3198,106.0,3.5039999999999907,29.97,118,False,1280.0,720.0
sister,msasl,,3232,3379,148.0,4.905000000000001,29.97,118,False,1280.0,720.0
brother,msasl,,3553,3653,101.0,3.3359999999999985,29.97,118,False,1280.0,720.0
brother,msasl,,3686,3819,134.0,4.437000000000012,29.97,118,False,1280.0,720.0
cousin,msasl,,3991,4130,140.0,4.638000000000005,29.97,118,False,1280.0,720.0
nephew,msasl,,4895,5004,110.0,3.637000000000001,29.97,118,False,1280.0,720.0
nephew,msasl,,5039,5186,148.0,4.905000000000001,29.97,118,False,1280.0,720.0
niece,msasl,,5358,5467,110.0,3.637000000000001,29.97,118,False,1280.0,720.0
niece,msasl,,5501,5648,148.0,4.905000000000001,29.97,118,False,1280.0,720.0
mother,msasl,,5821,5937,117.0,3.871000000000009,29.97,118,False,1280.0,720.0
mother,msasl,,5972,6130,159.0,5.27200000000002,29.97,118,False,1280.0,720.0
father,msasl,,6306,6421,116.0,3.8370000000000175,29.97,118,False,1280.0,720.0
father,msasl,,6454,6611,158.0,5.238999999999976,29.97,118,False,1280.0,720.0
uncle,msasl,,6784,6894,111.0,3.670999999999992,29.97,118,False,1280.0,720.0
uncle,msasl,,6939,7087,149.0,4.938999999999993,29.97,118,False,1280.0,720.0
aunt,msasl,,7260,7377,118.0,3.903999999999997,29.97,118,False,1280.0,720.0
aunt,msasl,,7410,7569,160.0,5.304999999999978,29.97,118,False,1280.0,720.0
parents,msasl,,10623,10747,125.0,4.137999999999977,29.97,118,False,1280.0,720.0
parents,msasl,,10781,10951,171.0,5.6720000000000255,29.97,118,False,1280.0,720.0
family,msasl,,11121,11242,122.0,4.036999999999978,29.97,118,False,1280.0,720.0
family,msasl,,11276,11442,167.0,5.538000000000011,29.97,118,False,1280.0,720.0
dessert,msasl,,0,67,68.0,2.235,29.978,53,False,640.0,360.0
can,msasl,,0,54,55.0,1.802,29.97,76,False,640.0,360.0
dance,msasl,,0,38,39.0,1.585,23.976,15,False,640.0,360.0
wedding,msasl,,0,40,41.0,1.668,23.976,15,False,640.0,360.0
ring,msasl,,0,39,40.0,1.627,23.976,7,False,640.0,360.0
ketchup,msasl,,0,34,35.0,1.418,23.976,7,False,640.0,360.0
bedroom,msasl,,0,82,83.0,2.736,29.97,76,False,640.0,360.0
pancake,msasl,,0,41,42.0,1.71,23.976,15,False,640.0,360.0
wow,msasl,,0,52,53.0,1.735,29.97,15,False,640.0,360.0
frustrated,msasl,,0,82,83.0,2.737,29.964,53,False,640.0,360.0
shirt,msasl,,0,72,73.0,2.88,25.0,66,False,640.0,360.0
motivated,msasl,,0,75,76.0,3.0,25.0,114,False,480.0,360.0
leave,msasl,,0,31,32.0,1.034,29.97,44,False,640.0,360.0
yes,msasl,,0,78,79.0,3.12,25.0,66,False,640.0,360.0
hike,msasl,,0,115,116.0,4.6,25.0,114,False,480.0,360.0
more,msasl,,0,82,83.0,2.737,29.964,53,False,640.0,360.0
curious,msasl,,0,47,48.0,1.568,29.97,15,False,640.0,360.0
school,msasl,,0,60,61.0,2.4,25.0,66,False,640.0,360.0
die,msasl,,0,47,48.0,1.568,29.97,87,False,1280.0,720.0
help,msasl,,0,58,59.0,2.32,25.0,66,False,640.0,360.0
ball,msasl,,0,62,63.0,2.48,25.0,66,False,640.0,360.0
have,msasl,,0,73,74.0,2.437,29.96,53,False,640.0,360.0
socks,msasl,,0,49,50.0,1.96,25.0,66,False,640.0,360.0
sophomore,msasl,,0,39,40.0,1.301,29.97,44,False,640.0,360.0
bed,msasl,,0,89,90.0,2.97,29.97,76,False,640.0,360.0
stupid,msasl,,0,49,50.0,1.96,25.0,114,False,480.0,360.0
freshman,msasl,,0,35,36.0,1.168,29.97,44,False,640.0,360.0
hello,msasl,,14,73,60.0,1.969,29.97,164,False,640.0,360.0
hi,msasl,,119,178,60.0,1.968,29.97,164,False,640.0,360.0
what's up,msasl,,199,288,90.0,2.97,29.97,164,False,640.0,360.0
how are you,msasl,,350,499,150.0,4.971999999999998,29.97,164,False,640.0,360.0
bye,msasl,,563,622,60.0,1.9690000000000007,29.97,164,False,640.0,360.0
bye,msasl,,674,733,60.0,1.9689999999999976,29.97,164,False,640.0,360.0
yes,msasl,,761,849,89.0,2.936,29.97,164,False,640.0,360.0
no,msasl,,859,948,90.0,2.9700000000000024,29.97,164,False,640.0,360.0
no,msasl,,1028,1087,60.0,1.9690000000000007,29.97,164,False,640.0,360.0
maybe,msasl,,1114,1203,90.0,2.969999999999999,29.97,164,False,640.0,360.0
tape,msasl,,0,38,39.0,1.585,23.976,7,False,640.0,360.0
hi,msasl,,0,52,53.0,1.735,29.972,53,False,640.0,360.0
bank,msasl,,0,123,124.0,4.103,29.976,53,False,640.0,360.0
woman,msasl,,0,42,43.0,1.68,25.0,114,False,480.0,360.0
physics,msasl,,0,72,73.0,2.88,25.0,114,False,480.0,360.0
big,msasl,,0,38,39.0,1.268,29.97,15,False,640.0,360.0
son,msasl,,0,45,46.0,1.502,29.97,44,False,640.0,360.0
sweetheart,msasl,,0,51,52.0,2.04,25.0,114,False,480.0,360.0
love,msasl,,0,67,68.0,2.68,25.0,66,False,640.0,360.0
fourteen,msasl,,0,71,72.0,2.368,29.979,53,False,640.0,360.0
fourteen,msasl,,0,43,44.0,1.793,23.976,15,False,640.0,360.0
church,msasl,,0,73,74.0,2.92,25.0,66,False,640.0,360.0
help,msasl,,0,83,84.0,2.769,29.97,76,False,640.0,360.0
bug,msasl,,0,65,66.0,2.6,25.0,114,False,480.0,360.0
group,msasl,,0,35,36.0,1.46,23.976,15,False,640.0,360.0
get,msasl,,0,38,39.0,1.585,23.976,15,False,640.0,360.0
hit,msasl,,10,60,51.0,1.6679999999999997,29.973,53,False,640.0,360.0
hit,msasl,,110,150,41.0,1.335,29.973,53,False,640.0,360.0
jealous,msasl,,0,30,31.0,1.001,29.97,44,False,640.0,360.0
autumn,msasl,,0,49,50.0,2.044,23.976,15,False,640.0,360.0
jump,msasl,,0,34,35.0,1.418,23.976,15,False,640.0,360.0
outside,msasl,,0,39,40.0,1.627,23.976,15,False,640.0,360.0
careful,msasl,,582,611,30.0,0.968,29.97,227,False,640.0,360.0
broke,msasl,,825,854,30.0,0.968,29.97,227,False,640.0,360.0
shy,msasl,,882,909,28.0,0.9009999999999998,29.97,227,False,640.0,360.0
polite,msasl,,1077,1106,30.0,0.9680000000000036,29.97,227,False,640.0,360.0
rude,msasl,,1100,1160,61.0,2.001999999999996,29.97,227,False,640.0,360.0
sweet,msasl,,1172,1201,30.0,0.9669999999999987,29.97,227,False,640.0,360.0
mean,msasl,,1219,1243,25.0,0.8010000000000019,29.97,227,False,640.0,360.0
mean,msasl,,1248,1278,31.0,1.0009999999999977,29.97,227,False,640.0,360.0
humble,msasl,,1360,1389,30.0,0.9669999999999987,29.97,227,False,640.0,360.0
strict,msasl,,1937,1961,25.0,0.8010000000000019,29.97,227,False,640.0,360.0
cool,msasl,,2138,2152,15.0,0.4670000000000129,29.97,227,False,640.0,360.0
cool,msasl,,2157,2167,11.0,0.3340000000000032,29.97,227,False,640.0,360.0
stubborn,msasl,,2454,2483,30.0,0.9669999999999987,29.97,227,False,640.0,360.0
warm,msasl,,2730,2759,30.0,0.9680000000000036,29.97,227,False,640.0,360.0
brave,msasl,,2964,2993,30.0,0.9669999999999987,29.97,227,False,640.0,360.0
positive,msasl,,3553,3582,30.0,0.9669999999999987,29.97,227,False,640.0,360.0
complain,msasl,,3915,3941,27.0,0.8669999999999902,29.97,227,False,640.0,360.0
pshaw,msasl,,4580,4600,21.0,0.6680000000000064,29.97,227,False,640.0,360.0
laugh,msasl,,4879,4908,30.0,0.9680000000000176,29.97,227,False,640.0,360.0
discuss,msasl,,5159,5178,20.0,0.6339999999999861,29.97,227,False,640.0,360.0
popcorn,msasl,,5476,5505,30.0,0.9679999999999892,29.97,227,False,640.0,360.0
gum,msasl,,5619,5648,30.0,0.9680000000000176,29.97,227,False,640.0,360.0
milk,msasl,,5750,5779,30.0,0.9679999999999892,29.97,227,False,640.0,360.0
bread,msasl,,5853,5882,30.0,0.9680000000000176,29.97,227,False,640.0,360.0
butter,msasl,,5905,5932,28.0,0.9010000000000103,29.97,227,False,640.0,360.0
egg,msasl,,5976,6005,30.0,0.9679999999999892,29.97,227,False,640.0,360.0
sugar,msasl,,6018,6048,31.0,1.0010000000000048,29.97,227,False,640.0,360.0
lettuce,msasl,,6069,6099,31.0,1.0009999999999764,29.97,227,False,640.0,360.0
onion,msasl,,6230,6259,30.0,0.9680000000000176,29.97,227,False,640.0,360.0
banana,msasl,,6296,6325,30.0,0.967000000000013,29.97,227,False,640.0,360.0
apple,msasl,,6386,6414,29.0,0.9339999999999976,29.97,227,False,640.0,360.0
orange,msasl,,6441,6470,30.0,0.967000000000013,29.97,227,False,640.0,360.0
jam,msasl,,6620,6679,60.0,1.968999999999994,29.97,227,False,640.0,360.0
bacon,msasl,,6803,6832,30.0,0.9680000000000176,29.97,227,False,640.0,360.0
cereal,msasl,,6924,6953,30.0,0.9669999999999844,29.97,227,False,640.0,360.0
freeze,msasl,,7149,7207,59.0,1.9359999999999784,29.97,227,False,640.0,360.0
freeze cream,msasl,,7250,7280,31.0,1.0010000000000048,29.97,227,False,640.0,360.0
cookie,msasl,,7332,7351,20.0,0.6339999999999861,29.97,227,False,640.0,360.0
cracker,msasl,,7403,7419,17.0,0.5339999999999918,29.97,227,False,640.0,360.0
dollar,msasl,,7466,7495,30.0,0.9669999999999844,29.97,227,False,640.0,360.0
cent,msasl,,7509,7523,15.0,0.4669999999999845,29.97,227,False,640.0,360.0
ring,msasl,,7844,7873,30.0,0.9680000000000176,29.97,227,False,640.0,360.0
deer,msasl,,8212,8241,30.0,0.9680000000000176,29.97,227,False,640.0,360.0
soap,msasl,,8690,8707,18.0,0.5679999999999836,29.97,227,False,640.0,360.0
screwdriver,msasl,,8780,8794,15.0,0.4669999999999845,29.97,227,False,640.0,360.0
towel,msasl,,9051,9140,90.0,2.968999999999994,29.97,227,False,640.0,360.0
camera,msasl,,9214,9243,30.0,0.9680000000000176,29.97,227,False,640.0,360.0
candle,msasl,,9410,9439,30.0,0.9679999999999608,29.97,227,False,640.0,360.0
magazine,msasl,,9543,9572,30.0,0.9680000000000176,29.97,227,False,640.0,360.0
tape,msasl,,9622,9636,15.0,0.4670000000000414,29.97,227,False,640.0,360.0
scissors,msasl,,9660,9687,28.0,0.9010000000000103,29.97,227,False,640.0,360.0
nice,msasl,,9787,9816,30.0,0.9669999999999844,29.97,227,False,640.0,360.0
cost,msasl,,9838,9866,29.0,0.9350000000000024,29.97,227,False,640.0,360.0
how_many,msasl,,9887,9916,30.0,0.9679999999999608,29.97,227,False,640.0,360.0
happen,msasl,,9936,9965,30.0,0.9680000000000176,29.97,227,False,640.0,360.0
which,msasl,,9976,10005,30.0,0.9680000000000176,29.97,227,False,640.0,360.0
cool,msasl,,10037,10066,30.0,0.9680000000000176,29.97,227,False,640.0,360.0
warm,msasl,,10091,10120,30.0,0.9680000000000176,29.97,227,False,640.0,360.0
weather,msasl,,10160,10189,30.0,0.9680000000000176,29.97,227,False,640.0,360.0
love,msasl,,10241,10270,30.0,0.9679999999999608,29.97,227,False,640.0,360.0
europe,msasl,,10457,10486,30.0,0.9679999999999608,29.97,227,False,640.0,360.0
world,msasl,,11541,11570,30.0,0.9670000000000414,29.97,227,False,640.0,360.0
hungry,msasl,,11585,11614,30.0,0.9669999999999844,29.97,227,False,640.0,360.0
talk,msasl,,0,24,25.0,1.001,23.976,7,False,640.0,360.0
get up,msasl,,0,37,38.0,1.543,23.976,15,False,640.0,360.0
jail,msasl,,0,80,81.0,2.668,29.981,53,False,640.0,360.0
push,msasl,,0,30,31.0,1.251,23.976,7,False,640.0,360.0
50,msasl,,0,62,63.0,2.48,25.0,114,False,480.0,360.0
hat,msasl,,0,64,65.0,2.135,29.97,76,False,640.0,360.0
stubborn,msasl,,390,427,38.0,1.2349999999999994,29.97,142,False,640.0,360.0
snob,msasl,,489,534,46.0,1.5020000000000024,29.97,142,False,640.0,360.0
rich,msasl,,673,706,34.0,1.100999999999999,29.97,142,False,640.0,360.0
open,msasl,,0,39,40.0,1.627,23.976,15,False,640.0,360.0
door,msasl,,0,75,76.0,2.502,29.97,76,False,640.0,360.0
arrive,msasl,,0,33,34.0,1.376,23.976,15,False,640.0,360.0
jacket,msasl,,0,93,94.0,3.103,29.97,76,False,640.0,360.0
biology,msasl,,0,93,94.0,3.72,25.0,114,False,480.0,360.0
next year,msasl,,0,59,60.0,2.36,25.0,114,False,480.0,360.0
gym,msasl,,0,62,63.0,2.48,25.0,114,False,480.0,360.0
big,msasl,,0,28,29.0,1.168,23.976,7,False,640.0,360.0
hashtag,msasl,,0,36,37.0,1.201,29.97,44,False,640.0,360.0
hashtag,msasl,,0,39,40.0,1.301,29.97,44,False,640.0,360.0
orange,msasl,,0,37,38.0,1.235,29.97,44,False,640.0,360.0
beautiful,msasl,,0,63,64.0,2.52,25.0,114,False,480.0,360.0
green,msasl,,0,95,96.0,3.17,29.969,53,False,640.0,360.0
23,msasl,,0,82,83.0,2.737,29.964,53,False,640.0,360.0
22,msasl,,0,85,86.0,2.837,29.965,53,False,640.0,360.0
together,msasl,,0,74,75.0,2.96,25.0,114,False,480.0,360.0
ten,msasl,,0,63,64.0,2.102,29.977,53,False,640.0,360.0
rainbow,msasl,,0,70,71.0,2.8,25.0,66,False,640.0,360.0
student,msasl,,0,72,73.0,2.88,25.0,114,False,480.0,360.0
grocery store,msasl,,0,125,126.0,4.172,29.964,53,False,640.0,360.0
interesting,msasl,,0,38,39.0,1.268,29.97,44,False,640.0,360.0
scarf,msasl,,0,94,95.0,3.136,29.97,76,False,640.0,360.0
hanukkah,msasl,,0,32,33.0,1.335,23.976,7,False,640.0,360.0
arrive,msasl,,0,36,37.0,1.501,23.976,15,False,640.0,360.0
motorcycle,msasl,,0,47,48.0,1.96,23.976,7,False,640.0,360.0
wow,msasl,,0,57,58.0,1.902,29.97,15,False,640.0,360.0
30,msasl,,0,56,57.0,2.24,25.0,114,False,480.0,360.0
shy,msasl,,0,95,96.0,3.8,25.0,114,False,480.0,360.0
spring,msasl,,0,116,117.0,3.871,29.97,76,False,640.0,360.0
fishing,msasl,,0,67,68.0,2.68,25.0,114,False,480.0,360.0
airplane,msasl,,0,103,104.0,3.437,29.971,53,False,640.0,360.0
gallaudet,msasl,,0,28,29.0,0.934,29.97,44,False,640.0,360.0
window,msasl,,0,90,91.0,3.003,29.97,76,False,640.0,360.0
awful,msasl,,0,39,40.0,1.301,29.97,15,False,640.0,360.0
glasses,msasl,,0,41,42.0,1.71,23.976,7,False,640.0,360.0
table,msasl,,0,94,95.0,3.136,29.97,76,False,640.0,360.0
university,msasl,,0,58,59.0,2.32,25.0,114,False,480.0,360.0
sink,msasl,,0,108,109.0,3.604,29.97,76,False,640.0,360.0
corn,msasl,,0,32,33.0,1.335,23.976,7,False,640.0,360.0
secretary,msasl,,0,62,63.0,2.48,25.0,114,False,480.0,360.0
28,msasl,,0,41,42.0,1.71,23.976,15,False,640.0,360.0
fat,msasl,,0,26,27.0,1.084,23.976,7,False,640.0,360.0
love,msasl,,0,33,34.0,1.376,23.976,15,False,640.0,360.0
sad,msasl,,0,35,36.0,1.46,23.976,7,False,640.0,360.0
out,msasl,,0,50,51.0,2.0,25.0,66,False,640.0,360.0
26,msasl,,0,82,83.0,3.28,25.0,114,False,480.0,360.0
happy,msasl,,483,574,92.0,3.0360000000000014,29.97,118,False,1280.0,720.0
happy,msasl,,606,748,143.0,4.738,29.97,118,False,1280.0,720.0
sad,msasl,,901,1003,103.0,3.404,29.97,118,False,1280.0,720.0
sad,msasl,,1046,1141,96.0,3.168999999999997,29.97,118,False,1280.0,720.0
cry,msasl,,1317,1442,126.0,4.170999999999999,29.97,118,False,1280.0,720.0
cry,msasl,,1474,1599,126.0,4.170999999999999,29.97,118,False,1280.0,720.0
mad,msasl,,1816,1905,90.0,2.969000000000001,29.97,118,False,1280.0,720.0
mad,msasl,,1937,2054,118.0,3.903999999999997,29.97,118,False,1280.0,720.0
angry,msasl,,2225,2330,106.0,3.503,29.97,118,False,1280.0,720.0
angry,msasl,,2361,2493,133.0,4.404000000000011,29.97,118,False,1280.0,720.0
shock,msasl,,2666,2762,97.0,3.203000000000003,29.97,118,False,1280.0,720.0
shock,msasl,,2795,2920,126.0,4.170999999999992,29.97,118,False,1280.0,720.0
laugh,msasl,,3555,3651,97.0,3.204000000000008,29.97,118,False,1280.0,720.0
laugh,msasl,,3690,3851,162.0,5.372,29.97,118,False,1280.0,720.0
laugh,msasl,,3882,3994,113.0,3.7369999999999943,29.97,118,False,1280.0,720.0
laugh,msasl,,4041,4175,135.0,4.471000000000004,29.97,118,False,1280.0,720.0
tired,msasl,,4801,4910,110.0,3.637000000000001,29.97,118,False,1280.0,720.0
tired,msasl,,4933,5056,124.0,4.103999999999985,29.97,118,False,1280.0,720.0
nervous,msasl,,5670,5769,100.0,3.3029999999999973,29.97,118,False,1280.0,720.0
nervous,msasl,,5804,5960,157.0,5.2050000000000125,29.97,118,False,1280.0,720.0
nervous,msasl,,5996,6099,104.0,3.435999999999978,29.97,118,False,1280.0,720.0
nervous,msasl,,6130,6264,135.0,4.470999999999975,29.97,118,False,1280.0,720.0
disappointed,msasl,,6943,7041,99.0,3.2700000000000102,29.97,118,False,1280.0,720.0
disappointed,msasl,,7084,7214,131.0,4.337999999999994,29.97,118,False,1280.0,720.0
hurt,msasl,,7392,7504,113.0,3.737000000000023,29.97,118,False,1280.0,720.0
hurt,msasl,,7534,7675,142.0,4.7050000000000125,29.97,118,False,1280.0,720.0
depressed,msasl,,7855,7961,107.0,3.5369999999999777,29.97,118,False,1280.0,720.0
depressed,msasl,,7993,8134,142.0,4.704000000000008,29.97,118,False,1280.0,720.0
worry,msasl,,8806,8931,126.0,4.170999999999992,29.97,118,False,1280.0,720.0
worry,msasl,,8962,9131,170.0,5.63900000000001,29.97,118,False,1280.0,720.0
crazy,msasl,,9310,9420,111.0,3.670000000000016,29.97,118,False,1280.0,720.0
crazy,msasl,,9452,9622,171.0,5.671999999999969,29.97,118,False,1280.0,720.0
crazy,msasl,,9654,9756,103.0,3.402999999999963,29.97,118,False,1280.0,720.0
crazy,msasl,,9787,9922,136.0,4.504000000000019,29.97,118,False,1280.0,720.0
nice,msasl,,10100,10204,105.0,3.4700000000000277,29.97,118,False,1280.0,720.0
nice,msasl,,10235,10372,138.0,4.571000000000026,29.97,118,False,1280.0,720.0
mean,msasl,,10551,10670,120.0,3.9699999999999696,29.97,118,False,1280.0,720.0
mean,msasl,,10701,10861,161.0,5.337999999999965,29.97,118,False,1280.0,720.0
snob,msasl,,11039,11156,118.0,3.903999999999997,29.97,118,False,1280.0,720.0
snob,msasl,,11187,11344,158.0,5.238,29.97,118,False,1280.0,720.0
nosy,msasl,,11522,11620,99.0,3.269999999999982,29.97,118,False,1280.0,720.0
nosy,msasl,,11833,11949,117.0,3.870000000000005,29.97,118,False,1280.0,720.0
nosy,msasl,,11980,12136,157.0,5.204999999999984,29.97,118,False,1280.0,720.0
jacket,msasl,,0,45,46.0,1.877,23.976,7,False,640.0,360.0
swim,msasl,,0,45,46.0,1.502,29.97,15,False,640.0,360.0
search,msasl,,0,128,129.0,5.12,25.0,114,False,480.0,360.0
lonely,msasl,,0,93,94.0,3.103,29.968,53,False,640.0,360.0
japan,msasl,,0,31,32.0,1.293,23.976,15,False,640.0,360.0
microwave,msasl,,0,75,76.0,2.502,29.97,76,False,640.0,360.0
small,msasl,,0,29,30.0,1.21,23.976,7,False,640.0,360.0
awful,msasl,,0,30,31.0,1.251,23.976,15,False,640.0,360.0
shoes,msasl,,0,53,54.0,2.12,25.0,66,False,640.0,360.0
steal,msasl,,0,37,38.0,1.235,29.97,44,False,640.0,360.0
number,msasl,,0,36,37.0,1.201,29.97,44,False,640.0,360.0
fun,msasl,,0,36,37.0,1.201,29.97,44,False,640.0,360.0
nephew,msasl,,0,72,73.0,2.88,25.0,114,False,480.0,360.0
hear,msasl,,0,59,60.0,2.36,25.0,114,False,480.0,360.0
basketball,msasl,,0,78,79.0,3.12,25.0,114,False,480.0,360.0
pants,msasl,,0,86,87.0,2.87,29.97,76,False,640.0,360.0
not,msasl,,325,462,138.0,4.567,30.0,63,False,1280.0,720.0
do,msasl,,485,617,133.0,4.399999999999999,30.0,63,False,1280.0,720.0
teacher,msasl,,642,790,149.0,4.933,30.0,63,False,1280.0,720.0
write,msasl,,833,943,111.0,3.666,30.0,63,False,1280.0,720.0
student,msasl,,1016,1066,51.0,1.666000000000004,30.0,63,False,1280.0,720.0
student,msasl,,1066,1136,71.0,2.333999999999996,30.0,63,False,1280.0,720.0
why,msasl,,1568,1700,133.0,4.399999999999999,30.0,63,False,1280.0,720.0
slow,msasl,,2269,2421,153.0,5.067000000000007,30.0,63,False,1280.0,720.0
hard,msasl,,2455,2599,145.0,4.799999999999997,30.0,63,False,1280.0,720.0
history,msasl,,2626,2757,132.0,4.367000000000004,30.0,63,False,1280.0,720.0
who,msasl,,2784,2910,127.0,4.200000000000003,30.0,63,False,1280.0,720.0
which,msasl,,3041,3052,12.0,0.3659999999999996,30.0,63,False,1280.0,720.0
when,msasl,,3075,3221,147.0,4.867000000000004,30.0,63,False,1280.0,720.0
not understand,msasl,,3246,3373,128.0,4.233000000000004,30.0,63,False,1280.0,720.0
stop,msasl,,3427,3477,51.0,1.6670000000000016,30.0,63,False,1280.0,720.0
not want,msasl,,3822,3941,120.0,3.966999999999985,30.0,63,False,1280.0,720.0
late,msasl,,4116,4234,119.0,3.933000000000021,30.0,63,False,1280.0,720.0
more,msasl,,4260,4408,149.0,4.932999999999993,30.0,63,False,1280.0,720.0
paper,msasl,,4451,4609,159.0,5.26600000000002,30.0,63,False,1280.0,720.0
know,msasl,,4643,4748,106.0,3.5,30.0,63,False,1280.0,720.0
wait,msasl,,4771,4881,111.0,3.6670000000000016,30.0,63,False,1280.0,720.0
wrong,msasl,,4913,5099,187.0,6.200000000000017,30.0,63,False,1280.0,720.0
easy,msasl,,5126,5256,131.0,4.332999999999998,30.0,63,False,1280.0,720.0
time,msasl,,5282,5430,149.0,4.932999999999993,30.0,63,False,1280.0,720.0
nurse,msasl,,5628,5787,160.0,5.300000000000011,30.0,63,False,1280.0,720.0
dance,msasl,,5823,5949,127.0,4.200000000000017,30.0,63,False,1280.0,720.0
like,msasl,,5975,6116,142.0,4.699999999999989,30.0,63,False,1280.0,720.0
not like,msasl,,6139,6302,164.0,5.4339999999999975,30.0,63,False,1280.0,720.0
psychology,msasl,,6327,6526,200.0,6.632999999999981,30.0,63,False,1280.0,720.0
lunch,msasl,,6756,6914,159.0,5.267000000000024,30.0,63,False,1280.0,720.0
chemistry,msasl,,7115,7260,146.0,4.832999999999998,30.0,63,False,1280.0,720.0
math,msasl,,7974,8147,174.0,5.766999999999996,30.0,63,False,1280.0,720.0
science,msasl,,8191,8339,149.0,4.933999999999969,30.0,63,False,1280.0,720.0
museum,msasl,,0,88,89.0,2.937,29.966,53,False,640.0,360.0
people,msasl,,0,38,39.0,1.268,29.97,44,False,640.0,360.0
hoddog,msasl,,0,54,55.0,2.16,25.0,66,False,640.0,360.0
pet,msasl,,0,33,34.0,1.376,23.976,15,False,640.0,360.0
house,msasl,,0,43,44.0,1.793,23.976,15,False,640.0,360.0
pie,msasl,,0,46,47.0,1.919,23.976,7,False,640.0,360.0
tea,msasl,,0,45,46.0,1.502,29.97,44,False,640.0,360.0
music,msasl,,0,47,48.0,1.88,25.0,66,False,640.0,360.0
time,msasl,,0,47,48.0,1.88,25.0,114,False,480.0,360.0
geometry,msasl,,0,65,66.0,2.6,25.0,114,False,480.0,360.0
culture,msasl,,0,28,29.0,1.168,23.976,15,False,640.0,360.0
cookie,msasl,,0,59,60.0,2.36,25.0,66,False,640.0,360.0
grandfather,msasl,,0,54,55.0,2.16,25.0,66,False,640.0,360.0
tomato,msasl,,0,32,33.0,1.068,29.97,44,False,640.0,360.0
marry,msasl,,0,60,61.0,2.4,25.0,114,False,480.0,360.0
strawberry,msasl,,0,31,32.0,1.293,23.976,7,False,640.0,360.0
seven,msasl,,0,42,43.0,1.752,23.976,15,False,640.0,360.0
good,msasl,,0,69,70.0,2.302,29.979,53,False,640.0,360.0
mainstreamed,msasl,,0,70,71.0,2.8,25.0,114,False,480.0,360.0
swim,msasl,,0,79,80.0,3.16,25.0,114,False,480.0,360.0
milk,msasl,,0,76,77.0,2.537,29.961,53,False,640.0,360.0
wow,msasl,,0,39,40.0,1.301,29.97,15,False,640.0,360.0
oh i see,msasl,,0,54,55.0,2.16,25.0,114,False,480.0,360.0
24,msasl,,0,38,39.0,1.585,23.976,15,False,640.0,360.0
you,msasl,,333,392,60.0,1.9689999999999996,29.97,227,False,640.0,360.0
we,msasl,,585,644,60.0,1.968,29.97,227,False,640.0,360.0
they,msasl,,683,742,60.0,1.9689999999999976,29.97,227,False,640.0,360.0
what,msasl,,800,828,29.0,0.9349999999999988,29.97,227,False,640.0,360.0
who,msasl,,873,917,45.0,1.468,29.97,227,False,640.0,360.0
where,msasl,,954,998,45.0,1.4679999999999964,29.97,227,False,640.0,360.0
when,msasl,,1028,1072,45.0,1.4679999999999964,29.97,227,False,640.0,360.0
how,msasl,,1205,1264,60.0,1.9679999999999964,29.97,227,False,640.0,360.0
copy me,msasl,,1307,1333,27.0,0.8680000000000021,29.97,227,False,640.0,360.0
forget,msasl,,1600,1644,45.0,1.4679999999999964,29.97,227,False,640.0,360.0
fingerspell,msasl,,1685,1729,45.0,1.4680000000000035,29.97,227,False,640.0,360.0
stand,msasl,,1771,1830,60.0,1.9690000000000007,29.97,227,False,640.0,360.0
jump,msasl,,1954,2032,79.0,2.6030000000000086,29.97,227,False,640.0,360.0
open,msasl,,2152,2196,45.0,1.467999999999989,29.97,227,False,640.0,360.0
close,msasl,,2214,2258,45.0,1.4680000000000035,29.97,227,False,640.0,360.0
read,msasl,,2307,2351,45.0,1.467999999999989,29.97,227,False,640.0,360.0
throw,msasl,,2529,2573,45.0,1.4680000000000035,29.97,227,False,640.0,360.0
look at,msasl,,2615,2659,45.0,1.467999999999989,29.97,227,False,640.0,360.0
sit,msasl,,2716,2760,45.0,1.4680000000000035,29.97,227,False,640.0,360.0
draw,msasl,,2801,2860,60.0,1.9690000000000083,29.97,227,False,640.0,360.0
go,msasl,,3167,3210,44.0,1.4350000000000025,29.97,227,False,640.0,360.0
see,msasl,,3229,3273,45.0,1.4680000000000035,29.97,227,False,640.0,360.0
know,msasl,,3316,3345,30.0,0.9679999999999892,29.97,227,False,640.0,360.0
understand,msasl,,3382,3426,45.0,1.467999999999989,29.97,227,False,640.0,360.0
same,msasl,,3568,3612,45.0,1.467999999999989,29.97,227,False,640.0,360.0
nice,msasl,,3708,3778,71.0,2.3349999999999937,29.97,227,False,640.0,360.0
nice,msasl,,3736,3768,33.0,1.0679999999999978,29.97,227,False,640.0,360.0
wrong,msasl,,3853,3897,45.0,1.467999999999989,29.97,227,False,640.0,360.0
deaf,msasl,,3948,3992,45.0,1.467999999999989,29.97,227,False,640.0,360.0
hearing,msasl,,4105,4149,45.0,1.467999999999989,29.97,227,False,640.0,360.0
white,msasl,,4195,4246,52.0,1.7019999999999982,29.97,227,False,640.0,360.0
black,msasl,,4295,4339,45.0,1.467999999999989,29.97,227,False,640.0,360.0
red,msasl,,4399,4428,30.0,0.9679999999999892,29.97,227,False,640.0,360.0
blue,msasl,,4467,4526,60.0,1.968999999999994,29.97,227,False,640.0,360.0
yellow,msasl,,4559,4618,60.0,1.967999999999989,29.97,227,False,640.0,360.0
orange,msasl,,4652,4711,60.0,1.967999999999989,29.97,227,False,640.0,360.0
brown,msasl,,4738,4797,60.0,1.968999999999994,29.97,227,False,640.0,360.0
green,msasl,,4822,4881,60.0,1.968999999999994,29.97,227,False,640.0,360.0
purple,msasl,,4909,4968,60.0,1.968999999999994,29.97,227,False,640.0,360.0
pink,msasl,,4994,5053,60.0,1.968999999999994,29.97,227,False,640.0,360.0
shirt,msasl,,5171,5215,45.0,1.4680000000000175,29.97,227,False,640.0,360.0
dress,msasl,,5262,5306,45.0,1.4690000000000225,29.97,227,False,640.0,360.0
pants,msasl,,5499,5550,52.0,1.7019999999999982,29.97,227,False,640.0,360.0
shoes,msasl,,5599,5642,44.0,1.4350000000000025,29.97,227,False,640.0,360.0
name,msasl,,5686,5756,71.0,2.3359999999999843,29.97,227,False,640.0,360.0
name,msasl,,5714,5759,46.0,1.5019999999999811,29.97,227,False,640.0,360.0
hello,msasl,,6049,6094,46.0,1.5010000000000048,29.97,227,False,640.0,360.0
homework,msasl,,6113,6147,35.0,1.134999999999991,29.97,227,False,640.0,360.0
homework,msasl,,6117,6193,77.0,2.535999999999973,29.97,227,False,640.0,360.0
man,msasl,,6212,6256,45.0,1.467999999999989,29.97,227,False,640.0,360.0
woman,msasl,,6287,6331,45.0,1.467999999999989,29.97,227,False,640.0,360.0
mustache,msasl,,6446,6490,45.0,1.4680000000000175,29.97,227,False,640.0,360.0
beard,msasl,,6507,6551,45.0,1.4680000000000175,29.97,227,False,640.0,360.0
hair,msasl,,6574,6618,45.0,1.468999999999994,29.97,227,False,640.0,360.0
glasses,msasl,,6639,6683,45.0,1.4680000000000175,29.97,227,False,640.0,360.0
light,msasl,,6891,6950,60.0,1.967999999999989,29.97,227,False,640.0,360.0
book,msasl,,7111,7155,45.0,1.468999999999994,29.97,227,False,640.0,360.0
paper,msasl,,7169,7208,40.0,1.301000000000016,29.97,227,False,640.0,360.0
please,msasl,,7238,7282,45.0,1.467999999999989,29.97,227,False,640.0,360.0
yes,msasl,,7314,7358,45.0,1.467999999999989,29.97,227,False,640.0,360.0
no,msasl,,7373,7417,45.0,1.468999999999994,29.97,227,False,640.0,360.0
meat,msasl,,0,31,32.0,1.293,23.976,7,False,640.0,360.0
travel,msasl,,0,54,55.0,1.802,29.97,15,False,640.0,360.0
chicken,msasl,,0,88,89.0,2.937,29.966,53,False,640.0,360.0
one,msasl,,28,76,49.0,1.602,29.97,118,False,640.0,360.0
two,msasl,,78,129,52.0,1.701,29.97,118,False,640.0,360.0
three,msasl,,131,193,63.0,2.069,29.97,118,False,640.0,360.0
four,msasl,,195,244,50.0,1.6349999999999998,29.97,118,False,640.0,360.0
five,msasl,,246,296,51.0,1.6690000000000005,29.97,118,False,640.0,360.0
six,msasl,,298,342,45.0,1.468,29.97,118,False,640.0,360.0
seven,msasl,,344,385,42.0,1.3680000000000003,29.97,118,False,640.0,360.0
eight,msasl,,387,443,57.0,1.8680000000000003,29.97,118,False,640.0,360.0
nine,msasl,,445,481,37.0,1.2009999999999987,29.97,118,False,640.0,360.0
ten,msasl,,483,530,48.0,1.5680000000000014,29.97,118,False,640.0,360.0
eleven,msasl,,556,615,60.0,1.9690000000000007,29.97,118,False,640.0,360.0
twelve,msasl,,617,664,48.0,1.5680000000000014,29.97,118,False,640.0,360.0
thirteen,msasl,,666,713,48.0,1.5679999999999978,29.97,118,False,640.0,360.0
fourteen,msasl,,715,764,50.0,1.6350000000000016,29.97,118,False,640.0,360.0
fifteen,msasl,,766,820,55.0,1.802,29.97,118,False,640.0,360.0
sixteen,msasl,,822,862,41.0,1.3350000000000009,29.97,118,False,640.0,360.0
seventeen,msasl,,864,921,58.0,1.902000000000001,29.97,118,False,640.0,360.0
eighteen,msasl,,923,977,55.0,1.801999999999996,29.97,118,False,640.0,360.0
nineteen,msasl,,979,1034,56.0,1.8350000000000009,29.97,118,False,640.0,360.0
twenty,msasl,,1060,1113,54.0,1.768000000000001,29.97,118,False,640.0,360.0
21,msasl,,1115,1170,56.0,1.8350000000000009,29.97,118,False,640.0,360.0
22,msasl,,1172,1223,52.0,1.7010000000000003,29.97,118,False,640.0,360.0
23,msasl,,1225,1270,46.0,1.5019999999999951,29.97,118,False,640.0,360.0
24,msasl,,1272,1325,54.0,1.7689999999999984,29.97,118,False,640.0,360.0
25,msasl,,1327,1384,58.0,1.9010000000000036,29.97,118,False,640.0,360.0
26,msasl,,1386,1440,55.0,1.802,29.97,118,False,640.0,360.0
27,msasl,,1442,1505,64.0,2.1019999999999968,29.97,118,False,640.0,360.0
28,msasl,,1507,1558,52.0,1.7010000000000003,29.97,118,False,640.0,360.0
29,msasl,,1560,1624,65.0,2.134999999999998,29.97,118,False,640.0,360.0
30,msasl,,1648,1717,70.0,2.3029999999999973,29.97,118,False,640.0,360.0
50,msasl,,2940,3013,74.0,2.436000000000007,29.97,118,False,640.0,360.0
100,msasl,,5973,6021,49.0,1.602000000000004,29.97,118,False,640.0,360.0
cake,msasl,,0,85,86.0,2.837,29.965,53,False,640.0,360.0
two,msasl,,0,37,38.0,1.543,23.976,15,False,640.0,360.0
grandmother,msasl,,0,46,47.0,1.535,29.97,87,False,1280.0,720.0
boy,msasl,,0,69,70.0,2.76,25.0,66,False,640.0,360.0
counselor,msasl,,0,66,67.0,2.64,25.0,114,False,480.0,360.0
hoddog,msasl,,0,54,55.0,2.252,23.976,15,False,640.0,360.0
subway,msasl,,0,78,79.0,3.12,25.0,228,False,640.0,360.0
locker,msasl,,0,70,71.0,2.8,25.0,114,False,480.0,360.0
in law,msasl,,0,62,63.0,2.069,29.97,87,False,1280.0,720.0
sweater,msasl,,0,38,39.0,1.585,23.976,15,False,640.0,360.0
go,msasl,,0,86,87.0,2.87,29.97,76,False,640.0,360.0
nothing,msasl,,0,52,53.0,1.735,29.97,87,False,1280.0,720.0
accident,msasl,,0,56,57.0,2.24,25.0,114,False,480.0,360.0
sign,msasl,,0,42,43.0,1.752,23.976,15,False,640.0,360.0
long,msasl,,0,102,103.0,4.08,25.0,114,False,480.0,360.0
oh i see,msasl,,0,31,32.0,1.034,29.97,44,False,640.0,360.0
blue,msasl,,0,71,72.0,2.84,25.0,66,False,640.0,360.0
apple,msasl,,0,81,82.0,3.24,25.0,66,False,640.0,360.0
beautiful,msasl,,0,36,37.0,1.501,23.976,15,False,640.0,360.0
bowl,msasl,,0,38,39.0,1.585,23.976,15,False,640.0,360.0
vice president,msasl,,0,63,64.0,2.52,25.0,114,False,480.0,360.0
homework,msasl,,0,35,36.0,1.168,29.97,44,False,640.0,360.0
walk,msasl,,0,33,34.0,1.101,29.97,44,False,640.0,360.0
sophomore,msasl,,0,34,35.0,1.134,29.97,44,False,640.0,360.0
english,msasl,,0,61,62.0,2.44,25.0,114,False,480.0,360.0
fish,msasl,,0,29,30.0,1.21,23.976,7,False,640.0,360.0
fruit,msasl,,0,95,96.0,3.17,29.969,53,False,640.0,360.0
wait,msasl,,0,42,43.0,1.401,29.97,15,False,640.0,360.0
coffee,msasl,,0,84,85.0,2.803,29.965,53,False,640.0,360.0
toast,msasl,,0,34,35.0,1.418,23.976,7,False,640.0,360.0
cereal,msasl,,0,44,45.0,1.835,23.976,15,False,640.0,360.0
sneeze,msasl,,0,33,34.0,1.376,23.976,7,False,640.0,360.0
hello,msasl,,2,47,46.0,1.5,30.0,63,False,1280.0,720.0
flirt,msasl,,929,984,56.0,1.8329999999999984,30.0,63,False,1280.0,720.0
thank you,msasl,,1002,1046,45.0,1.4669999999999987,30.0,63,False,1280.0,720.0
funny,msasl,,1062,1114,53.0,1.733000000000004,30.0,63,False,1280.0,720.0
cute,msasl,,1131,1169,39.0,1.266999999999996,30.0,63,False,1280.0,720.0
boy,msasl,,1186,1236,51.0,1.6670000000000016,30.0,63,False,1280.0,720.0
exam,msasl,,1251,1308,58.0,1.8999999999999984,30.0,63,False,1280.0,720.0
boyfriend,msasl,,1402,1452,51.0,1.6670000000000016,30.0,63,False,1280.0,720.0
girlfriend,msasl,,1470,1518,49.0,1.6000000000000014,30.0,63,False,1280.0,720.0
hot,msasl,,1616,1665,50.0,1.633000000000003,30.0,63,False,1280.0,720.0
beautiful,msasl,,1686,1736,51.0,1.6669999999999945,30.0,63,False,1280.0,720.0
wow,msasl,,1754,1812,59.0,1.933,30.0,63,False,1280.0,720.0
many,msasl,,2033,2082,50.0,1.6330000000000098,30.0,63,False,1280.0,720.0
hurry,msasl,,2202,2262,61.0,2.0,30.0,63,False,1280.0,720.0
table,msasl,,2283,2341,59.0,1.933000000000007,30.0,63,False,1280.0,720.0
last,msasl,,2362,2413,52.0,1.7000000000000028,30.0,63,False,1280.0,720.0
fail,msasl,,2538,2661,124.0,4.1000000000000085,30.0,63,False,1280.0,720.0
sorry,msasl,,2687,2737,51.0,1.666000000000011,30.0,63,False,1280.0,720.0
sad,msasl,,2751,2801,51.0,1.6670000000000016,30.0,63,False,1280.0,720.0
year,msasl,,2819,2863,45.0,1.4660000000000082,30.0,63,False,1280.0,720.0
play,msasl,,2878,2933,56.0,1.833999999999989,30.0,63,False,1280.0,720.0
that,msasl,,2953,3008,56.0,1.833999999999989,30.0,63,False,1280.0,720.0
sports,msasl,,3026,3079,54.0,1.7659999999999911,30.0,63,False,1280.0,720.0
school,msasl,,3098,3142,45.0,1.4660000000000082,30.0,63,False,1280.0,720.0
football,msasl,,3164,3228,65.0,2.132999999999996,30.0,63,False,1280.0,720.0
area,msasl,,3252,3317,66.0,2.1669999999999874,30.0,63,False,1280.0,720.0
cafeteria,msasl,,3339,3381,43.0,1.4000000000000057,30.0,63,False,1280.0,720.0
gym,msasl,,3417,3460,44.0,1.4329999999999927,30.0,63,False,1280.0,720.0
hallway,msasl,,3477,3525,49.0,1.5999999999999943,30.0,63,False,1280.0,720.0
library,msasl,,3542,3590,49.0,1.6000000000000083,30.0,63,False,1280.0,720.0
office,msasl,,3609,3667,59.0,1.933000000000007,30.0,63,False,1280.0,720.0
education,msasl,,3695,3780,86.0,2.8329999999999984,30.0,63,False,1280.0,720.0
student,msasl,,3903,3994,92.0,3.0330000000000155,30.0,63,False,1280.0,720.0
theater,msasl,,4094,4149,56.0,1.8329999999999984,30.0,63,False,1280.0,720.0
locker,msasl,,4170,4230,61.0,2.0,30.0,63,False,1280.0,720.0
boss,msasl,,4250,4302,53.0,1.733000000000004,30.0,63,False,1280.0,720.0
counselor,msasl,,4319,4370,52.0,1.6999999999999886,30.0,63,False,1280.0,720.0
nurse,msasl,,4391,4451,61.0,2.0,30.0,63,False,1280.0,720.0
principal,msasl,,4474,4536,63.0,2.066999999999979,30.0,63,False,1280.0,720.0
secretary,msasl,,4562,4630,69.0,2.265999999999991,30.0,63,False,1280.0,720.0
center school,msasl,,4846,4915,70.0,2.300000000000012,30.0,63,False,1280.0,720.0
chemistry,msasl,,5002,5044,43.0,1.4000000000000057,30.0,63,False,1280.0,720.0
biology,msasl,,5061,5102,42.0,1.3670000000000186,30.0,63,False,1280.0,720.0
draw,msasl,,5131,5188,58.0,1.9000000000000057,30.0,63,False,1280.0,720.0
computer,msasl,,5218,5261,44.0,1.4339999999999975,30.0,63,False,1280.0,720.0
economics,msasl,,5289,5369,81.0,2.6670000000000016,30.0,63,False,1280.0,720.0
english,msasl,,5392,5439,48.0,1.5670000000000073,30.0,63,False,1280.0,720.0
government,msasl,,5460,5514,55.0,1.8000000000000114,30.0,63,False,1280.0,720.0
health,msasl,,5618,5667,50.0,1.6330000000000098,30.0,63,False,1280.0,720.0
history,msasl,,5688,5743,56.0,1.8329999999999984,30.0,63,False,1280.0,720.0
math,msasl,,5764,5829,66.0,2.1670000000000016,30.0,63,False,1280.0,720.0
science,msasl,,5916,5937,22.0,0.700000000000017,30.0,63,False,1280.0,720.0
science,msasl,,5939,6003,65.0,2.1329999999999814,30.0,63,False,1280.0,720.0
psychology,msasl,,6171,6253,83.0,2.733000000000004,30.0,63,False,1280.0,720.0
engineering,msasl,,6362,6439,78.0,2.5660000000000025,30.0,63,False,1280.0,720.0
physics,msasl,,6652,6725,74.0,2.433999999999997,30.0,63,False,1280.0,720.0
spanish,msasl,,7055,7117,63.0,2.0660000000000025,30.0,63,False,1280.0,720.0
germany,msasl,,7210,7282,73.0,2.4000000000000057,30.0,63,False,1280.0,720.0
france,msasl,,7382,7440,59.0,1.9329999999999927,30.0,63,False,1280.0,720.0
cooking,msasl,,7460,7526,67.0,2.1999999999999886,30.0,63,False,1280.0,720.0
team,msasl,,7841,7905,65.0,2.1329999999999814,30.0,63,False,1280.0,720.0
please,msasl,,7926,7974,49.0,1.6000000000000227,30.0,63,False,1280.0,720.0
again,msasl,,7993,8040,48.0,1.5670000000000073,30.0,63,False,1280.0,720.0
forget,msasl,,8060,8113,54.0,1.7660000000000196,30.0,63,False,1280.0,720.0
slow,msasl,,8147,8176,30.0,0.9660000000000082,30.0,63,False,1280.0,720.0
question,msasl,,8223,8288,66.0,2.166999999999973,30.0,63,False,1280.0,720.0
homework,msasl,,8315,8376,62.0,2.0330000000000155,30.0,63,False,1280.0,720.0
not understand,msasl,,8398,8452,55.0,1.8000000000000114,30.0,63,False,1280.0,720.0
right,msasl,,8471,8563,93.0,3.065999999999974,30.0,63,False,1280.0,720.0
good,msasl,,8589,8649,61.0,2.0,30.0,63,False,1280.0,720.0
know,msasl,,8670,8723,54.0,1.766999999999996,30.0,63,False,1280.0,720.0
practice,msasl,,8741,8791,51.0,1.6659999999999968,30.0,63,False,1280.0,720.0
ready,msasl,,8811,8857,47.0,1.5330000000000157,30.0,63,False,1280.0,720.0
fingerspell,msasl,,8876,8933,58.0,1.8999999999999773,30.0,63,False,1280.0,720.0
finish,msasl,,9031,9079,49.0,1.599999999999966,30.0,63,False,1280.0,720.0
copy me,msasl,,9104,9175,72.0,2.3660000000000423,30.0,63,False,1280.0,720.0
not know,msasl,,9201,9253,53.0,1.733000000000004,30.0,63,False,1280.0,720.0
understand,msasl,,9278,9347,70.0,2.300000000000012,30.0,63,False,1280.0,720.0
wrong,msasl,,9372,9429,58.0,1.900000000000034,30.0,63,False,1280.0,720.0
paper,msasl,,9633,9687,55.0,1.7999999999999543,30.0,63,False,1280.0,720.0
wait,msasl,,9792,9849,58.0,1.900000000000034,30.0,63,False,1280.0,720.0
partner,msasl,,10117,10174,58.0,1.8999999999999773,30.0,63,False,1280.0,720.0
black,msasl,,10194,10235,42.0,1.3669999999999618,30.0,63,False,1280.0,720.0
white,msasl,,10265,10299,35.0,1.1330000000000382,30.0,63,False,1280.0,720.0
grey,msasl,,10315,10365,51.0,1.6669999999999732,30.0,63,False,1280.0,720.0
red,msasl,,10379,10418,40.0,1.3000000000000114,30.0,63,False,1280.0,720.0
pink,msasl,,10433,10477,45.0,1.4660000000000082,30.0,63,False,1280.0,720.0
brown,msasl,,10494,10541,48.0,1.5670000000000073,30.0,63,False,1280.0,720.0
yellow,msasl,,10558,10606,49.0,1.6000000000000227,30.0,63,False,1280.0,720.0
blue,msasl,,10624,10662,39.0,1.266999999999996,30.0,63,False,1280.0,720.0
green,msasl,,10687,10739,53.0,1.7339999999999804,30.0,63,False,1280.0,720.0
orange,msasl,,10767,10814,48.0,1.5670000000000073,30.0,63,False,1280.0,720.0
purple,msasl,,10821,10859,39.0,1.266999999999996,30.0,63,False,1280.0,720.0
number,msasl,,10874,10927,54.0,1.7660000000000196,30.0,63,False,1280.0,720.0
summer,msasl,,11041,11098,58.0,1.8999999999999773,30.0,63,False,1280.0,720.0
baseball,msasl,,11121,11183,63.0,2.0670000000000077,30.0,63,False,1280.0,720.0
week,msasl,,11880,11995,116.0,3.833000000000027,30.0,63,False,1280.0,720.0
weekend,msasl,,12020,12077,58.0,1.900000000000034,30.0,63,False,1280.0,720.0
hour,msasl,,12097,12157,61.0,2.0,30.0,63,False,1280.0,720.0
ask,msasl,,12177,12238,62.0,2.0330000000000155,30.0,63,False,1280.0,720.0
child,msasl,,12468,12523,56.0,1.83299999999997,30.0,63,False,1280.0,720.0
far,msasl,,12542,12588,47.0,1.5330000000000157,30.0,63,False,1280.0,720.0
together,msasl,,12746,12800,55.0,1.7999999999999543,30.0,63,False,1280.0,720.0
parents,msasl,,12820,12862,43.0,1.3999999999999773,30.0,63,False,1280.0,720.0
father,msasl,,12883,12946,64.0,2.1000000000000227,30.0,63,False,1280.0,720.0
mother,msasl,,12966,13008,43.0,1.400000000000034,30.0,63,False,1280.0,720.0
love it,msasl,,13027,13070,44.0,1.433999999999969,30.0,63,False,1280.0,720.0
oh i see,msasl,,13086,13125,40.0,1.3000000000000114,30.0,63,False,1280.0,720.0
culture,msasl,,13143,13201,59.0,1.9329999999999927,30.0,63,False,1280.0,720.0
deaf,msasl,,13219,13260,42.0,1.3670000000000186,30.0,63,False,1280.0,720.0
hearing,msasl,,13276,13322,47.0,1.5339999999999918,30.0,63,False,1280.0,720.0
hard of hearing,msasl,,13344,13406,63.0,2.0670000000000077,30.0,63,False,1280.0,720.0
can,msasl,,13420,13461,42.0,1.3669999999999618,30.0,63,False,1280.0,720.0
start,msasl,,13482,13553,72.0,2.367000000000018,30.0,63,False,1280.0,720.0
book,msasl,,13580,13616,37.0,1.2000000000000457,30.0,63,False,1280.0,720.0
money,msasl,,13633,13690,58.0,1.900000000000034,30.0,63,False,1280.0,720.0
now,msasl,,13772,13821,50.0,1.6329999999999814,30.0,63,False,1280.0,720.0
learn,msasl,,13839,13896,58.0,1.8999999999999773,30.0,63,False,1280.0,720.0
bored,msasl,,13916,13969,54.0,1.7659999999999627,30.0,63,False,1280.0,720.0
always,msasl,,13990,14045,56.0,1.8339999999999463,30.0,63,False,1280.0,720.0
more,msasl,,14064,14102,39.0,1.266999999999996,30.0,63,False,1280.0,720.0
girl,msasl,,14125,14172,48.0,1.5669999999999504,30.0,63,False,1280.0,720.0
boy,msasl,,14189,14244,56.0,1.8330000000000268,30.0,63,False,1280.0,720.0
work,msasl,,14262,14314,53.0,1.733000000000004,30.0,63,False,1280.0,720.0
can't,msasl,,14333,14380,48.0,1.566000000000031,30.0,63,False,1280.0,720.0
coffee,msasl,,14399,14455,57.0,1.8660000000000423,30.0,63,False,1280.0,720.0
pick up,msasl,,14471,14515,45.0,1.4660000000000082,30.0,63,False,1280.0,720.0
bad,msasl,,14531,14574,44.0,1.4329999999999927,30.0,63,False,1280.0,720.0
new,msasl,,14600,14643,44.0,1.4330000000000496,30.0,63,False,1280.0,720.0
outside,msasl,,14953,15002,50.0,1.6340000000000146,30.0,63,False,1280.0,720.0
rain,msasl,,15020,15084,65.0,2.133000000000038,30.0,63,False,1280.0,720.0
cold,msasl,,15103,15145,43.0,1.400000000000034,30.0,63,False,1280.0,720.0
hot,msasl,,15162,15206,45.0,1.4670000000000414,30.0,63,False,1280.0,720.0
what,msasl,,15393,15424,32.0,1.0330000000000157,30.0,63,False,1280.0,720.0
where,msasl,,15447,15480,34.0,1.1000000000000227,30.0,63,False,1280.0,720.0
when,msasl,,15498,15546,49.0,1.6000000000000227,30.0,63,False,1280.0,720.0
which,msasl,,15565,15612,48.0,1.5670000000000073,30.0,63,False,1280.0,720.0
who,msasl,,15632,15680,49.0,1.6000000000000227,30.0,63,False,1280.0,720.0
about,msasl,,15708,15760,53.0,1.7329999999999472,30.0,63,False,1280.0,720.0
why,msasl,,15780,15839,60.0,1.9669999999999843,30.0,63,False,1280.0,720.0
name,msasl,,15872,15925,54.0,1.7659999999999627,30.0,63,False,1280.0,720.0
remember,msasl,,16102,16173,72.0,2.3670000000000755,30.0,63,False,1280.0,720.0
time,msasl,,16193,16232,40.0,1.2999999999999543,30.0,63,False,1280.0,720.0
alarm,msasl,,16260,16316,57.0,1.8669999999999616,30.0,63,False,1280.0,720.0
phone,msasl,,16338,16395,58.0,1.8999999999999773,30.0,63,False,1280.0,720.0
yesterday,msasl,,16415,16462,48.0,1.5659999999999172,30.0,63,False,1280.0,720.0
tomorrow,msasl,,16480,16522,43.0,1.3999999999999773,30.0,63,False,1280.0,720.0
day,msasl,,16543,16602,60.0,1.9669999999999843,30.0,63,False,1280.0,720.0
favorite,msasl,,16770,16835,66.0,2.16700000000003,30.0,63,False,1280.0,720.0
teacher,msasl,,16856,16897,42.0,1.3659999999999854,30.0,63,False,1280.0,720.0
late,msasl,,16924,16960,37.0,1.1999999999999318,30.0,63,False,1280.0,720.0
due,msasl,,16989,17035,47.0,1.5330000000000157,30.0,63,False,1280.0,720.0
date,msasl,,17103,17178,76.0,2.5,30.0,63,False,1280.0,720.0
halloween,msasl,,17185,17246,62.0,2.033999999999992,30.0,63,False,1280.0,720.0
bat,msasl,,17816,17861,46.0,1.5,30.0,63,False,1280.0,720.0
walk,msasl,,18369,18445,77.0,2.5330000000000155,30.0,63,False,1280.0,720.0
party,msasl,,18558,18612,55.0,1.7999999999999543,30.0,63,False,1280.0,720.0
autumn,msasl,,18714,18780,67.0,2.200000000000045,30.0,63,False,1280.0,720.0
sweep,msasl,,18911,18975,65.0,2.133000000000038,30.0,63,False,1280.0,720.0
die,msasl,,18993,19045,53.0,1.7329999999999472,30.0,63,False,1280.0,720.0
candle,msasl,,19139,19203,65.0,2.133000000000038,30.0,63,False,1280.0,720.0
movie,msasl,,19226,19284,59.0,1.9329999999999927,30.0,63,False,1280.0,720.0
run,msasl,,19723,19803,81.0,2.66700000000003,30.0,63,False,1280.0,720.0
follow,msasl,,19832,19929,98.0,3.2329999999999472,30.0,63,False,1280.0,720.0
brave,msasl,,19953,20000,48.0,1.5670000000000073,30.0,63,False,1280.0,720.0
pumpkin,msasl,,20233,20290,58.0,1.8999999999999773,30.0,63,False,1280.0,720.0
awful,msasl,,20593,20647,55.0,1.7999999999999543,30.0,63,False,1280.0,720.0
take off,msasl,,21404,21483,80.0,2.633000000000038,30.0,63,False,1280.0,720.0
night,msasl,,22276,22351,76.0,2.5,30.0,63,False,1280.0,720.0
hid,msasl,,22958,23014,57.0,1.8659999999999852,30.0,63,False,1280.0,720.0
disappear,msasl,,23055,23133,79.0,2.6000000000000227,30.0,63,False,1280.0,720.0
dark,msasl,,23258,23331,74.0,2.4329999999999927,30.0,63,False,1280.0,720.0
bright,msasl,,23356,23421,66.0,2.16700000000003,30.0,63,False,1280.0,720.0
friend,msasl,,23443,23498,56.0,1.83400000000006,30.0,63,False,1280.0,720.0
time,msasl,,23586,23628,43.0,1.3999999999999773,30.0,63,False,1280.0,720.0
different,msasl,,23658,23714,57.0,1.8669999999999616,30.0,63,False,1280.0,720.0
cool,msasl,,23736,23795,60.0,1.9669999999999843,30.0,63,False,1280.0,720.0
think,msasl,,23819,23890,72.0,2.365999999999985,30.0,63,False,1280.0,720.0
do,msasl,,24002,24060,59.0,1.9329999999999927,30.0,63,False,1280.0,720.0
family,msasl,,24084,24137,54.0,1.7670000000000528,30.0,63,False,1280.0,720.0
want,msasl,,24423,24468,46.0,1.5,30.0,63,False,1280.0,720.0
not want,msasl,,24494,24542,49.0,1.6000000000000227,30.0,63,False,1280.0,720.0
help,msasl,,24557,24618,62.0,2.0330000000000155,30.0,63,False,1280.0,720.0
nice,msasl,,24646,24683,38.0,1.2340000000000373,30.0,63,False,1280.0,720.0
meet,msasl,,24714,24768,55.0,1.8000000000000682,30.0,63,False,1280.0,720.0
sit,msasl,,24986,25052,67.0,2.200000000000045,30.0,63,False,1280.0,720.0
focus,msasl,,25076,25149,74.0,2.4329999999999927,30.0,63,False,1280.0,720.0
how_many,msasl,,25263,25331,69.0,2.266999999999939,30.0,63,False,1280.0,720.0
dance,msasl,,25360,25418,59.0,1.9340000000000828,30.0,63,False,1280.0,720.0
fast,msasl,,25472,25551,80.0,2.633000000000038,30.0,63,False,1280.0,720.0
emergency,msasl,,25796,25863,68.0,2.233000000000061,30.0,63,False,1280.0,720.0
pow,msasl,,25983,26035,53.0,1.7329999999999472,30.0,63,False,1280.0,720.0
sick,msasl,,26057,26124,68.0,2.2329999999999472,30.0,63,False,1280.0,720.0
absent,msasl,,26149,26229,81.0,2.6669999999999163,30.0,63,False,1280.0,720.0
cousin,msasl,,0,44,45.0,1.436,30.633,87,False,1280.0,720.0
fifteen,msasl,,0,58,59.0,2.32,25.0,114,False,480.0,360.0
outside,msasl,,0,39,40.0,1.301,29.97,44,False,640.0,360.0
brother,msasl,,0,45,46.0,1.502,29.97,44,False,640.0,360.0
divorce,msasl,,0,35,36.0,1.137,30.796,87,False,1280.0,720.0
backpack,msasl,,0,41,42.0,1.71,23.976,7,False,640.0,360.0
not understand,msasl,,0,71,72.0,2.368,29.979,53,False,640.0,360.0
volleyball,msasl,,0,30,31.0,1.001,29.97,44,False,640.0,360.0
same,msasl,,0,33,34.0,1.101,29.97,15,False,640.0,360.0
walk,msasl,,0,28,29.0,0.934,29.97,44,False,640.0,360.0
tiger,msasl,,0,62,63.0,2.48,25.0,66,False,640.0,360.0
walk,msasl,,0,105,106.0,4.2,25.0,228,False,640.0,360.0
flower,msasl,,0,89,90.0,2.97,29.97,76,False,640.0,360.0
jealous,msasl,,0,68,69.0,2.268,29.978,53,False,640.0,360.0
hello,msasl,,61,80,20.0,0.6559999999999997,29.0,164,False,640.0,360.0
absent,msasl,,1089,1236,148.0,5.069000000000003,29.0,164,False,640.0,360.0
again,msasl,,1376,1483,108.0,3.6899999999999977,29.0,164,False,640.0,360.0
bathroom,msasl,,2246,2321,76.0,2.5860000000000127,29.0,164,False,640.0,360.0
bored,msasl,,2594,2711,118.0,4.035000000000011,29.0,164,False,640.0,360.0
busy,msasl,,2806,2896,91.0,3.103999999999999,29.0,164,False,640.0,360.0
can,msasl,,3047,3176,130.0,4.447999999999993,29.0,164,False,640.0,360.0
can't,msasl,,3242,3339,98.0,3.344999999999999,29.0,164,False,640.0,360.0
confused,msasl,,3424,3557,134.0,4.585999999999999,29.0,164,False,640.0,360.0
deaf,msasl,,3666,3768,103.0,3.51700000000001,29.0,164,False,640.0,360.0
hearing,msasl,,3816,3894,79.0,2.6899999999999977,29.0,164,False,640.0,360.0
hard of hearing,msasl,,3915,4018,104.0,3.5519999999999925,29.0,164,False,640.0,360.0
not know,msasl,,4327,4441,115.0,3.931000000000012,29.0,164,False,640.0,360.0
not like,msasl,,4608,4806,199.0,6.828000000000003,29.0,164,False,640.0,360.0
not understand,msasl,,5003,5103,101.0,3.4480000000000075,29.0,164,False,640.0,360.0
due,msasl,,5180,5305,126.0,4.311000000000007,29.0,164,False,640.0,360.0
excited,msasl,,5462,5520,59.0,2.0,29.0,164,False,640.0,360.0
eye contact,msasl,,5700,5819,120.0,4.104000000000013,29.0,164,False,640.0,360.0
fast,msasl,,6519,6602,84.0,2.8619999999999948,29.0,164,False,640.0,360.0
favorite,msasl,,6674,6771,98.0,3.343999999999994,29.0,164,False,640.0,360.0
fine,msasl,,6849,6957,109.0,3.7239999999999895,29.0,164,False,640.0,360.0
focus,msasl,,6995,7161,167.0,5.724000000000018,29.0,164,False,640.0,360.0
friend,msasl,,7198,7308,111.0,3.7930000000000064,29.0,164,False,640.0,360.0
boyfriend,msasl,,7327,7376,50.0,1.688999999999993,29.0,164,False,640.0,360.0
girlfriend,msasl,,7394,7441,48.0,1.621000000000009,29.0,164,False,640.0,360.0
go,msasl,,7543,7645,103.0,3.516999999999996,29.0,164,False,640.0,360.0
bye,msasl,,7847,7921,75.0,2.551999999999964,29.0,164,False,640.0,360.0
happy,msasl,,8243,8341,99.0,3.379000000000019,29.0,164,False,640.0,360.0
hello,msasl,,8890,8972,83.0,2.828000000000032,29.0,164,False,640.0,360.0
home,msasl,,9226,9306,81.0,2.7590000000000146,29.0,164,False,640.0,360.0
work,msasl,,9344,9443,100.0,3.4139999999999877,29.0,164,False,640.0,360.0
homework,msasl,,9448,9557,110.0,3.757999999999981,29.0,164,False,640.0,360.0
how,msasl,,9677,9768,92.0,3.137999999999977,29.0,164,False,640.0,360.0
me,msasl,,9945,10015,71.0,2.413000000000011,29.0,164,False,640.0,360.0
you,msasl,,10080,10126,47.0,1.5860000000000127,29.0,164,False,640.0,360.0
my,msasl,,10159,10219,61.0,2.069000000000017,29.0,164,False,640.0,360.0
your,msasl,,10230,10292,63.0,2.1380000000000337,29.0,164,False,640.0,360.0
introduce,msasl,,10890,11010,121.0,4.137999999999977,29.0,164,False,640.0,360.0
know,msasl,,11106,11176,71.0,2.414000000000044,29.0,164,False,640.0,360.0
last,msasl,,11240,11340,101.0,3.447999999999979,29.0,164,False,640.0,360.0
later,msasl,,11632,11711,80.0,2.723999999999989,29.0,164,False,640.0,360.0
learn,msasl,,11769,11888,120.0,4.103000000000009,29.0,164,False,640.0,360.0
student,msasl,,11956,12051,96.0,3.2760000000000105,29.0,164,False,640.0,360.0
like,msasl,,12182,12308,127.0,4.345000000000027,29.0,164,False,640.0,360.0
mad,msasl,,12582,12659,78.0,2.656000000000006,29.0,164,False,640.0,360.0
meet,msasl,,12983,13082,100.0,3.4139999999999877,29.0,164,False,640.0,360.0
date,msasl,,13128,13194,67.0,2.2759999999999536,29.0,164,False,640.0,360.0
no,msasl,,13202,13235,34.0,1.1380000000000337,29.0,164,False,640.0,360.0
meet,msasl,,13348,13398,51.0,1.7240000000000464,29.0,164,False,640.0,360.0
date,msasl,,13411,13466,56.0,1.896000000000015,29.0,164,False,640.0,360.0
movie,msasl,,13635,13777,143.0,4.895999999999958,29.0,164,False,640.0,360.0
busy,msasl,,13884,13982,99.0,3.379000000000019,29.0,164,False,640.0,360.0
movie,msasl,,14123,14220,98.0,3.3449999999999704,29.0,164,False,640.0,360.0
nice,msasl,,14367,14461,95.0,3.240999999999985,29.0,164,False,640.0,360.0
no,msasl,,14638,14696,59.0,2.0,29.0,164,False,640.0,360.0
yes,msasl,,14732,14803,72.0,2.4489999999999554,29.0,164,False,640.0,360.0
please,msasl,,15182,15284,103.0,3.518000000000029,29.0,164,False,640.0,360.0
thank you,msasl,,15334,15468,135.0,4.620999999999981,29.0,164,False,640.0,360.0
sorry,msasl,,15740,15795,56.0,1.8959999999999584,29.0,164,False,640.0,360.0
please,msasl,,15797,15866,70.0,2.3799999999999955,29.0,164,False,640.0,360.0
practice,msasl,,15970,16096,127.0,4.345000000000027,29.0,164,False,640.0,360.0
sad,msasl,,16174,16281,108.0,3.690000000000055,29.0,164,False,640.0,360.0
sleepy,msasl,,16455,16525,71.0,2.4139999999999877,29.0,164,False,640.0,360.0
sleepy,msasl,,16575,16655,81.0,2.758999999999901,29.0,164,False,640.0,360.0
afraid,msasl,,17147,17238,92.0,3.1380000000000337,29.0,164,False,640.0,360.0
school,msasl,,17319,17418,100.0,3.4139999999999877,29.0,164,False,640.0,360.0
see,msasl,,17687,17777,91.0,3.103000000000065,29.0,164,False,640.0,360.0
sick,msasl,,17998,18129,132.0,4.516999999999939,29.0,164,False,640.0,360.0
slow,msasl,,18280,18404,125.0,4.275999999999954,29.0,164,False,640.0,360.0
so,msasl,,18531,18651,121.0,4.13799999999992,29.0,164,False,640.0,360.0
take care,msasl,,18792,18897,106.0,3.620999999999981,29.0,164,False,640.0,360.0
teach,msasl,,19023,19104,82.0,2.7930000000000064,29.0,164,False,640.0,360.0
teacher,msasl,,19138,19216,79.0,2.6900000000000546,29.0,164,False,640.0,360.0
tired,msasl,,19551,19677,127.0,4.344999999999914,29.0,164,False,640.0,360.0
today,msasl,,19905,19986,82.0,2.7930000000000064,29.0,164,False,640.0,360.0
today,msasl,,20038,20077,40.0,1.3439999999999372,29.0,164,False,640.0,360.0
now,msasl,,20174,20209,36.0,1.2069999999999936,29.0,164,False,640.0,360.0
now,msasl,,20246,20295,50.0,1.6900000000000546,29.0,164,False,640.0,360.0
today,msasl,,20329,20375,47.0,1.5860000000000127,29.0,164,False,640.0,360.0
tomorrow,msasl,,20620,20738,119.0,4.06899999999996,29.0,164,False,640.0,360.0
yesterday,msasl,,20849,20978,130.0,4.448000000000093,29.0,164,False,640.0,360.0
everyday,msasl,,21040,21128,89.0,3.035000000000082,29.0,164,False,640.0,360.0
understand,msasl,,21403,21511,109.0,3.725000000000023,29.0,164,False,640.0,360.0
want,msasl,,21583,21668,86.0,2.93100000000004,29.0,164,False,640.0,360.0
we,msasl,,21732,21881,150.0,5.13799999999992,29.0,164,False,640.0,360.0
what's up,msasl,,21962,22067,106.0,3.620999999999981,29.0,164,False,640.0,360.0
me,msasl,,22267,22305,39.0,1.3109999999999218,29.0,164,False,640.0,360.0
how are you,msasl,,22742,22815,74.0,2.516999999999939,29.0,164,False,640.0,360.0
how are you,msasl,,23403,23571,169.0,5.793000000000006,29.0,164,False,640.0,360.0
nice to meet you,msasl,,23954,24071,118.0,4.033999999999992,29.0,164,False,640.0,360.0
finish,msasl,,25668,25717,50.0,1.6900000000000546,29.0,164,False,640.0,360.0
team,msasl,,0,37,38.0,1.543,23.976,15,False,640.0,360.0
chemistry,msasl,,0,92,93.0,3.68,25.0,114,False,480.0,360.0
hungry,msasl,,0,64,65.0,2.135,29.977,53,False,640.0,360.0
bicycle,msasl,,0,46,47.0,1.919,23.976,7,False,640.0,360.0
shock,msasl,,0,41,42.0,1.368,29.97,15,False,640.0,360.0
refrigerator,msasl,,0,41,42.0,1.368,29.97,44,False,640.0,360.0
smart,msasl,,0,36,37.0,1.44,25.0,114,False,480.0,360.0
last week,msasl,,0,71,72.0,2.84,25.0,114,False,480.0,360.0
eat,msasl,,0,103,104.0,3.437,29.971,53,False,640.0,360.0
wood,msasl,,0,51,52.0,2.04,25.0,114,False,480.0,360.0
loud,msasl,,0,45,46.0,1.877,23.976,7,False,640.0,360.0
step,msasl,,0,73,74.0,2.92,25.0,114,False,480.0,360.0
piano,msasl,,0,97,98.0,3.88,25.0,66,False,640.0,360.0
watch,msasl,,0,46,47.0,1.84,25.0,114,False,480.0,360.0
athlete,msasl,,0,107,108.0,4.28,25.0,114,False,480.0,360.0
man,msasl,,0,33,34.0,1.101,29.97,44,False,640.0,360.0
drive,msasl,,0,37,38.0,1.543,23.976,7,False,640.0,360.0
twelve,msasl,,0,49,50.0,2.044,23.976,15,False,640.0,360.0
whale,msasl,,0,33,34.0,1.101,29.97,44,False,640.0,360.0
letter,msasl,,0,36,37.0,1.501,23.976,7,False,640.0,360.0
spoon,msasl,,0,70,71.0,2.8,25.0,66,False,640.0,360.0
cookie,msasl,,0,30,31.0,1.251,23.976,7,False,640.0,360.0
tennis,msasl,,0,81,82.0,3.24,25.0,114,False,480.0,360.0
ten,msasl,,0,37,38.0,1.543,23.976,15,False,640.0,360.0
fast,msasl,,0,58,59.0,2.32,25.0,114,False,480.0,360.0
bored,msasl,,0,34,35.0,1.134,29.97,15,False,640.0,360.0
medicine,msasl,,0,108,109.0,3.604,29.97,76,False,640.0,360.0
cracker,msasl,,0,80,81.0,2.668,29.981,53,False,640.0,360.0
fly,msasl,,0,70,71.0,2.337,29.958,53,False,640.0,360.0
butter,msasl,,0,33,34.0,1.376,23.976,7,False,640.0,360.0
late,msasl,,0,44,45.0,1.835,23.976,15,False,640.0,360.0
look like,msasl,,0,31,32.0,1.034,29.97,44,False,640.0,360.0
mountain,msasl,,0,37,38.0,1.543,23.976,7,False,640.0,360.0
black,msasl,,0,76,77.0,2.537,29.961,53,False,640.0,360.0
crazy,msasl,,0,30,31.0,1.251,23.976,7,False,640.0,360.0
people,msasl,,0,98,99.0,3.92,25.0,114,False,480.0,360.0
basement,msasl,,0,87,88.0,2.903,29.97,76,False,640.0,360.0
complain,msasl,,0,24,25.0,1.001,23.976,7,False,640.0,360.0
football,msasl,,0,52,53.0,2.08,25.0,114,False,480.0,360.0
play cardss,msasl,,0,140,141.0,5.6,25.0,114,False,480.0,360.0
hello,msasl,,189,249,61.0,2.002,29.97,265,False,640.0,360.0
hello,msasl,,269,319,51.0,1.6679999999999993,29.97,265,False,640.0,360.0
bye,msasl,,466,651,186.0,6.173000000000002,29.97,265,False,640.0,360.0
good,msasl,,653,853,201.0,6.674,29.97,265,False,640.0,360.0
bad,msasl,,850,892,43.0,1.4010000000000034,29.97,265,False,640.0,360.0
so,msasl,,1066,1146,81.0,2.668999999999997,29.97,265,False,640.0,360.0
right,msasl,,1271,1323,53.0,1.7349999999999994,29.97,265,False,640.0,360.0
wrong,msasl,,1498,1598,101.0,3.3370000000000037,29.97,265,False,640.0,360.0
homework,msasl,,1733,1840,108.0,3.571000000000005,29.97,265,False,640.0,360.0
exam,msasl,,2075,2147,73.0,2.402000000000001,29.97,265,False,640.0,360.0
question,msasl,,2300,2498,199.0,6.606999999999999,29.97,265,False,640.0,360.0
yes,msasl,,2500,2600,101.0,3.3359999999999985,29.97,265,False,640.0,360.0
no,msasl,,2703,2845,143.0,4.738,29.97,265,False,640.0,360.0
no,msasl,,2874,2911,38.0,1.2339999999999949,29.97,265,False,640.0,360.0
sign,msasl,,2998,3108,111.0,3.670999999999992,29.97,265,False,640.0,360.0
sign language,msasl,,3274,3374,101.0,3.336999999999989,29.97,265,False,640.0,360.0
sign language,msasl,,3424,3518,95.0,3.1370000000000005,29.97,265,False,640.0,360.0
forget,msasl,,4109,4189,81.0,2.6689999999999827,29.97,265,False,640.0,360.0
thank you,msasl,,4415,4515,101.0,3.3360000000000127,29.97,265,False,640.0,360.0
thank you,msasl,,4535,4605,71.0,2.3359999999999843,29.97,265,False,640.0,360.0
same,msasl,,4706,4796,91.0,3.002999999999986,29.97,265,False,640.0,360.0
same,msasl,,4988,5060,73.0,2.4020000000000152,29.97,265,False,640.0,360.0
different,msasl,,5263,5343,81.0,2.6689999999999827,29.97,265,False,640.0,360.0
know,msasl,,5546,5649,104.0,3.436000000000007,29.97,265,False,640.0,360.0
know,msasl,,5655,5754,100.0,3.3029999999999973,29.97,265,False,640.0,360.0
not know,msasl,,5830,5971,142.0,4.704000000000008,29.97,265,False,640.0,360.0
slow,msasl,,6143,6303,161.0,5.338999999999999,29.97,265,False,640.0,360.0
fast,msasl,,6451,6511,61.0,2.002000000000009,29.97,265,False,640.0,360.0
fast,msasl,,6511,6641,131.0,4.337999999999994,29.97,265,False,640.0,360.0
fast,msasl,,6665,6735,71.0,2.3359999999999843,29.97,265,False,640.0,360.0
again,msasl,,7030,7120,91.0,3.002999999999986,29.97,265,False,640.0,360.0
understand,msasl,,7499,7678,180.0,5.972000000000008,29.97,265,False,640.0,360.0
student,msasl,,7747,7802,56.0,1.8349999999999795,29.97,265,False,640.0,360.0
student,msasl,,7810,7956,147.0,4.870999999999981,29.97,265,False,640.0,360.0
teacher,msasl,,8078,8168,91.0,3.002999999999986,29.97,265,False,640.0,360.0
name,msasl,,8359,8442,84.0,2.769000000000005,29.97,265,False,640.0,360.0
nice,msasl,,8603,8697,95.0,3.1370000000000005,29.97,265,False,640.0,360.0
meet,msasl,,8925,8985,61.0,2.002000000000009,29.97,265,False,640.0,360.0
kitchen,msasl,,0,38,39.0,1.585,23.976,15,False,640.0,360.0
crazy,msasl,,2449,2512,64.0,2.1000000000000085,30.0,163,False,1280.0,720.0
personality,msasl,,3157,3222,66.0,2.1670000000000016,30.0,163,False,1280.0,720.0
humble,msasl,,3541,3600,60.0,1.9669999999999987,30.0,163,False,1280.0,720.0
stubborn,msasl,,4138,4233,96.0,3.1670000000000016,30.0,163,False,1280.0,720.0
awkward,msasl,,4868,4945,78.0,2.5660000000000025,30.0,163,False,1280.0,720.0
can,msasl,,0,83,84.0,2.769,29.97,76,False,640.0,360.0
take off,msasl,,0,59,60.0,2.36,25.0,114,False,480.0,360.0
22,msasl,,0,47,48.0,1.96,23.976,15,False,640.0,360.0
baseball,msasl,,0,73,74.0,2.92,25.0,114,False,480.0,360.0
soap,msasl,,0,35,36.0,1.46,23.976,7,False,640.0,360.0
tall,msasl,,0,39,40.0,1.301,29.97,15,False,640.0,360.0
senior,msasl,,0,37,38.0,1.235,29.97,44,False,640.0,360.0
freshman,msasl,,0,37,38.0,1.235,29.97,44,False,640.0,360.0
banana,msasl,,0,55,56.0,1.835,29.97,44,False,640.0,360.0
busy,msasl,,0,97,98.0,3.237,29.969,53,False,640.0,360.0
motorcycle,msasl,,0,66,67.0,2.64,25.0,114,False,480.0,360.0
nine,msasl,,0,53,54.0,2.12,25.0,114,False,480.0,360.0
ketchup,msasl,,0,35,36.0,1.46,23.976,7,False,640.0,360.0
daughter,msasl,,0,92,93.0,3.68,25.0,114,False,480.0,360.0
negative,msasl,,0,52,53.0,2.08,25.0,114,False,480.0,360.0
due,msasl,,240,379,140.0,4.632999999999999,30.0,63,False,1280.0,720.0
homework,msasl,,404,531,128.0,4.232999999999999,30.0,63,False,1280.0,720.0
counselor,msasl,,557,704,148.0,4.899999999999999,30.0,63,False,1280.0,720.0
year,msasl,,860,975,116.0,3.8329999999999984,30.0,63,False,1280.0,720.0
english,msasl,,1058,1119,62.0,2.032999999999994,30.0,63,False,1280.0,720.0
flirt,msasl,,1154,1246,93.0,3.0660000000000025,30.0,63,False,1280.0,720.0
please,msasl,,1273,1407,135.0,4.466999999999999,30.0,63,False,1280.0,720.0
partner,msasl,,1432,1583,152.0,5.034000000000006,30.0,63,False,1280.0,720.0
locker,msasl,,1610,1785,176.0,5.832999999999998,30.0,63,False,1280.0,720.0
hallway,msasl,,2006,2084,79.0,2.5999999999999943,30.0,63,False,1280.0,720.0
thank you,msasl,,2106,2182,77.0,2.5330000000000013,30.0,63,False,1280.0,720.0
welcome,msasl,,2203,2313,111.0,3.6669999999999874,30.0,63,False,1280.0,720.0
football,msasl,,2338,2433,96.0,3.1669999999999874,30.0,63,False,1280.0,720.0
copy me,msasl,,2457,2606,150.0,4.966999999999999,30.0,63,False,1280.0,720.0
physics,msasl,,2721,2759,39.0,1.266999999999996,30.0,63,False,1280.0,720.0
fail,msasl,,3061,3097,37.0,1.2000000000000028,30.0,63,False,1280.0,720.0
fail,msasl,,3097,3141,45.0,1.4669999999999987,30.0,63,False,1280.0,720.0
secretary,msasl,,3337,3442,106.0,3.5,30.0,63,False,1280.0,720.0
funny,msasl,,3467,3571,105.0,3.466000000000008,30.0,63,False,1280.0,720.0
gym,msasl,,3596,3706,111.0,3.665999999999997,30.0,63,False,1280.0,720.0
later,msasl,,3732,3853,122.0,4.032999999999987,30.0,63,False,1280.0,720.0
again,msasl,,3878,3977,100.0,3.300000000000012,30.0,63,False,1280.0,720.0
cute,msasl,,4001,4105,105.0,3.466000000000008,30.0,63,False,1280.0,720.0
government,msasl,,4130,4253,124.0,4.099999999999994,30.0,63,False,1280.0,720.0
weekend,msasl,,4277,4437,161.0,5.332999999999998,30.0,63,False,1280.0,720.0
major,msasl,,4626,4794,169.0,5.600000000000023,30.0,63,False,1280.0,720.0
beautiful,msasl,,4820,4919,100.0,3.300000000000012,30.0,63,False,1280.0,720.0
drink,msasl,,0,67,68.0,2.68,25.0,66,False,640.0,360.0
born,msasl,,0,31,32.0,1.034,29.97,44,False,640.0,360.0
nine,msasl,,0,42,43.0,1.752,23.976,15,False,640.0,360.0
outside,msasl,,0,33,34.0,1.101,29.97,44,False,640.0,360.0
29,msasl,,0,96,97.0,3.203,29.969,53,False,640.0,360.0
father,msasl,,0,51,52.0,2.04,25.0,66,False,640.0,360.0
golf,msasl,,0,38,39.0,1.585,23.976,7,False,640.0,360.0
pencil,msasl,,0,77,78.0,3.08,25.0,66,False,640.0,360.0
think,msasl,,0,45,46.0,1.8,25.0,114,False,480.0,360.0
hate,msasl,,0,34,35.0,1.418,23.976,15,False,640.0,360.0
understand,msasl,,0,41,42.0,1.71,23.976,15,False,640.0,360.0
sad,msasl,,0,42,43.0,1.752,23.976,7,False,640.0,360.0
greece,msasl,,0,32,33.0,1.335,23.976,15,False,640.0,360.0
cake,msasl,,0,25,26.0,1.043,23.976,7,False,640.0,360.0
bowl,msasl,,0,69,70.0,2.76,25.0,114,False,480.0,360.0
uncle,msasl,,0,47,48.0,1.536,30.593,87,False,1280.0,720.0
short,msasl,,0,57,58.0,2.28,25.0,114,False,480.0,360.0
hat,msasl,,0,61,62.0,2.44,25.0,66,False,640.0,360.0
athlete,msasl,,0,39,40.0,1.301,29.97,44,False,640.0,360.0
bathroom,msasl,,243,272,30.0,0.968,29.97,227,False,640.0,360.0
water,msasl,,291,380,90.0,2.9689999999999994,29.97,227,False,640.0,360.0
classroom,msasl,,579,653,75.0,2.469000000000001,29.97,227,False,640.0,360.0
library,msasl,,698,797,100.0,3.303000000000001,29.97,227,False,640.0,360.0
library,msasl,,727,769,43.0,1.4009999999999998,29.97,227,False,640.0,360.0
office,msasl,,820,879,60.0,1.968,29.97,227,False,640.0,360.0
phone,msasl,,926,955,30.0,0.9669999999999987,29.97,227,False,640.0,360.0
want,msasl,,2032,2061,30.0,0.9680000000000036,29.97,227,False,640.0,360.0
live,msasl,,2083,2127,45.0,1.4680000000000035,29.97,227,False,640.0,360.0
buy,msasl,,2150,2179,30.0,0.9680000000000036,29.97,227,False,640.0,360.0
find,msasl,,2321,2350,30.0,0.9680000000000036,29.97,227,False,640.0,360.0
hid,msasl,,2375,2403,29.0,0.9340000000000116,29.97,227,False,640.0,360.0
not know,msasl,,2565,2594,30.0,0.9680000000000036,29.97,227,False,640.0,360.0
need,msasl,,2613,2642,30.0,0.9680000000000036,29.97,227,False,640.0,360.0
work,msasl,,2785,2814,30.0,0.9680000000000036,29.97,227,False,640.0,360.0
dorm,msasl,,3087,3131,45.0,1.4680000000000035,29.97,227,False,640.0,360.0
hallway,msasl,,3186,3214,29.0,0.9339999999999976,29.97,227,False,640.0,360.0
stairs,msasl,,3256,3300,45.0,1.4680000000000035,29.97,227,False,640.0,360.0
house,msasl,,3401,3445,45.0,1.467999999999989,29.97,227,False,640.0,360.0
mountain,msasl,,3989,4032,44.0,1.4339999999999975,29.97,227,False,640.0,360.0
mountain,msasl,,4065,4109,45.0,1.4680000000000175,29.97,227,False,640.0,360.0
water,msasl,,4161,4205,45.0,1.467999999999989,29.97,227,False,640.0,360.0
north,msasl,,4373,4402,30.0,0.9679999999999892,29.97,227,False,640.0,360.0
south,msasl,,4416,4445,30.0,0.9679999999999892,29.97,227,False,640.0,360.0
east,msasl,,4455,4476,22.0,0.6999999999999886,29.97,227,False,640.0,360.0
west,msasl,,4481,4502,22.0,0.7010000000000218,29.97,227,False,640.0,360.0
far,msasl,,4629,4658,30.0,0.9679999999999892,29.97,227,False,640.0,360.0
from,msasl,,4877,4924,48.0,1.5679999999999836,29.97,227,False,640.0,360.0
from,msasl,,4894,4914,21.0,0.6680000000000064,29.97,227,False,640.0,360.0
in,msasl,,4964,5008,45.0,1.467999999999989,29.97,227,False,640.0,360.0
never,msasl,,5243,5272,30.0,0.9679999999999892,29.97,227,False,640.0,360.0
minute,msasl,,5323,5344,22.0,0.700000000000017,29.97,227,False,640.0,360.0
hour,msasl,,5362,5406,45.0,1.467999999999989,29.97,227,False,640.0,360.0
small,msasl,,5427,5471,45.0,1.4680000000000175,29.97,227,False,640.0,360.0
big,msasl,,5553,5582,30.0,0.9679999999999892,29.97,227,False,640.0,360.0
cat,msasl,,5615,5674,60.0,1.967999999999989,29.97,227,False,640.0,360.0
bird,msasl,,5781,5825,45.0,1.467999999999989,29.97,227,False,640.0,360.0
fish,msasl,,5845,5889,45.0,1.4680000000000175,29.97,227,False,640.0,360.0
turtle,msasl,,5943,5987,45.0,1.467999999999989,29.97,227,False,640.0,360.0
mother,msasl,,6192,6236,45.0,1.468999999999994,29.97,227,False,640.0,360.0
father,msasl,,6293,6337,45.0,1.468999999999994,29.97,227,False,640.0,360.0
son,msasl,,6384,6426,43.0,1.400999999999982,29.97,227,False,640.0,360.0
brother,msasl,,6563,6607,45.0,1.468999999999994,29.97,227,False,640.0,360.0
sister,msasl,,6620,6673,54.0,1.7690000000000057,29.97,227,False,640.0,360.0
sister,msasl,,6631,6698,68.0,2.2360000000000184,29.97,227,False,640.0,360.0
wife,msasl,,6730,6774,45.0,1.4680000000000175,29.97,227,False,640.0,360.0
husband,msasl,,6800,6844,45.0,1.467999999999989,29.97,227,False,640.0,360.0
parents,msasl,,6890,6934,45.0,1.4680000000000175,29.97,227,False,640.0,360.0
children,msasl,,6971,7008,38.0,1.2350000000000136,29.97,227,False,640.0,360.0
family,msasl,,7029,7049,21.0,0.6680000000000064,29.97,227,False,640.0,360.0
alone,msasl,,7094,7154,61.0,2.002000000000009,29.97,227,False,640.0,360.0
bed,msasl,,7230,7259,30.0,0.9679999999999892,29.97,227,False,640.0,360.0
room,msasl,,7296,7359,64.0,2.1019999999999754,29.97,227,False,640.0,360.0
room,msasl,,7418,7447,30.0,0.9679999999999892,29.97,227,False,640.0,360.0
home,msasl,,7557,7601,45.0,1.4680000000000175,29.97,227,False,640.0,360.0
car,msasl,,7695,7754,60.0,1.9680000000000175,29.97,227,False,640.0,360.0
train,msasl,,7763,7807,45.0,1.469000000000051,29.97,227,False,640.0,360.0
money,msasl,,7850,7894,45.0,1.4680000000000175,29.97,227,False,640.0,360.0
new,msasl,,8002,8090,89.0,2.935999999999978,29.97,227,False,640.0,360.0
old,msasl,,8149,8175,27.0,0.8670000000000186,29.97,227,False,640.0,360.0
shelf,msasl,,8433,8477,45.0,1.4680000000000175,29.97,227,False,640.0,360.0
table,msasl,,8496,8525,30.0,0.9680000000000176,29.97,227,False,640.0,360.0
table,msasl,,8529,8539,11.0,0.3340000000000032,29.97,227,False,640.0,360.0
with,msasl,,8628,8687,60.0,1.9680000000000175,29.97,227,False,640.0,360.0
time,msasl,,406,472,67.0,2.200000000000001,30.0,63,False,1280.0,720.0
minute,msasl,,813,956,144.0,4.767,30.0,63,False,1280.0,720.0
hour,msasl,,1121,1235,115.0,3.800000000000004,30.0,63,False,1280.0,720.0
half hour,msasl,,1302,1342,41.0,1.3329999999999984,30.0,63,False,1280.0,720.0
half hour,msasl,,1362,1392,31.0,1.0,30.0,63,False,1280.0,720.0
half hour,msasl,,1402,1440,39.0,1.267000000000003,30.0,63,False,1280.0,720.0
day,msasl,,1461,1561,101.0,3.3329999999999984,30.0,63,False,1280.0,720.0
all day,msasl,,1587,1732,146.0,4.832999999999998,30.0,63,False,1280.0,720.0
today,msasl,,1757,1848,92.0,3.0330000000000013,30.0,63,False,1280.0,720.0
everyday,msasl,,1886,1998,113.0,3.732999999999997,30.0,63,False,1280.0,720.0
week,msasl,,2022,2183,162.0,5.36699999999999,30.0,63,False,1280.0,720.0
last week,msasl,,2209,2368,160.0,5.300000000000011,30.0,63,False,1280.0,720.0
next week,msasl,,2393,2517,125.0,4.13300000000001,30.0,63,False,1280.0,720.0
every week,msasl,,2543,2656,114.0,3.766000000000005,30.0,63,False,1280.0,720.0
month,msasl,,2891,2971,81.0,2.665999999999997,30.0,63,False,1280.0,720.0
month,msasl,,2971,3033,63.0,2.066999999999993,30.0,63,False,1280.0,720.0
year,msasl,,3657,3779,123.0,4.066999999999993,30.0,63,False,1280.0,720.0
last year,msasl,,3807,3965,159.0,5.266999999999996,30.0,63,False,1280.0,720.0
every year,msasl,,3992,4163,172.0,5.699999999999989,30.0,63,False,1280.0,720.0
tomorrow,msasl,,4185,4288,104.0,3.4329999999999927,30.0,63,False,1280.0,720.0
next,msasl,,4309,4447,139.0,4.599999999999994,30.0,63,False,1280.0,720.0
still,msasl,,4473,4623,151.0,5.0,30.0,63,False,1280.0,720.0
now,msasl,,4795,4865,71.0,2.334000000000003,30.0,63,False,1280.0,720.0
future,msasl,,4888,5022,135.0,4.467000000000013,30.0,63,False,1280.0,720.0
noon,msasl,,5047,5165,119.0,3.9339999999999975,30.0,63,False,1280.0,720.0
often,msasl,,5190,5354,165.0,5.467000000000013,30.0,63,False,1280.0,720.0
sometimes,msasl,,5379,5566,188.0,6.232999999999976,30.0,63,False,1280.0,720.0
gone,msasl,,6029,6089,61.0,2.0,30.0,63,False,1280.0,720.0
gone,msasl,,6089,6138,50.0,1.6329999999999814,30.0,63,False,1280.0,720.0
gone,msasl,,6168,6208,41.0,1.3329999999999984,30.0,63,False,1280.0,720.0
after,msasl,,6505,6649,145.0,4.800000000000011,30.0,63,False,1280.0,720.0
early,msasl,,6674,6791,118.0,3.899999999999977,30.0,63,False,1280.0,720.0
late,msasl,,6817,6902,86.0,2.834000000000003,30.0,63,False,1280.0,720.0
before,msasl,,6927,7053,127.0,4.199999999999989,30.0,63,False,1280.0,720.0
past,msasl,,7090,7151,62.0,2.033999999999992,30.0,63,False,1280.0,720.0
since,msasl,,7354,7443,90.0,2.9669999999999845,30.0,63,False,1280.0,720.0
will,msasl,,7466,7605,140.0,4.63300000000001,30.0,63,False,1280.0,720.0
not yet,msasl,,7630,7731,102.0,3.3669999999999902,30.0,63,False,1280.0,720.0
morning,msasl,,8385,8537,153.0,5.067000000000007,30.0,63,False,1280.0,720.0
every morning,msasl,,8560,8627,68.0,2.2339999999999804,30.0,63,False,1280.0,720.0
every night,msasl,,8647,8723,77.0,2.533999999999992,30.0,63,False,1280.0,720.0
every night,msasl,,8742,8839,98.0,3.233000000000004,30.0,63,False,1280.0,720.0
afternoon,msasl,,8862,8968,107.0,3.5330000000000155,30.0,63,False,1280.0,720.0
appointment,msasl,,8990,9094,105.0,3.466000000000008,30.0,63,False,1280.0,720.0
all night,msasl,,9118,9252,135.0,4.4669999999999845,30.0,63,False,1280.0,720.0
midnight,msasl,,9563,9759,197.0,6.533000000000016,30.0,63,False,1280.0,720.0
always,msasl,,9794,9908,115.0,3.8000000000000114,30.0,63,False,1280.0,720.0
never,msasl,,9935,10064,130.0,4.300000000000011,30.0,63,False,1280.0,720.0
yesterday,msasl,,10089,10213,125.0,4.132999999999981,30.0,63,False,1280.0,720.0
since,msasl,,10376,10520,145.0,4.7999999999999545,30.0,63,False,1280.0,720.0
during,msasl,,11138,11277,140.0,4.632999999999981,30.0,63,False,1280.0,720.0
calendar,msasl,,11302,11459,158.0,5.2339999999999804,30.0,63,False,1280.0,720.0
breakfast,msasl,,11695,11820,126.0,4.166999999999973,30.0,63,False,1280.0,720.0
often,msasl,,11845,12026,182.0,6.033999999999992,30.0,63,False,1280.0,720.0
cheese,msasl,,0,80,81.0,2.668,29.981,53,False,640.0,360.0
flag,msasl,,0,94,95.0,3.76,25.0,114,False,480.0,360.0
thin,msasl,,0,28,29.0,1.168,23.976,7,False,640.0,360.0
go,msasl,,0,83,84.0,2.769,29.97,76,False,640.0,360.0
mother,msasl,,0,41,42.0,1.64,25.0,66,False,640.0,360.0
major,msasl,,0,55,56.0,2.2,25.0,114,False,480.0,360.0
bacon,msasl,,0,94,95.0,3.137,29.968,53,False,640.0,360.0
sign,msasl,,0,108,109.0,3.604,29.97,76,False,640.0,360.0
before,msasl,,0,30,31.0,1.251,23.976,7,False,640.0,360.0
banana,msasl,,0,57,58.0,1.902,29.97,44,False,640.0,360.0
beautiful,msasl,,310,338,29.0,0.934000000000001,29.97,142,False,640.0,360.0
friendly,msasl,,477,505,29.0,0.934000000000001,29.97,142,False,640.0,360.0
smart,msasl,,587,622,36.0,1.1680000000000028,29.97,142,False,640.0,360.0
silly,msasl,,668,705,38.0,1.2349999999999994,29.97,142,False,640.0,360.0
yearbook,msasl,,0,76,77.0,3.04,25.0,114,False,480.0,360.0
card,msasl,,0,36,37.0,1.501,23.976,7,False,640.0,360.0
surprise,msasl,,0,40,41.0,1.668,23.976,7,False,640.0,360.0
alarm,msasl,,0,40,41.0,1.668,23.976,7,False,640.0,360.0
kitchen,msasl,,0,98,99.0,3.27,29.97,76,False,640.0,360.0
six,msasl,,0,42,43.0,1.752,23.976,15,False,640.0,360.0
cow,msasl,,0,85,86.0,3.4,25.0,66,False,640.0,360.0
laugh,msasl,,0,33,34.0,1.101,29.97,44,False,640.0,360.0
education,msasl,,0,51,52.0,2.04,25.0,114,False,480.0,360.0
die,msasl,,0,34,35.0,1.134,29.97,44,False,640.0,360.0
cafeteria,msasl,,0,56,57.0,2.24,25.0,114,False,480.0,360.0
soap,msasl,,0,99,100.0,3.303,29.97,76,False,640.0,360.0
21,msasl,,0,65,66.0,2.168,29.977,53,False,640.0,360.0
nineteen,msasl,,0,85,86.0,2.837,29.965,53,False,640.0,360.0
tea,msasl,,0,39,40.0,1.301,29.97,44,False,640.0,360.0
nine,msasl,,0,74,75.0,2.96,25.0,114,False,480.0,360.0
worm,msasl,,0,34,35.0,1.418,23.976,7,False,640.0,360.0
sit,msasl,,0,92,93.0,3.68,25.0,66,False,640.0,360.0
hi,msasl,,0,52,53.0,2.08,25.0,66,False,640.0,360.0
people,msasl,,0,47,48.0,1.96,23.976,7,False,640.0,360.0
hockey,msasl,,0,97,98.0,3.88,25.0,114,False,480.0,360.0
towel,msasl,,0,43,44.0,1.793,23.976,7,False,640.0,360.0
young,msasl,,0,66,67.0,2.64,25.0,114,False,480.0,360.0
center,msasl,,0,38,39.0,1.585,23.976,7,False,640.0,360.0
go,msasl,,0,83,84.0,2.769,29.97,76,False,640.0,360.0
marry,msasl,,0,34,35.0,1.418,23.976,15,False,640.0,360.0
fight,msasl,,0,35,36.0,1.46,23.976,7,False,640.0,360.0
fight,msasl,,0,33,34.0,1.101,29.97,44,False,640.0,360.0
computer,msasl,,0,102,103.0,3.403,29.97,76,False,640.0,360.0
23,msasl,,0,43,44.0,1.793,23.976,15,False,640.0,360.0
27,msasl,,0,85,86.0,2.837,29.965,53,False,640.0,360.0
hot,msasl,,0,34,35.0,1.134,29.97,15,False,640.0,360.0
leave,msasl,,0,36,37.0,1.201,29.97,44,False,640.0,360.0
cold,msasl,,0,29,30.0,0.968,29.97,15,False,640.0,360.0
drink,msasl,,0,95,96.0,3.17,29.97,76,False,640.0,360.0
tea,msasl,,0,37,38.0,1.543,23.976,7,False,640.0,360.0
lettuce,msasl,,0,90,91.0,3.003,29.967,53,False,640.0,360.0
go,msasl,,0,26,27.0,0.868,29.97,44,False,640.0,360.0
fight,msasl,,0,27,28.0,1.126,23.976,7,False,640.0,360.0
delicious,msasl,,0,31,32.0,1.034,29.97,44,False,640.0,360.0
lazy,msasl,,324,365,42.0,1.3680000000000003,29.97,142,False,640.0,360.0
sleepy,msasl,,393,481,89.0,2.936,29.97,142,False,640.0,360.0
bored,msasl,,526,582,57.0,1.868000000000002,29.97,142,False,640.0,360.0
weak,msasl,,633,692,60.0,1.9690000000000007,29.97,142,False,640.0,360.0
poor,msasl,,747,776,30.0,0.968,29.97,142,False,640.0,360.0
jealous,msasl,,298,334,37.0,1.2010000000000003,29.97,142,False,640.0,360.0
mischievous,msasl,,381,441,61.0,2.0020000000000007,29.97,142,False,640.0,360.0
rude,msasl,,516,554,39.0,1.268000000000001,29.97,142,False,640.0,360.0
mean,msasl,,620,652,33.0,1.0679999999999978,29.97,142,False,640.0,360.0
interesting,msasl,,0,42,43.0,1.752,23.976,15,False,640.0,360.0
son,msasl,,0,78,79.0,3.12,25.0,114,False,480.0,360.0
single,msasl,,0,65,66.0,2.6,25.0,114,False,480.0,360.0
sister,msasl,,0,43,44.0,1.435,29.97,44,False,640.0,360.0
monday,msasl,,0,116,117.0,3.87,29.974,53,False,640.0,360.0
line up,msasl,,0,35,36.0,1.46,23.976,7,False,640.0,360.0
black,msasl,,0,77,78.0,3.08,25.0,228,False,640.0,360.0
yellow,msasl,,0,67,68.0,2.68,25.0,66,False,640.0,360.0
team,msasl,,0,77,78.0,3.08,25.0,114,False,480.0,360.0
sister,msasl,,0,59,60.0,1.969,29.97,87,False,1280.0,720.0
cook,msasl,,0,45,46.0,1.502,29.97,15,False,640.0,360.0
friday,msasl,,0,113,114.0,3.77,29.974,53,False,640.0,360.0
bus,msasl,,0,106,107.0,3.537,29.972,53,False,640.0,360.0
thirsty,msasl,,0,71,72.0,2.84,25.0,66,False,640.0,360.0
total,msasl,,0,61,62.0,2.44,25.0,114,False,480.0,360.0
juice,msasl,,0,76,77.0,2.537,29.961,53,False,640.0,360.0
cup,msasl,,0,91,92.0,3.036,29.97,76,False,640.0,360.0
white,msasl,,0,34,35.0,1.134,29.97,15,False,640.0,360.0
wife,msasl,,0,55,56.0,1.835,29.97,87,False,1280.0,720.0
not like,msasl,,0,76,77.0,2.537,29.961,53,False,640.0,360.0
finish,msasl,,0,58,59.0,2.32,25.0,114,False,480.0,360.0
blanket,msasl,,0,37,38.0,1.235,29.97,44,False,640.0,360.0
show,msasl,,0,37,38.0,1.543,23.976,7,False,640.0,360.0
autumn,msasl,,0,85,86.0,2.837,29.965,53,False,640.0,360.0
last week,msasl,,0,79,80.0,3.16,25.0,114,False,480.0,360.0
carrot,msasl,,0,36,37.0,1.501,23.976,7,False,640.0,360.0
seventeen,msasl,,0,97,98.0,3.237,29.969,53,False,640.0,360.0
fishing,msasl,,0,34,35.0,1.134,29.97,44,False,640.0,360.0
sixteen,msasl,,0,55,56.0,2.2,25.0,114,False,480.0,360.0
economics,msasl,,0,81,82.0,3.24,25.0,114,False,480.0,360.0
algebra,msasl,,0,47,48.0,1.88,25.0,114,False,480.0,360.0
24,msasl,,0,83,84.0,3.32,25.0,114,False,480.0,360.0
grandfather,msasl,,0,56,57.0,1.869,29.97,87,False,1280.0,720.0
busy,msasl,,0,98,99.0,3.92,25.0,114,False,480.0,360.0
thin,msasl,,0,29,30.0,0.968,29.97,15,False,640.0,360.0
not,msasl,,0,44,45.0,1.468,29.97,87,False,1280.0,720.0
work,msasl,,0,46,47.0,1.535,29.97,7,False,490.0,360.0
hashtag,msasl,,0,48,49.0,1.602,29.97,44,False,640.0,360.0
library,msasl,,0,90,91.0,3.6,25.0,114,False,480.0,360.0
key,msasl,,0,105,106.0,4.2,25.0,66,False,640.0,360.0
30,msasl,,0,41,42.0,1.71,23.976,15,False,640.0,360.0
many,msasl,,0,34,35.0,1.418,23.976,15,False,640.0,360.0
candy,msasl,,0,29,30.0,0.968,29.97,44,False,640.0,360.0
early,msasl,,0,32,33.0,1.335,23.976,7,False,640.0,360.0
train,msasl,,0,30,31.0,1.251,23.976,7,False,640.0,360.0
mischievous,msasl,,0,109,110.0,4.36,25.0,114,False,480.0,360.0
twenty,msasl,,0,70,71.0,2.337,29.958,53,False,640.0,360.0
kiss,msasl,,0,74,75.0,2.468,29.98,53,False,640.0,360.0
decide,msasl,,0,28,29.0,1.168,23.976,7,False,640.0,360.0
last year,msasl,,0,72,73.0,2.88,25.0,114,False,480.0,360.0
interesting,msasl,,0,28,29.0,1.168,23.976,7,False,640.0,360.0
room,msasl,,0,55,56.0,2.2,25.0,114,False,480.0,360.0
hate,msasl,,0,35,36.0,1.46,23.976,15,False,640.0,360.0
bird,msasl,,0,127,128.0,5.08,25.0,66,False,640.0,360.0
phone,msasl,,0,95,96.0,3.17,29.97,76,False,640.0,360.0
class,msasl,,0,36,37.0,1.501,23.976,15,False,640.0,360.0
slow,msasl,,0,48,49.0,2.002,23.976,15,False,640.0,360.0
twenty,msasl,,0,39,40.0,1.627,23.976,15,False,640.0,360.0
plus,msasl,,0,42,43.0,1.401,29.97,15,False,640.0,360.0
watch,msasl,,0,37,38.0,1.543,23.976,15,False,640.0,360.0
key,msasl,,0,38,39.0,1.585,23.976,15,False,640.0,360.0
gone,msasl,,0,59,60.0,1.937,30.457,87,False,1280.0,720.0
adult,msasl,,0,38,39.0,1.585,23.976,7,False,640.0,360.0
eat,msasl,,0,41,42.0,1.64,25.0,66,False,640.0,360.0
divorce,msasl,,0,36,37.0,1.501,23.976,15,False,640.0,360.0
hoddog,msasl,,0,36,37.0,1.501,23.976,7,False,640.0,360.0
eight,msasl,,0,38,39.0,1.585,23.976,15,False,640.0,360.0
gray,msasl,,0,89,90.0,2.968,29.983,53,False,640.0,360.0
100,msasl,,0,77,78.0,2.568,29.981,53,False,640.0,360.0
dessert,msasl,,0,40,41.0,1.335,29.97,44,False,640.0,360.0
29,msasl,,0,41,42.0,1.71,23.976,15,False,640.0,360.0
close,msasl,,0,39,40.0,1.627,23.976,15,False,640.0,360.0
learn,msasl,,0,68,69.0,2.72,25.0,114,False,480.0,360.0
three,msasl,,0,34,35.0,1.418,23.976,15,False,640.0,360.0
29,msasl,,0,81,82.0,3.24,25.0,114,False,480.0,360.0
year,msasl,,0,74,75.0,2.437,30.364,87,False,1280.0,720.0
talk,msasl,,0,49,50.0,1.96,25.0,114,False,480.0,360.0
listen,msasl,,0,33,34.0,1.376,23.976,15,False,640.0,360.0
hurry,msasl,,0,21,22.0,0.876,23.976,7,False,640.0,360.0
last month,msasl,,0,74,75.0,2.96,25.0,114,False,480.0,360.0
rude,msasl,,0,23,24.0,0.959,23.976,7,False,640.0,360.0
fight,msasl,,0,28,29.0,1.168,23.976,7,False,640.0,360.0
before,msasl,,0,25,26.0,1.043,23.976,7,False,640.0,360.0
destroy,msasl,,0,37,38.0,1.543,23.976,15,False,640.0,360.0
go,msasl,,0,27,28.0,0.901,29.97,44,False,640.0,360.0
speech,msasl,,0,61,62.0,2.44,25.0,114,False,480.0,360.0
motivated,msasl,,0,67,68.0,2.68,25.0,114,False,480.0,360.0
refrigerator,msasl,,0,38,39.0,1.268,29.97,44,False,640.0,360.0
internet,msasl,,0,33,34.0,1.376,23.976,15,False,640.0,360.0
frog,msasl,,0,35,36.0,1.168,29.97,44,False,640.0,360.0
wow,msasl,,0,46,47.0,1.535,29.97,15,False,640.0,360.0
shirt,msasl,,0,38,39.0,1.585,23.976,7,False,640.0,360.0
tomato,msasl,,0,23,24.0,0.959,23.976,7,False,640.0,360.0
draw,msasl,,0,70,71.0,2.8,25.0,114,False,480.0,360.0
son,msasl,,0,65,66.0,2.169,29.97,87,False,1280.0,720.0
watch,msasl,,0,39,40.0,1.301,29.97,44,False,640.0,360.0
engineering,msasl,,0,78,79.0,3.12,25.0,114,False,480.0,360.0
pull,msasl,,0,39,40.0,1.627,23.976,7,False,640.0,360.0
screwdriver,msasl,,0,43,44.0,1.793,23.976,15,False,640.0,360.0
bad,msasl,,0,98,99.0,3.27,29.97,53,False,640.0,360.0
one,msasl,,164,211,48.0,1.5679999999999996,29.97,118,False,640.0,360.0
two,msasl,,213,264,52.0,1.701999999999999,29.97,118,False,640.0,360.0
three,msasl,,266,328,63.0,2.0680000000000014,29.97,118,False,640.0,360.0
four,msasl,,330,379,50.0,1.6350000000000016,29.97,118,False,640.0,360.0
five,msasl,,381,431,51.0,1.668000000000001,29.97,118,False,640.0,360.0
six,msasl,,433,477,45.0,1.468,29.97,118,False,640.0,360.0
seven,msasl,,479,520,42.0,1.3679999999999986,29.97,118,False,640.0,360.0
eight,msasl,,522,578,57.0,1.869,29.97,118,False,640.0,360.0
nine,msasl,,580,616,37.0,1.200999999999997,29.97,118,False,640.0,360.0
ten,msasl,,618,666,49.0,1.6010000000000026,29.97,118,False,640.0,360.0
eleven,msasl,,691,750,60.0,1.9689999999999976,29.97,118,False,640.0,360.0
twelve,msasl,,752,799,48.0,1.5680000000000014,29.97,118,False,640.0,360.0
thirteen,msasl,,801,848,48.0,1.5680000000000014,29.97,118,False,640.0,360.0
fourteen,msasl,,850,899,50.0,1.6350000000000016,29.97,118,False,640.0,360.0
fifteen,msasl,,901,955,55.0,1.802,29.97,118,False,640.0,360.0
sixteen,msasl,,957,997,41.0,1.3350000000000044,29.97,118,False,640.0,360.0
seventeen,msasl,,999,1056,58.0,1.902000000000001,29.97,118,False,640.0,360.0
eighteen,msasl,,1058,1112,55.0,1.802,29.97,118,False,640.0,360.0
nineteen,msasl,,1114,1169,56.0,1.8359999999999983,29.97,118,False,640.0,360.0
twenty,msasl,,1196,1248,53.0,1.7350000000000063,29.97,118,False,640.0,360.0
21,msasl,,1250,1305,56.0,1.8359999999999983,29.97,118,False,640.0,360.0
22,msasl,,1307,1358,52.0,1.7019999999999982,29.97,118,False,640.0,360.0
23,msasl,,1360,1405,46.0,1.5010000000000048,29.97,118,False,640.0,360.0
24,msasl,,1407,1460,54.0,1.768000000000001,29.97,118,False,640.0,360.0
25,msasl,,1462,1519,58.0,1.902000000000001,29.97,118,False,640.0,360.0
26,msasl,,1521,1575,55.0,1.802,29.97,118,False,640.0,360.0
27,msasl,,1577,1640,64.0,2.1019999999999968,29.97,118,False,640.0,360.0
28,msasl,,1642,1693,52.0,1.7020000000000053,29.97,118,False,640.0,360.0
29,msasl,,1695,1757,63.0,2.0690000000000026,29.97,118,False,640.0,360.0
30,msasl,,1785,1852,68.0,2.236000000000004,29.97,118,False,640.0,360.0
50,msasl,,3075,3148,74.0,2.4350000000000023,29.97,118,False,640.0,360.0
100,msasl,,6108,6155,48.0,1.568000000000012,29.97,118,False,640.0,360.0
fence,msasl,,0,44,45.0,1.835,23.976,7,False,640.0,360.0
break,msasl,,0,81,82.0,3.24,25.0,114,False,480.0,360.0
light,msasl,,0,79,80.0,2.636,29.97,76,False,640.0,360.0
airplane,msasl,,0,87,88.0,3.48,25.0,66,False,640.0,360.0
gallaudet,msasl,,0,39,40.0,1.56,25.0,114,False,480.0,360.0
big,msasl,,0,33,34.0,1.376,23.976,7,False,640.0,360.0
only,msasl,,0,40,41.0,1.6,25.0,114,False,480.0,360.0
hearing,msasl,,0,71,72.0,2.368,29.979,53,False,640.0,360.0
woman,msasl,,0,31,32.0,1.034,29.97,44,False,640.0,360.0
happy,msasl,,1128,1278,151.0,5.005000000000003,29.97,164,False,640.0,360.0
excited,msasl,,1844,2014,171.0,5.672000000000004,29.97,164,False,640.0,360.0
funny,msasl,,2172,2372,201.0,6.674000000000007,29.97,164,False,640.0,360.0
like,msasl,,2611,2791,181.0,6.006,29.97,164,False,640.0,360.0
love,msasl,,3398,3508,111.0,3.6700000000000017,29.97,164,False,640.0,360.0
love,msasl,,3578,3658,81.0,2.669000000000011,29.97,164,False,640.0,360.0
hate,msasl,,3702,3762,61.0,2.002000000000009,29.97,164,False,640.0,360.0
hate,msasl,,3762,3812,51.0,1.668999999999997,29.97,164,False,640.0,360.0
hate,msasl,,3812,3872,61.0,2.001999999999996,29.97,164,False,640.0,360.0
hate,msasl,,3872,3913,42.0,1.367999999999995,29.97,164,False,640.0,360.0
hate,msasl,,3913,3960,48.0,1.568000000000012,29.97,164,False,640.0,360.0
friendly,msasl,,4466,4666,201.0,6.673000000000002,29.97,164,False,640.0,360.0
friendly,msasl,,4666,4815,150.0,4.972000000000008,29.97,164,False,640.0,360.0
mean,msasl,,5514,5634,121.0,4.003999999999991,29.97,164,False,640.0,360.0
mean,msasl,,5974,6114,141.0,4.671999999999997,29.97,164,False,640.0,360.0
motivated,msasl,,6702,6851,150.0,4.972000000000008,29.97,164,False,640.0,360.0
lazy,msasl,,6880,7029,150.0,4.971000000000004,29.97,164,False,640.0,360.0
afraid,msasl,,8694,8799,106.0,3.5030000000000427,29.97,164,False,640.0,360.0
nervous,msasl,,9720,9839,120.0,3.971000000000004,29.97,164,False,640.0,360.0
frustrated,msasl,,10244,10334,91.0,3.002999999999986,29.97,164,False,640.0,360.0
frustrated,msasl,,10334,10444,111.0,3.670000000000016,29.97,164,False,640.0,360.0
free,msasl,,11121,11299,179.0,5.9389999999999645,29.97,164,False,640.0,360.0
proud,msasl,,11606,11706,101.0,3.335999999999956,29.97,164,False,640.0,360.0
proud,msasl,,11736,11933,198.0,6.572999999999979,29.97,164,False,640.0,360.0
shy,msasl,,12368,12478,111.0,3.670000000000016,29.97,164,False,640.0,360.0
shy,msasl,,12508,12598,91.0,3.002999999999986,29.97,164,False,640.0,360.0
embarrassed,msasl,,13178,13288,111.0,3.669999999999959,29.97,164,False,640.0,360.0
tired,msasl,,13631,13731,101.0,3.336999999999989,29.97,164,False,640.0,360.0
tired,msasl,,13821,13855,35.0,1.1340000000000146,29.97,164,False,640.0,360.0
surprise,msasl,,14284,14344,61.0,2.002000000000009,29.97,164,False,640.0,360.0
surprise,msasl,,14344,14414,71.0,2.3360000000000127,29.97,164,False,640.0,360.0
bored,msasl,,14621,14718,98.0,3.237000000000023,29.97,164,False,640.0,360.0
bored,msasl,,14738,14838,101.0,3.337000000000046,29.97,164,False,640.0,360.0
confused,msasl,,15464,15614,151.0,5.004999999999996,29.97,164,False,640.0,360.0
angry,msasl,,15894,16004,111.0,3.669999999999959,29.97,164,False,640.0,360.0
angry,msasl,,16004,16134,131.0,4.337999999999965,29.97,164,False,640.0,360.0
mad,msasl,,16307,16387,81.0,2.669999999999959,29.97,164,False,640.0,360.0
mad,msasl,,16387,16457,71.0,2.3350000000000364,29.97,164,False,640.0,360.0
disappointed,msasl,,16911,17051,141.0,4.670999999999935,29.97,164,False,640.0,360.0
disgusted,msasl,,17257,17367,111.0,3.6700000000000728,29.97,164,False,640.0,360.0
disgusted,msasl,,17367,17437,71.0,2.3360000000000127,29.97,164,False,640.0,360.0
hurt,msasl,,18581,18741,161.0,5.339000000000056,29.97,164,False,640.0,360.0
hurt,msasl,,18773,18863,91.0,3.002999999999929,29.97,164,False,640.0,360.0
hurt,msasl,,18942,19132,191.0,6.340000000000032,29.97,164,False,640.0,360.0
depressed,msasl,,19346,19508,163.0,5.405000000000086,29.97,164,False,640.0,360.0
depressed,msasl,,19508,19578,71.0,2.3360000000000127,29.97,164,False,640.0,360.0
depressed,msasl,,19578,19628,51.0,1.6680000000000064,29.97,164,False,640.0,360.0
depressed,msasl,,19648,19728,81.0,2.6700000000000728,29.97,164,False,640.0,360.0
depressed,msasl,,19728,19799,72.0,2.3689999999999145,29.97,164,False,640.0,360.0
sad,msasl,,19959,20119,161.0,5.338999999999942,29.97,164,False,640.0,360.0
cry,msasl,,20183,20303,121.0,4.004000000000019,29.97,164,False,640.0,360.0
cry,msasl,,20303,20443,141.0,4.6720000000000255,29.97,164,False,640.0,360.0
sorry,msasl,,21779,21989,211.0,7.007000000000062,29.97,164,False,640.0,360.0
sorry,msasl,,21989,22111,123.0,4.069999999999936,29.97,164,False,640.0,360.0
guilty,msasl,,22173,22223,51.0,1.667999999999893,29.97,164,False,640.0,360.0
guilty,msasl,,22223,22273,51.0,1.6690000000000964,29.97,164,False,640.0,360.0
guilty,msasl,,22323,22373,51.0,1.667999999999893,29.97,164,False,640.0,360.0
jealous,msasl,,22582,22846,265.0,8.808999999999969,29.97,164,False,640.0,360.0
crazy,msasl,,23057,23147,91.0,3.002999999999929,29.97,164,False,640.0,360.0
crazy,msasl,,23147,23257,111.0,3.671000000000049,29.97,164,False,640.0,360.0
silly,msasl,,23462,23602,141.0,4.670999999999935,29.97,164,False,640.0,360.0
senior,msasl,,0,31,32.0,1.034,29.97,44,False,640.0,360.0
pillow,msasl,,0,43,44.0,1.435,29.97,15,False,640.0,360.0
spider,msasl,,0,105,106.0,4.2,25.0,66,False,640.0,360.0
monkey,msasl,,0,48,49.0,1.92,25.0,66,False,640.0,360.0
name,msasl,,0,42,43.0,1.752,23.976,7,False,640.0,360.0
hid,msasl,,0,46,47.0,1.919,23.976,15,False,640.0,360.0
train,msasl,,0,81,82.0,3.24,25.0,66,False,640.0,360.0
psychologist,msasl,,0,81,82.0,3.24,25.0,114,False,480.0,360.0
run,msasl,,0,38,39.0,1.268,29.97,44,False,640.0,360.0
beer,msasl,,0,31,32.0,1.034,29.97,44,False,640.0,360.0
seventeen,msasl,,0,42,43.0,1.752,23.976,15,False,640.0,360.0
big,msasl,,0,37,38.0,1.543,23.976,7,False,640.0,360.0
drive,msasl,,0,40,41.0,1.335,29.97,44,False,640.0,360.0
area,msasl,,0,67,68.0,2.68,25.0,114,False,480.0,360.0
engaged,msasl,,0,68,69.0,2.269,29.97,87,False,1280.0,720.0
father,msasl,,0,53,54.0,1.768,29.97,87,False,1280.0,720.0
21,msasl,,0,48,49.0,2.002,23.976,15,False,640.0,360.0
motorcycle,msasl,,0,38,39.0,1.268,29.97,15,False,640.0,360.0
red,msasl,,0,68,69.0,2.72,25.0,228,False,640.0,360.0
underwear,msasl,,0,38,39.0,1.585,23.976,7,False,640.0,360.0
light,msasl,,0,30,31.0,1.251,23.976,7,False,640.0,360.0
tree,msasl,,0,67,68.0,2.236,29.97,76,False,640.0,360.0
sleep,msasl,,0,32,33.0,1.335,23.976,15,False,640.0,360.0
plate,msasl,,0,86,87.0,2.87,29.97,76,False,640.0,360.0
hamburger,msasl,,0,59,60.0,2.36,25.0,66,False,640.0,360.0
pants,msasl,,0,38,39.0,1.585,23.976,7,False,640.0,360.0
tree,msasl,,0,96,97.0,3.84,25.0,66,False,640.0,360.0
i love you,msasl,,0,75,76.0,3.0,25.0,66,False,640.0,360.0
eighteen,msasl,,0,45,46.0,1.877,23.976,15,False,640.0,360.0
backpack,msasl,,0,28,29.0,1.168,23.976,7,False,640.0,360.0
golf,msasl,,0,67,68.0,2.68,25.0,114,False,480.0,360.0
26,msasl,,0,102,103.0,3.403,29.971,53,False,640.0,360.0
paper,msasl,,0,103,104.0,4.12,25.0,66,False,640.0,360.0
focus,msasl,,0,42,43.0,1.401,29.97,44,False,640.0,360.0
sophomore,msasl,,0,39,40.0,1.301,29.97,44,False,640.0,360.0
car,msasl,,0,39,40.0,1.627,23.976,7,False,640.0,360.0
shop,msasl,,381,476,96.0,3.17,29.97,142,False,640.0,360.0
money,msasl,,688,782,95.0,3.1370000000000005,29.97,142,False,640.0,360.0
dollar,msasl,,809,902,94.0,3.103000000000001,29.97,142,False,640.0,360.0
cent,msasl,,929,1023,95.0,3.1359999999999992,29.97,142,False,640.0,360.0
example,msasl,,1049,1141,93.0,3.0689999999999955,29.97,142,False,640.0,360.0
example,msasl,,3309,3401,93.0,3.0700000000000074,29.97,142,False,640.0,360.0
buy,msasl,,4161,4254,94.0,3.1030000000000086,29.97,142,False,640.0,360.0
pay,msasl,,4310,4403,94.0,3.1030000000000086,29.97,142,False,640.0,360.0
credit card,msasl,,4680,4715,36.0,1.1680000000000064,29.97,142,False,640.0,360.0
check,msasl,,4742,4775,34.0,1.100999999999999,29.97,142,False,640.0,360.0
cookie,msasl,,0,34,35.0,1.418,23.976,7,False,640.0,360.0
seventeen,msasl,,0,76,77.0,3.04,25.0,114,False,480.0,360.0
hard of hearing,msasl,,0,64,65.0,2.135,29.977,53,False,640.0,360.0
bear,msasl,,0,94,95.0,3.76,25.0,66,False,640.0,360.0
adult,msasl,,0,82,83.0,3.28,25.0,114,False,480.0,360.0
football,msasl,,0,43,44.0,1.793,23.976,7,False,640.0,360.0
disgusted,msasl,,0,57,58.0,1.902,29.97,15,False,640.0,360.0
deer,msasl,,0,111,112.0,4.44,25.0,66,False,640.0,360.0
butter,msasl,,0,106,107.0,3.537,29.972,53,False,640.0,360.0
apple,msasl,,0,71,72.0,2.368,29.979,53,False,640.0,360.0
people,msasl,,347,408,62.0,2.0360000000000014,29.97,142,False,640.0,360.0
boy,msasl,,435,473,39.0,1.268000000000001,29.97,142,False,640.0,360.0
girl,msasl,,499,539,41.0,1.3350000000000009,29.97,142,False,640.0,360.0
man,msasl,,567,613,47.0,1.535,29.97,142,False,640.0,360.0
woman,msasl,,638,678,41.0,1.3350000000000009,29.97,142,False,640.0,360.0
friend,msasl,,843,889,47.0,1.535,29.97,142,False,640.0,360.0
teacher,msasl,,990,1044,55.0,1.802,29.97,142,False,640.0,360.0
student,msasl,,1224,1295,72.0,2.369,29.97,142,False,640.0,360.0
study,msasl,,1497,1558,62.0,2.0349999999999966,29.97,142,False,640.0,360.0
principal,msasl,,1676,1738,63.0,2.067999999999998,29.97,142,False,640.0,360.0
laugh,msasl,,0,34,35.0,1.134,29.97,44,False,640.0,360.0
money,msasl,,90,149,60.0,1.967,30.0,346,False,640.0,360.0
meet,msasl,,206,253,48.0,1.5659999999999998,30.0,346,False,640.0,360.0
friend,msasl,,269,320,52.0,1.6999999999999993,30.0,346,False,640.0,360.0
buy,msasl,,341,432,92.0,3.0329999999999995,30.0,346,False,640.0,360.0
school,msasl,,448,484,37.0,1.1999999999999993,30.0,346,False,640.0,360.0
library,msasl,,497,544,48.0,1.565999999999999,30.0,346,False,640.0,360.0
gym,msasl,,565,656,92.0,3.0340000000000025,30.0,346,False,640.0,360.0
hospital,msasl,,1171,1226,56.0,1.833999999999996,30.0,346,False,640.0,360.0
earn,msasl,,1454,1477,24.0,0.7659999999999982,30.0,346,False,640.0,360.0
earn,msasl,,1486,1496,11.0,0.3339999999999961,30.0,346,False,640.0,360.0
weekend,msasl,,1513,1584,72.0,2.3669999999999973,30.0,346,False,640.0,360.0
past,msasl,,1601,1647,47.0,1.5330000000000013,30.0,346,False,640.0,360.0
next,msasl,,1800,1910,111.0,3.6670000000000016,30.0,346,False,640.0,360.0
happen,msasl,,1928,1973,46.0,1.5,30.0,346,False,640.0,360.0
newspaper,msasl,,2057,2123,67.0,2.200000000000003,30.0,346,False,640.0,360.0
spring,msasl,,2270,2313,44.0,1.4329999999999927,30.0,346,False,640.0,360.0
fix,msasl,,2566,2697,132.0,4.367000000000004,30.0,346,False,640.0,360.0
make,msasl,,2717,2764,48.0,1.5660000000000025,30.0,346,False,640.0,360.0
coffee,msasl,,2780,2842,63.0,2.0660000000000025,30.0,346,False,640.0,360.0
dish,msasl,,2913,3017,105.0,3.4669999999999987,30.0,346,False,640.0,360.0
nice,msasl,,3044,3142,99.0,3.2660000000000053,30.0,346,False,640.0,360.0
laundry,msasl,,3167,3247,81.0,2.666000000000011,30.0,346,False,640.0,360.0
sweep,msasl,,3269,3352,84.0,2.7660000000000053,30.0,346,False,640.0,360.0
janitor,msasl,,3368,3398,31.0,1.0,30.0,346,False,640.0,360.0
take care,msasl,,3866,3932,67.0,2.200000000000017,30.0,346,False,640.0,360.0
how are you,msasl,,0,92,93.0,3.07,29.968,53,False,640.0,360.0
bread,msasl,,0,37,38.0,1.543,23.976,7,False,640.0,360.0
back,msasl,,0,49,50.0,1.96,25.0,114,False,480.0,360.0
television,msasl,,0,97,98.0,3.237,29.97,76,False,640.0,360.0
hashtag,msasl,,0,36,37.0,1.201,29.97,44,False,640.0,360.0
get up,msasl,,0,34,35.0,1.134,29.97,15,False,640.0,360.0
glasses,msasl,,0,44,45.0,1.76,25.0,66,False,640.0,360.0
water,msasl,,0,66,67.0,2.64,25.0,66,False,640.0,360.0
long,msasl,,0,39,40.0,1.301,29.97,44,False,640.0,360.0
government,msasl,,0,62,63.0,2.48,25.0,114,False,480.0,360.0
flower,msasl,,0,117,118.0,4.68,25.0,66,False,640.0,360.0
candy,msasl,,0,76,77.0,3.04,25.0,66,False,640.0,360.0
sink,msasl,,0,106,107.0,3.537,29.97,76,False,640.0,360.0
street,msasl,,0,31,32.0,1.293,23.976,7,False,640.0,360.0
table,msasl,,0,59,60.0,2.36,25.0,66,False,640.0,360.0
26,msasl,,0,42,43.0,1.752,23.976,15,False,640.0,360.0
horse,msasl,,0,75,76.0,3.0,25.0,228,False,640.0,360.0
car,msasl,,0,90,91.0,3.6,25.0,228,False,640.0,360.0
traffic,msasl,,0,38,39.0,1.585,23.976,7,False,640.0,360.0
cough,msasl,,0,30,31.0,1.251,23.976,15,False,640.0,360.0
shock,msasl,,0,48,49.0,1.602,29.97,15,False,640.0,360.0
hill,msasl,,0,120,121.0,4.004,29.97,76,False,640.0,360.0
eighteen,msasl,,0,85,86.0,2.837,29.965,53,False,640.0,360.0
watch,msasl,,0,34,35.0,1.418,23.976,15,False,640.0,360.0
eighteen,msasl,,0,77,78.0,3.08,25.0,114,False,480.0,360.0
dance,msasl,,0,65,66.0,2.6,25.0,114,False,480.0,360.0
drop,msasl,,0,33,34.0,1.376,23.976,15,False,640.0,360.0
france fries,msasl,,0,61,62.0,2.44,25.0,66,False,640.0,360.0
country,msasl,,124,295,172.0,5.706,29.97,265,False,640.0,360.0
america,msasl,,641,694,54.0,1.7679999999999971,29.97,265,False,640.0,360.0
america,msasl,,704,762,59.0,1.9350000000000025,29.97,265,False,640.0,360.0
america,msasl,,772,852,81.0,2.6690000000000005,29.97,265,False,640.0,360.0
canada,msasl,,853,913,61.0,2.001999999999999,29.97,265,False,640.0,360.0
canada,msasl,,913,1062,150.0,4.971000000000004,29.97,265,False,640.0,360.0
gold,msasl,,1321,1371,51.0,1.669000000000004,29.97,265,False,640.0,360.0
city,msasl,,3659,3739,81.0,2.668999999999997,29.97,265,False,640.0,360.0
city,msasl,,3739,3859,121.0,4.004000000000005,29.97,265,False,640.0,360.0
copy,msasl,,7163,7233,71.0,2.3360000000000127,29.97,265,False,640.0,360.0
copy,msasl,,7273,7323,51.0,1.6680000000000064,29.97,265,False,640.0,360.0
show,msasl,,7386,7476,91.0,3.0030000000000143,29.97,265,False,640.0,360.0
show,msasl,,7476,7576,101.0,3.336999999999989,29.97,265,False,640.0,360.0
meet,msasl,,7608,7778,171.0,5.671999999999997,29.97,265,False,640.0,360.0
give,msasl,,7780,7979,200.0,6.639999999999986,29.97,265,False,640.0,360.0
loan,msasl,,7961,8061,101.0,3.336999999999989,29.97,265,False,640.0,360.0
tell,msasl,,8224,8387,164.0,5.439000000000021,29.97,265,False,640.0,360.0
send,msasl,,8389,8558,170.0,5.63900000000001,29.97,265,False,640.0,360.0
email,msasl,,8553,8633,81.0,2.6689999999999827,29.97,265,False,640.0,360.0
email,msasl,,8633,8703,71.0,2.3360000000000127,29.97,265,False,640.0,360.0
email,msasl,,8713,8773,61.0,2.002000000000009,29.97,265,False,640.0,360.0
come,msasl,,8864,9040,177.0,5.872999999999991,29.97,265,False,640.0,360.0
go,msasl,,9042,9201,160.0,5.305999999999983,29.97,265,False,640.0,360.0
back,msasl,,9193,9253,61.0,2.002000000000009,29.97,265,False,640.0,360.0
leave,msasl,,9527,9597,71.0,2.3360000000000127,29.97,265,False,640.0,360.0
inform,msasl,,10129,10209,81.0,2.6689999999999827,29.97,265,False,640.0,360.0
inform,msasl,,10209,10309,101.0,3.336999999999989,29.97,265,False,640.0,360.0
airplane,msasl,,10346,10536,191.0,6.338999999999999,29.97,265,False,640.0,360.0
fly,msasl,,10546,10656,111.0,3.670000000000016,29.97,265,False,640.0,360.0
car,msasl,,10709,10820,112.0,3.702999999999975,29.97,265,False,640.0,360.0
drive,msasl,,10822,10920,99.0,3.269999999999982,29.97,265,False,640.0,360.0
boat,msasl,,10922,11012,91.0,3.0030000000000427,29.97,265,False,640.0,360.0
sit,msasl,,11126,11226,101.0,3.3360000000000127,29.97,265,False,640.0,360.0
sit,msasl,,11230,11326,97.0,3.2029999999999745,29.97,265,False,640.0,360.0
phone,msasl,,11328,11408,81.0,2.6689999999999827,29.97,265,False,640.0,360.0
call,msasl,,11410,11517,108.0,3.569999999999993,29.97,265,False,640.0,360.0
vacation,msasl,,11519,11603,85.0,2.802000000000021,29.97,265,False,640.0,360.0
live,msasl,,11699,11879,181.0,6.005999999999972,29.97,265,False,640.0,360.0
store,msasl,,12178,12258,81.0,2.670000000000016,29.97,265,False,640.0,360.0
sell,msasl,,12260,12368,109.0,3.603999999999985,29.97,265,False,640.0,360.0
bicycle,msasl,,12370,12529,160.0,5.305000000000007,29.97,265,False,640.0,360.0
bus,msasl,,12531,12704,174.0,5.771999999999991,29.97,265,False,640.0,360.0
motorcycle,msasl,,12848,12873,26.0,0.8340000000000032,29.97,265,False,640.0,360.0
train,msasl,,12865,12955,91.0,3.002999999999986,29.97,265,False,640.0,360.0
walk,msasl,,13098,13231,134.0,4.437000000000012,29.97,265,False,640.0,360.0
run,msasl,,13223,13413,191.0,6.340000000000032,29.97,265,False,640.0,360.0
everyday,msasl,,14168,14228,61.0,2.002000000000009,29.97,265,False,640.0,360.0
last week,msasl,,14412,14459,48.0,1.5690000000000168,29.97,265,False,640.0,360.0
last week,msasl,,14421,14491,71.0,2.3350000000000364,29.97,265,False,640.0,360.0
next week,msasl,,14611,14653,43.0,1.4020000000000437,29.97,265,False,640.0,360.0
last month,msasl,,14803,14923,121.0,4.003999999999962,29.97,265,False,640.0,360.0
last year,msasl,,15214,15243,30.0,0.9680000000000176,29.97,265,False,640.0,360.0
last year,msasl,,15262,15312,51.0,1.6680000000000064,29.97,265,False,640.0,360.0
last year,msasl,,15314,15423,110.0,3.637000000000057,29.97,265,False,640.0,360.0
next year,msasl,,15441,15636,196.0,6.505999999999972,29.97,265,False,640.0,360.0
before,msasl,,15839,15909,71.0,2.3350000000000364,29.97,265,False,640.0,360.0
before,msasl,,16038,16108,71.0,2.3350000000000364,29.97,265,False,640.0,360.0
long ago,msasl,,16281,16401,121.0,4.003999999999905,29.97,265,False,640.0,360.0
future,msasl,,16778,16872,95.0,3.1359999999999677,29.97,265,False,640.0,360.0
autumn,msasl,,17029,17089,61.0,2.0019999999999527,29.97,265,False,640.0,360.0
winter,msasl,,17279,17399,121.0,4.004000000000019,29.97,265,False,640.0,360.0
winter,msasl,,17408,17538,131.0,4.337999999999965,29.97,265,False,640.0,360.0
spring,msasl,,17562,17642,81.0,2.669999999999959,29.97,265,False,640.0,360.0
spring,msasl,,17642,17712,71.0,2.3350000000000364,29.97,265,False,640.0,360.0
summer,msasl,,17782,17862,81.0,2.6689999999999827,29.97,265,False,640.0,360.0
sports,msasl,,18016,18087,72.0,2.369000000000028,29.97,265,False,640.0,360.0
bowling,msasl,,18331,18501,171.0,5.673000000000002,29.97,265,False,640.0,360.0
football,msasl,,18503,18683,181.0,6.005999999999972,29.97,265,False,640.0,360.0
basketball,msasl,,18675,18785,111.0,3.669999999999959,29.97,265,False,640.0,360.0
baseball,msasl,,18905,19094,190.0,6.305999999999926,29.97,265,False,640.0,360.0
soccer,msasl,,19076,19246,171.0,5.671999999999912,29.97,265,False,640.0,360.0
tennis,msasl,,19477,19597,121.0,4.003999999999905,29.97,265,False,640.0,360.0
volleyball,msasl,,19697,19777,81.0,2.6700000000000728,29.97,265,False,640.0,360.0
volleyball,msasl,,19777,19887,111.0,3.669999999999959,29.97,265,False,640.0,360.0
swimming,msasl,,19919,19969,51.0,1.6680000000000064,29.97,265,False,640.0,360.0
swimming,msasl,,19969,20049,81.0,2.6689999999999827,29.97,265,False,640.0,360.0
swimming,msasl,,20049,20079,31.0,1.00100000000009,29.97,265,False,640.0,360.0
golf,msasl,,20134,20302,169.0,5.6059999999999945,29.97,265,False,640.0,360.0
game,msasl,,20819,20919,101.0,3.3360000000000127,29.97,265,False,640.0,360.0
hockey,msasl,,21045,21143,99.0,3.269000000000005,29.97,265,False,640.0,360.0
win,msasl,,21606,21793,188.0,6.240000000000009,29.97,265,False,640.0,360.0
lost,msasl,,21785,21865,81.0,2.6689999999999827,29.97,265,False,640.0,360.0
play,msasl,,22003,22170,168.0,5.572000000000003,29.97,265,False,640.0,360.0
church,msasl,,22351,22537,187.0,6.206999999999994,29.97,265,False,640.0,360.0
exercise,msasl,,22678,22778,101.0,3.336999999999989,29.97,265,False,640.0,360.0
movie,msasl,,22977,23147,171.0,5.671999999999912,29.97,265,False,640.0,360.0
party,msasl,,23211,23233,23.0,0.7339999999999236,29.97,265,False,640.0,360.0
party,msasl,,23237,23413,177.0,5.873000000000047,29.97,265,False,640.0,360.0
shop,msasl,,23497,23637,141.0,4.670999999999935,29.97,265,False,640.0,360.0
restaurant,msasl,,24530,24610,81.0,2.669999999999959,29.97,265,False,640.0,360.0
big,msasl,,24979,25136,158.0,5.239000000000033,29.97,265,False,640.0,360.0
big,msasl,,25139,25165,27.0,0.8670000000000755,29.97,265,False,640.0,360.0
far,msasl,,25253,25449,197.0,6.540000000000077,29.97,265,False,640.0,360.0
near,msasl,,25470,25666,197.0,6.539999999999964,29.97,265,False,640.0,360.0
beautiful,msasl,,25765,25817,53.0,1.7350000000000136,29.97,265,False,640.0,360.0
beautiful,msasl,,25823,25848,26.0,0.8350000000000364,29.97,265,False,640.0,360.0
beautiful,msasl,,25881,25961,81.0,2.6689999999999827,29.97,265,False,640.0,360.0
ugly,msasl,,26011,26208,198.0,6.574000000000069,29.97,265,False,640.0,360.0
around,msasl,,26275,26471,197.0,6.540000000000077,29.97,265,False,640.0,360.0
birthday,msasl,,26487,26682,196.0,6.505999999999972,29.97,265,False,640.0,360.0
finish,msasl,,26921,27093,173.0,5.739000000000033,29.97,265,False,640.0,360.0
start,msasl,,27095,27290,196.0,6.505999999999972,29.97,265,False,640.0,360.0
fire,msasl,,0,43,44.0,1.793,23.976,7,False,640.0,360.0
interesting,msasl,,0,59,60.0,1.969,29.97,87,False,1280.0,720.0
trigonometry,msasl,,0,70,71.0,2.8,25.0,114,False,480.0,360.0
dog,msasl,,319,387,69.0,2.267000000000001,30.0,63,False,1280.0,720.0
dog,msasl,,417,497,81.0,2.667,30.0,63,False,1280.0,720.0
cat,msasl,,605,742,138.0,4.565999999999999,30.0,63,False,1280.0,720.0
snake,msasl,,774,951,178.0,5.899999999999999,30.0,63,False,1280.0,720.0
bird,msasl,,1201,1334,134.0,4.4339999999999975,30.0,63,False,1280.0,720.0
turtle,msasl,,1687,1734,48.0,1.5670000000000002,30.0,63,False,1280.0,720.0
turtle,msasl,,1772,1841,70.0,2.299999999999997,30.0,63,False,1280.0,720.0
rabbit,msasl,,2313,2363,51.0,1.6670000000000016,30.0,63,False,1280.0,720.0
fish,msasl,,2500,2621,122.0,4.034000000000006,30.0,63,False,1280.0,720.0
spider,msasl,,2653,2802,150.0,4.966999999999999,30.0,63,False,1280.0,720.0
horse,msasl,,2834,2971,138.0,4.5660000000000025,30.0,63,False,1280.0,720.0
shark,msasl,,3012,3092,81.0,2.6669999999999874,30.0,63,False,1280.0,720.0
shark,msasl,,3282,3342,61.0,2.0,30.0,63,False,1280.0,720.0
lobster,msasl,,3395,3523,129.0,4.266000000000005,30.0,63,False,1280.0,720.0
monkey,msasl,,3720,3815,96.0,3.1670000000000016,30.0,63,False,1280.0,720.0
cow,msasl,,3970,4080,111.0,3.6670000000000016,30.0,63,False,1280.0,720.0
chicken,msasl,,4111,4302,192.0,6.367000000000019,30.0,63,False,1280.0,720.0
pig,msasl,,4525,4706,182.0,6.033999999999992,30.0,63,False,1280.0,720.0
sheep,msasl,,4741,4871,131.0,4.334000000000003,30.0,63,False,1280.0,720.0
sheep,msasl,,4871,4931,61.0,2.0,30.0,63,False,1280.0,720.0
goat,msasl,,4993,5053,61.0,2.0,30.0,63,False,1280.0,720.0
goat,msasl,,5053,5093,41.0,1.3340000000000032,30.0,63,False,1280.0,720.0
bat,msasl,,5242,5362,121.0,4.0,30.0,63,False,1280.0,720.0
fox,msasl,,5394,5454,61.0,2.0,30.0,63,False,1280.0,720.0
fox,msasl,,5457,5527,71.0,2.3329999999999984,30.0,63,False,1280.0,720.0
tiger,msasl,,5555,5639,85.0,2.800000000000012,30.0,63,False,1280.0,720.0
lion,msasl,,5669,5813,145.0,4.799999999999983,30.0,63,False,1280.0,720.0
mouse,msasl,,5845,5974,130.0,4.300000000000011,30.0,63,False,1280.0,720.0
bear,msasl,,6168,6323,156.0,5.167000000000002,30.0,63,False,1280.0,720.0
squirrel,msasl,,6664,6833,170.0,5.633999999999986,30.0,63,False,1280.0,720.0
butterfly,msasl,,7438,7565,128.0,4.234000000000009,30.0,63,False,1280.0,720.0
moon,msasl,,0,31,32.0,1.24,25.0,66,False,640.0,360.0
fifteen,msasl,,0,38,39.0,1.585,23.976,15,False,640.0,360.0
25,msasl,,0,66,67.0,2.64,25.0,114,False,480.0,360.0
bathroom,msasl,,0,77,78.0,2.569,29.97,76,False,640.0,360.0
color,msasl,,170,220,51.0,1.6690000000000005,29.97,265,False,640.0,360.0
black,msasl,,444,504,61.0,2.0020000000000007,29.97,265,False,640.0,360.0
brown,msasl,,702,802,101.0,3.3370000000000037,29.97,265,False,640.0,360.0
gray,msasl,,1098,1148,51.0,1.6679999999999993,29.97,265,False,640.0,360.0
green,msasl,,1313,1463,151.0,5.004999999999996,29.97,265,False,640.0,360.0
orange,msasl,,1465,1605,141.0,4.670999999999999,29.97,265,False,640.0,360.0
pink,msasl,,1691,1811,121.0,4.003999999999998,29.97,265,False,640.0,360.0
purple,msasl,,1940,2091,152.0,5.0390000000000015,29.97,265,False,640.0,360.0
red,msasl,,2083,2163,81.0,2.668999999999997,29.97,265,False,640.0,360.0
white,msasl,,2442,2512,71.0,2.3359999999999985,29.97,265,False,640.0,360.0
yellow,msasl,,2801,2984,184.0,6.106000000000009,29.97,265,False,640.0,360.0
dark,msasl,,2956,3036,81.0,2.668999999999997,29.97,265,False,640.0,360.0
dark,msasl,,3036,3136,101.0,3.3370000000000037,29.97,265,False,640.0,360.0
dark,msasl,,3136,3186,51.0,1.6679999999999922,29.97,265,False,640.0,360.0
light,msasl,,3214,3374,161.0,5.338999999999999,29.97,265,False,640.0,360.0
shirt,msasl,,3461,3541,81.0,2.668999999999997,29.97,265,False,640.0,360.0
pants,msasl,,4169,4259,91.0,3.0030000000000143,29.97,265,False,640.0,360.0
shoes,msasl,,4424,4510,87.0,2.8700000000000045,29.97,265,False,640.0,360.0
socks,msasl,,4663,4734,72.0,2.369,29.97,265,False,640.0,360.0
socks,msasl,,4750,4800,51.0,1.6680000000000064,29.97,265,False,640.0,360.0
clothes,msasl,,4894,5034,141.0,4.671999999999997,29.97,265,False,640.0,360.0
dress,msasl,,5164,5340,177.0,5.872999999999991,29.97,265,False,640.0,360.0
belt,msasl,,5312,5392,81.0,2.669000000000011,29.97,265,False,640.0,360.0
jacket,msasl,,5708,5897,190.0,6.306000000000012,29.97,265,False,640.0,360.0
skirt,msasl,,5899,5969,71.0,2.3359999999999843,29.97,265,False,640.0,360.0
skirt,msasl,,5999,6059,61.0,2.002000000000009,29.97,265,False,640.0,360.0
skirt,msasl,,6079,6129,51.0,1.667999999999978,29.97,265,False,640.0,360.0
vice president,msasl,,6620,6690,71.0,2.3360000000000127,29.97,265,False,640.0,360.0
vice president,msasl,,6704,6784,81.0,2.669000000000011,29.97,265,False,640.0,360.0
hearing help,msasl,,6804,6874,71.0,2.335000000000008,29.97,265,False,640.0,360.0
hearing help,msasl,,6884,6935,52.0,1.7019999999999982,29.97,265,False,640.0,360.0
cochlear implant,msasl,,7057,7167,111.0,3.670000000000016,29.97,265,False,640.0,360.0
cochlear implant,msasl,,7167,7257,91.0,3.002999999999986,29.97,265,False,640.0,360.0
gallaudet,msasl,,8986,9086,101.0,3.336999999999989,29.97,265,False,640.0,360.0
internet,msasl,,9753,9833,81.0,2.6689999999999827,29.97,265,False,640.0,360.0
internet,msasl,,9863,9953,91.0,3.002999999999986,29.97,265,False,640.0,360.0
internet,msasl,,9963,10028,66.0,2.1689999999999827,29.97,265,False,640.0,360.0
paper,msasl,,10961,11041,81.0,2.6689999999999827,29.97,265,False,640.0,360.0
tape,msasl,,11731,11881,151.0,5.004999999999996,29.97,265,False,640.0,360.0
bored,msasl,,12231,12311,81.0,2.6689999999999827,29.97,265,False,640.0,360.0
disgusted,msasl,,12860,12900,41.0,1.3349999999999795,29.97,265,False,640.0,360.0
disgusted,msasl,,12900,13030,131.0,4.337999999999965,29.97,265,False,640.0,360.0
disgusted,msasl,,13050,13133,84.0,2.769000000000005,29.97,265,False,640.0,360.0
hate,msasl,,13173,13357,185.0,6.139999999999986,29.97,265,False,640.0,360.0
love it,msasl,,13359,13519,161.0,5.338999999999999,29.97,265,False,640.0,360.0
nervous,msasl,,13521,13624,104.0,3.435999999999978,29.97,265,False,640.0,360.0
sick,msasl,,13941,14011,71.0,2.3349999999999795,29.97,265,False,640.0,360.0
sick,msasl,,14031,14101,71.0,2.3349999999999795,29.97,265,False,640.0,360.0
mad,msasl,,14219,14279,61.0,2.002000000000009,29.97,265,False,640.0,360.0
family,msasl,,14408,14498,91.0,3.002999999999986,29.97,265,False,640.0,360.0
mother,msasl,,14641,14771,131.0,4.337999999999965,29.97,265,False,640.0,360.0
father,msasl,,14875,15053,179.0,5.9389999999999645,29.97,265,False,640.0,360.0
son,msasl,,15035,15115,81.0,2.6689999999999827,29.97,265,False,640.0,360.0
son,msasl,,15346,15476,131.0,4.338000000000079,29.97,265,False,640.0,360.0
daughter,msasl,,15637,15727,91.0,3.0030000000000427,29.97,265,False,640.0,360.0
grandfather,msasl,,16062,16168,107.0,3.5370000000000346,29.97,265,False,640.0,360.0
aunt,msasl,,16498,16638,141.0,4.6720000000000255,29.97,265,False,640.0,360.0
uncle,msasl,,16773,16856,84.0,2.769999999999982,29.97,265,False,640.0,360.0
niece,msasl,,16996,17169,174.0,5.771999999999935,29.97,265,False,640.0,360.0
nephew,msasl,,17171,17338,168.0,5.572000000000003,29.97,265,False,640.0,360.0
cousin,msasl,,17320,17460,141.0,4.671000000000049,29.97,265,False,640.0,360.0
brother,msasl,,17639,17725,87.0,2.869000000000028,29.97,265,False,640.0,360.0
brother,msasl,,17735,17835,101.0,3.336999999999989,29.97,265,False,640.0,360.0
sister,msasl,,18908,18978,71.0,2.335999999999899,29.97,265,False,640.0,360.0
sister,msasl,,18978,19038,61.0,2.0020000000000664,29.97,265,False,640.0,360.0
half,msasl,,19343,19453,111.0,3.671000000000049,29.97,265,False,640.0,360.0
step,msasl,,19559,19598,40.0,1.3009999999999309,29.97,265,False,640.0,360.0
husband,msasl,,19775,19855,81.0,2.6689999999999827,29.97,265,False,640.0,360.0
wife,msasl,,20006,20203,198.0,6.572999999999979,29.97,265,False,640.0,360.0
parents,msasl,,20175,20275,101.0,3.3360000000000127,29.97,265,False,640.0,360.0
baby,msasl,,20421,20597,177.0,5.872000000000071,29.97,265,False,640.0,360.0
twins,msasl,,20579,20679,101.0,3.3360000000000127,29.97,265,False,640.0,360.0
friend,msasl,,21429,21499,71.0,2.3360000000000127,29.97,265,False,640.0,360.0
best friend,msasl,,21837,22001,165.0,5.47199999999998,29.97,265,False,640.0,360.0
roommate,msasl,,21983,22063,81.0,2.669999999999959,29.97,265,False,640.0,360.0
born,msasl,,22189,22259,71.0,2.335999999999899,29.97,265,False,640.0,360.0
adopt,msasl,,22523,22593,71.0,2.335999999999899,29.97,265,False,640.0,360.0
divorce,msasl,,22740,22830,91.0,3.002999999999929,29.97,265,False,640.0,360.0
engaged,msasl,,23143,23224,82.0,2.701999999999998,29.97,265,False,640.0,360.0
date,msasl,,23398,23586,189.0,6.273000000000025,29.97,265,False,640.0,360.0
marry,msasl,,23570,23672,103.0,3.4039999999999964,29.97,265,False,640.0,360.0
pregnant,msasl,,23822,23912,91.0,3.0030000000000427,29.97,265,False,640.0,360.0
pregnant,msasl,,23922,24002,81.0,2.669999999999959,29.97,265,False,640.0,360.0
separate,msasl,,24239,24429,191.0,6.339000000000056,29.97,265,False,640.0,360.0
single,msasl,,24421,24475,55.0,1.802000000000021,29.97,265,False,640.0,360.0
single,msasl,,24505,24585,81.0,2.6700000000000728,29.97,265,False,640.0,360.0
spring up,msasl,,24630,24709,80.0,2.6359999999999677,29.97,265,False,640.0,360.0
die,msasl,,24891,25007,117.0,3.870000000000005,29.97,265,False,640.0,360.0
change,msasl,,25237,25332,96.0,3.1689999999999827,29.97,265,False,640.0,360.0
answer,msasl,,25497,25687,191.0,6.340000000000032,29.97,265,False,640.0,360.0
nice,msasl,,25679,25779,101.0,3.3360000000000127,29.97,265,False,640.0,360.0
copy,msasl,,25947,26065,119.0,3.937000000000012,29.97,265,False,640.0,360.0
make,msasl,,26355,26442,88.0,2.90199999999993,29.97,265,False,640.0,360.0
read,msasl,,26586,26646,61.0,2.0019999999999527,29.97,265,False,640.0,360.0
favorite,msasl,,27037,27234,198.0,6.572999999999979,29.97,265,False,640.0,360.0
do,msasl,,27855,28025,171.0,5.673000000000002,29.97,265,False,640.0,360.0
old,msasl,,28123,28183,61.0,2.0020000000000664,29.97,265,False,640.0,360.0
same,msasl,,28340,28440,101.0,3.336999999999989,29.97,265,False,640.0,360.0
baby,msasl,,0,83,84.0,3.32,25.0,66,False,640.0,360.0
snow,msasl,,0,97,98.0,3.237,29.97,76,False,640.0,360.0
brother,msasl,,0,60,61.0,2.002,29.97,44,False,640.0,360.0
50,msasl,,0,37,38.0,1.543,23.976,15,False,640.0,360.0
play,msasl,,0,33,34.0,1.101,29.97,44,False,640.0,360.0
early,msasl,,0,32,33.0,1.335,23.976,7,False,640.0,360.0
delicious,msasl,,0,37,38.0,1.235,29.97,44,False,640.0,360.0
swimming,msasl,,0,86,87.0,3.44,25.0,66,False,640.0,360.0
mirror,msasl,,0,31,32.0,1.293,23.976,7,False,640.0,360.0
can,msasl,,0,83,84.0,2.769,29.97,76,False,640.0,360.0
early,msasl,,0,27,28.0,1.126,23.976,7,False,640.0,360.0
sun,msasl,,0,64,65.0,2.56,25.0,66,False,640.0,360.0
look like,msasl,,0,44,45.0,1.468,29.97,44,False,640.0,360.0
world,msasl,,0,35,36.0,1.46,23.976,7,False,640.0,360.0
shoes,msasl,,0,81,82.0,2.703,29.97,76,False,640.0,360.0
stop,msasl,,0,63,64.0,2.52,25.0,66,False,640.0,360.0
go,msasl,,0,74,75.0,2.469,29.97,76,False,640.0,360.0
your,msasl,,0,50,51.0,2.0,25.0,114,False,480.0,360.0
hat,msasl,,0,77,78.0,2.569,29.97,76,False,640.0,360.0
24,msasl,,0,85,86.0,2.837,29.965,53,False,640.0,360.0
six,msasl,,0,61,62.0,2.44,25.0,114,False,480.0,360.0
finish,msasl,,0,25,26.0,1.043,23.976,7,False,640.0,360.0
culture,msasl,,0,34,35.0,1.134,29.97,44,False,640.0,360.0
hot,msasl,,0,34,35.0,1.134,29.97,44,False,640.0,360.0
sister,msasl,,0,47,48.0,1.88,25.0,114,False,480.0,360.0
history,msasl,,0,62,63.0,2.48,25.0,114,False,480.0,360.0
strong,msasl,,0,43,44.0,1.793,23.976,15,False,640.0,360.0
train,msasl,,0,72,73.0,2.88,25.0,114,False,480.0,360.0
nurse,msasl,,0,54,55.0,2.16,25.0,114,False,480.0,360.0
curtains,msasl,,0,41,42.0,1.71,23.976,7,False,640.0,360.0
giraffe,msasl,,0,45,46.0,1.8,25.0,66,False,640.0,360.0
calendar,msasl,,252,296,45.0,1.4690000000000012,29.97,227,False,1280.0,720.0
past,msasl,,336,365,30.0,0.968,29.97,227,False,1280.0,720.0
future,msasl,,392,421,30.0,0.9670000000000004,29.97,227,False,1280.0,720.0
sunday,msasl,,446,505,60.0,1.9680000000000015,29.97,227,False,1280.0,720.0
monday,msasl,,543,587,45.0,1.468,29.97,227,False,1280.0,720.0
tuesday,msasl,,649,678,30.0,0.968,29.97,227,False,1280.0,720.0
wednesday,msasl,,735,764,30.0,0.968,29.97,227,False,1280.0,720.0
thursday,msasl,,815,844,30.0,0.9670000000000024,29.97,227,False,1280.0,720.0
friday,msasl,,921,950,30.0,0.9669999999999987,29.97,227,False,1280.0,720.0
saturday,msasl,,990,1019,30.0,0.9679999999999964,29.97,227,False,1280.0,720.0
yesterday,msasl,,1047,1091,45.0,1.4679999999999964,29.97,227,False,1280.0,720.0
tomorrow,msasl,,1111,1140,30.0,0.9679999999999964,29.97,227,False,1280.0,720.0
today,msasl,,1161,1205,45.0,1.4680000000000035,29.97,227,False,1280.0,720.0
now,msasl,,1226,1255,30.0,0.9669999999999987,29.97,227,False,1280.0,720.0
morning,msasl,,1275,1304,30.0,0.9669999999999987,29.97,227,False,1280.0,720.0
night,msasl,,1427,1437,11.0,0.3340000000000032,29.97,227,False,1280.0,720.0
week,msasl,,1714,1743,30.0,0.9680000000000036,29.97,227,False,1280.0,720.0
month,msasl,,1762,1791,30.0,0.9679999999999964,29.97,227,False,1280.0,720.0
year,msasl,,1811,1855,45.0,1.4680000000000035,29.97,227,False,1280.0,720.0
sometimes,msasl,,1955,1999,45.0,1.4680000000000035,29.97,227,False,1280.0,720.0
never,msasl,,2027,2071,45.0,1.4680000000000035,29.97,227,False,1280.0,720.0
finish,msasl,,2076,2105,30.0,0.9679999999999892,29.97,227,False,1280.0,720.0
not yet,msasl,,2138,2167,30.0,0.9680000000000036,29.97,227,False,1280.0,720.0
early,msasl,,2182,2202,21.0,0.6670000000000016,29.97,227,False,1280.0,720.0
early,msasl,,2206,2218,13.0,0.4000000000000057,29.97,227,False,1280.0,720.0
late,msasl,,2237,2247,11.0,0.333999999999989,29.97,227,False,1280.0,720.0
late,msasl,,2251,2266,16.0,0.5009999999999906,29.97,227,False,1280.0,720.0
later,msasl,,2286,2330,45.0,1.4680000000000035,29.97,227,False,1280.0,720.0
schedule,msasl,,2369,2406,38.0,1.2339999999999949,29.97,227,False,1280.0,720.0
adopt,msasl,,2408,2451,44.0,1.4350000000000025,29.97,227,False,1280.0,720.0
check,msasl,,2469,2498,30.0,0.9679999999999892,29.97,227,False,1280.0,720.0
nice,msasl,,2518,2547,30.0,0.9680000000000036,29.97,227,False,1280.0,720.0
fix,msasl,,2901,2930,30.0,0.9669999999999987,29.97,227,False,1280.0,720.0
join,msasl,,3302,3331,30.0,0.9669999999999987,29.97,227,False,1280.0,720.0
search,msasl,,3345,3389,45.0,1.4680000000000035,29.97,227,False,1280.0,720.0
make,msasl,,3408,3437,30.0,0.9669999999999987,29.97,227,False,1280.0,720.0
must,msasl,,3505,3534,30.0,0.9680000000000036,29.97,227,False,1280.0,720.0
plan,msasl,,3620,3664,45.0,1.467999999999989,29.97,227,False,1280.0,720.0
practice,msasl,,3884,3928,45.0,1.467999999999989,29.97,227,False,1280.0,720.0
gas,msasl,,4029,4058,30.0,0.9679999999999892,29.97,227,False,1280.0,720.0
refuse,msasl,,4083,4112,30.0,0.9680000000000176,29.97,227,False,1280.0,720.0
sweep,msasl,,4256,4315,60.0,1.9680000000000175,29.97,227,False,1280.0,720.0
vacuum,msasl,,4403,4447,45.0,1.468999999999994,29.97,227,False,1280.0,720.0
vacuum,msasl,,4490,4519,30.0,0.9679999999999892,29.97,227,False,1280.0,720.0
visit,msasl,,4558,4602,45.0,1.467999999999989,29.97,227,False,1280.0,720.0
watch,msasl,,4783,4811,29.0,0.9339999999999976,29.97,227,False,1280.0,720.0
help,msasl,,5464,5493,30.0,0.9679999999999892,29.97,227,False,1280.0,720.0
play,msasl,,5638,5667,30.0,0.9679999999999892,29.97,227,False,1280.0,720.0
cooking,msasl,,5890,5919,30.0,0.967000000000013,29.97,227,False,1280.0,720.0
dance,msasl,,5949,5973,25.0,0.8010000000000161,29.97,227,False,1280.0,720.0
shop,msasl,,5992,6036,45.0,1.4680000000000175,29.97,227,False,1280.0,720.0
exercise,msasl,,6155,6184,30.0,0.9669999999999844,29.97,227,False,1280.0,720.0
exercise,msasl,,6202,6231,30.0,0.9679999999999892,29.97,227,False,1280.0,720.0
party,msasl,,6273,6302,30.0,0.9679999999999892,29.97,227,False,1280.0,720.0
play cardss,msasl,,6327,6356,30.0,0.9680000000000176,29.97,227,False,1280.0,720.0
skiing,msasl,,6458,6517,60.0,1.968999999999994,29.97,227,False,1280.0,720.0
swimming,msasl,,6567,6611,45.0,1.467999999999989,29.97,227,False,1280.0,720.0
meeting,msasl,,6855,6884,30.0,0.9679999999999892,29.97,227,False,1280.0,720.0
dentist,msasl,,6911,6940,30.0,0.9679999999999892,29.97,227,False,1280.0,720.0
doctor,msasl,,6986,7015,30.0,0.967000000000013,29.97,227,False,1280.0,720.0
work,msasl,,7116,7145,30.0,0.9679999999999892,29.97,227,False,1280.0,720.0
hospital,msasl,,7166,7195,30.0,0.967000000000013,29.97,227,False,1280.0,720.0
restaurant,msasl,,7250,7279,30.0,0.9680000000000176,29.97,227,False,1280.0,720.0
museum,msasl,,7385,7414,30.0,0.9669999999999844,29.97,227,False,1280.0,720.0
library,msasl,,7446,7475,30.0,0.9679999999999892,29.97,227,False,1280.0,720.0
bored,msasl,,8013,8057,45.0,1.467999999999961,29.97,227,False,1280.0,720.0
enjoy,msasl,,8079,8108,30.0,0.9679999999999608,29.97,227,False,1280.0,720.0
nice,msasl,,8137,8166,30.0,0.9669999999999844,29.97,227,False,1280.0,720.0
appointment,msasl,,8295,8324,30.0,0.9680000000000176,29.97,227,False,1280.0,720.0
dry,msasl,,8406,8435,30.0,0.9679999999999608,29.97,227,False,1280.0,720.0
wet,msasl,,8446,8475,30.0,0.9680000000000176,29.97,227,False,1280.0,720.0
medicine,msasl,,8684,8711,28.0,0.9010000000000103,29.97,227,False,1280.0,720.0
newspaper,msasl,,8730,8741,12.0,0.3670000000000186,29.97,227,False,1280.0,720.0
spring,msasl,,8931,8960,30.0,0.9669999999999844,29.97,227,False,1280.0,720.0
spring,msasl,,8973,9002,30.0,0.9680000000000176,29.97,227,False,1280.0,720.0
pizza,msasl,,0,29,30.0,1.21,23.976,7,False,640.0,360.0
family,msasl,,0,35,36.0,1.46,23.976,15,False,640.0,360.0
seem,msasl,,0,40,41.0,1.335,29.97,15,False,640.0,360.0
elementary school,msasl,,0,73,74.0,2.92,25.0,114,False,480.0,360.0
senior,msasl,,0,49,50.0,1.96,25.0,114,False,480.0,360.0
bus,msasl,,0,78,79.0,3.12,25.0,66,False,640.0,360.0
bath,msasl,,0,77,78.0,3.08,25.0,66,False,640.0,360.0
scissors,msasl,,0,32,33.0,1.335,23.976,7,False,640.0,360.0
bus,msasl,,0,58,59.0,2.32,25.0,114,False,480.0,360.0
class,msasl,,0,68,69.0,2.72,25.0,114,False,480.0,360.0
family,msasl,,0,59,60.0,1.937,30.457,87,False,1280.0,720.0
glasses,msasl,,0,37,38.0,1.543,23.976,7,False,640.0,360.0
awkward,msasl,,0,41,42.0,1.368,29.97,44,False,640.0,360.0
break,msasl,,0,38,39.0,1.585,23.976,7,False,640.0,360.0
photography,msasl,,0,49,50.0,1.96,25.0,114,False,480.0,360.0
light,msasl,,0,85,86.0,2.836,29.97,76,False,640.0,360.0
spain,msasl,,0,34,35.0,1.418,23.976,15,False,640.0,360.0
rock,msasl,,0,33,34.0,1.376,23.976,7,False,640.0,360.0
university,msasl,,0,42,43.0,1.752,23.976,15,False,640.0,360.0
microwave,msasl,,0,32,33.0,1.068,29.97,44,False,640.0,360.0
sixteen,msasl,,0,94,95.0,3.137,29.968,53,False,640.0,360.0
sister,msasl,,0,35,36.0,1.168,29.97,44,False,640.0,360.0
camp,msasl,,0,78,79.0,3.12,25.0,114,False,480.0,360.0
laugh,msasl,,0,30,31.0,1.001,29.97,44,False,640.0,360.0
follow,msasl,,0,43,44.0,1.435,29.97,44,False,640.0,360.0
dollar,msasl,,0,62,63.0,2.48,25.0,66,False,640.0,360.0
enjoy,msasl,,0,42,43.0,1.401,29.97,44,False,640.0,360.0
front,msasl,,0,52,53.0,2.08,25.0,114,False,480.0,360.0
nosy,msasl,,0,38,39.0,1.268,29.97,44,False,640.0,360.0
fight,msasl,,0,40,41.0,1.335,29.97,15,False,640.0,360.0
travel,msasl,,0,42,43.0,1.752,23.976,15,False,640.0,360.0
relationship,msasl,,0,40,41.0,1.668,23.976,7,False,640.0,360.0
acquire,msasl,,0,38,39.0,1.585,23.976,15,False,640.0,360.0
boat,msasl,,0,89,90.0,3.56,25.0,228,False,640.0,360.0
brown,msasl,,0,80,81.0,2.668,29.981,53,False,640.0,360.0
candy,msasl,,0,31,32.0,1.034,29.97,44,False,640.0,360.0
skateboard,msasl,,0,38,39.0,1.268,29.97,44,False,640.0,360.0
many,msasl,,0,61,62.0,2.44,25.0,114,False,480.0,360.0
tall,msasl,,0,45,46.0,1.502,29.97,15,False,640.0,360.0
egg,msasl,,0,73,74.0,2.437,29.96,53,False,640.0,360.0
student center,msasl,,0,96,97.0,3.84,25.0,114,False,480.0,360.0
computer,msasl,,0,89,90.0,2.97,29.97,76,False,640.0,360.0
tell,msasl,,0,37,38.0,1.543,23.976,15,False,640.0,360.0
ask,msasl,,1130,1292,163.0,5.399999999999999,30.0,63,False,1280.0,720.0
beautiful,msasl,,1436,1516,81.0,2.666000000000004,30.0,63,False,1280.0,720.0
beautiful,msasl,,1516,1556,41.0,1.333999999999996,30.0,63,False,1280.0,720.0
beautiful,msasl,,1556,1596,41.0,1.3330000000000055,30.0,63,False,1280.0,720.0
beautiful,msasl,,1596,1646,51.0,1.6669999999999945,30.0,63,False,1280.0,720.0
my,msasl,,1787,1923,137.0,4.532999999999994,30.0,63,False,1280.0,720.0
boyfriend,msasl,,2119,2240,122.0,4.034000000000006,30.0,63,False,1280.0,720.0
card,msasl,,2266,2366,101.0,3.334000000000003,30.0,63,False,1280.0,720.0
candy,msasl,,2393,2476,84.0,2.7660000000000053,30.0,63,False,1280.0,720.0
candle,msasl,,2486,2621,136.0,4.5,30.0,63,False,1280.0,720.0
chocolate,msasl,,2647,2820,174.0,5.766999999999996,30.0,63,False,1280.0,720.0
crazy,msasl,,3107,3262,156.0,5.166000000000011,30.0,63,False,1280.0,720.0
cute,msasl,,3827,3920,94.0,3.1000000000000085,30.0,63,False,1280.0,720.0
date,msasl,,3945,4060,116.0,3.8329999999999984,30.0,63,False,1280.0,720.0
fire,msasl,,5644,5804,161.0,5.334000000000003,30.0,63,False,1280.0,720.0
flirt,msasl,,5849,5969,121.0,4.0,30.0,63,False,1280.0,720.0
girlfriend,msasl,,6910,7044,135.0,4.467000000000013,30.0,63,False,1280.0,720.0
heart,msasl,,7230,7290,61.0,2.0,30.0,63,False,1280.0,720.0
heart,msasl,,7290,7340,51.0,1.6670000000000016,30.0,63,False,1280.0,720.0
vacation,msasl,,7786,7932,147.0,4.866999999999962,30.0,63,False,1280.0,720.0
kiss,msasl,,8151,8267,117.0,3.867000000000018,30.0,63,False,1280.0,720.0
like,msasl,,8292,8419,128.0,4.233000000000004,30.0,63,False,1280.0,720.0
love,msasl,,8439,8592,154.0,5.099999999999966,30.0,63,False,1280.0,720.0
party,msasl,,8873,9060,188.0,6.233000000000004,30.0,63,False,1280.0,720.0
relationship,msasl,,9653,9746,94.0,3.1000000000000227,30.0,63,False,1280.0,720.0
plate,msasl,,0,37,38.0,1.543,23.976,7,False,640.0,360.0
want,msasl,,0,43,44.0,1.793,23.976,15,False,640.0,360.0
niece,msasl,,0,66,67.0,2.64,25.0,114,False,480.0,360.0
half,msasl,,0,33,34.0,1.101,29.97,44,False,640.0,360.0
laugh,msasl,,0,38,39.0,1.268,29.97,44,False,640.0,360.0
nineteen,msasl,,0,52,53.0,2.08,25.0,114,False,480.0,360.0
room,msasl,,0,37,38.0,1.543,23.976,15,False,640.0,360.0
mean,msasl,,0,75,76.0,3.0,25.0,114,False,480.0,360.0
rainbow,msasl,,0,33,34.0,1.376,23.976,7,False,640.0,360.0
wow,msasl,,0,34,35.0,1.134,29.97,44,False,640.0,360.0
bread,msasl,,0,72,73.0,2.88,25.0,66,False,640.0,360.0
arrogant,msasl,,0,35,36.0,1.46,23.976,7,False,640.0,360.0
book,msasl,,0,69,70.0,2.76,25.0,66,False,640.0,360.0
towel,msasl,,0,66,67.0,2.64,25.0,66,False,640.0,360.0
nosy,msasl,,0,32,33.0,1.068,29.97,44,False,640.0,360.0
floor,msasl,,0,32,33.0,1.335,23.976,7,False,640.0,360.0
full,msasl,,0,68,69.0,2.268,29.978,53,False,640.0,360.0
lost,msasl,,0,38,39.0,1.585,23.976,15,False,640.0,360.0
late,msasl,,0,56,57.0,2.24,25.0,114,False,480.0,360.0
junior,msasl,,0,40,41.0,1.335,29.97,44,False,640.0,360.0
law,msasl,,0,34,35.0,1.418,23.976,7,False,640.0,360.0
next week,msasl,,0,66,67.0,2.64,25.0,114,False,480.0,360.0
lost,msasl,,1080,1094,15.0,0.4669999999999987,29.97,227,False,640.0,360.0
lost,msasl,,1098,1109,12.0,0.3669999999999973,29.97,227,False,640.0,360.0
hurry,msasl,,1865,1876,12.0,0.3669999999999973,29.97,227,False,640.0,360.0
loan,msasl,,2618,2636,19.0,0.6009999999999991,29.97,227,False,640.0,360.0
break,msasl,,2753,2763,11.0,0.333999999999989,29.97,227,False,640.0,360.0
march,msasl,,3229,3279,51.0,1.6680000000000064,29.97,227,False,640.0,360.0
march,msasl,,3287,3307,21.0,0.6679999999999922,29.97,227,False,640.0,360.0
autumn,msasl,,3967,3996,30.0,0.9669999999999844,29.97,227,False,640.0,360.0
spring,msasl,,4048,4058,11.0,0.3339999999999747,29.97,227,False,640.0,360.0
spring,msasl,,4069,4092,24.0,0.7669999999999959,29.97,227,False,640.0,360.0
winter,msasl,,4128,4145,18.0,0.5670000000000073,29.97,227,False,640.0,360.0
internet,msasl,,4522,4541,20.0,0.6340000000000146,29.97,227,False,640.0,360.0
hamburger,msasl,,5123,5137,15.0,0.4679999999999893,29.97,227,False,640.0,360.0
knife,msasl,,5276,5305,30.0,0.9669999999999844,29.97,227,False,640.0,360.0
spoon,msasl,,5384,5398,15.0,0.4670000000000129,29.97,227,False,640.0,360.0
boss,msasl,,5951,5967,17.0,0.5339999999999918,29.97,227,False,640.0,360.0
boss,msasl,,5984,6010,27.0,0.867999999999995,29.97,227,False,640.0,360.0
should,msasl,,6643,6660,18.0,0.5670000000000073,29.97,227,False,640.0,360.0
smart,msasl,,7152,7178,27.0,0.867999999999995,29.97,227,False,640.0,360.0
and,msasl,,7784,7795,12.0,0.3670000000000186,29.97,227,False,640.0,360.0
deaf,msasl,,0,71,72.0,2.84,25.0,66,False,640.0,360.0
math,msasl,,387,485,99.0,3.27,29.97,142,False,640.0,360.0
science,msasl,,608,683,76.0,2.5020000000000024,29.97,142,False,640.0,360.0
history,msasl,,699,755,57.0,1.869,29.97,142,False,640.0,360.0
music,msasl,,904,967,64.0,2.102999999999998,29.97,142,False,640.0,360.0
draw,msasl,,994,1035,42.0,1.3689999999999998,29.97,142,False,640.0,360.0
gym,msasl,,1139,1196,58.0,1.901999999999994,29.97,142,False,640.0,360.0
english,msasl,,1213,1258,46.0,1.5010000000000048,29.97,142,False,640.0,360.0
spanish,msasl,,1419,1475,57.0,1.869,29.97,142,False,640.0,360.0
france,msasl,,1502,1535,34.0,1.1010000000000062,29.97,142,False,640.0,360.0
language,msasl,,1744,1837,94.0,3.103999999999999,29.97,142,False,640.0,360.0
line up,msasl,,0,57,58.0,2.28,25.0,114,False,480.0,360.0
pancake,msasl,,0,63,64.0,2.52,25.0,66,False,640.0,360.0
excited,msasl,,0,32,33.0,1.068,29.97,15,False,640.0,360.0
pig,msasl,,0,32,33.0,1.335,23.976,15,False,640.0,360.0
thanksgiving,msasl,,0,56,57.0,1.837,30.481,87,False,1280.0,720.0
horse,msasl,,0,94,95.0,3.137,29.968,53,False,640.0,360.0
mechanic,msasl,,0,40,41.0,1.668,23.976,7,False,640.0,360.0
break up,msasl,,0,32,33.0,1.335,23.976,7,False,640.0,360.0
elephant,msasl,,0,71,72.0,2.84,25.0,66,False,640.0,360.0
money,msasl,,0,35,36.0,1.46,23.976,7,False,640.0,360.0
judge,msasl,,0,28,29.0,0.934,29.97,44,False,640.0,360.0
hill,msasl,,0,124,125.0,4.137,29.97,76,False,640.0,360.0
eleven,msasl,,0,45,46.0,1.877,23.976,15,False,640.0,360.0
elephant,msasl,,0,38,39.0,1.585,23.976,15,False,640.0,360.0
what,msasl,,0,42,43.0,1.752,23.976,7,False,640.0,360.0
thin,msasl,,0,29,30.0,1.21,23.976,7,False,640.0,360.0
good afternoon,msasl,,0,101,102.0,3.37,29.971,53,False,640.0,360.0
their,msasl,,0,71,72.0,2.84,25.0,114,False,480.0,360.0
flag,msasl,,0,30,31.0,1.251,23.976,7,False,640.0,360.0
surf,msasl,,0,59,60.0,2.36,25.0,114,False,480.0,360.0
accept,msasl,,877,1006,130.0,4.303999999999999,29.97,118,False,1280.0,540.0
accept,msasl,,1018,1147,130.0,4.305,29.97,118,False,1280.0,540.0
refuse,msasl,,1211,1232,22.0,0.7010000000000005,29.97,118,False,1280.0,540.0
refuse,msasl,,1277,1321,45.0,1.4679999999999964,29.97,118,False,1280.0,540.0
refuse,msasl,,1340,1361,22.0,0.7010000000000005,29.97,118,False,1280.0,540.0
refuse,msasl,,1407,1450,44.0,1.4349999999999952,29.97,118,False,1280.0,540.0
lazy,msasl,,1846,1982,137.0,4.537999999999997,29.97,118,False,1280.0,540.0
lazy,msasl,,1999,2135,137.0,4.537999999999997,29.97,118,False,1280.0,540.0
adult,msasl,,2859,2968,110.0,3.637000000000001,29.97,118,False,1280.0,540.0
adult,msasl,,2982,3091,110.0,3.637000000000001,29.97,118,False,1280.0,540.0
child,msasl,,3156,3266,111.0,3.670999999999992,29.97,118,False,1280.0,540.0
child,msasl,,3280,3390,111.0,3.6700000000000017,29.97,118,False,1280.0,540.0
afraid,msasl,,3453,3549,97.0,3.203000000000003,29.97,118,False,1280.0,540.0
afraid,msasl,,3561,3657,97.0,3.203000000000003,29.97,118,False,1280.0,540.0
brave,msasl,,3721,3806,86.0,2.8370000000000037,29.97,118,False,1280.0,540.0
brave,msasl,,3810,3832,23.0,0.7340000000000089,29.97,118,False,1280.0,540.0
brave,msasl,,3845,3886,42.0,1.3680000000000234,29.97,118,False,1280.0,540.0
brave,msasl,,3889,3929,41.0,1.335000000000008,29.97,118,False,1280.0,540.0
brave,msasl,,3934,3957,24.0,0.7680000000000007,29.97,118,False,1280.0,540.0
after,msasl,,4018,4116,99.0,3.269999999999982,29.97,118,False,1280.0,540.0
after,msasl,,4128,4226,99.0,3.2700000000000102,29.97,118,False,1280.0,540.0
before,msasl,,4287,4391,105.0,3.469999999999999,29.97,118,False,1280.0,540.0
before,msasl,,4401,4505,105.0,3.469999999999999,29.97,118,False,1280.0,540.0
all,msasl,,4567,4682,116.0,3.8370000000000175,29.97,118,False,1280.0,540.0
all,msasl,,4693,4808,116.0,3.836999999999989,29.97,118,False,1280.0,540.0
nothing,msasl,,4870,4990,121.0,4.003999999999991,29.97,118,False,1280.0,540.0
nothing,msasl,,5001,5121,121.0,4.004000000000019,29.97,118,False,1280.0,540.0
together,msasl,,6725,6853,129.0,4.271000000000015,29.97,118,False,1280.0,540.0
together,msasl,,6864,6992,129.0,4.271000000000015,29.97,118,False,1280.0,540.0
around,msasl,,7054,7173,120.0,3.971000000000004,29.97,118,False,1280.0,540.0
around,msasl,,7184,7303,120.0,3.971000000000004,29.97,118,False,1280.0,540.0
back,msasl,,8277,8383,107.0,3.5370000000000346,29.97,118,False,1280.0,540.0
back,msasl,,8394,8500,107.0,3.5370000000000346,29.97,118,False,1280.0,540.0
front,msasl,,8562,8666,105.0,3.471000000000004,29.97,118,False,1280.0,540.0
front,msasl,,8678,8782,105.0,3.4700000000000277,29.97,118,False,1280.0,540.0
bad,msasl,,8844,8938,95.0,3.1359999999999677,29.97,118,False,1280.0,540.0
bad,msasl,,8950,9044,95.0,3.1359999999999677,29.97,118,False,1280.0,540.0
good,msasl,,9106,9141,36.0,1.1680000000000064,29.97,118,False,1280.0,540.0
good,msasl,,9119,9185,67.0,2.201999999999998,29.97,118,False,1280.0,540.0
good,msasl,,9165,9221,57.0,1.8689999999999716,29.97,118,False,1280.0,540.0
good,msasl,,9233,9268,36.0,1.1680000000000064,29.97,118,False,1280.0,540.0
good,msasl,,9291,9348,58.0,1.9019999999999868,29.97,118,False,1280.0,540.0
ugly,msasl,,10221,10249,29.0,0.934000000000026,29.97,118,False,1280.0,540.0
ugly,msasl,,10229,10321,93.0,3.069000000000017,29.97,118,False,1280.0,540.0
ugly,msasl,,10315,10340,26.0,0.8340000000000032,29.97,118,False,1280.0,540.0
ugly,msasl,,10352,10377,26.0,0.8340000000000032,29.97,118,False,1280.0,540.0
ugly,msasl,,10417,10470,54.0,1.7679999999999725,29.97,118,False,1280.0,540.0
big,msasl,,10541,10588,48.0,1.5679999999999836,29.97,118,False,1280.0,540.0
big,msasl,,10548,10640,93.0,3.069000000000017,29.97,118,False,1280.0,540.0
big,msasl,,10657,10706,50.0,1.634999999999991,29.97,118,False,1280.0,540.0
big,msasl,,10667,10697,31.0,1.0009999999999764,29.97,118,False,1280.0,540.0
big,msasl,,10702,10759,58.0,1.902000000000044,29.97,118,False,1280.0,540.0
small,msasl,,10825,10869,45.0,1.467999999999961,29.97,118,False,1280.0,540.0
small,msasl,,10938,10990,53.0,1.7350000000000136,29.97,118,False,1280.0,540.0
black,msasl,,11093,11191,99.0,3.269999999999982,29.97,118,False,1280.0,540.0
black,msasl,,11202,11300,99.0,3.269999999999982,29.97,118,False,1280.0,540.0
white,msasl,,11372,11439,68.0,2.234999999999957,29.97,118,False,1280.0,540.0
white,msasl,,11368,11455,88.0,2.902999999999963,29.97,118,False,1280.0,540.0
white,msasl,,11483,11550,68.0,2.23599999999999,29.97,118,False,1280.0,540.0
white,msasl,,11476,11576,101.0,3.336999999999989,29.97,118,False,1280.0,540.0
boy,msasl,,11636,11739,104.0,3.435999999999978,29.97,118,False,1280.0,540.0
boy,msasl,,11751,11854,104.0,3.4360000000000355,29.97,118,False,1280.0,540.0
girl,msasl,,11916,11979,64.0,2.1020000000000323,29.97,118,False,1280.0,540.0
girl,msasl,,11985,12020,36.0,1.1680000000000064,29.97,118,False,1280.0,540.0
girl,msasl,,12030,12094,65.0,2.134999999999991,29.97,118,False,1280.0,540.0
girl,msasl,,12099,12134,36.0,1.1680000000000064,29.97,118,False,1280.0,540.0
buy,msasl,,12196,12238,43.0,1.4010000000000105,29.97,118,False,1280.0,540.0
buy,msasl,,12284,12308,25.0,0.8010000000000446,29.97,118,False,1280.0,540.0
buy,msasl,,12319,12360,42.0,1.367999999999995,29.97,118,False,1280.0,540.0
buy,msasl,,12408,12431,24.0,0.7669999999999959,29.97,118,False,1280.0,540.0
sell,msasl,,12493,12614,122.0,4.036999999999978,29.97,118,False,1280.0,540.0
sell,msasl,,12625,12746,122.0,4.037999999999954,29.97,118,False,1280.0,540.0
careful,msasl,,12824,12931,108.0,3.569999999999993,29.97,118,False,1280.0,540.0
careful,msasl,,12957,13065,109.0,3.6030000000000086,29.97,118,False,1280.0,540.0
cheap,msasl,,13429,13469,41.0,1.3349999999999795,29.97,118,False,1280.0,540.0
cheap,msasl,,13505,13539,35.0,1.1339999999999577,29.97,118,False,1280.0,540.0
cheap,msasl,,13550,13590,41.0,1.3349999999999795,29.97,118,False,1280.0,540.0
cheap,msasl,,13628,13660,33.0,1.0679999999999836,29.97,118,False,1280.0,540.0
expensive,msasl,,13722,13844,123.0,4.0709999999999695,29.97,118,False,1280.0,540.0
expensive,msasl,,13855,13977,123.0,4.0709999999999695,29.97,118,False,1280.0,540.0
nice,msasl,,14039,14147,109.0,3.6030000000000086,29.97,118,False,1280.0,540.0
nice,msasl,,14159,14267,109.0,3.602999999999952,29.97,118,False,1280.0,540.0
dirty,msasl,,14329,14433,105.0,3.4700000000000277,29.97,118,False,1280.0,540.0
dirty,msasl,,14446,14550,105.0,3.4700000000000277,29.97,118,False,1280.0,540.0
close,msasl,,14612,14645,34.0,1.100999999999999,29.97,118,False,1280.0,540.0
close,msasl,,14650,14713,64.0,2.1019999999999754,29.97,118,False,1280.0,540.0
close,msasl,,14737,14767,31.0,1.0009999999999764,29.97,118,False,1280.0,540.0
close,msasl,,14773,14836,64.0,2.1020000000000323,29.97,118,False,1280.0,540.0
open,msasl,,14916,14978,63.0,2.069000000000017,29.97,118,False,1280.0,540.0
open,msasl,,14942,15023,82.0,2.701999999999998,29.97,118,False,1280.0,540.0
open,msasl,,15037,15096,60.0,1.967999999999961,29.97,118,False,1280.0,540.0
open,msasl,,15068,15149,82.0,2.7029999999999745,29.97,118,False,1280.0,540.0
cold,msasl,,15226,15308,83.0,2.73599999999999,29.97,118,False,1280.0,540.0
cold,msasl,,15227,15319,93.0,3.069999999999993,29.97,118,False,1280.0,540.0
cold,msasl,,15362,15445,84.0,2.769000000000005,29.97,118,False,1280.0,540.0
cold,msasl,,15363,15462,100.0,3.3029999999999973,29.97,118,False,1280.0,540.0
hot,msasl,,15537,15576,40.0,1.3010000000000446,29.97,118,False,1280.0,540.0
hot,msasl,,15621,15658,38.0,1.2340000000000373,29.97,118,False,1280.0,540.0
hot,msasl,,15666,15705,40.0,1.302000000000021,29.97,118,False,1280.0,540.0
hot,msasl,,15750,15787,38.0,1.2350000000000136,29.97,118,False,1280.0,540.0
match,msasl,,0,27,28.0,1.126,23.976,7,False,640.0,360.0
sorry,msasl,,0,67,68.0,2.68,25.0,66,False,640.0,360.0
rude,msasl,,0,22,23.0,0.734,29.97,44,False,640.0,360.0
accept,msasl,,0,35,36.0,1.168,29.97,15,False,640.0,360.0
freeze cream,msasl,,0,58,59.0,2.32,25.0,66,False,640.0,360.0
school,msasl,,277,311,35.0,1.1340000000000003,29.97,142,False,640.0,360.0
elementary school,msasl,,338,378,41.0,1.334999999999999,29.97,142,False,640.0,360.0
center school,msasl,,405,452,48.0,1.5680000000000014,29.97,142,False,640.0,360.0
high school,msasl,,479,508,30.0,0.9669999999999987,29.97,142,False,640.0,360.0
college,msasl,,535,593,59.0,1.9350000000000025,29.97,142,False,640.0,360.0
university,msasl,,620,652,33.0,1.0679999999999978,29.97,142,False,640.0,360.0
homework,msasl,,883,956,74.0,2.436,29.97,142,False,640.0,360.0
senior,msasl,,1203,1231,29.0,0.9339999999999976,29.97,142,False,640.0,360.0
sophomore,msasl,,1327,1362,36.0,1.1670000000000016,29.97,142,False,640.0,360.0
freshman,msasl,,1370,1405,36.0,1.1679999999999993,29.97,142,False,640.0,360.0
math,msasl,,0,66,67.0,2.64,25.0,114,False,480.0,360.0
blue,msasl,,0,85,86.0,2.837,29.965,53,False,640.0,360.0
store,msasl,,0,38,39.0,1.585,23.976,7,False,640.0,360.0
drink,msasl,,0,42,43.0,1.752,23.976,15,False,640.0,360.0
bored,msasl,,0,70,71.0,2.337,29.958,53,False,640.0,360.0
sheep,msasl,,0,45,46.0,1.877,23.976,15,False,640.0,360.0
shoes,msasl,,0,48,49.0,2.002,23.976,7,False,640.0,360.0
cake,msasl,,0,36,37.0,1.201,29.97,44,False,640.0,360.0
interesting,msasl,,0,33,34.0,1.376,23.976,7,False,640.0,360.0
23,msasl,,0,110,111.0,4.4,25.0,114,False,480.0,360.0
time,msasl,,0,64,65.0,2.56,25.0,66,False,640.0,360.0
stairs,msasl,,0,83,84.0,2.769,29.97,76,False,640.0,360.0
pig,msasl,,0,66,67.0,2.64,25.0,66,False,640.0,360.0
again,msasl,,0,45,46.0,1.8,25.0,114,False,480.0,360.0
beautiful,msasl,,0,25,26.0,0.834,29.97,15,False,640.0,360.0
medicine,msasl,,0,116,117.0,3.871,29.97,76,False,640.0,360.0
hat,msasl,,0,33,34.0,1.376,23.976,7,False,640.0,360.0
jacket,msasl,,0,50,51.0,2.0,25.0,66,False,640.0,360.0
take off,msasl,,0,41,42.0,1.71,23.976,15,False,640.0,360.0
room,msasl,,0,75,76.0,2.502,29.97,76,False,640.0,360.0
take up,msasl,,0,37,38.0,1.543,23.976,15,False,640.0,360.0
nice to meet you,msasl,,0,85,86.0,3.4,25.0,114,False,480.0,360.0
weather,msasl,,0,57,58.0,2.28,25.0,114,False,480.0,360.0
month,msasl,,0,43,44.0,1.435,29.97,87,False,1280.0,720.0
boss,msasl,,470,560,91.0,3.0029999999999983,29.97,265,False,640.0,360.0
boss,msasl,,560,610,51.0,1.6690000000000005,29.97,265,False,640.0,360.0
janitor,msasl,,1000,1090,91.0,3.003,29.97,265,False,640.0,360.0
police,msasl,,1307,1367,61.0,2.0020000000000024,29.97,265,False,640.0,360.0
police,msasl,,1367,1447,81.0,2.6699999999999946,29.97,265,False,640.0,360.0
secretary,msasl,,1497,1597,101.0,3.336999999999996,29.97,265,False,640.0,360.0
secretary,msasl,,1597,1677,81.0,2.669000000000004,29.97,265,False,640.0,360.0
doctor,msasl,,2205,2399,195.0,6.474000000000004,29.97,265,False,640.0,360.0
interpreter,msasl,,2693,2843,151.0,5.00500000000001,29.97,265,False,640.0,360.0
nurse,msasl,,2961,3033,73.0,2.401999999999987,29.97,265,False,640.0,360.0
nurse,msasl,,3037,3170,134.0,4.437000000000012,29.97,265,False,640.0,360.0
waiter,msasl,,3189,3259,71.0,2.3359999999999985,29.97,265,False,640.0,360.0
cashier,msasl,,3452,3542,91.0,3.003,29.97,265,False,640.0,360.0
teacher,msasl,,3740,3820,81.0,2.6700000000000017,29.97,265,False,640.0,360.0
classroom,msasl,,4361,4481,121.0,4.003999999999991,29.97,265,False,640.0,360.0
high school,msasl,,4779,4879,101.0,3.336999999999989,29.97,265,False,640.0,360.0
university,msasl,,5360,5490,131.0,4.337999999999994,29.97,265,False,640.0,360.0
office,msasl,,7270,7344,75.0,2.468999999999994,29.97,265,False,640.0,360.0
english,msasl,,7791,7871,81.0,2.66900000000004,29.97,265,False,640.0,360.0
math,msasl,,8170,8233,64.0,2.1020000000000323,29.97,265,False,640.0,360.0
science,msasl,,8445,8525,81.0,2.670000000000016,29.97,265,False,640.0,360.0
history,msasl,,8790,8870,81.0,2.6689999999999827,29.97,265,False,640.0,360.0
draw,msasl,,9038,9111,74.0,2.4360000000000355,29.97,265,False,640.0,360.0
music,msasl,,9449,9639,191.0,6.338999999999999,29.97,265,False,640.0,360.0
freshman,msasl,,11420,11560,141.0,4.671999999999969,29.97,265,False,640.0,360.0
junior,msasl,,12068,12204,137.0,4.538000000000011,29.97,265,False,640.0,360.0
senior,msasl,,12343,12523,181.0,6.005999999999972,29.97,265,False,640.0,360.0
graduate,msasl,,12613,12693,81.0,2.66900000000004,29.97,265,False,640.0,360.0
graduate,msasl,,12803,12856,54.0,1.7690000000000057,29.97,265,False,640.0,360.0
pass,msasl,,12936,13056,121.0,4.004000000000019,29.97,265,False,640.0,360.0
fail,msasl,,13194,13393,200.0,6.639999999999986,29.97,265,False,640.0,360.0
quarter,msasl,,13573,13642,70.0,2.301999999999964,29.97,265,False,640.0,360.0
quarter,msasl,,13642,13762,121.0,4.004000000000019,29.97,265,False,640.0,360.0
boy,msasl,,14187,14267,81.0,2.6689999999999827,29.97,265,False,640.0,360.0
girl,msasl,,14413,14483,71.0,2.3350000000000364,29.97,265,False,640.0,360.0
man,msasl,,14784,14957,174.0,5.771999999999991,29.97,265,False,640.0,360.0
man,msasl,,14964,14993,30.0,0.9670000000000414,29.97,265,False,640.0,360.0
woman,msasl,,15022,15212,191.0,6.340000000000032,29.97,265,False,640.0,360.0
people,msasl,,15234,15344,111.0,3.670000000000016,29.97,265,False,640.0,360.0
child,msasl,,15787,15867,81.0,2.6689999999999827,29.97,265,False,640.0,360.0
child,msasl,,15884,15964,81.0,2.6689999999999827,29.97,265,False,640.0,360.0
children,msasl,,16009,16069,61.0,2.0019999999999527,29.97,265,False,640.0,360.0
adult,msasl,,16378,16468,91.0,3.002999999999929,29.97,265,False,640.0,360.0
house,msasl,,16687,16767,81.0,2.6689999999999827,29.97,265,False,640.0,360.0
apartment,msasl,,16925,16995,71.0,2.3360000000000127,29.97,265,False,640.0,360.0
basement,msasl,,17148,17238,91.0,3.002999999999929,29.97,265,False,640.0,360.0
bathroom,msasl,,17408,17453,46.0,1.5009999999999764,29.97,265,False,640.0,360.0
bathroom,msasl,,17476,17561,86.0,2.8360000000000127,29.97,265,False,640.0,360.0
bathroom,msasl,,17563,17616,54.0,1.768000000000029,29.97,265,False,640.0,360.0
up,msasl,,17800,17920,121.0,4.004000000000019,29.97,265,False,640.0,360.0
hallway,msasl,,17954,18095,142.0,4.704999999999927,29.97,265,False,640.0,360.0
hallway,msasl,,18099,18163,65.0,2.1359999999999677,29.97,265,False,640.0,360.0
kitchen,msasl,,18513,18595,83.0,2.73599999999999,29.97,265,False,640.0,360.0
room,msasl,,18830,18941,112.0,3.704000000000065,29.97,265,False,640.0,360.0
room,msasl,,18945,19039,95.0,3.1370000000000573,29.97,265,False,640.0,360.0
bedroom,msasl,,19086,19282,197.0,6.539999999999964,29.97,265,False,640.0,360.0
garage,msasl,,19284,19364,81.0,2.6689999999999827,29.97,265,False,640.0,360.0
morning,msasl,,19587,19707,121.0,4.004000000000019,29.97,265,False,640.0,360.0
noon,msasl,,19808,19878,71.0,2.3360000000000127,29.97,265,False,640.0,360.0
afternoon,msasl,,19998,20138,141.0,4.670999999999935,29.97,265,False,640.0,360.0
night,msasl,,20168,20238,71.0,2.3360000000000127,29.97,265,False,640.0,360.0
midnight,msasl,,20405,20495,91.0,3.0030000000000427,29.97,265,False,640.0,360.0
today,msasl,,20695,20765,71.0,2.3360000000000127,29.97,265,False,640.0,360.0
today,msasl,,21033,21153,121.0,4.003999999999905,29.97,265,False,640.0,360.0
today,msasl,,21175,21265,91.0,3.0030000000000427,29.97,265,False,640.0,360.0
tomorrow,msasl,,21333,21383,51.0,1.6680000000000064,29.97,265,False,640.0,360.0
yesterday,msasl,,21584,21737,154.0,5.105000000000018,29.97,265,False,640.0,360.0
time,msasl,,21745,21825,81.0,2.6689999999999827,29.97,265,False,640.0,360.0
minute,msasl,,22104,22164,61.0,2.0019999999999527,29.97,265,False,640.0,360.0
hour,msasl,,22423,22503,81.0,2.6689999999999827,29.97,265,False,640.0,360.0
day,msasl,,22663,22743,81.0,2.6689999999999827,29.97,265,False,640.0,360.0
day,msasl,,22743,22833,91.0,3.0030000000000427,29.97,265,False,640.0,360.0
week,msasl,,22883,22925,43.0,1.4020000000000437,29.97,265,False,640.0,360.0
week,msasl,,22929,22959,31.0,1.00100000000009,29.97,265,False,640.0,360.0
week,msasl,,22966,23091,126.0,4.171000000000049,29.97,265,False,640.0,360.0
month,msasl,,23218,23314,97.0,3.2029999999999745,29.97,265,False,640.0,360.0
year,msasl,,23453,23523,71.0,2.3360000000000127,29.97,265,False,640.0,360.0
can,msasl,,23709,23779,71.0,2.3360000000000127,29.97,265,False,640.0,360.0
can't,msasl,,24046,24116,71.0,2.3360000000000127,29.97,265,False,640.0,360.0
first,msasl,,24367,24454,88.0,2.90199999999993,29.97,265,False,640.0,360.0
first,msasl,,24454,24526,73.0,2.40300000000002,29.97,265,False,640.0,360.0
last,msasl,,24587,24647,61.0,2.0020000000000664,29.97,265,False,640.0,360.0
early,msasl,,24803,24913,111.0,3.671000000000049,29.97,265,False,640.0,360.0
late,msasl,,25229,25309,81.0,2.6689999999999827,29.97,265,False,640.0,360.0
forget,msasl,,25468,25528,61.0,2.0019999999999527,29.97,265,False,640.0,360.0
here,msasl,,25794,25874,81.0,2.6689999999999827,29.97,265,False,640.0,360.0
there,msasl,,26026,26096,71.0,2.3360000000000127,29.97,265,False,640.0,360.0
there,msasl,,26106,26166,61.0,2.0019999999999527,29.97,265,False,640.0,360.0
there,msasl,,26176,26226,51.0,1.6680000000000064,29.97,265,False,640.0,360.0
eat,msasl,,26277,26357,81.0,2.6690000000000964,29.97,265,False,640.0,360.0
eat,msasl,,26546,26646,101.0,3.3360000000000127,29.97,265,False,640.0,360.0
drink,msasl,,26778,26848,71.0,2.3349999999999227,29.97,265,False,640.0,360.0
thirsty,msasl,,27001,27196,196.0,6.507000000000062,29.97,265,False,640.0,360.0
remember,msasl,,27335,27410,76.0,2.5020000000000664,29.97,265,False,640.0,360.0
hungry,msasl,,27634,27704,71.0,2.3360000000000127,29.97,265,False,640.0,360.0
breakfast,msasl,,27960,28020,61.0,2.0019999999999527,29.97,265,False,640.0,360.0
breakfast,msasl,,28040,28090,51.0,1.6689999999999827,29.97,265,False,640.0,360.0
breakfast,msasl,,28140,28270,131.0,4.337999999999965,29.97,265,False,640.0,360.0
dinner,msasl,,28963,29023,61.0,2.0019999999999527,29.97,265,False,640.0,360.0
dinner,msasl,,29023,29093,71.0,2.3350000000000364,29.97,265,False,640.0,360.0
dinner,msasl,,29113,29223,111.0,3.669999999999959,29.97,265,False,640.0,360.0
dog,msasl,,29470,29570,101.0,3.3360000000000127,29.97,265,False,640.0,360.0
cat,msasl,,29754,29834,81.0,2.6689999999999827,29.97,265,False,640.0,360.0
cat,msasl,,29834,29884,51.0,1.6680000000000064,29.97,265,False,640.0,360.0
bird,msasl,,30050,30150,101.0,3.336999999999989,29.97,265,False,640.0,360.0
mouse,msasl,,30609,30654,46.0,1.5019999999999527,29.97,265,False,640.0,360.0
mouse,msasl,,30729,30791,63.0,2.06899999999996,29.97,265,False,640.0,360.0
fish,msasl,,30846,30913,68.0,2.2359999999998763,29.97,265,False,640.0,360.0
door,msasl,,31383,31493,111.0,3.6700000000000728,29.97,265,False,640.0,360.0
elevator,msasl,,31807,31896,90.0,2.968999999999824,29.97,265,False,640.0,360.0
elevator,msasl,,31966,32054,89.0,2.936000000000149,29.97,265,False,640.0,360.0
floor,msasl,,32224,32294,71.0,2.3359999999997854,29.97,265,False,640.0,360.0
floor,msasl,,32324,32424,101.0,3.336999999999989,29.97,265,False,640.0,360.0
building,msasl,,32688,32777,90.0,2.969000000000051,29.97,265,False,640.0,360.0
building,msasl,,32779,32877,99.0,3.269999999999982,29.97,265,False,640.0,360.0
building,msasl,,32795,32886,92.0,3.036000000000058,29.97,265,False,640.0,360.0
leave,msasl,,33097,33196,100.0,3.303000000000111,29.97,265,False,640.0,360.0
leave,msasl,,33201,33306,106.0,3.502999999999929,29.97,265,False,640.0,360.0
leave,msasl,,33333,33383,51.0,1.667999999999893,29.97,265,False,640.0,360.0
phone,msasl,,33786,33969,184.0,6.1059999999999945,29.97,265,False,640.0,360.0
sit,msasl,,33971,34031,61.0,2.0019999999999527,29.97,265,False,640.0,360.0
sit,msasl,,34061,34171,111.0,3.6700000000000728,29.97,265,False,640.0,360.0
table,msasl,,34246,34306,61.0,2.0019999999999527,29.97,265,False,640.0,360.0
book,msasl,,34848,34918,71.0,2.3350000000000364,29.97,265,False,640.0,360.0
computer,msasl,,35136,35276,141.0,4.671999999999798,29.97,265,False,640.0,360.0
computer,msasl,,35345,35475,131.0,4.337999999999965,29.97,265,False,640.0,360.0
pencil,msasl,,35638,35821,184.0,6.1059999999999945,29.97,265,False,640.0,360.0
busy,msasl,,36341,36441,101.0,3.336999999999989,29.97,265,False,640.0,360.0
change,msasl,,36595,36685,91.0,3.002999999999929,29.97,265,False,640.0,360.0
full,msasl,,36854,36914,61.0,2.0019999999999527,29.97,265,False,640.0,360.0
later,msasl,,37205,37295,91.0,3.0030000000001564,29.97,265,False,640.0,360.0
put_down,msasl,,37650,37840,191.0,6.339999999999918,29.97,265,False,640.0,360.0
meeting,msasl,,37938,38038,101.0,3.3360000000000127,29.97,265,False,640.0,360.0
schedule,msasl,,38257,38427,171.0,5.6720000000000255,29.97,265,False,640.0,360.0
wait,msasl,,38507,38657,151.0,5.005000000000109,29.97,265,False,640.0,360.0
live,msasl,,38822,38952,131.0,4.336999999999989,29.97,265,False,640.0,360.0
email,msasl,,39138,39243,106.0,3.502999999999929,29.97,265,False,640.0,360.0
email,msasl,,39301,39397,97.0,3.203999999999951,29.97,265,False,640.0,360.0
need,msasl,,40062,40261,200.0,6.6400000000001,29.97,265,False,640.0,360.0
see,msasl,,40263,40462,200.0,6.6400000000001,29.97,265,False,640.0,360.0
write,msasl,,40464,40554,91.0,3.0030000000001564,29.97,265,False,640.0,360.0
nothing,msasl,,40797,40867,71.0,2.3360000000000127,29.97,265,False,640.0,360.0
dinner,msasl,,0,98,99.0,3.27,29.97,53,False,640.0,360.0
early,msasl,,0,33,34.0,1.376,23.976,7,False,640.0,360.0
which,msasl,,0,39,40.0,1.627,23.976,15,False,640.0,360.0
rich,msasl,,0,32,33.0,1.335,23.976,7,False,640.0,360.0
house,msasl,,0,52,53.0,2.08,25.0,66,False,640.0,360.0
ball,msasl,,0,74,75.0,2.96,25.0,114,False,480.0,360.0
hear,msasl,,0,37,38.0,1.543,23.976,7,False,640.0,360.0
noon,msasl,,0,72,73.0,2.88,25.0,114,False,480.0,360.0
firefighter,msasl,,387,571,185.0,6.133000000000001,30.0,63,False,1280.0,720.0
counselor,msasl,,986,1096,111.0,3.666000000000004,30.0,63,False,1280.0,720.0
mechanic,msasl,,1246,1300,55.0,1.7999999999999972,30.0,63,False,1280.0,720.0
manager,msasl,,2557,2601,45.0,1.4669999999999987,30.0,63,False,1280.0,720.0
psychologist,msasl,,2999,3069,71.0,2.3329999999999984,30.0,63,False,1280.0,720.0
psychologist,msasl,,3069,3101,33.0,1.0670000000000073,30.0,63,False,1280.0,720.0
photographer,msasl,,3252,3406,155.0,5.132999999999996,30.0,63,False,1280.0,720.0
artist,msasl,,3513,3553,41.0,1.3330000000000126,30.0,63,False,1280.0,720.0
artist,msasl,,3553,3591,39.0,1.266999999999996,30.0,63,False,1280.0,720.0
engineer,msasl,,4407,4597,191.0,6.332999999999998,30.0,63,False,1280.0,720.0
lawyer,msasl,,5313,5373,61.0,2.0,30.0,63,False,1280.0,720.0
lawyer,msasl,,5373,5473,101.0,3.3329999999999984,30.0,63,False,1280.0,720.0
judge,msasl,,5598,5794,197.0,6.533000000000016,30.0,63,False,1280.0,720.0
interpreter,msasl,,6529,6579,51.0,1.6670000000000016,30.0,63,False,1280.0,720.0
interpreter,msasl,,6579,6629,51.0,1.6670000000000016,30.0,63,False,1280.0,720.0
janitor,msasl,,7077,7137,61.0,2.0,30.0,63,False,1280.0,720.0
janitor,msasl,,7137,7188,52.0,1.6999999999999886,30.0,63,False,1280.0,720.0
janitor,msasl,,7188,7228,41.0,1.3329999999999984,30.0,63,False,1280.0,720.0
dentist,msasl,,10246,10292,47.0,1.5339999999999918,30.0,63,False,1280.0,720.0
dentist,msasl,,10320,10410,91.0,3.0,30.0,63,False,1280.0,720.0
chef,msasl,,10701,10855,155.0,5.133000000000038,30.0,63,False,1280.0,720.0
waiter,msasl,,11752,11840,89.0,2.933999999999969,30.0,63,False,1280.0,720.0
army,msasl,,12716,12793,78.0,2.565999999999974,30.0,63,False,1280.0,720.0
teacher,msasl,,12817,12916,100.0,3.300000000000012,30.0,63,False,1280.0,720.0
secretary,msasl,,14204,14245,42.0,1.3660000000000423,30.0,63,False,1280.0,720.0
secretary,msasl,,14245,14274,30.0,0.9669999999999844,30.0,63,False,1280.0,720.0
secretary,msasl,,14274,14316,43.0,1.3999999999999773,30.0,63,False,1280.0,720.0
accountant,msasl,,14375,14411,37.0,1.2000000000000457,30.0,63,False,1280.0,720.0
accountant,msasl,,14415,14464,50.0,1.6329999999999814,30.0,63,False,1280.0,720.0
accountant,msasl,,14496,14530,35.0,1.1330000000000382,30.0,63,False,1280.0,720.0
new,msasl,,0,32,33.0,1.068,29.97,44,False,640.0,360.0
awkward,msasl,,0,41,42.0,1.368,29.97,15,False,640.0,360.0
science,msasl,,0,114,115.0,4.56,25.0,114,False,480.0,360.0
sew,msasl,,0,46,47.0,1.919,23.976,7,False,640.0,360.0
backpack,msasl,,0,36,37.0,1.501,23.976,7,False,640.0,360.0
embarrassed,msasl,,0,45,46.0,1.502,29.97,15,False,640.0,360.0
television,msasl,,0,99,100.0,3.303,29.97,76,False,640.0,360.0
letter,msasl,,0,39,40.0,1.627,23.976,7,False,640.0,360.0
cry,msasl,,0,91,92.0,3.036,29.97,76,False,640.0,360.0
bathtub,msasl,,0,99,100.0,3.303,29.97,76,False,640.0,360.0
flirt,msasl,,0,28,29.0,1.168,23.976,7,False,640.0,360.0
pay,msasl,,0,31,32.0,1.293,23.976,7,False,640.0,360.0
hospital,msasl,,10,80,71.0,2.335,29.971,53,False,640.0,360.0
hospital,msasl,,133,193,61.0,2.0020000000000007,29.971,53,False,640.0,360.0
tomato,msasl,,0,22,23.0,0.918,23.976,7,False,640.0,360.0
start,msasl,,0,62,63.0,2.48,25.0,114,False,480.0,360.0
go,msasl,,0,28,29.0,0.934,29.97,44,False,640.0,360.0
exercise,msasl,,0,77,78.0,3.08,25.0,114,False,480.0,360.0
child,msasl,,0,32,33.0,1.335,23.976,7,False,640.0,360.0
like,msasl,,0,91,92.0,3.037,29.967,53,False,640.0,360.0
twelve,msasl,,0,71,72.0,2.368,29.979,53,False,640.0,360.0
fly,msasl,,0,35,36.0,1.46,23.976,15,False,640.0,360.0
write,msasl,,0,72,73.0,2.88,25.0,114,False,480.0,360.0
list,msasl,,0,42,43.0,1.752,23.976,15,False,640.0,360.0
excited,msasl,,0,35,36.0,1.168,29.97,44,False,640.0,360.0
finish,msasl,,0,27,28.0,1.126,23.976,7,False,640.0,360.0
birthday,msasl,,0,53,54.0,1.768,29.97,87,False,1280.0,720.0
hair,msasl,,0,38,39.0,1.585,23.976,7,False,640.0,360.0
strict,msasl,,399,449,51.0,1.6689999999999987,29.97,142,False,640.0,360.0
strong,msasl,,478,520,43.0,1.4019999999999992,29.97,142,False,640.0,360.0
famous,msasl,,688,722,35.0,1.1350000000000016,29.97,142,False,640.0,360.0
should,msasl,,0,74,75.0,2.96,25.0,114,False,480.0,360.0
korea,msasl,,0,38,39.0,1.585,23.976,15,False,640.0,360.0
plate,msasl,,0,86,87.0,2.87,29.97,76,False,640.0,360.0
positive,msasl,,0,59,60.0,2.36,25.0,114,False,480.0,360.0
tired,msasl,,0,32,33.0,1.068,29.97,44,False,640.0,360.0
comfortable,msasl,,0,53,54.0,1.768,29.97,15,False,640.0,360.0
librarian,msasl,,0,88,89.0,3.52,25.0,114,False,480.0,360.0
happy,msasl,,0,76,77.0,2.537,29.961,53,False,640.0,360.0
me,msasl,,195,248,54.0,1.769,29.97,265,False,640.0,360.0
me,msasl,,254,314,61.0,2.0020000000000007,29.97,265,False,640.0,360.0
me,msasl,,355,404,50.0,1.6349999999999998,29.97,265,False,640.0,360.0
you,msasl,,451,499,49.0,1.6019999999999983,29.97,265,False,640.0,360.0
you,msasl,,503,625,123.0,4.070999999999998,29.97,265,False,640.0,360.0
he,msasl,,617,737,121.0,4.004000000000001,29.97,265,False,640.0,360.0
he,msasl,,737,807,71.0,2.3359999999999985,29.97,265,False,640.0,360.0
we,msasl,,846,926,81.0,2.669999999999998,29.97,265,False,640.0,360.0
we,msasl,,976,1066,91.0,3.003,29.97,265,False,640.0,360.0
they,msasl,,1261,1403,143.0,4.738,29.97,265,False,640.0,360.0
my,msasl,,1643,1775,133.0,4.405000000000001,29.97,265,False,640.0,360.0
your,msasl,,2016,2199,184.0,6.106000000000009,29.97,265,False,640.0,360.0
our,msasl,,2171,2251,81.0,2.669000000000011,29.97,265,False,640.0,360.0
our,msasl,,2251,2351,101.0,3.336999999999989,29.97,265,False,640.0,360.0
their,msasl,,2461,2661,201.0,6.674000000000007,29.97,265,False,640.0,360.0
who,msasl,,2663,2801,139.0,4.60499999999999,29.97,265,False,640.0,360.0
who,msasl,,2804,2871,68.0,2.236000000000004,29.97,265,False,640.0,360.0
what,msasl,,3064,3134,71.0,2.3359999999999985,29.97,265,False,640.0,360.0
what,msasl,,3134,3174,41.0,1.335000000000008,29.97,265,False,640.0,360.0
what,msasl,,3174,3254,81.0,2.668999999999997,29.97,265,False,640.0,360.0
what,msasl,,3263,3327,65.0,2.135999999999996,29.97,265,False,640.0,360.0
where,msasl,,3348,3418,71.0,2.3349999999999937,29.97,265,False,640.0,360.0
where,msasl,,3448,3528,81.0,2.6700000000000017,29.97,265,False,640.0,360.0
where,msasl,,3528,3612,85.0,2.8019999999999925,29.97,265,False,640.0,360.0
when,msasl,,3664,3745,82.0,2.703000000000003,29.97,265,False,640.0,360.0
why,msasl,,3956,4056,101.0,3.3360000000000127,29.97,265,False,640.0,360.0
which,msasl,,4354,4448,95.0,3.1370000000000005,29.97,265,False,640.0,360.0
how,msasl,,4856,4926,71.0,2.335000000000008,29.97,265,False,640.0,360.0
how_many,msasl,,5112,5192,81.0,2.670000000000016,29.97,265,False,640.0,360.0
fine,msasl,,5391,5461,71.0,2.335000000000008,29.97,265,False,640.0,360.0
tired,msasl,,5635,5765,131.0,4.338000000000022,29.97,265,False,640.0,360.0
happy,msasl,,5993,6123,131.0,4.337999999999994,29.97,265,False,640.0,360.0
excited,msasl,,6301,6414,114.0,3.771000000000015,29.97,265,False,640.0,360.0
enjoy,msasl,,6627,6737,111.0,3.669999999999988,29.97,265,False,640.0,360.0
afraid,msasl,,6879,6969,91.0,3.0030000000000143,29.97,265,False,640.0,360.0
confused,msasl,,7250,7380,131.0,4.338000000000022,29.97,265,False,640.0,360.0
sad,msasl,,7583,7673,91.0,3.002999999999986,29.97,265,False,640.0,360.0
work,msasl,,7870,7980,111.0,3.670000000000016,29.97,265,False,640.0,360.0
school,msasl,,8240,8340,101.0,3.337000000000046,29.97,265,False,640.0,360.0
college,msasl,,8634,8714,81.0,2.6689999999999827,29.97,265,False,640.0,360.0
class,msasl,,9060,9150,91.0,3.002999999999986,29.97,265,False,640.0,360.0
number,msasl,,9829,9959,131.0,4.337999999999965,29.97,265,False,640.0,360.0
major,msasl,,10188,10293,106.0,3.502999999999986,29.97,265,False,640.0,360.0
business,msasl,,10908,11018,111.0,3.670000000000016,29.97,265,False,640.0,360.0
psychology,msasl,,11489,11579,91.0,3.002999999999986,29.97,265,False,640.0,360.0
education,msasl,,14116,14216,101.0,3.336999999999989,29.97,265,False,640.0,360.0
english,msasl,,15048,15188,141.0,4.671000000000049,29.97,265,False,640.0,360.0
learn,msasl,,15486,15586,101.0,3.336999999999989,29.97,265,False,640.0,360.0
chat,msasl,,15777,15977,201.0,6.673000000000002,29.97,265,False,640.0,360.0
have,msasl,,16033,16103,71.0,2.3350000000000364,29.97,265,False,640.0,360.0
take,msasl,,17024,17094,71.0,2.3360000000000127,29.97,265,False,640.0,360.0
talk,msasl,,17550,17640,91.0,3.002999999999929,29.97,265,False,640.0,360.0
talk,msasl,,17660,17750,91.0,3.0030000000000427,29.97,265,False,640.0,360.0
teach,msasl,,17804,17884,81.0,2.6690000000000964,29.97,265,False,640.0,360.0
like,msasl,,18068,18138,71.0,2.3360000000000127,29.97,265,False,640.0,360.0
not like,msasl,,18515,18595,81.0,2.6689999999999827,29.97,265,False,640.0,360.0
know,msasl,,18882,19032,151.0,5.004999999999996,29.97,265,False,640.0,360.0
want,msasl,,19382,19452,71.0,2.3350000000000364,29.97,265,False,640.0,360.0
not,msasl,,19613,19693,81.0,2.6700000000000728,29.97,265,False,640.0,360.0
not want,msasl,,19885,20039,155.0,5.13900000000001,29.97,265,False,640.0,360.0
not want,msasl,,20041,20093,53.0,1.7350000000000136,29.97,265,False,640.0,360.0
deaf,msasl,,20177,20257,81.0,2.669999999999959,29.97,265,False,640.0,360.0
hard of hearing,msasl,,20568,20651,84.0,2.769000000000005,29.97,265,False,640.0,360.0
hearing,msasl,,20833,20933,101.0,3.3360000000000127,29.97,265,False,640.0,360.0
fingerspell,msasl,,21188,21328,141.0,4.671000000000049,29.97,265,False,640.0,360.0
please,msasl,,21888,22008,121.0,4.003999999999905,29.97,265,False,640.0,360.0
thank you,msasl,,22281,22349,69.0,2.269000000000005,29.97,265,False,640.0,360.0
thank you,msasl,,22351,22489,139.0,4.605000000000018,29.97,265,False,640.0,360.0
sorry,msasl,,23299,23369,71.0,2.3360000000000127,29.97,265,False,640.0,360.0
sorry,msasl,,23369,23409,41.0,1.33400000000006,29.97,265,False,640.0,360.0
sorry,msasl,,23459,23556,98.0,3.23599999999999,29.97,265,False,640.0,360.0
again,msasl,,24134,24244,111.0,3.6700000000000728,29.97,265,False,640.0,360.0
maybe,msasl,,24458,24578,121.0,4.004000000000019,29.97,265,False,640.0,360.0
not,msasl,,24736,24796,61.0,2.0020000000000664,29.97,265,False,640.0,360.0
not,msasl,,24836,24916,81.0,2.6689999999999827,29.97,265,False,640.0,360.0
that,msasl,,24990,25040,51.0,1.6680000000000064,29.97,265,False,640.0,360.0
white,msasl,,0,72,73.0,2.88,25.0,228,False,640.0,360.0
long,msasl,,0,31,32.0,1.293,23.976,7,False,640.0,360.0
small,msasl,,0,57,58.0,2.28,25.0,114,False,480.0,360.0
sign,msasl,,0,112,113.0,3.737,29.97,76,False,640.0,360.0
sweep,msasl,,0,42,43.0,1.752,23.976,15,False,640.0,360.0
mexico,msasl,,0,69,70.0,2.76,25.0,114,False,480.0,360.0
junior,msasl,,0,36,37.0,1.201,29.97,44,False,640.0,360.0
remember,msasl,,0,44,45.0,1.76,25.0,114,False,480.0,360.0
one,msasl,,0,41,42.0,1.71,23.976,15,False,640.0,360.0
no,msasl,,0,81,82.0,3.24,25.0,66,False,640.0,360.0
talk,msasl,,0,50,51.0,1.668,29.97,44,False,640.0,360.0
niece,msasl,,0,43,44.0,1.435,29.97,87,False,1280.0,720.0
cold,msasl,,0,37,38.0,1.235,29.97,44,False,640.0,360.0
short,msasl,,0,29,30.0,1.21,23.976,7,False,640.0,360.0
autumn in love,msasl,,0,59,60.0,1.937,30.457,87,False,1280.0,720.0
25,msasl,,0,45,46.0,1.877,23.976,15,False,640.0,360.0
both,msasl,,0,44,45.0,1.468,29.97,15,False,640.0,360.0
pool,msasl,,0,63,64.0,2.52,25.0,114,False,480.0,360.0
look at,msasl,,0,61,62.0,2.44,25.0,114,False,480.0,360.0
beer,msasl,,0,59,60.0,1.969,29.97,20,False,640.0,360.0
enjoy,msasl,,0,54,55.0,1.802,29.97,11,False,480.0,360.0
emotional,msasl,,0,30,31.0,1.251,23.976,20,False,640.0,360.0
key,msasl,,0,37,38.0,1.543,23.976,92,False,640.0,360.0
bad,msasl,,0,36,37.0,1.201,29.97,11,False,480.0,360.0
need,msasl,,0,68,69.0,2.269,29.97,67,False,1280.0,720.0
build,msasl,,0,50,51.0,1.668,29.97,20,False,640.0,360.0
subway,msasl,,0,33,34.0,1.376,23.976,92,False,640.0,360.0
pull,msasl,,0,32,33.0,1.335,23.976,92,False,640.0,360.0
happy,msasl,,0,46,47.0,1.535,29.97,11,False,480.0,360.0
government,msasl,,0,47,48.0,1.568,29.97,11,False,480.0,360.0
measure,msasl,,0,43,44.0,1.435,29.97,11,False,480.0,360.0
win,msasl,,0,48,49.0,1.602,29.97,11,False,480.0,360.0
surfing,msasl,,0,34,35.0,1.418,23.976,92,False,640.0,360.0
newspaper,msasl,,0,55,56.0,1.835,29.97,11,False,480.0,360.0
salad,msasl,,0,41,42.0,1.368,29.97,11,False,540.0,360.0
sorry,msasl,,0,57,58.0,1.902,29.97,11,False,480.0,360.0
both,msasl,,884,1025,142.0,4.705000000000002,29.97,10,False,1280.0,720.0
breakfast,msasl,,1049,1125,77.0,2.5359999999999943,29.97,10,False,1280.0,720.0
breakfast,msasl,,1222,1322,101.0,3.336999999999996,29.97,10,False,1280.0,720.0
jacket,msasl,,1359,1479,121.0,4.003999999999998,29.97,10,False,1280.0,720.0
come on,msasl,,1515,1634,120.0,3.971000000000004,29.97,10,False,1280.0,720.0
dinner,msasl,,1679,1761,83.0,2.735999999999997,29.97,10,False,1280.0,720.0
dinner,msasl,,1761,1843,83.0,2.735999999999997,29.97,10,False,1280.0,720.0
dinner,msasl,,1867,1978,112.0,3.702999999999996,29.97,10,False,1280.0,720.0
eyes,msasl,,1985,2113,129.0,4.271000000000001,29.97,10,False,1280.0,720.0
face,msasl,,2130,2200,71.0,2.3359999999999985,29.97,10,False,1280.0,720.0
france fries,msasl,,2300,2427,128.0,4.238,29.97,10,False,1280.0,720.0
hamburger,msasl,,2989,3135,147.0,4.872,29.97,10,False,1280.0,720.0
head,msasl,,3574,3672,99.0,3.2700000000000102,29.97,10,False,1280.0,720.0
heart,msasl,,3679,3800,122.0,4.037000000000006,29.97,10,False,1280.0,720.0
knife,msasl,,3807,3947,141.0,4.671000000000007,29.97,10,False,1280.0,720.0
lunch,msasl,,4094,4237,144.0,4.771999999999991,29.97,10,False,1280.0,720.0
lunch,msasl,,4244,4357,114.0,3.7709999999999866,29.97,10,False,1280.0,720.0
wrong,msasl,,4661,4775,115.0,3.804000000000002,29.97,10,False,1280.0,720.0
nose,msasl,,4929,5027,99.0,3.2700000000000102,29.97,10,False,1280.0,720.0
pencil,msasl,,5290,5427,138.0,4.570999999999998,29.97,10,False,1280.0,720.0
people,msasl,,5434,5560,127.0,4.2050000000000125,29.97,10,False,1280.0,720.0
rabbit,msasl,,5715,5855,141.0,4.670999999999992,29.97,10,False,1280.0,720.0
several,msasl,,5862,6003,142.0,4.7050000000000125,29.97,10,False,1280.0,720.0
shirt,msasl,,6010,6137,128.0,4.236999999999995,29.97,10,False,1280.0,720.0
shoes,msasl,,6184,6294,111.0,3.670999999999992,29.97,10,False,1280.0,720.0
still,msasl,,6750,6853,104.0,3.437000000000012,29.97,10,False,1280.0,720.0
store,msasl,,6964,7074,111.0,3.670999999999992,29.97,10,False,1280.0,720.0
time,msasl,,7081,7156,76.0,2.502999999999986,29.97,10,False,1280.0,720.0
learn,msasl,,0,46,47.0,1.535,29.97,11,False,480.0,360.0
have,msasl,,0,44,45.0,1.468,29.97,92,False,640.0,360.0
ugly,msasl,,0,32,33.0,1.335,23.976,20,False,640.0,360.0
government,msasl,,0,39,40.0,1.301,29.97,20,False,640.0,360.0
strange,msasl,,0,48,49.0,1.602,29.97,11,False,480.0,360.0
meeting,msasl,,0,95,96.0,6.333,15.0,67,False,1280.0,720.0
serious,msasl,,0,33,34.0,1.376,23.976,20,False,640.0,360.0
run,msasl,,0,53,54.0,1.768,29.97,11,False,480.0,360.0
color,msasl,,0,42,43.0,1.752,23.976,20,False,640.0,360.0
lobster,msasl,,0,34,35.0,1.418,23.976,20,False,640.0,360.0
mean,msasl,,0,38,39.0,1.585,23.976,20,False,640.0,360.0
green,msasl,,0,40,41.0,1.335,29.97,11,False,480.0,360.0
store,msasl,,0,62,63.0,4.133,15.0,67,False,1280.0,720.0
laugh,msasl,,0,33,34.0,1.376,23.976,92,False,640.0,360.0
believe,msasl,,0,32,33.0,1.335,23.976,20,False,640.0,360.0
screwdriver,msasl,,0,61,62.0,2.035,29.97,11,False,480.0,360.0
black,msasl,,0,55,56.0,2.294,23.976,20,False,640.0,360.0
short hair,msasl,,0,35,36.0,1.168,29.97,20,False,640.0,360.0
same,msasl,,0,43,44.0,1.435,29.97,67,False,1280.0,720.0
hippo,msasl,,0,61,62.0,2.035,29.97,11,False,480.0,360.0
angry,msasl,,0,40,41.0,1.335,29.97,11,False,480.0,360.0
bake,msasl,,0,34,35.0,1.134,29.97,11,False,540.0,360.0
noon,msasl,,0,63,64.0,2.102,29.97,174,False,640.0,360.0
start,msasl,,0,43,44.0,1.435,29.97,11,False,480.0,360.0
disappointed,msasl,,0,59,60.0,1.969,29.97,20,False,640.0,360.0
quarter,msasl,,0,37,38.0,1.543,23.976,20,False,640.0,360.0
toast,msasl,,0,45,46.0,1.502,29.97,20,False,640.0,360.0
bank,msasl,,0,81,82.0,2.703,29.97,11,False,480.0,360.0
from,msasl,,0,64,65.0,2.135,29.97,11,False,480.0,360.0
money,msasl,,0,44,45.0,1.468,29.97,11,False,480.0,360.0
ugly,msasl,,0,26,27.0,1.084,23.976,20,False,640.0,360.0
book,msasl,,0,37,38.0,1.235,29.97,11,False,540.0,360.0
health,msasl,,0,48,49.0,1.602,29.97,11,False,480.0,360.0
everyday,msasl,,0,67,68.0,4.402,15.219,67,False,1280.0,720.0
dolphin,msasl,,0,81,82.0,2.703,29.97,11,False,490.0,360.0
cat,msasl,,0,34,35.0,1.134,29.97,11,False,540.0,360.0
upset,msasl,,0,33,34.0,1.376,23.976,20,False,640.0,360.0
practice,msasl,,0,74,75.0,4.868,15.201,67,False,1280.0,720.0
time,msasl,,0,74,75.0,2.469,29.97,106,False,640.0,360.0
engineer,msasl,,0,44,45.0,1.468,29.97,11,False,540.0,360.0
friendly,msasl,,0,65,66.0,2.169,29.97,11,False,490.0,360.0
hard,msasl,,0,27,28.0,1.126,23.976,92,False,640.0,360.0
lobster,msasl,,0,38,39.0,1.585,23.976,20,False,640.0,360.0
group,msasl,,0,30,31.0,1.251,23.976,20,False,640.0,360.0
brother,msasl,,0,65,66.0,2.169,29.97,106,False,640.0,360.0
mad,msasl,,0,34,35.0,1.134,29.97,20,False,640.0,360.0
shelf,msasl,,0,76,77.0,2.536,29.97,67,False,1280.0,720.0
meet,msasl,,0,59,60.0,1.969,29.97,11,False,480.0,360.0
talk,msasl,,0,48,49.0,1.602,29.97,11,False,480.0,360.0
jump,msasl,,0,56,57.0,1.869,29.97,11,False,480.0,360.0
microwave,msasl,,0,30,31.0,1.001,29.97,11,False,540.0,360.0
any,msasl,,116,193,78.0,2.5690000000000004,29.97,10,False,1280.0,720.0
arrive,msasl,,200,315,116.0,3.837999999999999,29.97,10,False,1280.0,720.0
become,msasl,,436,524,89.0,2.9360000000000017,29.97,10,False,1280.0,720.0
break,msasl,,531,644,114.0,3.77,29.97,10,False,1280.0,720.0
candy,msasl,,935,1045,111.0,3.6700000000000017,29.97,10,False,1280.0,720.0
children,msasl,,1074,1173,100.0,3.3030000000000044,29.97,10,False,1280.0,720.0
different,msasl,,1504,1594,91.0,3.003,29.97,10,False,1280.0,720.0
different,msasl,,1604,1704,101.0,3.336999999999996,29.97,10,False,1280.0,720.0
draw,msasl,,1716,1827,112.0,3.7040000000000006,29.97,10,False,1280.0,720.0
flower,msasl,,2165,2276,112.0,3.7039999999999935,29.97,10,False,1280.0,720.0
spring,msasl,,2283,2390,108.0,3.569999999999993,29.97,10,False,1280.0,720.0
horse,msasl,,2536,2668,133.0,4.404000000000011,29.97,10,False,1280.0,720.0
how,msasl,,2675,2794,120.0,3.969999999999999,29.97,10,False,1280.0,720.0
how_many,msasl,,2801,2934,134.0,4.438000000000002,29.97,10,False,1280.0,720.0
freeze cream,msasl,,2941,3042,102.0,3.3700000000000045,29.97,10,False,1280.0,720.0
question,msasl,,3655,3776,122.0,4.037999999999997,29.97,10,False,1280.0,720.0
study,msasl,,3958,4078,121.0,4.003999999999991,29.97,10,False,1280.0,720.0
wash face,msasl,,4795,4906,112.0,3.704000000000008,29.97,10,False,1280.0,720.0
what,msasl,,5085,5185,101.0,3.336999999999989,29.97,10,False,1280.0,720.0
when,msasl,,5622,5750,129.0,4.271000000000015,29.97,10,False,1280.0,720.0
where,msasl,,5857,5956,100.0,3.3029999999999973,29.97,10,False,1280.0,720.0
which,msasl,,5963,6061,99.0,3.2700000000000102,29.97,10,False,1280.0,720.0
who,msasl,,6068,6168,101.0,3.337000000000017,29.97,10,False,1280.0,720.0
who,msasl,,6175,6255,81.0,2.670000000000016,29.97,10,False,1280.0,720.0
why,msasl,,6262,6387,126.0,4.170999999999992,29.97,10,False,1280.0,720.0
tell,msasl,,0,55,56.0,1.835,29.97,11,False,480.0,360.0
ask,msasl,,0,87,88.0,5.8,15.0,67,False,1280.0,720.0
newspaper,msasl,,0,38,39.0,1.268,29.97,20,False,640.0,360.0
animal,msasl,,0,56,57.0,1.869,29.97,11,False,480.0,360.0
shop,msasl,,0,65,66.0,2.169,29.97,11,False,480.0,360.0
silver,msasl,,0,74,75.0,2.469,29.97,11,False,480.0,360.0
medicine,msasl,,0,50,51.0,1.668,29.97,11,False,480.0,360.0
swimming,msasl,,0,69,70.0,2.302,29.97,20,False,640.0,360.0
china,msasl,,0,64,65.0,2.135,29.97,11,False,480.0,360.0
pay,msasl,,0,71,72.0,2.369,29.975,67,False,1280.0,720.0
cracker,msasl,,0,65,66.0,2.169,29.97,11,False,480.0,360.0
gold,msasl,,0,54,55.0,1.802,29.97,11,False,480.0,360.0
carrot,msasl,,0,43,44.0,1.435,29.97,11,False,490.0,360.0
basketball,msasl,,0,36,37.0,1.201,29.97,11,False,540.0,360.0
delicious,msasl,,0,46,47.0,1.535,29.97,11,False,480.0,360.0
rabbit,msasl,,0,54,55.0,1.802,29.97,11,False,480.0,360.0
psychologist,msasl,,0,40,41.0,1.335,29.97,11,False,540.0,360.0
bad,msasl,,0,78,79.0,2.603,29.97,106,False,640.0,360.0
rock,msasl,,0,37,38.0,1.235,29.97,11,False,540.0,360.0
medicine,msasl,,0,60,61.0,4.0,15.0,67,False,1280.0,720.0
umbrella,msasl,,0,53,54.0,1.768,29.97,11,False,540.0,360.0
your,msasl,,0,37,38.0,1.543,23.976,92,False,640.0,360.0
live,msasl,,0,49,50.0,1.635,29.976,67,False,1280.0,720.0
tall,msasl,,0,50,51.0,1.668,29.97,11,False,480.0,360.0
sleep,msasl,,0,58,59.0,1.935,29.97,11,False,480.0,360.0
call,msasl,,0,58,59.0,1.935,29.97,11,False,480.0,360.0
actor,msasl,,0,47,48.0,1.568,29.97,11,False,540.0,360.0
sad,msasl,,0,78,79.0,2.603,29.97,174,False,640.0,360.0
bread,msasl,,0,39,40.0,1.301,29.97,11,False,540.0,360.0
not yet,msasl,,0,75,76.0,5.0,15.0,67,False,1280.0,720.0
therapy,msasl,,0,35,36.0,1.168,29.97,20,False,640.0,360.0
about,msasl,,0,55,56.0,1.835,29.97,11,False,480.0,360.0
easter,msasl,,0,30,31.0,1.251,23.976,20,False,640.0,360.0
building,msasl,,0,62,63.0,2.037,30.435,67,False,1280.0,720.0
what,msasl,,0,62,63.0,2.069,29.97,67,False,1280.0,720.0
hear,msasl,,0,34,35.0,1.418,23.976,92,False,640.0,360.0
lobster,msasl,,0,34,35.0,1.418,23.976,20,False,640.0,360.0
stubborn,msasl,,0,58,59.0,1.935,29.97,11,False,480.0,360.0
family,msasl,,157,227,71.0,2.335,29.97,90,False,640.0,360.0
father,msasl,,297,368,72.0,2.369,29.97,90,False,640.0,360.0
mother,msasl,,423,487,65.0,2.134999999999998,29.97,90,False,640.0,360.0
brother,msasl,,557,613,57.0,1.869,29.97,90,False,640.0,360.0
sister,msasl,,670,740,71.0,2.3359999999999985,29.97,90,False,640.0,360.0
baby,msasl,,803,869,67.0,2.2020000000000017,29.97,90,False,640.0,360.0
grandfather,msasl,,964,1034,71.0,2.3359999999999985,29.97,90,False,640.0,360.0
grandmother,msasl,,1106,1166,61.0,2.0020000000000024,29.97,90,False,640.0,360.0
pet,msasl,,1346,1415,70.0,2.302,29.97,90,False,640.0,360.0
brother,msasl,,1467,1532,66.0,2.168999999999997,29.97,90,False,640.0,360.0
sister,msasl,,1597,1651,55.0,1.802,29.97,90,False,640.0,360.0
brother,msasl,,1706,1774,69.0,2.2689999999999984,29.97,90,False,640.0,360.0
sister,msasl,,1838,1906,69.0,2.2689999999999984,29.97,90,False,640.0,360.0
potato,msasl,,0,32,33.0,1.335,23.976,92,False,640.0,360.0
flag,msasl,,0,61,62.0,2.035,29.97,20,False,640.0,360.0
know,msasl,,0,71,72.0,2.337,30.38,67,False,1280.0,720.0
dumb,msasl,,0,48,49.0,1.602,29.97,11,False,480.0,360.0
shower,msasl,,0,35,36.0,1.168,29.97,11,False,540.0,360.0
river,msasl,,0,42,43.0,1.401,29.97,11,False,540.0,360.0
fast,msasl,,0,46,47.0,1.535,29.97,11,False,480.0,360.0
newspaper,msasl,,0,31,32.0,1.293,23.976,92,False,640.0,360.0
many,msasl,,0,65,66.0,2.169,29.97,11,False,480.0,360.0
ski,msasl,,0,56,57.0,1.869,29.97,11,False,480.0,360.0
live,msasl,,0,53,54.0,1.768,29.97,174,False,640.0,360.0
later,msasl,,0,52,53.0,1.735,29.97,11,False,480.0,360.0
movie,msasl,,0,56,57.0,1.869,29.97,11,False,480.0,360.0
government,msasl,,0,43,44.0,1.435,29.97,20,False,640.0,360.0
read,msasl,,0,67,68.0,2.236,29.97,67,False,1280.0,720.0
pink,msasl,,0,39,40.0,1.627,23.976,20,False,640.0,360.0
thirsty,msasl,,0,55,56.0,1.835,29.97,11,False,480.0,360.0
daughter,msasl,,0,63,64.0,2.102,29.97,20,False,640.0,360.0
night,msasl,,0,44,45.0,2.933,15.0,67,False,1280.0,720.0
night,msasl,,44,82,39.0,2.534,15.0,67,False,1280.0,720.0
wow,msasl,,0,71,72.0,4.668,15.209,67,False,1280.0,720.0
ready,msasl,,0,33,34.0,1.101,29.97,20,False,640.0,360.0
color,msasl,,0,49,50.0,1.603,30.562,67,False,1280.0,720.0
salt,msasl,,0,52,53.0,1.735,29.97,11,False,480.0,360.0
nurse,msasl,,0,49,50.0,1.635,29.97,11,False,480.0,360.0
introduce,msasl,,0,35,36.0,1.46,23.976,20,False,640.0,360.0
before,msasl,,0,51,52.0,1.702,29.97,174,False,640.0,360.0
awful,msasl,,0,45,46.0,1.502,29.97,174,False,640.0,360.0
ball,msasl,,0,85,86.0,2.836,29.97,106,False,640.0,360.0
skirt,msasl,,0,58,59.0,1.903,30.475,67,False,1280.0,720.0
onion,msasl,,0,33,34.0,1.376,23.976,92,False,640.0,360.0
stop,msasl,,0,43,44.0,1.435,29.97,20,False,640.0,360.0
school,msasl,,0,61,62.0,2.035,29.97,67,False,1280.0,720.0
worry,msasl,,0,45,46.0,1.502,29.97,20,False,640.0,360.0
meaning,msasl,,0,52,53.0,2.169,23.976,92,False,640.0,360.0
cafeteria,msasl,,0,30,31.0,1.001,29.97,11,False,540.0,360.0
blanket,msasl,,0,34,35.0,1.134,29.97,11,False,540.0,360.0
dog,msasl,,0,34,35.0,1.134,29.97,11,False,540.0,360.0
shoes,msasl,,0,30,31.0,1.001,29.97,11,False,540.0,360.0
pencil,msasl,,0,34,35.0,1.418,23.976,20,False,640.0,360.0
cheese,msasl,,0,34,35.0,1.134,29.97,11,False,540.0,360.0
card,msasl,,0,90,91.0,3.003,29.97,106,False,640.0,360.0
autumn,msasl,,0,40,41.0,1.668,23.976,20,False,640.0,360.0
go,msasl,,0,61,62.0,2.035,29.97,11,False,480.0,360.0
stay,msasl,,0,58,59.0,1.935,29.97,92,False,640.0,360.0
trigonometry,msasl,,0,47,48.0,1.568,29.97,20,False,640.0,360.0
sit,msasl,,0,29,30.0,0.968,29.97,11,False,540.0,360.0
israel,msasl,,0,48,49.0,1.602,29.97,11,False,480.0,360.0
join,msasl,,0,88,89.0,5.867,15.0,67,False,1280.0,720.0
floor,msasl,,0,59,60.0,1.969,29.97,11,False,480.0,360.0
cloud,msasl,,0,55,56.0,1.835,29.97,20,False,640.0,360.0
football,msasl,,0,41,42.0,1.368,29.97,11,False,490.0,360.0
office,msasl,,0,62,63.0,2.036,30.449,67,False,1280.0,720.0
separate,msasl,,0,25,26.0,1.043,23.976,20,False,640.0,360.0
bath,msasl,,0,49,50.0,1.635,29.97,11,False,480.0,360.0
ugly,msasl,,0,51,52.0,1.702,29.97,11,False,480.0,360.0
autumn,msasl,,255,373,119.0,3.9380000000000006,29.97,10,False,1280.0,720.0
gold,msasl,,728,853,126.0,4.170999999999999,29.97,10,False,1280.0,720.0
police,msasl,,1188,1302,115.0,3.802999999999997,29.97,10,False,1280.0,720.0
down,msasl,,1309,1384,76.0,2.5020000000000024,29.97,10,False,1280.0,720.0
hair,msasl,,2276,2352,77.0,2.5360000000000014,29.97,10,False,1280.0,720.0
left,msasl,,2634,2780,147.0,4.870999999999995,29.97,10,False,1280.0,720.0
library,msasl,,2787,2935,149.0,4.938000000000002,29.97,10,False,1280.0,720.0
rain,msasl,,4794,4944,151.0,5.004999999999996,29.97,10,False,1280.0,720.0
right,msasl,,4951,5047,97.0,3.203000000000003,29.97,10,False,1280.0,720.0
steal,msasl,,5179,5315,137.0,4.536999999999978,29.97,10,False,1280.0,720.0
stop,msasl,,5322,5430,109.0,3.604000000000013,29.97,10,False,1280.0,720.0
summer,msasl,,5437,5579,143.0,4.738,29.97,10,False,1280.0,720.0
tree,msasl,,6118,6245,128.0,4.236999999999995,29.97,10,False,1280.0,720.0
up,msasl,,6378,6438,61.0,2.001999999999981,29.97,10,False,1280.0,720.0
wow,msasl,,6547,6632,86.0,2.8360000000000127,29.97,10,False,1280.0,720.0
peach,msasl,,0,44,45.0,1.468,29.97,11,False,480.0,360.0
draw,msasl,,0,69,70.0,2.302,29.97,11,False,480.0,360.0
outside,msasl,,0,74,75.0,2.469,29.97,106,False,640.0,360.0
find,msasl,,0,50,51.0,1.668,29.97,11,False,480.0,360.0
relationship,msasl,,0,52,53.0,1.735,29.97,11,False,480.0,360.0
laugh,msasl,,0,34,35.0,1.418,23.976,20,False,640.0,360.0
shark,msasl,,0,56,57.0,2.336,23.976,20,False,640.0,360.0
laugh,msasl,,0,43,44.0,1.435,29.97,11,False,480.0,360.0
live,msasl,,0,62,63.0,2.069,29.97,11,False,480.0,360.0
carrot,msasl,,0,78,79.0,2.603,29.97,20,False,640.0,360.0
walk,msasl,,0,74,75.0,2.437,30.364,67,False,1280.0,720.0
send,msasl,,0,30,31.0,1.251,23.976,92,False,640.0,360.0
museum,msasl,,0,80,81.0,5.333,15.0,67,False,1280.0,720.0
home,msasl,,0,50,51.0,1.668,29.97,11,False,480.0,360.0
hair,msasl,,0,52,53.0,1.735,29.97,67,False,1280.0,720.0
doctor,msasl,,0,60,61.0,4.0,15.0,67,False,1280.0,720.0
right,msasl,,0,51,52.0,1.702,29.97,11,False,480.0,360.0
envelope,msasl,,0,76,77.0,2.536,29.97,11,False,480.0,360.0
city,msasl,,0,70,71.0,2.336,29.97,67,False,1280.0,720.0
snow,msasl,,0,27,28.0,1.126,23.976,92,False,640.0,360.0
last year,msasl,,0,27,28.0,1.126,23.976,92,False,640.0,360.0
woman,msasl,,0,61,62.0,2.035,29.97,67,False,1280.0,720.0
beautiful,msasl,,0,44,45.0,1.468,29.97,11,False,480.0,360.0
movie,msasl,,0,43,44.0,1.435,29.97,20,False,640.0,360.0
dress,msasl,,0,36,37.0,1.201,29.97,11,False,540.0,360.0
music,msasl,,0,62,63.0,2.069,29.97,20,False,640.0,360.0
brave,msasl,,0,42,43.0,1.401,29.97,11,False,480.0,360.0
eat,msasl,,0,44,45.0,1.468,29.97,11,False,480.0,360.0
near,msasl,,0,40,41.0,1.668,23.976,20,False,640.0,360.0
phone,msasl,,0,39,40.0,1.627,23.976,92,False,640.0,360.0
business,msasl,,0,64,65.0,2.135,29.97,11,False,480.0,360.0
snake,msasl,,0,34,35.0,1.418,23.976,92,False,640.0,360.0
toast,msasl,,0,68,69.0,2.269,29.97,11,False,480.0,360.0
pants,msasl,,0,70,71.0,2.336,29.97,67,False,1280.0,720.0
glasses,msasl,,0,54,55.0,1.802,29.97,11,False,480.0,360.0
future,msasl,,0,58,59.0,1.935,29.97,11,False,480.0,360.0
mouse,msasl,,0,37,38.0,1.235,29.97,11,False,490.0,360.0
do,msasl,,0,63,64.0,2.102,29.97,92,False,640.0,360.0
expensive,msasl,,0,59,60.0,1.969,29.97,11,False,480.0,360.0
basketball,msasl,,0,43,44.0,2.866,15.002,67,False,1280.0,720.0
family,msasl,,0,57,58.0,1.902,29.97,11,False,480.0,360.0
phone,msasl,,0,33,34.0,1.101,29.97,11,False,490.0,360.0
theater,msasl,,0,119,120.0,3.939,30.211,67,False,1280.0,720.0
serious,msasl,,0,45,46.0,1.877,23.976,20,False,640.0,360.0
boy,msasl,,0,42,43.0,1.401,29.97,11,False,480.0,360.0
afternoon,msasl,,0,61,62.0,2.035,29.97,174,False,640.0,360.0
party,msasl,,0,39,40.0,1.301,29.97,20,False,640.0,360.0
do,msasl,,0,96,97.0,6.4,15.0,67,False,1280.0,720.0
dress,msasl,,0,47,48.0,1.568,29.97,67,False,1280.0,720.0
start,msasl,,0,36,37.0,1.201,29.97,20,False,640.0,360.0
stand,msasl,,0,73,74.0,2.404,30.365,67,False,1280.0,720.0
fix,msasl,,0,17,18.0,0.709,23.976,20,False,640.0,360.0
room,msasl,,0,61,62.0,2.035,29.97,11,False,480.0,360.0
afternoon,msasl,,251,366,116.0,3.837,29.97,10,False,1280.0,720.0
all day,msasl,,363,443,81.0,2.6690000000000005,29.97,10,False,1280.0,720.0
all day,msasl,,463,543,81.0,2.6689999999999987,29.97,10,False,1280.0,720.0
buy,msasl,,897,1019,123.0,4.070999999999998,29.97,10,False,1280.0,720.0
college,msasl,,1050,1182,133.0,4.404000000000004,29.97,10,False,1280.0,720.0
cookie,msasl,,1189,1299,111.0,3.6700000000000017,29.97,10,False,1280.0,720.0
day,msasl,,1306,1392,87.0,2.869,29.97,10,False,1280.0,720.0
die,msasl,,1399,1529,131.0,4.338000000000001,29.97,10,False,1280.0,720.0
doctor,msasl,,1536,1673,138.0,4.571000000000005,29.97,10,False,1280.0,720.0
drink,msasl,,1680,1775,96.0,3.1700000000000017,29.97,10,False,1280.0,720.0
fine,msasl,,1782,1889,108.0,3.570999999999998,29.97,10,False,1280.0,720.0
future,msasl,,1996,2122,127.0,4.204000000000008,29.97,10,False,1280.0,720.0
spring up,msasl,,2229,2364,136.0,4.50500000000001,29.97,10,False,1280.0,720.0
homework,msasl,,2371,2493,123.0,4.071000000000012,29.97,10,False,1280.0,720.0
later,msasl,,2768,2880,113.0,3.737000000000009,29.97,10,False,1280.0,720.0
long ago,msasl,,3024,3152,129.0,4.271000000000001,29.97,10,False,1280.0,720.0
make,msasl,,3159,3297,139.0,4.605000000000004,29.97,10,False,1280.0,720.0
morning,msasl,,3558,3674,117.0,3.870000000000005,29.97,10,False,1280.0,720.0
noon,msasl,,3859,3962,104.0,3.437000000000012,29.97,10,False,1280.0,720.0
now,msasl,,3969,4069,101.0,3.337000000000017,29.97,10,False,1280.0,720.0
now,msasl,,4076,4188,113.0,3.737000000000023,29.97,10,False,1280.0,720.0
pants,msasl,,4195,4307,113.0,3.7369999999999943,29.97,10,False,1280.0,720.0
sell,msasl,,4518,4621,104.0,3.436000000000007,29.97,10,False,1280.0,720.0
stay,msasl,,4628,4731,104.0,3.437000000000012,29.97,10,False,1280.0,720.0
today,msasl,,4738,4835,98.0,3.2369999999999948,29.97,10,False,1280.0,720.0
tomorrow,msasl,,4943,5045,103.0,3.4039999999999964,29.97,10,False,1280.0,720.0
visit,msasl,,5185,5278,94.0,3.1030000000000086,29.97,10,False,1280.0,720.0
walk,msasl,,5285,5393,109.0,3.6030000000000086,29.97,10,False,1280.0,720.0
walk,msasl,,5400,5515,116.0,3.836999999999989,29.97,10,False,1280.0,720.0
water,msasl,,5682,5783,102.0,3.3700000000000045,29.97,10,False,1280.0,720.0
write,msasl,,6139,6261,123.0,4.070999999999998,29.97,10,False,1280.0,720.0
year,msasl,,6268,6392,125.0,4.138000000000005,29.97,10,False,1280.0,720.0
yesterday,msasl,,6399,6501,103.0,3.4039999999999964,29.97,10,False,1280.0,720.0
yesterday,msasl,,6508,6640,133.0,4.405000000000001,29.97,10,False,1280.0,720.0
finish,msasl,,6712,6762,51.0,1.6680000000000064,29.97,10,False,1280.0,720.0
search,msasl,,0,113,114.0,3.738,30.231,67,False,1280.0,720.0
eyes,msasl,,0,79,80.0,2.636,29.97,11,False,480.0,360.0
cup,msasl,,0,33,34.0,1.101,29.97,11,False,540.0,360.0
down,msasl,,0,35,36.0,1.46,23.976,92,False,640.0,360.0
hard,msasl,,0,39,40.0,1.301,29.97,11,False,480.0,360.0
morning,msasl,,0,108,109.0,7.2,15.0,67,False,1280.0,720.0
belt,msasl,,0,29,30.0,1.21,23.976,92,False,640.0,360.0
duck,msasl,,0,56,57.0,1.869,29.97,11,False,480.0,360.0
hungry,msasl,,0,47,48.0,1.568,29.97,11,False,480.0,360.0
homework,msasl,,0,25,26.0,1.043,23.976,20,False,640.0,360.0
surprise,msasl,,0,56,57.0,1.869,29.97,174,False,640.0,360.0
baby,msasl,,0,49,50.0,2.044,23.976,20,False,640.0,360.0
tall,msasl,,0,42,43.0,1.752,23.976,92,False,640.0,360.0
live,msasl,,0,34,35.0,1.418,23.976,20,False,640.0,360.0
hamburger,msasl,,0,36,37.0,1.201,29.97,11,False,540.0,360.0
after,msasl,,0,50,51.0,1.668,29.97,11,False,480.0,360.0
cheese,msasl,,0,77,78.0,2.569,29.97,20,False,640.0,360.0
think,msasl,,0,32,33.0,1.335,23.976,92,False,640.0,360.0
world,msasl,,0,38,39.0,1.268,29.97,20,False,640.0,360.0
guilty,msasl,,0,58,59.0,1.935,29.97,11,False,480.0,360.0
draw,msasl,,0,73,74.0,2.436,29.97,67,False,1280.0,720.0
fish,msasl,,0,36,37.0,1.201,29.97,11,False,540.0,360.0
copy,msasl,,0,72,73.0,2.402,29.97,11,False,480.0,360.0
garage,msasl,,0,35,36.0,1.168,29.97,11,False,540.0,360.0
kiss,msasl,,0,52,53.0,1.735,29.97,11,False,480.0,360.0
start,msasl,,0,34,35.0,1.134,29.97,20,False,640.0,360.0
apple,msasl,,0,33,34.0,1.101,29.97,11,False,540.0,360.0
train,msasl,,0,48,49.0,1.602,29.97,11,False,480.0,360.0
underwear,msasl,,0,39,40.0,1.301,29.97,11,False,540.0,360.0
fishing,msasl,,0,37,38.0,1.235,29.97,11,False,540.0,360.0
eyeglasses,msasl,,0,30,31.0,1.001,29.97,11,False,480.0,360.0
perfect,msasl,,0,61,62.0,2.035,29.97,11,False,480.0,360.0
exam,msasl,,0,34,35.0,1.418,23.976,20,False,640.0,360.0
read,msasl,,0,40,41.0,1.668,23.976,92,False,640.0,360.0
thirsty,msasl,,0,76,77.0,2.536,29.97,106,False,640.0,360.0
different,msasl,,0,64,65.0,2.103,30.431,67,False,1280.0,720.0
bowl,msasl,,0,58,59.0,1.935,29.97,11,False,480.0,360.0
butter,msasl,,0,31,32.0,1.034,29.97,11,False,540.0,360.0
year,msasl,,0,51,52.0,1.702,29.97,20,False,640.0,360.0
bed,msasl,,0,32,33.0,1.335,23.976,20,False,640.0,360.0
inform,msasl,,0,24,25.0,1.001,23.976,20,False,640.0,360.0
child,msasl,,0,40,41.0,1.668,23.976,20,False,640.0,360.0
show,msasl,,0,74,75.0,4.868,15.201,67,False,1280.0,720.0
computer,msasl,,0,42,43.0,1.401,29.97,20,False,640.0,360.0
corn,msasl,,0,61,62.0,2.035,29.97,11,False,480.0,360.0
bacon,msasl,,0,56,57.0,1.869,29.97,11,False,480.0,360.0
nothing,msasl,,0,43,44.0,1.435,29.97,92,False,640.0,360.0
orange,msasl,,0,22,23.0,0.734,29.97,67,False,1280.0,720.0
leave,msasl,,0,39,40.0,1.301,29.97,11,False,480.0,360.0
english,msasl,,0,32,33.0,1.068,29.97,11,False,540.0,360.0
cute,msasl,,0,44,45.0,1.468,29.97,11,False,480.0,360.0
dry,msasl,,0,52,53.0,1.735,29.97,106,False,640.0,360.0
right,msasl,,0,86,87.0,2.87,29.97,11,False,480.0,360.0
baseball,msasl,,0,37,38.0,1.235,29.97,11,False,540.0,360.0
egg,msasl,,0,36,37.0,1.201,29.97,11,False,540.0,360.0
bed,msasl,,0,26,27.0,1.084,23.976,20,False,640.0,360.0
match,msasl,,0,42,43.0,1.401,29.97,20,False,640.0,360.0
stamp,msasl,,0,38,39.0,1.585,23.976,92,False,640.0,360.0
sandwich,msasl,,0,94,95.0,3.136,29.97,106,False,640.0,360.0
since,msasl,,0,90,91.0,5.935,15.164,67,False,1280.0,720.0
curious,msasl,,887,984,98.0,3.2369999999999983,29.97,10,False,1280.0,720.0
earn,msasl,,1120,1209,90.0,2.969000000000001,29.97,10,False,1280.0,720.0
false,msasl,,1328,1433,106.0,3.503,29.97,10,False,1280.0,720.0
freeze,msasl,,1440,1521,82.0,2.702999999999996,29.97,10,False,1280.0,720.0
hit,msasl,,1824,1929,106.0,3.503000000000007,29.97,10,False,1280.0,720.0
lazy,msasl,,2141,2241,101.0,3.3370000000000037,29.97,10,False,1280.0,720.0
monkey,msasl,,2248,2343,96.0,3.1700000000000017,29.97,10,False,1280.0,720.0
nervous,msasl,,2350,2456,107.0,3.536999999999992,29.97,10,False,1280.0,720.0
never,msasl,,2463,2572,110.0,3.637000000000001,29.97,10,False,1280.0,720.0
nothing,msasl,,2579,2691,113.0,3.7369999999999943,29.97,10,False,1280.0,720.0
nothing,msasl,,2698,2825,128.0,4.238,29.97,10,False,1280.0,720.0
nurse,msasl,,2832,2927,96.0,3.1700000000000017,29.97,10,False,1280.0,720.0
play,msasl,,3165,3265,101.0,3.336999999999989,29.97,10,False,1280.0,720.0
true,msasl,,3539,3656,118.0,3.903999999999997,29.97,10,False,1280.0,720.0
science,msasl,,4113,4221,109.0,3.6030000000000086,29.97,10,False,1280.0,720.0
screwdriver,msasl,,4228,4351,124.0,4.103999999999985,29.97,10,False,1280.0,720.0
shop,msasl,,4566,4711,146.0,4.837999999999994,29.97,10,False,1280.0,720.0
shower,msasl,,4740,4849,110.0,3.637000000000001,29.97,10,False,1280.0,720.0
turkey,msasl,,5243,5364,122.0,4.037000000000006,29.97,10,False,1280.0,720.0
greece,msasl,,0,51,52.0,1.702,29.97,11,False,480.0,360.0
heart,msasl,,0,50,51.0,1.668,29.97,11,False,480.0,360.0
speech,msasl,,0,44,45.0,1.468,29.97,11,False,480.0,360.0
front,msasl,,0,43,44.0,1.793,23.976,20,False,640.0,360.0
next year,msasl,,0,31,32.0,1.293,23.976,92,False,640.0,360.0
sandwich,msasl,,0,41,42.0,1.71,23.976,92,False,640.0,360.0
key,msasl,,0,48,49.0,1.602,29.97,11,False,480.0,360.0
dictionary,msasl,,0,41,42.0,1.71,23.976,92,False,640.0,360.0
morning,msasl,,0,55,56.0,1.835,29.97,174,False,640.0,360.0
accountant,msasl,,0,47,48.0,1.568,29.97,11,False,540.0,360.0
argue,msasl,,0,37,38.0,1.543,23.976,92,False,640.0,360.0
movie,msasl,,0,48,49.0,1.602,29.97,20,False,640.0,360.0
which,msasl,,0,46,47.0,1.535,29.97,11,False,480.0,360.0
vice president,msasl,,0,37,38.0,1.543,23.976,20,False,640.0,360.0
snowboard,msasl,,0,31,32.0,1.034,29.97,20,False,640.0,360.0
maybe,msasl,,0,43,44.0,1.435,29.97,11,False,480.0,360.0
schedule,msasl,,0,41,42.0,1.71,23.976,92,False,640.0,360.0
cracker,msasl,,0,39,40.0,1.627,23.976,20,False,640.0,360.0
west,msasl,,0,74,75.0,2.469,29.97,11,False,480.0,360.0
frustrated,msasl,,0,35,36.0,1.168,29.97,20,False,640.0,360.0
paper,msasl,,0,64,65.0,2.103,30.431,67,False,1280.0,720.0
worm,msasl,,0,57,58.0,1.902,29.97,11,False,480.0,360.0
museum,msasl,,0,50,51.0,1.668,29.97,11,False,480.0,360.0
teach,msasl,,0,41,42.0,1.368,29.97,20,False,640.0,360.0
ready,msasl,,0,34,35.0,1.134,29.97,20,False,640.0,360.0
island,msasl,,0,41,42.0,1.368,29.97,11,False,540.0,360.0
country,msasl,,0,51,52.0,1.702,29.97,20,False,640.0,360.0
thanksgiving,msasl,,0,19,20.0,0.792,23.976,20,False,640.0,360.0
curtains,msasl,,0,40,41.0,1.335,29.97,11,False,540.0,360.0
month,msasl,,0,58,59.0,1.935,29.97,174,False,640.0,360.0
engaged,msasl,,0,47,48.0,1.96,23.976,20,False,640.0,360.0
halloween,msasl,,0,36,37.0,1.501,23.976,20,False,640.0,360.0
picture,msasl,,0,33,34.0,1.101,29.97,11,False,540.0,360.0
dark,msasl,,0,39,40.0,1.627,23.976,20,False,640.0,360.0
next,msasl,,0,28,29.0,1.168,23.976,20,False,640.0,360.0
oh i see,msasl,,0,26,27.0,1.084,23.976,92,False,640.0,360.0
late,msasl,,0,47,48.0,1.568,29.97,11,False,480.0,360.0
government,msasl,,0,39,40.0,1.301,29.97,20,False,640.0,360.0
fly,msasl,,0,25,26.0,1.043,23.976,20,False,640.0,360.0
check,msasl,,0,43,44.0,1.793,23.976,92,False,640.0,360.0
cake,msasl,,0,69,70.0,2.302,29.97,11,False,480.0,360.0
cabinets,msasl,,0,57,58.0,1.902,29.97,11,False,480.0,360.0
cloud,msasl,,0,80,81.0,2.669,29.97,11,False,540.0,360.0
university,msasl,,0,56,57.0,1.869,29.97,11,False,480.0,360.0
year,msasl,,0,50,51.0,1.668,29.97,20,False,640.0,360.0
brown,msasl,,0,59,60.0,1.969,29.97,11,False,480.0,360.0
purple,msasl,,0,44,45.0,1.468,29.97,11,False,480.0,360.0
study,msasl,,0,69,70.0,4.6,15.0,67,False,1280.0,720.0
ears,msasl,,0,39,40.0,1.627,23.976,92,False,640.0,360.0
all,msasl,,0,62,63.0,2.069,29.97,11,False,480.0,360.0
oh i see,msasl,,0,33,34.0,1.376,23.976,20,False,640.0,360.0
focus,msasl,,0,42,43.0,1.401,29.97,20,False,640.0,360.0
jam,msasl,,0,58,59.0,1.935,29.97,11,False,480.0,360.0
decide,msasl,,0,55,56.0,1.835,29.97,11,False,480.0,360.0
born,msasl,,0,51,52.0,1.702,29.97,20,False,640.0,360.0
born,msasl,,0,37,38.0,1.235,29.97,20,False,640.0,360.0
fruit,msasl,,0,51,52.0,1.702,29.97,11,False,480.0,360.0
scarf,msasl,,0,44,45.0,1.835,23.976,20,False,640.0,360.0
with,msasl,,0,55,56.0,1.835,29.97,11,False,480.0,360.0
europe,msasl,,0,75,76.0,2.502,29.97,11,False,480.0,360.0
friday,msasl,,0,54,55.0,1.802,29.97,11,False,480.0,360.0
glass,msasl,,0,34,35.0,1.418,23.976,20,False,640.0,360.0
check,msasl,,0,41,42.0,1.368,29.97,11,False,480.0,360.0
know,msasl,,0,45,46.0,1.502,29.97,11,False,480.0,360.0
month,msasl,,0,74,75.0,2.469,29.97,11,False,540.0,360.0
transfer,msasl,,0,18,19.0,0.751,23.976,20,False,640.0,360.0
furniture,msasl,,0,42,43.0,1.401,29.97,11,False,480.0,360.0
past,msasl,,0,46,47.0,1.535,29.97,11,False,480.0,360.0
strict,msasl,,0,43,44.0,1.435,29.97,11,False,480.0,360.0
teach,msasl,,0,39,40.0,1.627,23.976,92,False,640.0,360.0
email,msasl,,0,47,48.0,1.568,29.97,11,False,480.0,360.0
hello,msasl,,0,40,41.0,1.335,29.97,67,False,1280.0,720.0
about,msasl,,147,232,86.0,2.8359999999999994,29.97,10,False,1280.0,720.0
bed,msasl,,239,312,74.0,2.4350000000000005,29.97,10,False,1280.0,720.0
black,msasl,,319,425,107.0,3.536999999999999,29.97,10,False,1280.0,720.0
blue,msasl,,432,519,88.0,2.9030000000000005,29.97,10,False,1280.0,720.0
book,msasl,,526,591,66.0,2.1690000000000005,29.97,10,False,1280.0,720.0
room,msasl,,598,691,94.0,3.103000000000001,29.97,10,False,1280.0,720.0
brown,msasl,,698,782,85.0,2.803000000000001,29.97,10,False,1280.0,720.0
brown,msasl,,789,872,84.0,2.77,29.97,10,False,1280.0,720.0
car,msasl,,879,968,90.0,2.969999999999999,29.97,10,False,1280.0,720.0
sit,msasl,,975,1047,73.0,2.403000000000006,29.97,10,False,1280.0,720.0
class,msasl,,1054,1114,61.0,2.0020000000000024,29.97,10,False,1280.0,720.0
color,msasl,,1121,1221,101.0,3.336999999999996,29.97,10,False,1280.0,720.0
enjoy,msasl,,1316,1407,92.0,3.0360000000000014,29.97,10,False,1280.0,720.0
find,msasl,,1414,1468,55.0,1.802,29.97,10,False,1280.0,720.0
fingerspell,msasl,,1475,1561,87.0,2.869,29.97,10,False,1280.0,720.0
for,msasl,,1568,1621,54.0,1.768000000000001,29.97,10,False,1280.0,720.0
forget,msasl,,1628,1711,84.0,2.769000000000005,29.97,10,False,1280.0,720.0
from,msasl,,1718,1808,91.0,3.003,29.97,10,False,1280.0,720.0
gray,msasl,,1815,1906,92.0,3.036999999999999,29.97,10,False,1280.0,720.0
green,msasl,,1913,1981,69.0,2.269000000000005,29.97,10,False,1280.0,720.0
have,msasl,,2094,2180,87.0,2.869,29.97,10,False,1280.0,720.0
home,msasl,,2171,2259,89.0,2.936000000000007,29.97,10,False,1280.0,720.0
in,msasl,,2266,2366,101.0,3.3370000000000037,29.97,10,False,1280.0,720.0
know,msasl,,2373,2455,83.0,2.736000000000004,29.97,10,False,1280.0,720.0
like,msasl,,2462,2538,77.0,2.5360000000000014,29.97,10,False,1280.0,720.0
lost,msasl,,2544,2637,94.0,3.1029999999999944,29.97,10,False,1280.0,720.0
money,msasl,,2644,2749,106.0,3.5039999999999907,29.97,10,False,1280.0,720.0
name,msasl,,2756,2834,79.0,2.602000000000004,29.97,10,False,1280.0,720.0
need,msasl,,2841,2913,73.0,2.402000000000001,29.97,10,False,1280.0,720.0
new,msasl,,2920,2985,66.0,2.168999999999997,29.97,10,False,1280.0,720.0
old,msasl,,2992,3077,86.0,2.8359999999999985,29.97,10,False,1280.0,720.0
orange,msasl,,3084,3170,87.0,2.869,29.97,10,False,1280.0,720.0
paper,msasl,,3177,3296,120.0,3.971000000000004,29.97,10,False,1280.0,720.0
practice,msasl,,3303,3397,95.0,3.1370000000000005,29.97,10,False,1280.0,720.0
read,msasl,,3404,3483,80.0,2.635999999999996,29.97,10,False,1280.0,720.0
red,msasl,,3490,3576,87.0,2.869,29.97,10,False,1280.0,720.0
remember,msasl,,3583,3682,100.0,3.3029999999999973,29.97,10,False,1280.0,720.0
sign language,msasl,,3689,3792,104.0,3.435999999999993,29.97,10,False,1280.0,720.0
table,msasl,,3799,3899,101.0,3.3370000000000037,29.97,10,False,1280.0,720.0
thank you,msasl,,3906,3980,75.0,2.468999999999994,29.97,10,False,1280.0,720.0
want,msasl,,3987,4075,89.0,2.936000000000007,29.97,10,False,1280.0,720.0
white,msasl,,4082,4151,70.0,2.3019999999999925,29.97,10,False,1280.0,720.0
yellow,msasl,,4251,4334,84.0,2.768999999999977,29.97,10,False,1280.0,720.0
finish,msasl,,4428,4454,27.0,0.8670000000000186,29.97,10,False,1280.0,720.0
vegetable,msasl,,0,99,100.0,3.303,29.97,106,False,640.0,360.0
free,msasl,,0,25,26.0,1.043,23.976,20,False,640.0,360.0
equal,msasl,,0,65,66.0,2.169,29.97,11,False,480.0,360.0
potato,msasl,,0,38,39.0,1.268,29.97,11,False,540.0,360.0
white,msasl,,0,49,50.0,1.603,30.562,67,False,1280.0,720.0
stamp,msasl,,0,28,29.0,1.168,23.976,92,False,640.0,360.0
fishing,msasl,,0,33,34.0,1.376,23.976,92,False,640.0,360.0
camera,msasl,,0,51,52.0,1.702,29.97,11,False,480.0,360.0
for,msasl,,0,50,51.0,1.668,29.97,11,False,480.0,360.0
start,msasl,,0,37,38.0,1.235,29.97,20,False,640.0,360.0
time,msasl,,0,41,42.0,1.368,29.97,11,False,480.0,360.0
thanksgiving,msasl,,0,80,81.0,2.669,29.97,11,False,480.0,360.0
clock,msasl,,0,79,80.0,2.636,29.97,11,False,480.0,360.0
run,msasl,,0,103,104.0,3.437,29.97,106,False,640.0,360.0
spring,msasl,,0,39,40.0,1.301,29.97,20,False,640.0,360.0
fight,msasl,,0,50,51.0,1.668,29.97,11,False,480.0,360.0
bathroom,msasl,,0,28,29.0,0.934,29.97,11,False,540.0,360.0
cute,msasl,,0,44,45.0,1.468,29.97,67,False,1280.0,720.0
practice,msasl,,0,26,27.0,1.084,23.976,20,False,640.0,360.0
with,msasl,,0,54,55.0,1.802,29.97,92,False,640.0,360.0
please,msasl,,0,83,84.0,2.737,30.325,67,False,1280.0,720.0
bear,msasl,,0,77,78.0,2.569,29.97,11,False,480.0,360.0
candy,msasl,,0,51,52.0,1.702,29.97,11,False,480.0,360.0
black,msasl,,0,55,56.0,1.835,29.97,67,False,1280.0,720.0
vacuum,msasl,,0,87,88.0,5.8,15.0,67,False,1280.0,720.0
break,msasl,,0,44,45.0,1.468,29.97,20,False,640.0,360.0
dark,msasl,,0,35,36.0,1.46,23.976,20,False,640.0,360.0
letter,msasl,,0,48,49.0,1.602,29.97,11,False,480.0,360.0
dollar,msasl,,0,43,44.0,1.435,29.97,20,False,640.0,360.0
gym,msasl,,0,53,54.0,2.211,23.976,20,False,640.0,360.0
how,msasl,,0,91,92.0,3.036,29.97,174,False,640.0,360.0
understand,msasl,,0,47,48.0,1.568,29.97,11,False,480.0,360.0
floor,msasl,,0,65,66.0,2.137,30.415,67,False,1280.0,720.0
soda,msasl,,0,40,41.0,1.668,23.976,92,False,640.0,360.0
proud,msasl,,0,30,31.0,1.001,29.97,20,False,640.0,360.0
embarrassed,msasl,,0,69,70.0,2.302,29.97,11,False,480.0,360.0
beard,msasl,,0,42,43.0,1.401,29.97,20,False,640.0,360.0
hungry,msasl,,0,35,36.0,1.168,29.97,106,False,640.0,360.0
but,msasl,,0,44,45.0,1.436,30.633,67,False,1280.0,720.0
speech,msasl,,0,47,48.0,1.96,23.976,20,False,640.0,360.0
lonely,msasl,,0,55,56.0,1.835,29.97,11,False,480.0,360.0
bowling,msasl,,0,37,38.0,1.235,29.97,11,False,540.0,360.0
hot,msasl,,0,58,59.0,1.935,29.97,106,False,640.0,360.0
long hair,msasl,,0,43,44.0,1.435,29.97,20,False,640.0,360.0
accept,msasl,,0,26,27.0,1.084,23.976,20,False,640.0,360.0
lead,msasl,,0,32,33.0,1.068,29.97,20,False,640.0,360.0
why,msasl,,0,60,61.0,2.002,29.97,11,False,480.0,360.0
meet,msasl,,0,50,51.0,2.085,23.976,92,False,640.0,360.0
vacation,msasl,,0,51,52.0,1.702,29.97,11,False,480.0,360.0
who,msasl,,0,46,47.0,1.535,29.97,11,False,480.0,360.0
humble,msasl,,0,33,34.0,1.101,29.97,20,False,640.0,360.0
bus,msasl,,0,23,24.0,0.959,23.976,20,False,640.0,360.0
gold,msasl,,0,26,27.0,1.084,23.976,20,False,640.0,360.0
lead,msasl,,0,39,40.0,1.301,29.97,20,False,640.0,360.0
fine,msasl,,0,76,77.0,2.536,29.97,106,False,640.0,360.0
biology,msasl,,0,38,39.0,1.268,29.97,11,False,540.0,360.0
pineapple,msasl,,0,65,66.0,2.169,29.97,20,False,640.0,360.0
help,msasl,,0,53,54.0,1.768,29.97,11,False,480.0,360.0
shy,msasl,,0,49,50.0,2.044,23.976,20,False,640.0,360.0
same,msasl,,0,36,37.0,1.501,23.976,20,False,640.0,360.0
here,msasl,,0,64,65.0,2.135,29.97,11,False,480.0,360.0
lion,msasl,,0,38,39.0,1.268,29.97,11,False,540.0,360.0
towel,msasl,,0,70,71.0,2.336,29.97,106,False,640.0,360.0
swing,msasl,,0,69,70.0,2.302,29.97,11,False,540.0,360.0
airplane,msasl,,0,67,68.0,2.236,29.97,11,False,480.0,360.0
stamp,msasl,,0,57,58.0,1.902,29.97,20,False,640.0,360.0
visit,msasl,,0,24,25.0,1.001,23.976,20,False,640.0,360.0
party,msasl,,0,39,40.0,1.301,29.97,20,False,640.0,360.0
small,msasl,,0,25,26.0,1.043,23.976,20,False,640.0,360.0
win,msasl,,0,97,98.0,3.237,29.97,106,False,640.0,360.0
star,msasl,,0,64,65.0,2.135,29.97,11,False,540.0,360.0
worry,msasl,,0,63,64.0,2.102,29.97,11,False,480.0,360.0
boots,msasl,,0,48,49.0,2.002,23.976,20,False,640.0,360.0
play,msasl,,0,52,53.0,1.735,29.97,106,False,640.0,360.0
blanket,msasl,,0,32,33.0,1.335,23.976,20,False,640.0,360.0
math,msasl,,0,31,32.0,1.034,29.97,11,False,540.0,360.0
alone,msasl,,183,327,145.0,4.805,29.97,10,False,1280.0,720.0
beer,msasl,,344,446,103.0,3.404,29.97,10,False,1280.0,720.0
better,msasl,,553,646,94.0,3.102999999999998,29.97,10,False,1280.0,720.0
loan,msasl,,653,787,135.0,4.472000000000001,29.97,10,False,1280.0,720.0
dictionary,msasl,,1331,1461,131.0,4.338000000000001,29.97,10,False,1280.0,720.0
dry,msasl,,1669,1789,121.0,4.003999999999998,29.97,10,False,1280.0,720.0
join,msasl,,2630,2690,61.0,2.001999999999996,29.97,10,False,1280.0,720.0
join,msasl,,2690,2740,51.0,1.668999999999997,29.97,10,False,1280.0,720.0
join,msasl,,2770,2860,91.0,3.003,29.97,10,False,1280.0,720.0
listen,msasl,,2988,3058,71.0,2.3349999999999937,29.97,10,False,1280.0,720.0
loan,msasl,,3161,3265,105.0,3.469999999999999,29.97,10,False,1280.0,720.0
ready,msasl,,3721,3797,77.0,2.5360000000000014,29.97,10,False,1280.0,720.0
schedule,msasl,,3923,4042,120.0,3.971000000000004,29.97,10,False,1280.0,720.0
thin,msasl,,4636,4753,118.0,3.904000000000025,29.97,10,False,1280.0,720.0
cochlear implant,msasl,,0,32,33.0,1.335,23.976,92,False,640.0,360.0
me,msasl,,0,39,40.0,1.301,29.97,11,False,480.0,360.0
book,msasl,,0,29,30.0,1.21,23.976,92,False,640.0,360.0
new,msasl,,0,40,41.0,1.335,29.97,11,False,480.0,360.0
cereal,msasl,,0,123,124.0,4.104,29.97,106,False,640.0,360.0
car,msasl,,0,76,77.0,2.536,29.97,11,False,480.0,360.0
summer,msasl,,0,28,29.0,1.168,23.976,20,False,640.0,360.0
interpreter,msasl,,0,62,63.0,2.069,29.97,11,False,480.0,360.0
confused,msasl,,0,74,75.0,2.469,29.97,174,False,640.0,360.0
fox,msasl,,0,37,38.0,1.235,29.97,11,False,540.0,360.0
egg,msasl,,0,97,98.0,3.237,29.97,106,False,640.0,360.0
cute,msasl,,0,79,80.0,2.636,29.97,11,False,480.0,360.0
school,msasl,,0,54,55.0,1.802,29.97,174,False,640.0,360.0
fingerspell,msasl,,0,55,56.0,1.835,29.97,20,False,640.0,360.0
search,msasl,,0,53,54.0,1.768,29.97,11,False,480.0,360.0
what,msasl,,0,69,70.0,2.302,29.97,11,False,480.0,360.0
tomato,msasl,,0,56,57.0,1.869,29.97,11,False,480.0,360.0
swing,msasl,,0,117,118.0,3.904,29.97,106,False,640.0,360.0
purple,msasl,,0,67,68.0,2.236,29.97,67,False,1280.0,720.0
remember,msasl,,0,77,78.0,2.569,29.97,11,False,480.0,360.0
sheep,msasl,,0,38,39.0,1.268,29.97,11,False,540.0,360.0
wine,msasl,,0,64,65.0,2.135,29.97,20,False,640.0,360.0
wedding,msasl,,0,78,79.0,2.603,29.97,11,False,480.0,360.0
office,msasl,,0,31,32.0,1.034,29.97,20,False,640.0,360.0
golf,msasl,,0,31,32.0,1.293,23.976,92,False,640.0,360.0
gossip,msasl,,0,59,60.0,1.969,29.97,11,False,480.0,360.0
if,msasl,,0,34,35.0,1.418,23.976,20,False,640.0,360.0
dizzy,msasl,,0,40,41.0,1.668,23.976,20,False,640.0,360.0
enjoy,msasl,,0,46,47.0,1.535,29.97,20,False,640.0,360.0
alone,msasl,,0,77,78.0,2.569,29.97,11,False,480.0,360.0
motorcycle,msasl,,0,66,67.0,2.202,29.97,11,False,480.0,360.0
freeway,msasl,,0,60,61.0,2.002,29.97,11,False,480.0,360.0
people,msasl,,0,89,90.0,2.97,29.97,67,False,1280.0,720.0
hotel,msasl,,0,44,45.0,1.468,29.97,11,False,480.0,360.0
world,msasl,,0,40,41.0,1.335,29.97,20,False,640.0,360.0
breakfast,msasl,,0,59,60.0,1.969,29.97,106,False,640.0,360.0
since,msasl,,0,66,67.0,2.202,29.97,11,False,480.0,360.0
travel,msasl,,0,45,46.0,1.502,29.97,11,False,480.0,360.0
girl,msasl,,0,48,49.0,1.602,29.97,11,False,480.0,360.0
man,msasl,,0,58,59.0,1.935,29.97,67,False,1280.0,720.0
exercise,msasl,,0,63,64.0,2.102,29.97,11,False,480.0,360.0
equal,msasl,,0,24,25.0,1.001,23.976,20,False,640.0,360.0
long hair,msasl,,0,68,69.0,2.269,29.97,20,False,640.0,360.0
golf,msasl,,0,37,38.0,1.235,29.97,11,False,540.0,360.0
wrong,msasl,,0,73,74.0,2.436,29.97,11,False,480.0,360.0
window,msasl,,0,35,36.0,1.168,29.97,11,False,540.0,360.0
drink,msasl,,0,41,42.0,1.368,29.97,11,False,480.0,360.0
live,msasl,,0,39,40.0,1.301,29.97,11,False,480.0,360.0
lettuce,msasl,,0,60,61.0,2.002,29.97,20,False,640.0,360.0
number,msasl,,0,52,53.0,1.735,29.97,67,False,1280.0,720.0
soccer,msasl,,0,86,87.0,5.668,15.173,67,False,1280.0,720.0
hour,msasl,,0,59,60.0,1.969,29.97,11,False,480.0,360.0
mechanic,msasl,,0,44,45.0,1.468,29.97,11,False,540.0,360.0
house,msasl,,0,55,56.0,1.835,29.97,11,False,480.0,360.0
lost,msasl,,0,52,53.0,1.735,29.97,11,False,480.0,360.0
fail,msasl,,0,35,36.0,1.168,29.97,20,False,640.0,360.0
underwear,msasl,,0,27,28.0,1.126,23.976,92,False,640.0,360.0
fingerspell,msasl,,0,67,68.0,2.204,30.398,67,False,1280.0,720.0
fine,msasl,,0,55,56.0,1.835,29.97,11,False,480.0,360.0
afternoon,msasl,,0,91,92.0,6.002,15.162,67,False,1280.0,720.0
lamp,msasl,,0,69,70.0,2.302,29.97,11,False,480.0,360.0
follow,msasl,,0,25,26.0,1.043,23.976,20,False,640.0,360.0
island,msasl,,0,36,37.0,1.501,23.976,92,False,640.0,360.0
monkey,msasl,,0,38,39.0,1.268,29.97,11,False,540.0,360.0
afraid,msasl,,0,62,63.0,2.069,29.97,11,False,480.0,360.0
mountain,msasl,,0,39,40.0,1.301,29.97,11,False,540.0,360.0
call,msasl,,0,34,35.0,1.134,29.97,20,False,640.0,360.0
language,msasl,,0,68,69.0,2.269,29.97,11,False,540.0,360.0
surf,msasl,,0,56,57.0,1.869,29.97,11,False,480.0,360.0
make,msasl,,0,63,64.0,4.2,15.0,67,False,1280.0,720.0
son,msasl,,0,67,68.0,2.236,29.97,20,False,640.0,360.0
gym,msasl,,0,47,48.0,1.96,23.976,20,False,640.0,360.0
wednesday,msasl,,0,60,61.0,2.002,29.97,11,False,480.0,360.0
name,msasl,,0,55,56.0,1.835,29.97,11,False,480.0,360.0
bad,msasl,,0,18,19.0,0.751,23.976,20,False,640.0,360.0
right,msasl,,0,33,34.0,1.376,23.976,92,False,640.0,360.0
soda,msasl,,0,56,57.0,1.869,29.97,11,False,480.0,360.0
nice,msasl,,0,80,81.0,5.333,15.0,67,False,1280.0,720.0
lunch,msasl,,0,46,47.0,1.535,29.97,106,False,640.0,360.0
see,msasl,,0,80,81.0,5.268,15.186,67,False,1280.0,720.0
mother,msasl,,0,74,75.0,2.469,29.97,106,False,640.0,360.0
water,msasl,,0,86,87.0,5.668,15.173,67,False,1280.0,720.0
jacket,msasl,,0,55,56.0,1.803,30.501,67,False,1280.0,720.0
careful,msasl,,0,51,52.0,1.702,29.97,11,False,480.0,360.0
curly hair,msasl,,0,43,44.0,1.435,29.97,20,False,640.0,360.0
pineapple,msasl,,0,54,55.0,1.802,29.97,11,False,480.0,360.0
cookie,msasl,,0,74,75.0,2.469,29.97,106,False,640.0,360.0
yesterday,msasl,,0,54,55.0,1.802,29.97,174,False,640.0,360.0
pig,msasl,,0,34,35.0,1.134,29.97,11,False,540.0,360.0
want,msasl,,0,64,65.0,2.135,29.97,11,False,480.0,360.0
movie,msasl,,0,39,40.0,1.301,29.97,20,False,640.0,360.0
apply,msasl,,0,55,56.0,1.835,29.97,20,False,640.0,360.0
pie,msasl,,0,89,90.0,2.97,29.97,11,False,540.0,360.0
cafeteria,msasl,,0,32,33.0,1.335,23.976,20,False,640.0,360.0
office,msasl,,0,35,36.0,1.168,29.97,20,False,640.0,360.0
relationship,msasl,,0,48,49.0,1.602,29.97,20,False,640.0,360.0
husband,msasl,,0,58,59.0,1.935,29.97,20,False,640.0,360.0
corn,msasl,,0,85,86.0,2.836,29.97,20,False,640.0,360.0
disappear,msasl,,0,42,43.0,1.752,23.976,92,False,640.0,360.0
easter,msasl,,0,23,24.0,0.959,23.976,20,False,640.0,360.0
poor,msasl,,0,32,33.0,1.335,23.976,92,False,640.0,360.0
number,msasl,,0,49,50.0,1.635,29.97,11,False,480.0,360.0
hat,msasl,,0,61,62.0,2.035,29.97,67,False,1280.0,720.0
whale,msasl,,0,50,51.0,2.085,23.976,92,False,640.0,360.0
lawyer,msasl,,0,45,46.0,1.502,29.97,11,False,540.0,360.0
kitchen,msasl,,0,33,34.0,1.101,29.97,11,False,540.0,360.0
lemon,msasl,,0,57,58.0,1.902,29.97,20,False,640.0,360.0
fingerspell,msasl,,0,63,64.0,2.102,29.97,11,False,480.0,360.0
humble,msasl,,0,35,36.0,1.168,29.97,20,False,640.0,360.0
library,msasl,,0,36,37.0,1.201,29.97,11,False,540.0,360.0
fire,msasl,,0,53,54.0,1.768,29.97,11,False,480.0,360.0
accept,msasl,,95,223,129.0,4.271,29.97,10,False,1280.0,720.0
bake,msasl,,359,484,126.0,4.170000000000002,29.97,10,False,1280.0,720.0
born,msasl,,612,725,114.0,3.770999999999997,29.97,10,False,1280.0,720.0
can,msasl,,732,841,110.0,3.637000000000001,29.97,10,False,1280.0,720.0
can't,msasl,,848,960,113.0,3.7369999999999943,29.97,10,False,1280.0,720.0
cry,msasl,,1518,1634,117.0,3.869999999999997,29.97,10,False,1280.0,720.0
divorce,msasl,,1641,1770,130.0,4.303999999999995,29.97,10,False,1280.0,720.0
fail,msasl,,2118,2168,51.0,1.6679999999999922,29.97,10,False,1280.0,720.0
fail,msasl,,2168,2228,61.0,2.001999999999996,29.97,10,False,1280.0,720.0
fail,msasl,,2228,2358,131.0,4.338000000000008,29.97,10,False,1280.0,720.0
fast,msasl,,2374,2492,119.0,3.9380000000000015,29.97,10,False,1280.0,720.0
get up,msasl,,2881,2983,103.0,3.4039999999999964,29.97,10,False,1280.0,720.0
laugh,msasl,,2990,3093,104.0,3.4369999999999976,29.97,10,False,1280.0,720.0
speech,msasl,,3100,3218,119.0,3.9369999999999976,29.97,10,False,1280.0,720.0
marry,msasl,,3337,3477,141.0,4.671000000000007,29.97,10,False,1280.0,720.0
more,msasl,,3701,3815,115.0,3.804000000000002,29.97,10,False,1280.0,720.0
must,msasl,,3934,4041,108.0,3.570999999999998,29.97,10,False,1280.0,720.0
not yet,msasl,,4048,4151,104.0,3.4369999999999834,29.97,10,False,1280.0,720.0
number,msasl,,4158,4278,121.0,4.003999999999991,29.97,10,False,1280.0,720.0
party,msasl,,4295,4425,131.0,4.336999999999989,29.97,10,False,1280.0,720.0
pass,msasl,,4447,4565,119.0,3.937999999999988,29.97,10,False,1280.0,720.0
put_down,msasl,,4820,4930,111.0,3.670999999999992,29.97,10,False,1280.0,720.0
refuse,msasl,,5144,5249,106.0,3.5039999999999907,29.97,10,False,1280.0,720.0
restaurant,msasl,,5236,5376,141.0,4.670999999999992,29.97,10,False,1280.0,720.0
save,msasl,,5418,5527,110.0,3.637000000000001,29.97,10,False,1280.0,720.0
should,msasl,,5534,5625,92.0,3.0360000000000014,29.97,10,False,1280.0,720.0
sleep,msasl,,5632,5753,122.0,4.037000000000006,29.97,10,False,1280.0,720.0
slow,msasl,,5750,5890,141.0,4.671999999999997,29.97,10,False,1280.0,720.0
slow,msasl,,5890,6010,121.0,4.003999999999991,29.97,10,False,1280.0,720.0
take up,msasl,,6042,6120,79.0,2.6030000000000086,29.97,10,False,1280.0,720.0
think,msasl,,6127,6234,108.0,3.570999999999998,29.97,10,False,1280.0,720.0
wedding,msasl,,6391,6532,142.0,4.704999999999984,29.97,10,False,1280.0,720.0
win,msasl,,6539,6658,120.0,3.969999999999999,29.97,10,False,1280.0,720.0
early,msasl,,853,969,117.0,3.870000000000001,29.97,10,False,1280.0,720.0
gone,msasl,,1230,1363,134.0,4.438000000000002,29.97,10,False,1280.0,720.0
hurt,msasl,,1370,1460,91.0,3.003,29.97,10,False,1280.0,720.0
kitchen,msasl,,1457,1547,91.0,3.003,29.97,10,False,1280.0,720.0
kitchen,msasl,,1557,1667,111.0,3.6700000000000017,29.97,10,False,1280.0,720.0
lie,msasl,,1800,1933,134.0,4.438000000000002,29.97,10,False,1280.0,720.0
loud,msasl,,1940,2085,146.0,4.838999999999999,29.97,10,False,1280.0,720.0
moon,msasl,,2640,2781,142.0,4.7050000000000125,29.97,10,False,1280.0,720.0
rest,msasl,,3810,3925,116.0,3.8370000000000033,29.97,10,False,1280.0,720.0
rich,msasl,,4193,4323,131.0,4.337999999999994,29.97,10,False,1280.0,720.0
street,msasl,,4780,4906,127.0,4.204000000000008,29.97,10,False,1280.0,720.0
strict,msasl,,4913,5040,128.0,4.238,29.97,10,False,1280.0,720.0
sun,msasl,,5097,5232,136.0,4.504000000000019,29.97,10,False,1280.0,720.0
wake up,msasl,,5843,5951,109.0,3.603999999999985,29.97,10,False,1280.0,720.0
worry,msasl,,0,43,44.0,1.435,29.97,20,False,640.0,360.0
beer,msasl,,0,47,48.0,1.568,29.97,11,False,480.0,360.0
car,msasl,,0,53,54.0,1.768,29.97,67,False,1280.0,720.0
close,msasl,,0,53,54.0,1.736,30.526,67,False,1280.0,720.0
vice president,msasl,,0,39,40.0,1.627,23.976,20,False,640.0,360.0
angry,msasl,,0,47,48.0,1.568,29.97,20,False,640.0,360.0
country,msasl,,0,48,49.0,1.602,29.97,20,False,640.0,360.0
tiger,msasl,,0,35,36.0,1.168,29.97,11,False,540.0,360.0
spider,msasl,,0,58,59.0,2.419,23.976,20,False,640.0,360.0
potato,msasl,,0,93,94.0,3.103,29.97,106,False,640.0,360.0
paper,msasl,,0,33,34.0,1.101,29.97,11,False,540.0,360.0
head,msasl,,0,38,39.0,1.585,23.976,92,False,640.0,360.0
fix,msasl,,0,49,50.0,1.635,29.97,20,False,640.0,360.0
class,msasl,,0,46,47.0,1.535,29.97,11,False,480.0,360.0
wrong,msasl,,0,46,47.0,1.535,29.97,11,False,480.0,360.0
college,msasl,,0,37,38.0,1.543,23.976,92,False,640.0,360.0
birthday,msasl,,0,68,69.0,2.269,29.97,11,False,480.0,360.0
shirt,msasl,,0,64,65.0,2.135,29.97,67,False,1280.0,720.0
warm,msasl,,0,37,38.0,1.543,23.976,92,False,640.0,360.0
go,msasl,,0,60,61.0,2.002,29.97,106,False,640.0,360.0
hurry,msasl,,0,49,50.0,1.635,29.976,67,False,1280.0,720.0
perfect,msasl,,0,42,43.0,1.752,23.976,20,False,640.0,360.0
paint,msasl,,0,30,31.0,1.251,23.976,92,False,640.0,360.0
think,msasl,,0,67,68.0,2.236,29.97,11,False,480.0,360.0
pineapple,msasl,,0,81,82.0,2.703,29.97,20,False,640.0,360.0
important,msasl,,0,60,61.0,2.002,29.97,11,False,480.0,360.0
fast,msasl,,0,21,22.0,0.876,23.976,20,False,640.0,360.0
nose,msasl,,0,28,29.0,0.934,29.97,20,False,640.0,360.0
hid,msasl,,0,83,84.0,2.737,30.325,67,False,1280.0,720.0
hit,msasl,,0,28,29.0,1.168,23.976,92,False,640.0,360.0
bus,msasl,,0,24,25.0,1.001,23.976,20,False,640.0,360.0
midnight,msasl,,0,53,54.0,1.768,29.97,20,False,640.0,360.0
teach,msasl,,0,63,64.0,2.102,29.97,11,False,480.0,360.0
half,msasl,,0,31,32.0,1.293,23.976,20,False,640.0,360.0
every week,msasl,,0,34,35.0,1.418,23.976,92,False,640.0,360.0
single,msasl,,0,32,33.0,1.068,29.97,20,False,640.0,360.0
that,msasl,,0,46,47.0,1.535,29.97,11,False,480.0,360.0
sit,msasl,,0,66,67.0,2.202,29.97,11,False,480.0,360.0
street,msasl,,0,50,51.0,1.668,29.97,11,False,540.0,360.0
eat,msasl,,0,68,69.0,2.237,30.396,67,False,1280.0,720.0
grandfather,msasl,,0,68,69.0,2.269,29.97,106,False,640.0,360.0
sick,msasl,,0,58,59.0,1.935,29.97,20,False,640.0,360.0
autumn,msasl,,0,57,58.0,1.902,29.97,11,False,480.0,360.0
pepper,msasl,,0,34,35.0,1.418,23.976,20,False,640.0,360.0
build,msasl,,0,43,44.0,1.435,29.97,20,False,640.0,360.0
every night,msasl,,0,40,41.0,1.668,23.976,20,False,640.0,360.0
school,msasl,,0,49,50.0,1.635,29.97,11,False,480.0,360.0
please,msasl,,0,58,59.0,1.935,29.97,11,False,480.0,360.0
television,msasl,,0,51,52.0,1.702,29.97,11,False,480.0,360.0
cool,msasl,,0,22,23.0,0.918,23.976,20,False,640.0,360.0
sick,msasl,,0,45,46.0,1.502,29.97,11,False,480.0,360.0
call,msasl,,0,30,31.0,1.251,23.976,92,False,640.0,360.0
finish,msasl,,0,47,48.0,1.568,29.97,67,False,1280.0,720.0
day,msasl,,0,72,73.0,2.402,29.97,174,False,640.0,360.0
visit,msasl,,0,48,49.0,2.002,23.976,20,False,640.0,360.0
nothing,msasl,,0,65,66.0,2.169,29.97,11,False,480.0,360.0
yesterday,msasl,,0,39,40.0,1.627,23.976,92,False,640.0,360.0
pants,msasl,,0,44,45.0,1.468,29.97,11,False,540.0,360.0
use,msasl,,0,69,70.0,2.302,29.97,11,False,480.0,360.0
hospital,msasl,,0,60,61.0,2.002,29.97,11,False,480.0,360.0
summer,msasl,,0,48,49.0,1.602,29.97,11,False,480.0,360.0
ask,msasl,,0,19,20.0,0.792,23.976,20,False,640.0,360.0
water,msasl,,0,91,92.0,3.036,29.97,106,False,640.0,360.0
traffic,msasl,,0,53,54.0,1.768,29.97,11,False,480.0,360.0
minute,msasl,,0,46,47.0,1.535,29.97,11,False,480.0,360.0
soap,msasl,,0,53,54.0,1.768,29.97,11,False,540.0,360.0
last,msasl,,0,44,45.0,1.468,29.97,11,False,480.0,360.0
eat,msasl,,0,52,53.0,1.735,29.97,11,False,480.0,360.0
throw,msasl,,0,46,47.0,1.535,29.97,106,False,640.0,360.0
fishing,msasl,,0,31,32.0,1.293,23.976,92,False,640.0,360.0
short hair,msasl,,0,48,49.0,1.602,29.97,20,False,640.0,360.0
happy,msasl,,0,79,80.0,2.636,29.97,174,False,640.0,360.0
tired,msasl,,0,71,72.0,2.369,29.97,11,False,480.0,360.0
computer,msasl,,0,44,45.0,1.468,29.97,20,False,640.0,360.0
thank you,msasl,,0,44,45.0,1.468,29.98,67,False,1280.0,720.0
candle,msasl,,0,62,63.0,2.069,29.97,11,False,480.0,360.0
pillow,msasl,,0,47,48.0,1.568,29.97,11,False,540.0,360.0
believe,msasl,,0,34,35.0,1.418,23.976,20,False,640.0,360.0
play,msasl,,0,44,45.0,1.468,29.97,11,False,480.0,360.0
accept,msasl,,0,30,31.0,1.251,23.976,20,False,640.0,360.0
center,msasl,,0,30,31.0,1.251,23.976,20,False,640.0,360.0
green,msasl,,0,46,47.0,1.533,30.0,67,False,1280.0,720.0
drop,msasl,,0,25,26.0,1.043,23.976,20,False,640.0,360.0
gallaudet,msasl,,0,53,54.0,1.768,29.97,11,False,480.0,360.0
wish,msasl,,0,57,58.0,1.902,29.97,11,False,480.0,360.0
serious,msasl,,0,45,46.0,1.502,29.97,11,False,480.0,360.0
plan,msasl,,0,36,37.0,1.501,23.976,20,False,640.0,360.0
break,msasl,,0,48,49.0,1.602,29.97,11,False,480.0,360.0
small,msasl,,0,57,58.0,1.902,29.97,11,False,480.0,360.0
autumn,msasl,,0,57,58.0,1.902,29.97,11,False,480.0,360.0
army,msasl,,0,53,54.0,1.768,29.97,11,False,480.0,360.0
become,msasl,,0,32,33.0,1.335,23.976,92,False,640.0,360.0
tennis,msasl,,0,43,44.0,1.435,29.97,11,False,540.0,360.0
red,msasl,,0,47,48.0,1.568,29.97,11,False,480.0,360.0
horse,msasl,,0,37,38.0,1.235,29.97,11,False,540.0,360.0
monday,msasl,,0,48,49.0,1.602,29.97,11,False,480.0,360.0
asia,msasl,,0,67,68.0,2.236,29.97,11,False,480.0,360.0
beard,msasl,,0,58,59.0,1.935,29.97,67,False,1280.0,720.0
man,msasl,,0,46,47.0,1.535,29.97,11,False,480.0,360.0
lead,msasl,,0,34,35.0,1.134,29.97,20,False,640.0,360.0
eat,msasl,,0,72,73.0,2.402,29.97,106,False,640.0,360.0
back,msasl,,0,66,67.0,2.202,29.97,11,False,480.0,360.0
gold,msasl,,0,25,26.0,1.043,23.976,20,False,640.0,360.0
here,msasl,,0,65,66.0,2.169,29.97,67,False,1280.0,720.0
asl,msasl,,0,28,29.0,1.168,23.976,20,False,640.0,360.0
history,msasl,,0,35,36.0,1.168,29.97,11,False,540.0,360.0
bed,msasl,,0,23,24.0,0.959,23.976,20,False,640.0,360.0
piano,msasl,,0,28,29.0,1.168,23.976,92,False,640.0,360.0
toast,msasl,,0,79,80.0,2.636,29.97,106,False,640.0,360.0
sit,msasl,,0,58,59.0,1.935,29.97,67,False,1280.0,720.0
thursday,msasl,,0,49,50.0,1.635,29.97,11,False,480.0,360.0
warm,msasl,,0,42,43.0,1.401,29.97,11,False,480.0,360.0
make,msasl,,0,47,48.0,1.568,29.97,20,False,640.0,360.0
fix,msasl,,0,38,39.0,1.585,23.976,92,False,640.0,360.0
rain,msasl,,0,27,28.0,1.126,23.976,92,False,640.0,360.0
engineer,msasl,,0,47,48.0,1.568,29.97,20,False,640.0,360.0
when,msasl,,0,42,43.0,1.752,23.976,92,False,640.0,360.0
fat,msasl,,0,49,50.0,1.635,29.97,11,False,480.0,360.0
laundry,msasl,,0,64,65.0,4.234,15.116,67,False,1280.0,720.0
paper,msasl,,0,36,37.0,1.501,23.976,92,False,640.0,360.0
grandmother,msasl,,0,58,59.0,1.935,29.97,11,False,480.0,360.0
start,msasl,,0,39,40.0,1.301,29.97,20,False,640.0,360.0
mustache,msasl,,0,46,47.0,1.533,30.0,67,False,1280.0,720.0
noon,msasl,,0,78,79.0,5.2,15.0,67,False,1280.0,720.0
popcorn,msasl,,0,99,100.0,3.303,29.97,11,False,540.0,360.0
same,msasl,,0,35,36.0,1.168,29.97,20,False,640.0,360.0
and,msasl,,0,41,42.0,1.368,29.97,11,False,480.0,360.0
talk,msasl,,0,32,33.0,1.335,23.976,20,False,640.0,360.0
rain,msasl,,0,44,45.0,1.468,29.97,11,False,540.0,360.0
bored,msasl,,0,35,36.0,1.168,29.97,11,False,480.0,360.0
bat,msasl,,0,31,32.0,1.293,23.976,92,False,640.0,360.0
purple,msasl,,0,52,53.0,2.169,23.976,20,False,640.0,360.0
snob,msasl,,0,27,28.0,1.126,23.976,92,False,640.0,360.0
bird,msasl,,0,34,35.0,1.134,29.97,11,False,540.0,360.0
pink,msasl,,0,77,78.0,2.569,29.97,11,False,480.0,360.0
true,msasl,,0,31,32.0,1.293,23.976,92,False,640.0,360.0
paint,msasl,,0,30,31.0,1.251,23.976,92,False,640.0,360.0
guilty,msasl,,0,36,37.0,1.201,29.97,20,False,640.0,360.0
curious,msasl,,0,39,40.0,1.301,29.97,20,False,640.0,360.0
fix,msasl,,0,60,61.0,4.0,15.0,67,False,1280.0,720.0
corn,msasl,,0,48,49.0,1.602,29.97,11,False,490.0,360.0
disappear,msasl,,0,62,63.0,2.069,29.97,11,False,480.0,360.0
bathroom,msasl,,0,39,40.0,1.301,29.97,11,False,490.0,360.0
scientist,msasl,,0,50,51.0,1.668,29.97,11,False,540.0,360.0
jump,msasl,,0,62,63.0,2.037,30.435,67,False,1280.0,720.0
nice,msasl,,0,38,39.0,1.236,30.733,67,False,1280.0,720.0
midnight,msasl,,0,114,115.0,7.6,15.0,67,False,1280.0,720.0
volleyball,msasl,,0,34,35.0,1.134,29.97,11,False,540.0,360.0
ball,msasl,,0,56,57.0,1.869,29.97,11,False,480.0,360.0
clear,msasl,,0,56,57.0,1.869,29.97,11,False,480.0,360.0
therapy,msasl,,0,35,36.0,1.168,29.97,20,False,640.0,360.0
secretary,msasl,,0,38,39.0,1.268,29.97,11,False,540.0,360.0
hoddog,msasl,,0,51,52.0,1.702,29.97,11,False,480.0,360.0
swim,msasl,,0,47,48.0,3.1,15.161,67,False,1280.0,720.0
church,msasl,,0,38,39.0,1.268,29.97,20,False,640.0,360.0
knife,msasl,,0,52,53.0,1.735,29.97,11,False,480.0,360.0
wine,msasl,,0,57,58.0,1.902,29.97,11,False,480.0,360.0
more,msasl,,0,47,48.0,1.568,29.97,11,False,480.0,360.0
skirt,msasl,,0,38,39.0,1.268,29.97,11,False,540.0,360.0
grey,msasl,,0,70,71.0,2.336,29.97,67,False,1280.0,720.0
restaurant,msasl,,0,58,59.0,1.935,29.97,11,False,480.0,360.0
africa,msasl,,0,94,95.0,3.136,29.97,11,False,540.0,360.0
curly hair,msasl,,0,51,52.0,1.702,29.97,20,False,640.0,360.0
serious,msasl,,0,30,31.0,1.251,23.976,20,False,640.0,360.0
game,msasl,,0,51,52.0,1.702,29.97,11,False,480.0,360.0
draw,msasl,,0,59,60.0,1.969,29.97,11,False,480.0,360.0
grandfather,msasl,,0,52,53.0,1.735,29.97,11,False,480.0,360.0
march,msasl,,0,66,67.0,2.202,29.97,174,False,640.0,360.0
date,msasl,,0,39,40.0,1.627,23.976,92,False,640.0,360.0
steal,msasl,,0,68,69.0,2.269,29.97,11,False,480.0,360.0
tea,msasl,,0,35,36.0,1.168,29.97,11,False,540.0,360.0
heart,msasl,,0,53,54.0,1.768,29.97,20,False,640.0,360.0
never,msasl,,0,81,82.0,2.703,29.97,11,False,480.0,360.0
#asl,msasl,,0,49,50.0,1.633,30.0,67,False,1280.0,720.0
earn,msasl,,0,54,55.0,1.802,29.97,11,False,480.0,360.0
milk,msasl,,0,30,31.0,1.001,29.97,11,False,540.0,360.0
drive,msasl,,0,53,54.0,1.768,29.97,67,False,1280.0,720.0
high school,msasl,,0,51,52.0,1.702,29.97,11,False,480.0,360.0
born,msasl,,0,47,48.0,1.568,29.97,20,False,640.0,360.0
vacation,msasl,,0,41,42.0,1.368,29.97,11,False,480.0,360.0
and,msasl,,345,449,105.0,3.471,29.97,10,False,1280.0,720.0
beautiful,msasl,,548,653,106.0,3.503,29.97,10,False,1280.0,720.0
big,msasl,,660,770,111.0,3.6700000000000017,29.97,10,False,1280.0,720.0
cool,msasl,,777,866,90.0,2.9700000000000024,29.97,10,False,1280.0,720.0
deaf,msasl,,873,981,109.0,3.603999999999996,29.97,10,False,1280.0,720.0
deaf,msasl,,988,1111,124.0,4.103999999999999,29.97,10,False,1280.0,720.0
happy,msasl,,1225,1294,70.0,2.302,29.97,10,False,1280.0,720.0
hard of hearing,msasl,,1301,1394,94.0,3.103000000000001,29.97,10,False,1280.0,720.0
hearing,msasl,,1490,1581,92.0,3.036999999999999,29.97,10,False,1280.0,720.0
hello,msasl,,1690,1772,83.0,2.735999999999997,29.97,10,False,1280.0,720.0
me,msasl,,1779,1870,92.0,3.036999999999999,29.97,10,False,1280.0,720.0
light,msasl,,2003,2115,113.0,3.7369999999999943,29.97,10,False,1280.0,720.0
mad,msasl,,2122,2222,101.0,3.3370000000000037,29.97,10,False,1280.0,720.0
beautiful,msasl,,2229,2320,92.0,3.037000000000006,29.97,10,False,1280.0,720.0
sad,msasl,,2327,2417,91.0,3.003,29.97,10,False,1280.0,720.0
surprise,msasl,,3038,3128,91.0,3.003,29.97,10,False,1280.0,720.0
tall,msasl,,3135,3262,128.0,4.236999999999995,29.97,10,False,1280.0,720.0
tall,msasl,,3269,3380,112.0,3.703000000000003,29.97,10,False,1280.0,720.0
they,msasl,,3387,3481,95.0,3.135999999999996,29.97,10,False,1280.0,720.0
tired,msasl,,3488,3615,128.0,4.238,29.97,10,False,1280.0,720.0
ugly,msasl,,3622,3728,107.0,3.537000000000006,29.97,10,False,1280.0,720.0
warm,msasl,,3735,3870,136.0,4.504999999999996,29.97,10,False,1280.0,720.0
we,msasl,,3877,3966,90.0,2.968999999999994,29.97,10,False,1280.0,720.0
weak,msasl,,3973,4079,107.0,3.537000000000006,29.97,10,False,1280.0,720.0
you,msasl,,4061,4139,79.0,2.60299999999998,29.97,10,False,1280.0,720.0
finish,msasl,,4259,4291,33.0,1.0669999999999789,29.97,10,False,1280.0,720.0
ticket,msasl,,0,37,38.0,1.543,23.976,92,False,640.0,360.0
now,msasl,,0,59,60.0,1.969,29.97,11,False,480.0,360.0
come,msasl,,0,78,79.0,2.603,29.97,11,False,480.0,360.0
who,msasl,,0,61,62.0,2.035,29.97,67,False,1280.0,720.0
flag,msasl,,0,68,69.0,2.269,29.97,20,False,640.0,360.0
separate,msasl,,0,22,23.0,0.918,23.976,20,False,640.0,360.0
play,msasl,,0,82,83.0,5.402,15.179,67,False,1280.0,720.0
meat,msasl,,0,62,63.0,2.069,29.97,11,False,480.0,360.0
motivated,msasl,,0,72,73.0,2.402,29.97,174,False,640.0,360.0
same,msasl,,0,71,72.0,2.369,29.97,11,False,480.0,360.0
soup,msasl,,0,40,41.0,1.335,29.97,11,False,540.0,360.0
weather,msasl,,0,53,54.0,1.768,29.97,11,False,480.0,360.0
shop,msasl,,0,61,62.0,2.035,29.97,11,False,480.0,360.0
sweet,msasl,,0,36,37.0,1.501,23.976,20,False,640.0,360.0
brother,msasl,,0,48,49.0,1.602,29.97,11,False,480.0,360.0
mother,msasl,,0,81,82.0,2.703,29.97,20,False,640.0,360.0
where,msasl,,0,43,44.0,1.435,29.97,11,False,480.0,360.0
rude,msasl,,0,49,50.0,1.635,29.97,11,False,480.0,360.0
call,msasl,,0,31,32.0,1.293,23.976,20,False,640.0,360.0
hello,msasl,,0,52,53.0,1.735,29.97,11,False,480.0,360.0
have,msasl,,0,44,45.0,1.468,29.97,11,False,480.0,360.0
table,msasl,,0,62,63.0,2.069,29.97,67,False,1280.0,720.0
mirror,msasl,,0,30,31.0,1.001,29.97,11,False,540.0,360.0
make,msasl,,0,38,39.0,1.268,29.97,20,False,640.0,360.0
letter,msasl,,0,29,30.0,1.21,23.976,20,False,640.0,360.0
sit,msasl,,0,30,31.0,1.251,23.976,92,False,640.0,360.0
candy,msasl,,0,49,50.0,1.635,29.97,11,False,540.0,360.0
theater,msasl,,0,78,79.0,2.603,29.97,11,False,480.0,360.0
kiss,msasl,,0,25,26.0,1.043,23.976,92,False,640.0,360.0
sweep,msasl,,0,66,67.0,2.202,29.97,11,False,480.0,360.0
more,msasl,,0,82,83.0,2.736,29.97,106,False,640.0,360.0
why,msasl,,0,46,47.0,1.535,29.97,174,False,640.0,360.0
sell,msasl,,0,56,57.0,1.837,30.481,67,False,1280.0,720.0
bad,msasl,,0,21,22.0,0.876,23.976,20,False,640.0,360.0
swing,msasl,,0,36,37.0,1.501,23.976,92,False,640.0,360.0
true,msasl,,0,59,60.0,1.969,29.97,11,False,480.0,360.0
music,msasl,,0,56,57.0,1.869,29.97,11,False,540.0,360.0
sister,msasl,,0,72,73.0,2.402,29.97,106,False,640.0,360.0
halloween,msasl,,0,30,31.0,1.251,23.976,20,False,640.0,360.0
sugar,msasl,,0,30,31.0,1.001,29.97,20,False,640.0,360.0
find,msasl,,0,56,57.0,1.869,29.97,67,False,1280.0,720.0
mix,msasl,,0,31,32.0,1.293,23.976,92,False,640.0,360.0
basement,msasl,,0,55,56.0,1.835,29.97,11,False,480.0,360.0
paint,msasl,,0,33,34.0,1.376,23.976,92,False,640.0,360.0
love,msasl,,0,31,32.0,1.293,23.976,92,False,640.0,360.0
psychology,msasl,,0,62,63.0,2.586,23.976,20,False,640.0,360.0
cloud,msasl,,0,34,35.0,1.418,23.976,92,False,640.0,360.0
world,msasl,,0,54,55.0,1.802,29.97,11,False,480.0,360.0
popcorn,msasl,,0,28,29.0,1.168,23.976,92,False,640.0,360.0
boat,msasl,,0,77,78.0,2.569,29.97,11,False,480.0,360.0
kiss,msasl,,0,26,27.0,1.084,23.976,92,False,640.0,360.0
camping,msasl,,0,36,37.0,1.501,23.976,92,False,640.0,360.0
hat,msasl,,0,31,32.0,1.034,29.97,11,False,540.0,360.0
disappear,msasl,,0,49,50.0,2.044,23.976,20,False,640.0,360.0
hello,msasl,,0,68,69.0,2.269,29.97,174,False,640.0,360.0
last week,msasl,,0,37,38.0,1.543,23.976,92,False,640.0,360.0
letter,msasl,,0,52,53.0,1.735,29.97,67,False,1280.0,720.0
father,msasl,,0,78,79.0,2.603,29.97,106,False,640.0,360.0
grandmother,msasl,,0,55,56.0,1.835,29.97,106,False,640.0,360.0
happen,msasl,,0,49,50.0,2.044,23.976,20,False,640.0,360.0
i love you,msasl,,0,81,82.0,2.703,29.97,106,False,640.0,360.0
east,msasl,,0,59,60.0,1.969,29.97,11,False,480.0,360.0
how,msasl,,0,74,75.0,2.437,30.364,67,False,1280.0,720.0
snob,msasl,,0,30,31.0,1.251,23.976,92,False,640.0,360.0
die,msasl,,0,61,62.0,2.035,29.97,11,False,480.0,360.0
match,msasl,,0,60,61.0,2.002,29.97,11,False,480.0,360.0
fruit,msasl,,0,97,98.0,3.237,29.97,106,False,640.0,360.0
come,msasl,,0,33,34.0,1.376,23.976,92,False,640.0,360.0
metal,msasl,,0,33,34.0,1.376,23.976,20,False,640.0,360.0
pow,msasl,,0,32,33.0,1.335,23.976,20,False,640.0,360.0
blue,msasl,,0,40,41.0,1.335,29.97,67,False,1280.0,720.0
scarf,msasl,,0,42,43.0,1.401,29.97,11,False,540.0,360.0
adult,msasl,,0,87,88.0,2.903,29.97,11,False,480.0,360.0
good,msasl,,0,20,21.0,0.834,23.976,20,False,640.0,360.0
blue,msasl,,0,45,46.0,1.502,29.97,11,False,480.0,360.0
rude,msasl,,0,29,30.0,1.21,23.976,92,False,640.0,360.0
decide,msasl,,0,59,60.0,1.969,29.97,11,False,480.0,360.0
calendar,msasl,,0,40,41.0,1.668,23.976,92,False,640.0,360.0
shock,msasl,,0,44,45.0,1.835,23.976,20,False,640.0,360.0
shoes,msasl,,0,64,65.0,2.135,29.97,67,False,1280.0,720.0
three,msasl,,0,45,46.0,1.502,29.97,11,False,480.0,360.0
go,msasl,,0,32,33.0,1.335,23.976,92,False,640.0,360.0
sweep,msasl,,0,63,64.0,4.2,15.0,67,False,1280.0,720.0
cookie,msasl,,0,53,54.0,1.768,29.97,11,False,480.0,360.0
morning,msasl,,0,49,50.0,1.635,29.97,11,False,480.0,360.0
halloween,msasl,,0,31,32.0,1.293,23.976,20,False,640.0,360.0
practice,msasl,,0,80,81.0,2.669,29.97,67,False,1280.0,720.0
pencil,msasl,,0,34,35.0,1.134,29.97,11,False,540.0,360.0
boring,msasl,,0,27,28.0,1.126,23.976,20,False,640.0,360.0
drop,msasl,,0,53,54.0,1.768,29.97,11,False,480.0,360.0
if,msasl,,0,34,35.0,1.418,23.976,20,False,640.0,360.0
cold,msasl,,0,71,72.0,2.369,29.97,106,False,640.0,360.0
stop,msasl,,0,53,54.0,1.768,29.97,11,False,480.0,360.0
boss,msasl,,0,47,48.0,1.568,29.97,20,False,640.0,360.0
week,msasl,,0,59,60.0,3.868,15.252,67,False,1280.0,720.0
tie,msasl,,0,37,38.0,1.235,29.97,11,False,490.0,360.0
sneeze,msasl,,0,32,33.0,1.335,23.976,92,False,640.0,360.0
chocolate,msasl,,0,65,66.0,2.169,29.97,20,False,640.0,360.0
tie,msasl,,0,37,38.0,1.543,23.976,92,False,640.0,360.0
train,msasl,,0,76,77.0,2.536,29.973,67,False,1280.0,720.0
separate,msasl,,0,18,19.0,0.751,23.976,20,False,640.0,360.0
tired,msasl,,0,64,65.0,2.135,29.97,174,False,640.0,360.0
appointment,msasl,,0,55,56.0,1.835,29.97,174,False,640.0,360.0
gray,msasl,,0,44,45.0,1.835,23.976,20,False,640.0,360.0
mustache,msasl,,0,57,58.0,1.902,29.97,11,False,480.0,360.0
red,msasl,,0,45,46.0,1.877,23.976,20,False,640.0,360.0
happen,msasl,,0,45,46.0,1.502,29.97,11,False,480.0,360.0
silly,msasl,,0,34,35.0,1.418,23.976,92,False,640.0,360.0
church,msasl,,0,60,61.0,2.002,29.97,11,False,480.0,360.0
retire,msasl,,0,32,33.0,1.335,23.976,20,False,640.0,360.0
sew,msasl,,0,48,49.0,1.602,29.97,11,False,480.0,360.0
table,msasl,,0,36,37.0,1.201,29.97,11,False,540.0,360.0
milk,msasl,,0,59,60.0,1.969,29.97,106,False,640.0,360.0
stupid,msasl,,0,52,53.0,1.735,29.97,11,False,480.0,360.0
cool,msasl,,0,30,31.0,1.001,29.97,20,False,640.0,360.0
orange,msasl,,0,32,33.0,1.068,29.97,11,False,540.0,360.0
computer,msasl,,0,40,41.0,1.335,29.97,11,False,540.0,360.0
give,msasl,,0,76,77.0,5.067,15.0,67,False,1280.0,720.0
scissors,msasl,,0,39,40.0,1.301,29.97,11,False,540.0,360.0
slow,msasl,,0,48,49.0,1.602,29.97,11,False,480.0,360.0
restaurant,msasl,,0,87,88.0,5.735,15.17,67,False,1280.0,720.0
turtle,msasl,,0,35,36.0,1.168,29.97,11,False,540.0,360.0
counselor,msasl,,0,46,47.0,1.535,29.97,11,False,540.0,360.0
seem,msasl,,0,46,47.0,1.535,29.97,20,False,640.0,360.0
chat,msasl,,0,60,61.0,2.002,29.97,11,False,480.0,360.0
area,msasl,,0,71,72.0,2.337,30.38,67,False,1280.0,720.0
read,msasl,,0,36,37.0,1.201,29.97,11,False,540.0,360.0
for,msasl,,0,21,22.0,0.876,23.976,20,False,640.0,360.0
coffee,msasl,,0,42,43.0,1.401,29.97,11,False,540.0,360.0
tend,msasl,,0,58,59.0,2.419,23.976,20,False,640.0,360.0
jacket,msasl,,0,35,36.0,1.46,23.976,92,False,640.0,360.0
lobster,msasl,,0,69,70.0,2.302,29.97,11,False,480.0,360.0
take,msasl,,0,59,60.0,3.933,15.0,67,False,1280.0,720.0
slide,msasl,,0,97,98.0,3.237,29.97,106,False,640.0,360.0
year,msasl,,0,55,56.0,1.835,29.97,11,False,480.0,360.0
college,msasl,,0,34,35.0,1.134,29.97,11,False,540.0,360.0
same,msasl,,0,50,51.0,1.668,29.97,11,False,480.0,360.0
eyes,msasl,,0,39,40.0,1.627,23.976,92,False,640.0,360.0
country,msasl,,0,45,46.0,1.877,23.976,92,False,640.0,360.0
easy,msasl,,0,55,56.0,1.835,29.97,11,False,480.0,360.0
bald,msasl,,0,54,55.0,1.802,29.97,20,False,640.0,360.0
shy,msasl,,0,47,48.0,1.568,29.97,11,False,480.0,360.0
frustrated,msasl,,0,32,33.0,1.335,23.976,20,False,640.0,360.0
soda,msasl,,0,40,41.0,1.668,23.976,92,False,640.0,360.0
lazy,msasl,,0,42,43.0,1.401,29.97,11,False,540.0,360.0
full,msasl,,0,67,68.0,2.236,29.97,106,False,640.0,360.0
grass,msasl,,0,30,31.0,1.001,29.97,11,False,540.0,360.0
center,msasl,,0,66,67.0,2.202,29.97,11,False,480.0,360.0
culture,msasl,,0,37,38.0,1.543,23.976,92,False,640.0,360.0
seem,msasl,,0,31,32.0,1.034,29.97,20,False,640.0,360.0
appointment,msasl,,0,57,58.0,1.902,29.97,11,False,480.0,360.0
stamp,msasl,,0,32,33.0,1.335,23.976,92,False,640.0,360.0
pepper,msasl,,0,60,61.0,2.002,29.97,11,False,480.0,360.0
same,msasl,,0,23,24.0,0.959,23.976,20,False,640.0,360.0
lie,msasl,,0,46,47.0,1.535,29.97,11,False,480.0,360.0
yesterday,msasl,,0,77,78.0,2.569,29.97,11,False,480.0,360.0
mechanic,msasl,,0,64,65.0,2.135,29.97,11,False,480.0,360.0
camera,msasl,,0,37,38.0,1.543,23.976,92,False,640.0,360.0
stupid,msasl,,0,54,55.0,1.802,29.97,11,False,480.0,360.0
front,msasl,,0,51,52.0,1.702,29.97,11,False,480.0,360.0
mean,msasl,,0,76,77.0,2.536,29.97,11,False,480.0,360.0
library,msasl,,0,92,93.0,3.038,30.283,67,False,1280.0,720.0
embarrassed,msasl,,0,48,49.0,2.002,23.976,20,False,640.0,360.0
stamp,msasl,,0,33,34.0,1.376,23.976,92,False,640.0,360.0
arrive,msasl,,0,74,75.0,2.469,29.97,11,False,480.0,360.0
some,msasl,,0,45,46.0,1.502,29.97,11,False,480.0,360.0
psychology,msasl,,0,46,47.0,1.919,23.976,20,False,640.0,360.0
snow,msasl,,0,62,63.0,2.069,29.97,11,False,540.0,360.0
dollar,msasl,,0,38,39.0,1.268,29.97,20,False,640.0,360.0
candy,msasl,,0,74,75.0,2.469,29.97,20,False,640.0,360.0
jealous,msasl,,0,76,77.0,2.536,29.97,11,False,480.0,360.0
cheap,msasl,,0,33,34.0,1.101,29.97,20,False,640.0,360.0
son,msasl,,0,63,64.0,2.102,29.97,11,False,480.0,360.0
student,msasl,,0,39,40.0,1.301,29.97,11,False,540.0,360.0
awkward,msasl,,0,46,47.0,1.535,29.97,11,False,480.0,360.0
accident,msasl,,0,48,49.0,1.602,29.97,11,False,480.0,360.0
need,msasl,,0,64,65.0,2.135,29.97,11,False,480.0,360.0
gum,msasl,,0,32,33.0,1.335,23.976,92,False,640.0,360.0
not yet,msasl,,0,60,61.0,2.002,29.97,11,False,480.0,360.0
tomorrow,msasl,,0,57,58.0,1.902,29.97,174,False,640.0,360.0
watermelon,msasl,,0,64,65.0,2.135,29.97,20,False,640.0,360.0
sweater,msasl,,0,72,73.0,2.402,29.97,11,False,480.0,360.0
die,msasl,,0,31,32.0,1.293,23.976,20,False,640.0,360.0
drink,msasl,,0,80,81.0,2.669,29.97,106,False,640.0,360.0
start,msasl,,0,31,32.0,1.034,29.97,20,False,640.0,360.0
far,msasl,,0,81,82.0,2.703,29.97,11,False,480.0,360.0
cool,msasl,,0,25,26.0,1.043,23.976,20,False,640.0,360.0
frog,msasl,,0,63,64.0,2.102,29.97,11,False,480.0,360.0
friend,msasl,,0,61,62.0,2.035,29.97,11,False,480.0,360.0
perfect,msasl,,0,38,39.0,1.585,23.976,20,False,640.0,360.0
gray,msasl,,0,44,45.0,1.835,23.976,20,False,640.0,360.0
discuss,msasl,,0,50,51.0,1.668,29.97,20,False,640.0,360.0
laugh,msasl,,0,39,40.0,1.627,23.976,92,False,640.0,360.0
search,msasl,,0,30,31.0,1.251,23.976,20,False,640.0,360.0
bedroom,msasl,,0,87,88.0,2.903,29.97,11,False,480.0,360.0
push,msasl,,0,51,52.0,1.702,29.97,11,False,480.0,360.0
my,msasl,,0,65,66.0,2.169,29.97,174,False,640.0,360.0
night,msasl,,0,55,56.0,1.835,29.97,174,False,640.0,360.0
vacuum,msasl,,0,90,91.0,3.003,29.97,11,False,480.0,360.0
dance,msasl,,0,53,54.0,1.768,29.97,11,False,480.0,360.0
dark,msasl,,0,44,45.0,1.835,23.976,20,False,640.0,360.0
soda,msasl,,0,75,76.0,2.502,29.97,11,False,480.0,360.0
introduce,msasl,,0,56,57.0,1.869,29.97,11,False,480.0,360.0
live,msasl,,111,239,129.0,4.270999999999999,29.97,10,False,1280.0,720.0
again,msasl,,246,349,104.0,3.4369999999999994,29.97,10,False,1280.0,720.0
answer,msasl,,356,504,149.0,4.938000000000001,29.97,10,False,1280.0,720.0
ask,msasl,,511,657,147.0,4.872,29.97,10,False,1280.0,720.0
baby,msasl,,664,797,134.0,4.437999999999999,29.97,10,False,1280.0,720.0
bicycle,msasl,,804,910,107.0,3.536999999999999,29.97,10,False,1280.0,720.0
bread,msasl,,1041,1125,85.0,2.8029999999999973,29.97,10,False,1280.0,720.0
coffee,msasl,,1354,1486,133.0,4.405000000000001,29.97,10,False,1280.0,720.0
drive,msasl,,1716,1826,111.0,3.671,29.97,10,False,1280.0,720.0
friday,msasl,,1956,2064,109.0,3.603999999999999,29.97,10,False,1280.0,720.0
give,msasl,,2162,2250,89.0,2.936000000000007,29.97,10,False,1280.0,720.0
hate,msasl,,2393,2471,79.0,2.6029999999999944,29.97,10,False,1280.0,720.0
help,msasl,,2478,2591,114.0,3.769999999999996,29.97,10,False,1280.0,720.0
introduce,msasl,,2890,2989,100.0,3.3029999999999973,29.97,10,False,1280.0,720.0
milk,msasl,,3239,3369,131.0,4.337000000000003,29.97,10,False,1280.0,720.0
monday,msasl,,3406,3506,101.0,3.336999999999989,29.97,10,False,1280.0,720.0
monday,msasl,,3506,3596,91.0,3.003,29.97,10,False,1280.0,720.0
pay,msasl,,3624,3723,100.0,3.3029999999999973,29.97,10,False,1280.0,720.0
spring,msasl,,3854,3972,119.0,3.937000000000012,29.97,10,False,1280.0,720.0
proud,msasl,,4079,4180,102.0,3.3700000000000045,29.97,10,False,1280.0,720.0
saturday,msasl,,4338,4428,91.0,3.002999999999986,29.97,10,False,1280.0,720.0
shy,msasl,,4782,4912,131.0,4.337999999999994,29.97,10,False,1280.0,720.0
sunday,msasl,,5055,5169,115.0,3.804000000000002,29.97,10,False,1280.0,720.0
sweet,msasl,,5176,5289,114.0,3.77000000000001,29.97,10,False,1280.0,720.0
tea,msasl,,5296,5437,142.0,4.704999999999984,29.97,10,False,1280.0,720.0
tell,msasl,,5611,5718,108.0,3.570999999999998,29.97,10,False,1280.0,720.0
thursday,msasl,,5725,5862,138.0,4.570999999999998,29.97,10,False,1280.0,720.0
ticket,msasl,,5869,5983,115.0,3.804000000000002,29.97,10,False,1280.0,720.0
tuesday,msasl,,5999,6077,79.0,2.602000000000004,29.97,10,False,1280.0,720.0
umbrella,msasl,,6175,6272,98.0,3.237000000000023,29.97,10,False,1280.0,720.0
wait,msasl,,6279,6395,117.0,3.871000000000009,29.97,10,False,1280.0,720.0
wednesday,msasl,,6412,6494,83.0,2.73599999999999,29.97,10,False,1280.0,720.0
finish,msasl,,6721,6843,123.0,4.070999999999998,29.97,10,False,1280.0,720.0
mother,msasl,,0,44,45.0,1.468,29.97,11,False,480.0,360.0
teacher,msasl,,0,40,41.0,1.335,29.97,11,False,540.0,360.0
strict,msasl,,0,27,28.0,1.126,23.976,92,False,640.0,360.0
bus,msasl,,0,24,25.0,1.001,23.976,20,False,640.0,360.0
world,msasl,,0,48,49.0,1.602,29.97,20,False,640.0,360.0
meat,msasl,,0,124,125.0,4.137,29.97,106,False,640.0,360.0
france,msasl,,0,64,65.0,2.135,29.97,11,False,480.0,360.0
hurt,msasl,,0,30,31.0,1.251,23.976,92,False,640.0,360.0
next,msasl,,0,26,27.0,1.084,23.976,20,False,640.0,360.0
father,msasl,,0,43,44.0,1.435,29.97,11,False,480.0,360.0
work,msasl,,0,40,41.0,1.335,29.97,11,False,480.0,360.0
giraffe,msasl,,0,35,36.0,1.168,29.97,11,False,540.0,360.0
100,msasl,,0,27,28.0,0.901,29.97,20,False,640.0,360.0
pull,msasl,,0,61,62.0,2.035,29.97,11,False,480.0,360.0
throw,msasl,,0,26,27.0,0.868,29.97,20,False,640.0,360.0
pineapple,msasl,,0,77,78.0,2.569,29.97,20,False,640.0,360.0
work,msasl,,0,71,72.0,2.337,30.38,67,False,1280.0,720.0
start,msasl,,0,27,28.0,0.901,29.97,20,False,640.0,360.0
kiss,msasl,,0,31,32.0,1.293,23.976,92,False,640.0,360.0
when,msasl,,0,117,118.0,7.735,15.126,67,False,1280.0,720.0
old,msasl,,0,61,62.0,2.035,29.97,11,False,480.0,360.0
game,msasl,,0,94,95.0,3.136,29.97,106,False,640.0,360.0
yellow,msasl,,0,54,55.0,2.252,23.976,20,False,640.0,360.0
yellow,msasl,,0,40,41.0,1.303,30.689,67,False,1280.0,720.0
ask,msasl,,0,43,44.0,1.435,29.97,11,False,480.0,360.0
freeze,msasl,,0,35,36.0,1.46,23.976,20,False,640.0,360.0
up,msasl,,0,30,31.0,1.251,23.976,92,False,640.0,360.0
radio,msasl,,0,50,51.0,1.668,29.97,11,False,480.0,360.0
hi,msasl,,0,48,49.0,1.602,29.97,10,False,1280.0,720.0
america,msasl,,566,715,150.0,4.971,29.97,10,False,1280.0,720.0
aunt,msasl,,722,812,91.0,3.003,29.97,10,False,1280.0,720.0
boy,msasl,,819,898,80.0,2.6359999999999992,29.97,10,False,1280.0,720.0
brother,msasl,,905,1017,113.0,3.7369999999999983,29.97,10,False,1280.0,720.0
cook,msasl,,1117,1231,115.0,3.802999999999997,29.97,10,False,1280.0,720.0
dance,msasl,,1238,1354,117.0,3.869999999999997,29.97,10,False,1280.0,720.0
daughter,msasl,,1361,1462,102.0,3.369999999999997,29.97,10,False,1280.0,720.0
family,msasl,,1469,1552,84.0,2.7689999999999984,29.97,10,False,1280.0,720.0
father,msasl,,1559,1663,105.0,3.469999999999999,29.97,10,False,1280.0,720.0
friend,msasl,,1670,1755,86.0,2.836999999999996,29.97,10,False,1280.0,720.0
girl,msasl,,1771,1858,88.0,2.9029999999999987,29.97,10,False,1280.0,720.0
grandfather,msasl,,1973,2070,98.0,3.237000000000009,29.97,10,False,1280.0,720.0
grandmother,msasl,,2077,2170,94.0,3.1030000000000086,29.97,10,False,1280.0,720.0
his,msasl,,2177,2249,73.0,2.403000000000006,29.97,10,False,1280.0,720.0
husband,msasl,,2256,2362,107.0,3.536999999999992,29.97,10,False,1280.0,720.0
man,msasl,,2465,2578,114.0,3.77000000000001,29.97,10,False,1280.0,720.0
mother,msasl,,2585,2676,92.0,3.0360000000000014,29.97,10,False,1280.0,720.0
my,msasl,,2683,2761,79.0,2.602000000000004,29.97,10,False,1280.0,720.0
nephew,msasl,,2768,2864,97.0,3.203000000000003,29.97,10,False,1280.0,720.0
niece,msasl,,2871,2960,90.0,2.968999999999994,29.97,10,False,1280.0,720.0
our,msasl,,2967,3045,79.0,2.6030000000000086,29.97,10,False,1280.0,720.0
parents,msasl,,3195,3276,82.0,2.703000000000003,29.97,10,False,1280.0,720.0
please,msasl,,3283,3392,110.0,3.637000000000001,29.97,10,False,1280.0,720.0
sister,msasl,,3399,3502,104.0,3.4369999999999976,29.97,10,False,1280.0,720.0
son,msasl,,3509,3597,89.0,2.935999999999993,29.97,10,False,1280.0,720.0
student,msasl,,3604,3701,98.0,3.2369999999999948,29.97,10,False,1280.0,720.0
teacher,msasl,,3807,3906,100.0,3.3030000000000115,29.97,10,False,1280.0,720.0
their,msasl,,3913,3984,72.0,2.369,29.97,10,False,1280.0,720.0
uncle,msasl,,3991,4071,81.0,2.670000000000016,29.97,10,False,1280.0,720.0
wife,msasl,,4078,4166,89.0,2.937000000000012,29.97,10,False,1280.0,720.0
woman,msasl,,4173,4267,95.0,3.1370000000000005,29.97,10,False,1280.0,720.0
your,msasl,,4274,4372,99.0,3.269999999999982,29.97,10,False,1280.0,720.0
your,msasl,,4379,4431,53.0,1.7350000000000136,29.97,10,False,1280.0,720.0
finish,msasl,,4438,4468,31.0,1.0010000000000048,29.97,10,False,1280.0,720.0
underwear,msasl,,0,73,74.0,2.436,29.97,20,False,640.0,360.0
cashier,msasl,,0,30,31.0,1.251,23.976,92,False,640.0,360.0
boring,msasl,,0,30,31.0,1.251,23.976,20,False,640.0,360.0
headache,msasl,,0,48,49.0,1.602,29.97,11,False,480.0,360.0
measure,msasl,,0,36,37.0,1.201,29.97,20,False,640.0,360.0
church,msasl,,0,55,56.0,3.667,15.0,67,False,1280.0,720.0
sun,msasl,,0,57,58.0,1.902,29.97,11,False,480.0,360.0
floor,msasl,,0,27,28.0,0.901,29.97,20,False,640.0,360.0
chocolate,msasl,,0,43,44.0,1.435,29.97,11,False,540.0,360.0
100,msasl,,0,30,31.0,1.001,29.97,20,False,640.0,360.0
sister,msasl,,0,70,71.0,2.336,29.97,11,False,480.0,360.0
cough,msasl,,0,61,62.0,2.035,29.97,11,False,480.0,360.0
squirrel,msasl,,0,66,67.0,2.202,29.97,11,False,480.0,360.0
copy,msasl,,0,82,83.0,2.736,29.97,67,False,1280.0,720.0
jacket,msasl,,0,57,58.0,1.902,29.97,11,False,480.0,360.0
divorce,msasl,,0,61,62.0,2.035,29.97,11,False,480.0,360.0
surprise,msasl,,0,44,45.0,1.468,29.97,11,False,480.0,360.0
some,msasl,,0,36,37.0,1.501,23.976,20,False,640.0,360.0
sign,msasl,,0,26,27.0,1.084,23.976,20,False,640.0,360.0
cool,msasl,,0,25,26.0,1.043,23.976,20,False,640.0,360.0
first,msasl,,0,53,54.0,1.768,29.97,11,False,480.0,360.0
cry,msasl,,0,45,46.0,1.502,29.97,11,False,480.0,360.0
favorite,msasl,,0,46,47.0,1.535,29.97,11,False,480.0,360.0
hard of hearing,msasl,,0,30,31.0,1.001,29.97,20,False,640.0,360.0
brown,msasl,,0,49,50.0,2.044,23.976,20,False,640.0,360.0
loud,msasl,,0,63,64.0,2.102,29.97,11,False,480.0,360.0
exercise,msasl,,0,69,70.0,2.302,29.97,20,False,640.0,360.0
my,msasl,,0,40,41.0,1.335,29.97,11,False,480.0,360.0
weak,msasl,,0,70,71.0,2.336,29.97,11,False,480.0,360.0
onion,msasl,,0,35,36.0,1.168,29.97,11,False,540.0,360.0
live,msasl,,0,52,53.0,1.735,29.97,11,False,480.0,360.0
get up,msasl,,0,36,37.0,1.501,23.976,20,False,640.0,360.0
doctor,msasl,,0,33,34.0,1.101,29.97,11,False,540.0,360.0
accept,msasl,,0,27,28.0,1.126,23.976,20,False,640.0,360.0
now,msasl,,0,104,105.0,6.933,15.0,67,False,1280.0,720.0
camera,msasl,,0,27,28.0,1.126,23.976,92,False,640.0,360.0
computer,msasl,,0,56,57.0,1.869,29.97,20,False,640.0,360.0
exam,msasl,,0,25,26.0,1.043,23.976,20,False,640.0,360.0
husband,msasl,,0,71,72.0,2.369,29.97,11,False,480.0,360.0
sign,msasl,,0,73,74.0,2.436,29.97,67,False,1280.0,720.0
cold,msasl,,0,42,43.0,1.752,23.976,20,False,640.0,360.0
sneeze,msasl,,0,79,80.0,2.636,29.97,11,False,480.0,360.0
soon,msasl,,0,43,44.0,1.793,23.976,20,False,640.0,360.0
elevator,msasl,,0,116,117.0,3.871,29.97,67,False,1280.0,720.0
pink,msasl,,0,39,40.0,1.627,23.976,20,False,640.0,360.0
back,msasl,,0,39,40.0,1.627,23.976,20,False,640.0,360.0
research,msasl,,0,35,36.0,1.46,23.976,20,False,640.0,360.0
shrimp,msasl,,0,27,28.0,1.126,23.976,20,False,640.0,360.0
pink,msasl,,0,40,41.0,1.668,23.976,20,False,640.0,360.0
mirror,msasl,,0,44,45.0,1.468,29.97,20,False,640.0,360.0
america,msasl,,0,59,60.0,1.969,29.97,11,False,480.0,360.0
ears,msasl,,0,55,56.0,1.835,29.97,11,False,480.0,360.0
single,msasl,,0,32,33.0,1.335,23.976,92,False,640.0,360.0
always,msasl,,392,522,131.0,4.3370000000000015,29.97,10,False,1280.0,720.0
boyfriend,msasl,,955,1035,81.0,2.669999999999998,29.97,10,False,1280.0,720.0
cheese,msasl,,1266,1401,136.0,4.505000000000003,29.97,10,False,1280.0,720.0
country,msasl,,1519,1633,115.0,3.804000000000002,29.97,10,False,1280.0,720.0
embarrassed,msasl,,1975,2088,114.0,3.771000000000001,29.97,10,False,1280.0,720.0
fun,msasl,,2340,2482,143.0,4.738,29.97,10,False,1280.0,720.0
often,msasl,,3075,3210,136.0,4.504000000000005,29.97,10,False,1280.0,720.0
pie,msasl,,3389,3511,123.0,4.070000000000007,29.97,10,False,1280.0,720.0
right,msasl,,3895,4029,135.0,4.471000000000004,29.97,10,False,1280.0,720.0
snow,msasl,,4293,4373,81.0,2.669000000000011,29.97,10,False,1280.0,720.0
snow,msasl,,4373,4433,61.0,2.001999999999981,29.97,10,False,1280.0,720.0
some,msasl,,4541,4652,112.0,3.704000000000008,29.97,10,False,1280.0,720.0
wine,msasl,,5104,5221,118.0,3.903999999999997,29.97,10,False,1280.0,720.0
put_down,msasl,,0,40,41.0,1.668,23.976,92,False,640.0,360.0
hearing,msasl,,0,49,50.0,1.635,29.97,11,False,480.0,360.0
buy,msasl,,0,75,76.0,2.502,29.97,11,False,480.0,360.0
help,msasl,,0,92,93.0,6.133,15.0,67,False,1280.0,720.0
smart,msasl,,0,50,51.0,1.668,29.97,11,False,480.0,360.0
wow,msasl,,0,29,30.0,0.968,29.97,20,False,640.0,360.0
calendar,msasl,,0,83,84.0,2.769,29.97,11,False,480.0,360.0
nephew,msasl,,0,40,41.0,1.335,29.97,11,False,540.0,360.0
wet,msasl,,0,134,135.0,4.471,29.97,106,False,640.0,360.0
lemon,msasl,,0,74,75.0,2.469,29.97,11,False,540.0,360.0
north,msasl,,0,79,80.0,2.636,29.97,11,False,480.0,360.0
retire,msasl,,0,37,38.0,1.543,23.976,20,False,640.0,360.0
no,msasl,,0,48,49.0,1.602,29.97,11,False,480.0,360.0
but,msasl,,0,64,65.0,2.135,29.97,11,False,480.0,360.0
make,msasl,,0,47,48.0,1.568,29.97,11,False,480.0,360.0
few,msasl,,0,46,47.0,1.535,29.97,11,False,480.0,360.0
cafeteria,msasl,,0,68,69.0,2.237,30.396,67,False,1280.0,720.0
teacher,msasl,,0,38,39.0,1.585,23.976,92,False,640.0,360.0
backpack,msasl,,0,52,53.0,1.735,29.97,174,False,640.0,360.0
bright,msasl,,0,44,45.0,1.835,23.976,20,False,640.0,360.0
all,msasl,,287,434,148.0,4.904999999999999,29.97,10,False,1280.0,720.0
baseball,msasl,,575,712,138.0,4.5710000000000015,29.97,10,False,1280.0,720.0
basketball,msasl,,719,847,129.0,4.271000000000001,29.97,10,False,1280.0,720.0
church,msasl,,1293,1404,112.0,3.7040000000000006,29.97,10,False,1280.0,720.0
come,msasl,,1411,1517,107.0,3.536999999999999,29.97,10,False,1280.0,720.0
football,msasl,,2337,2465,129.0,4.271000000000001,29.97,10,False,1280.0,720.0
furniture,msasl,,2701,2832,132.0,4.370999999999995,29.97,10,False,1280.0,720.0
game,msasl,,2839,2955,117.0,3.870000000000005,29.97,10,False,1280.0,720.0
glasses,msasl,,2962,3054,93.0,3.0700000000000074,29.97,10,False,1280.0,720.0
go,msasl,,3061,3170,110.0,3.637000000000001,29.97,10,False,1280.0,720.0
headache,msasl,,3177,3286,110.0,3.637000000000001,29.97,10,False,1280.0,720.0
here,msasl,,3396,3486,91.0,3.003,29.97,10,False,1280.0,720.0
here,msasl,,3486,3596,111.0,3.670999999999992,29.97,10,False,1280.0,720.0
live,msasl,,3769,3873,105.0,3.470000000000013,29.97,10,False,1280.0,720.0
run,msasl,,4804,4943,140.0,4.638000000000005,29.97,10,False,1280.0,720.0
talk,msasl,,4950,5051,102.0,3.3700000000000045,29.97,10,False,1280.0,720.0
that,msasl,,5298,5380,83.0,2.7360000000000184,29.97,10,False,1280.0,720.0
that one,msasl,,5387,5505,119.0,3.936999999999984,29.97,10,False,1280.0,720.0
around,msasl,,0,52,53.0,1.735,29.97,92,False,640.0,360.0
skateboard,msasl,,0,30,31.0,1.251,23.976,92,False,640.0,360.0
shark,msasl,,0,56,57.0,2.336,23.976,20,False,640.0,360.0
bald,msasl,,0,43,44.0,1.435,29.97,20,False,640.0,360.0
elephant,msasl,,0,39,40.0,1.301,29.97,11,False,540.0,360.0
red,msasl,,0,40,41.0,1.303,30.689,67,False,1280.0,720.0
travel,msasl,,0,38,39.0,1.585,23.976,92,False,640.0,360.0
list,msasl,,0,33,34.0,1.376,23.976,92,False,640.0,360.0
draw,msasl,,0,39,40.0,1.627,23.976,92,False,640.0,360.0
back,msasl,,0,25,26.0,1.043,23.976,20,False,640.0,360.0
major,msasl,,0,47,48.0,1.96,23.976,20,False,640.0,360.0
class,msasl,,0,68,69.0,2.237,30.396,67,False,1280.0,720.0
pool,msasl,,0,50,51.0,3.333,15.0,67,False,1280.0,720.0
judge,msasl,,0,49,50.0,1.635,29.97,11,False,480.0,360.0
look at,msasl,,0,56,57.0,1.869,29.97,11,False,480.0,360.0
judge,msasl,,0,34,35.0,1.418,23.976,92,False,640.0,360.0
cow,msasl,,0,34,35.0,1.134,29.97,11,False,540.0,360.0
gym,msasl,,0,119,120.0,3.939,30.211,67,False,1280.0,720.0
when,msasl,,0,79,80.0,2.636,29.97,11,False,480.0,360.0
where,msasl,,0,59,60.0,1.937,30.457,67,False,1280.0,720.0
juice,msasl,,0,87,88.0,2.903,29.97,106,False,640.0,360.0
make,msasl,,0,48,49.0,1.602,29.97,20,False,640.0,360.0
father,msasl,,0,70,71.0,2.336,29.97,20,False,640.0,360.0
i,msasl,,0,67,68.0,2.236,29.97,174,False,640.0,360.0
fast,msasl,,0,21,22.0,0.876,23.976,20,False,640.0,360.0
study,msasl,,0,34,35.0,1.418,23.976,92,False,640.0,360.0
vomit,msasl,,0,55,56.0,1.835,29.97,11,False,480.0,360.0
brown,msasl,,0,58,59.0,1.935,29.97,67,False,1280.0,720.0
backpack,msasl,,0,59,60.0,1.937,30.457,67,False,1280.0,720.0
make,msasl,,0,31,32.0,1.034,29.97,20,False,640.0,360.0
quiet,msasl,,0,52,53.0,1.735,29.97,11,False,480.0,360.0
blanket,msasl,,0,24,25.0,1.001,23.976,20,False,640.0,360.0
right,msasl,,0,29,30.0,1.21,23.976,20,False,640.0,360.0
apply,msasl,,0,40,41.0,2.603,15.367,67,False,1280.0,720.0
mean,msasl,,0,42,43.0,1.752,23.976,20,False,640.0,360.0
basketball,msasl,,0,30,31.0,1.251,23.976,92,False,640.0,360.0
paint,msasl,,0,67,68.0,2.236,29.97,11,False,480.0,360.0
party,msasl,,0,30,31.0,1.001,29.97,20,False,640.0,360.0
meeting,msasl,,0,42,43.0,1.401,29.97,11,False,480.0,360.0
deaf,msasl,,0,37,38.0,1.235,29.97,20,False,640.0,360.0
heart,msasl,,0,42,43.0,1.752,23.976,92,False,640.0,360.0
throw,msasl,,0,45,46.0,1.502,29.97,11,False,480.0,360.0
tree,msasl,,0,30,31.0,1.001,29.97,11,False,540.0,360.0
brush teeth,msasl,,0,81,82.0,2.703,29.97,106,False,640.0,360.0
write,msasl,,0,75,76.0,2.502,29.97,11,False,480.0,360.0
challenge,msasl,,0,46,47.0,1.535,29.97,11,False,480.0,360.0
graduate,msasl,,0,64,65.0,2.135,29.97,11,False,480.0,360.0
hair,msasl,,0,41,42.0,1.368,29.97,11,False,490.0,360.0
buy,msasl,,0,38,39.0,1.585,23.976,92,False,640.0,360.0
shirt,msasl,,0,53,54.0,1.768,29.97,11,False,540.0,360.0
dinner,msasl,,0,64,65.0,2.135,29.97,106,False,640.0,360.0
family,msasl,,0,77,78.0,2.569,29.97,106,False,640.0,360.0
earthquake,msasl,,0,44,45.0,1.468,29.97,11,False,540.0,360.0
duck,msasl,,0,84,85.0,2.803,29.97,106,False,640.0,360.0
beard,msasl,,0,52,53.0,1.735,29.97,11,False,480.0,360.0
week,msasl,,0,62,63.0,2.069,29.97,11,False,480.0,360.0
meet,msasl,,0,68,69.0,2.237,30.396,67,False,1280.0,720.0
ski,msasl,,0,77,78.0,5.133,15.0,67,False,1280.0,720.0
learn,msasl,,0,45,46.0,1.877,23.976,92,False,640.0,360.0
spring,msasl,,0,55,56.0,1.835,29.97,11,False,480.0,360.0
four,msasl,,0,46,47.0,1.535,29.97,11,False,480.0,360.0
city,msasl,,0,42,43.0,1.401,29.97,11,False,480.0,360.0
alarm,msasl,,0,67,68.0,2.236,29.97,11,False,480.0,360.0
wait,msasl,,0,49,50.0,1.635,29.97,11,False,480.0,360.0
stop,msasl,,0,35,36.0,1.168,29.97,20,False,640.0,360.0
boots,msasl,,0,40,41.0,1.668,23.976,20,False,640.0,360.0
change,msasl,,0,74,75.0,2.469,29.97,106,False,640.0,360.0
which,msasl,,0,98,99.0,3.238,30.266,67,False,1280.0,720.0
sit,msasl,,0,58,59.0,1.935,29.97,67,False,1280.0,720.0
walk,msasl,,0,65,66.0,2.169,29.97,11,False,480.0,360.0
dollar,msasl,,0,41,42.0,1.368,29.97,20,False,640.0,360.0
there,msasl,,0,53,54.0,1.768,29.97,11,False,480.0,360.0
wet,msasl,,0,50,51.0,1.668,29.97,11,False,480.0,360.0
angry,msasl,,0,57,58.0,1.902,29.97,174,False,640.0,360.0
geometry,msasl,,0,47,48.0,1.568,29.97,20,False,640.0,360.0
seem,msasl,,0,34,35.0,1.134,29.97,20,False,640.0,360.0
far,msasl,,0,104,105.0,3.47,29.974,67,False,1280.0,720.0
canada,msasl,,0,66,67.0,2.202,29.97,11,False,480.0,360.0
india,msasl,,0,47,48.0,1.568,29.97,11,False,480.0,360.0
salad,msasl,,0,36,37.0,1.501,23.976,92,False,640.0,360.0
see,msasl,,0,56,57.0,1.869,29.97,11,False,480.0,360.0
believe,msasl,,0,74,75.0,2.469,29.97,11,False,480.0,360.0
russia,msasl,,0,86,87.0,2.87,29.97,11,False,480.0,360.0
fly,msasl,,0,64,65.0,2.135,29.97,11,False,480.0,360.0
afraid,msasl,,0,43,44.0,1.435,29.97,20,False,640.0,360.0
paper,msasl,,0,31,32.0,1.293,23.976,92,False,640.0,360.0
rest,msasl,,0,49,50.0,1.635,29.97,11,False,480.0,360.0
skateboard,msasl,,0,36,37.0,1.501,23.976,92,False,640.0,360.0
name,msasl,,0,35,36.0,1.137,30.796,67,False,1280.0,720.0
clothes,msasl,,0,58,59.0,1.935,29.97,67,False,1280.0,720.0
awful,msasl,,67,178,112.0,3.703,29.976,10,False,1280.0,720.0
believe,msasl,,283,370,88.0,2.9019999999999992,29.976,10,False,1280.0,720.0
cat,msasl,,377,505,129.0,4.270000000000001,29.976,10,False,1280.0,720.0
cheap,msasl,,512,610,99.0,3.270000000000003,29.976,10,False,1280.0,720.0
dirty,msasl,,921,1017,97.0,3.201999999999998,29.976,10,False,1280.0,720.0
dog,msasl,,1026,1118,93.0,3.0689999999999955,29.976,10,False,1280.0,720.0
not know,msasl,,1141,1223,83.0,2.735999999999997,29.976,10,False,1280.0,720.0
not like,msasl,,1230,1360,131.0,4.336999999999996,29.976,10,False,1280.0,720.0
not want,msasl,,1367,1481,115.0,3.802999999999997,29.976,10,False,1280.0,720.0
eat,msasl,,1488,1598,111.0,3.6700000000000017,29.976,10,False,1280.0,720.0
expensive,msasl,,1605,1692,88.0,2.9029999999999987,29.976,10,False,1280.0,720.0
explain,msasl,,1699,1809,111.0,3.6699999999999946,29.976,10,False,1280.0,720.0
good,msasl,,1917,2023,107.0,3.5360000000000014,29.976,10,False,1280.0,720.0
house,msasl,,2279,2392,114.0,3.769999999999996,29.976,10,False,1280.0,720.0
language,msasl,,2630,2728,99.0,3.269000000000005,29.976,10,False,1280.0,720.0
love,msasl,,2923,3016,94.0,3.1029999999999944,29.976,10,False,1280.0,720.0
meet,msasl,,3030,3120,91.0,3.002000000000009,29.976,10,False,1280.0,720.0
movie,msasl,,3127,3222,96.0,3.168999999999997,29.976,10,False,1280.0,720.0
no,msasl,,3229,3302,74.0,2.436000000000007,29.976,10,False,1280.0,720.0
not,msasl,,3309,3388,80.0,2.63600000000001,29.976,10,False,1280.0,720.0
right,msasl,,3493,3594,102.0,3.369,29.976,10,False,1280.0,720.0
school,msasl,,3601,3693,93.0,3.0700000000000074,29.976,10,False,1280.0,720.0
see,msasl,,3700,3776,77.0,2.5349999999999966,29.976,10,False,1280.0,720.0
sick,msasl,,3894,3977,84.0,2.769000000000005,29.976,10,False,1280.0,720.0
sorry,msasl,,4072,4179,108.0,3.5700000000000216,29.976,10,False,1280.0,720.0
understand,msasl,,4264,4347,84.0,2.769000000000005,29.976,10,False,1280.0,720.0
work,msasl,,4559,4650,92.0,3.0349999999999966,29.976,10,False,1280.0,720.0
world,msasl,,4657,4805,149.0,4.936999999999983,29.976,10,False,1280.0,720.0
wrong,msasl,,4812,4907,96.0,3.169000000000011,29.976,10,False,1280.0,720.0
yes,msasl,,4914,5019,106.0,3.5030000000000143,29.976,10,False,1280.0,720.0
fail,msasl,,0,35,36.0,1.46,23.976,92,False,640.0,360.0
homework,msasl,,0,42,43.0,1.401,29.97,11,False,540.0,360.0
flower,msasl,,0,35,36.0,1.168,29.97,11,False,540.0,360.0
computer,msasl,,0,52,53.0,1.735,29.97,20,False,640.0,360.0
sweetheart,msasl,,0,64,65.0,2.135,29.97,174,False,640.0,360.0
with,msasl,,0,80,81.0,5.333,15.0,67,False,1280.0,720.0
sandwich,msasl,,0,33,34.0,1.101,29.97,11,False,540.0,360.0
camping,msasl,,0,39,40.0,1.301,29.97,11,False,540.0,360.0
country,msasl,,0,70,71.0,2.336,29.97,11,False,480.0,360.0
strawberry,msasl,,0,68,69.0,2.269,29.97,11,False,540.0,360.0
full,msasl,,0,25,26.0,1.043,23.976,92,False,640.0,360.0
corn,msasl,,0,89,90.0,2.97,29.97,20,False,640.0,360.0
wife,msasl,,0,59,60.0,1.969,29.97,11,False,480.0,360.0
building,msasl,,0,79,80.0,2.636,29.97,11,False,540.0,360.0
next,msasl,,0,30,31.0,1.251,23.976,20,False,640.0,360.0
deer,msasl,,0,34,35.0,1.134,29.97,11,False,540.0,360.0
key,msasl,,0,38,39.0,1.585,23.976,92,False,640.0,360.0
halloween,msasl,,0,37,38.0,1.543,23.976,20,False,640.0,360.0
crazy,msasl,,0,56,57.0,1.869,29.97,11,False,480.0,360.0
knife,msasl,,0,56,57.0,2.336,23.976,20,False,640.0,360.0
research,msasl,,0,52,53.0,1.735,29.97,11,False,480.0,360.0
nice,msasl,,0,78,79.0,2.603,29.97,106,False,640.0,360.0
turkey,msasl,,0,69,70.0,2.302,29.97,11,False,540.0,360.0
lost,msasl,,0,70,71.0,2.336,29.97,106,False,640.0,360.0
soccer,msasl,,0,32,33.0,1.068,29.97,11,False,540.0,360.0
feel,msasl,,0,46,47.0,1.535,29.97,11,False,480.0,360.0
thin,msasl,,0,30,31.0,1.001,29.97,20,False,640.0,360.0
ring,msasl,,0,41,42.0,1.368,29.97,11,False,540.0,360.0
tall,msasl,,0,56,57.0,1.869,29.97,11,False,480.0,360.0
all day,msasl,,0,70,71.0,4.667,15.0,67,False,1280.0,720.0
run,msasl,,0,30,31.0,1.251,23.976,20,False,640.0,360.0
baby,msasl,,0,36,37.0,1.501,23.976,20,False,640.0,360.0
innocent,msasl,,0,27,28.0,0.901,29.97,20,False,640.0,360.0
people,msasl,,0,59,60.0,1.969,29.97,11,False,480.0,360.0
credit card,msasl,,0,53,54.0,1.768,29.97,11,False,480.0,360.0
fine,msasl,,0,41,42.0,1.368,29.97,11,False,480.0,360.0
stay,msasl,,0,108,109.0,7.2,15.0,67,False,1280.0,720.0
blue,msasl,,0,48,49.0,1.602,29.97,174,False,640.0,360.0
sad,msasl,,0,48,49.0,1.602,29.97,11,False,480.0,360.0
spoon,msasl,,0,42,43.0,1.401,29.97,11,False,490.0,360.0
glass,msasl,,0,27,28.0,1.126,23.976,20,False,640.0,360.0
motorcycle,msasl,,0,80,81.0,2.637,30.337,67,False,1280.0,720.0
game,msasl,,0,62,63.0,4.133,15.0,67,False,1280.0,720.0
hospital,msasl,,0,84,85.0,5.6,15.0,67,False,1280.0,720.0
leave,msasl,,0,36,37.0,1.501,23.976,20,False,640.0,360.0
lettuce,msasl,,0,56,57.0,1.869,29.97,11,False,480.0,360.0
minute,msasl,,0,32,33.0,1.335,23.976,92,False,640.0,360.0
shrimp,msasl,,0,34,35.0,1.418,23.976,20,False,640.0,360.0
science,msasl,,0,39,40.0,1.301,29.97,11,False,540.0,360.0
who,msasl,,0,60,61.0,2.002,29.97,174,False,640.0,360.0
heart,msasl,,0,44,45.0,1.468,29.97,20,False,640.0,360.0
newspaper,msasl,,0,83,84.0,5.468,15.179,67,False,1280.0,720.0
last,msasl,,0,59,60.0,1.937,30.457,67,False,1280.0,720.0
uncle,msasl,,0,58,59.0,1.935,29.97,11,False,480.0,360.0
dentist,msasl,,0,32,33.0,1.068,29.97,11,False,540.0,360.0
day,msasl,,0,54,55.0,1.802,29.97,11,False,480.0,360.0
silly,msasl,,0,55,56.0,1.835,29.97,11,False,480.0,360.0
glasses,msasl,,0,58,59.0,1.935,29.97,67,False,1280.0,720.0
carrot,msasl,,0,51,52.0,1.702,29.97,20,False,640.0,360.0
radio,msasl,,0,35,36.0,1.46,23.976,92,False,640.0,360.0
moon,msasl,,0,43,44.0,1.435,29.97,11,False,540.0,360.0
night,msasl,,0,41,42.0,1.368,29.97,11,False,490.0,360.0
shrimp,msasl,,0,59,60.0,1.969,29.97,11,False,540.0,360.0
bathroom,msasl,,0,84,85.0,2.803,29.97,106,False,640.0,360.0
list,msasl,,0,59,60.0,1.969,29.97,11,False,480.0,360.0
germany,msasl,,0,55,56.0,1.835,29.97,11,False,480.0,360.0
leave,msasl,,0,36,37.0,1.501,23.976,20,False,640.0,360.0
humble,msasl,,0,35,36.0,1.168,29.97,20,False,640.0,360.0
black,msasl,,0,52,53.0,1.735,29.97,11,False,480.0,360.0
get,msasl,,0,44,45.0,1.468,29.97,11,False,480.0,360.0
boss,msasl,,0,41,42.0,1.368,29.97,11,False,480.0,360.0
room,msasl,,0,52,53.0,1.735,29.97,11,False,490.0,360.0
bug,msasl,,0,68,69.0,2.269,29.97,11,False,480.0,360.0
left,msasl,,0,37,38.0,1.543,23.976,92,False,640.0,360.0
night,msasl,,0,58,59.0,1.935,29.97,11,False,480.0,360.0
bicycle,msasl,,0,70,71.0,2.336,29.97,11,False,480.0,360.0
thin,msasl,,0,52,53.0,1.735,29.97,11,False,480.0,360.0
friend,msasl,,0,60,61.0,4.0,15.0,67,False,1280.0,720.0
drink,msasl,,0,62,63.0,2.037,30.435,67,False,1280.0,720.0
gym,msasl,,0,48,49.0,2.002,23.976,20,False,640.0,360.0
speech,msasl,,0,30,31.0,1.251,23.976,20,False,640.0,360.0
good,msasl,,0,59,60.0,1.969,29.97,106,False,640.0,360.0
outside,msasl,,0,65,66.0,2.137,30.415,67,False,1280.0,720.0
hearing,msasl,,0,44,45.0,1.468,29.97,20,False,640.0,360.0
pay,msasl,,0,89,90.0,5.933,15.0,67,False,1280.0,720.0
pick up,msasl,,0,48,49.0,3.2,15.0,67,False,1280.0,720.0
some,msasl,,0,32,33.0,1.335,23.976,20,False,640.0,360.0
wow,msasl,,0,24,25.0,1.001,23.976,20,False,640.0,360.0
humble,msasl,,0,53,54.0,1.768,29.97,11,False,540.0,360.0
cloud,msasl,,0,75,76.0,2.502,29.97,11,False,480.0,360.0
cherry,msasl,,0,62,63.0,2.069,29.97,11,False,480.0,360.0
visit,msasl,,0,26,27.0,1.084,23.976,20,False,640.0,360.0
about,msasl,,0,67,68.0,2.236,29.97,11,False,480.0,360.0
absent,msasl,,0,23,24.0,0.959,23.976,20,False,640.0,360.0
history,msasl,,0,33,34.0,1.101,29.97,20,False,640.0,360.0
favorite,msasl,,0,46,47.0,1.533,30.0,67,False,1280.0,720.0
write,msasl,,0,30,31.0,1.251,23.976,92,False,640.0,360.0
bad,msasl,,0,19,20.0,0.792,23.976,20,False,640.0,360.0
every year,msasl,,0,29,30.0,1.21,23.976,92,False,640.0,360.0
finish,msasl,,0,50,51.0,1.668,29.97,11,False,480.0,360.0
snake,msasl,,0,35,36.0,1.168,29.97,11,False,540.0,360.0
candy,msasl,,0,85,86.0,2.836,29.97,20,False,640.0,360.0
buy,msasl,,0,71,72.0,2.369,29.975,67,False,1280.0,720.0
loan,msasl,,0,39,40.0,1.301,29.97,20,False,640.0,360.0
have,msasl,,0,53,54.0,1.768,29.97,67,False,1280.0,720.0
italy,msasl,,0,76,77.0,2.536,29.97,11,False,480.0,360.0
bicycle,msasl,,0,86,87.0,2.838,30.303,67,False,1280.0,720.0
thin,msasl,,0,35,36.0,1.168,29.97,20,False,640.0,360.0
thank you,msasl,,0,74,75.0,2.469,29.97,174,False,640.0,360.0
baby,msasl,,0,57,58.0,1.902,29.97,11,False,480.0,360.0
what,msasl,,0,72,73.0,2.402,29.97,11,False,480.0,360.0
want,msasl,,0,35,36.0,1.168,29.97,20,False,640.0,360.0
autumn,msasl,,0,37,38.0,1.543,23.976,20,False,640.0,360.0
tell,msasl,,0,86,87.0,5.733,15.0,67,False,1280.0,720.0
next week,msasl,,0,45,46.0,1.877,23.976,92,False,640.0,360.0
throw,msasl,,0,59,60.0,3.933,15.0,67,False,1280.0,720.0
piano,msasl,,0,56,57.0,1.869,29.97,11,False,490.0,360.0
schedule,msasl,,0,43,44.0,1.435,29.97,11,False,540.0,360.0
egypt,msasl,,0,56,57.0,1.869,29.97,11,False,480.0,360.0
bed,msasl,,0,26,27.0,0.868,29.97,11,False,540.0,360.0
yellow,msasl,,0,65,66.0,2.169,29.97,11,False,480.0,360.0
bath,msasl,,0,74,75.0,2.469,29.97,106,False,640.0,360.0
water,msasl,,0,26,27.0,0.868,29.97,11,False,540.0,360.0
woman,msasl,,0,48,49.0,1.602,29.97,11,False,480.0,360.0
movie,msasl,,0,41,42.0,1.368,29.97,20,False,640.0,360.0
focus,msasl,,0,42,43.0,1.401,29.97,20,False,640.0,360.0
you,msasl,,0,51,52.0,1.702,29.97,11,False,480.0,360.0
day,msasl,,0,45,46.0,1.877,23.976,92,False,640.0,360.0
inside,msasl,,0,28,29.0,1.168,23.976,92,False,640.0,360.0
snob,msasl,,0,54,55.0,1.802,29.97,11,False,480.0,360.0
upset,msasl,,0,32,33.0,1.335,23.976,20,False,640.0,360.0
wood,msasl,,0,81,82.0,2.703,29.97,11,False,480.0,360.0
cereal,msasl,,0,34,35.0,1.134,29.97,11,False,540.0,360.0
stairs,msasl,,0,33,34.0,1.101,29.97,11,False,540.0,360.0
color,msasl,,0,51,52.0,1.702,29.97,11,False,480.0,360.0
poor,msasl,,0,50,51.0,1.668,29.97,11,False,480.0,360.0
cold,msasl,,0,53,54.0,1.768,29.97,11,False,480.0,360.0
france,msasl,,0,43,44.0,1.435,29.97,11,False,480.0,360.0
speech,msasl,,0,36,37.0,1.501,23.976,20,False,640.0,360.0
two,msasl,,0,43,44.0,1.435,29.97,11,False,480.0,360.0
mouth,msasl,,0,49,50.0,1.635,29.97,11,False,480.0,360.0
star,msasl,,0,34,35.0,1.418,23.976,92,False,640.0,360.0
butterfly,msasl,,0,45,46.0,1.502,29.97,11,False,490.0,360.0
saturday,msasl,,0,60,61.0,2.002,29.97,11,False,480.0,360.0
quarter,msasl,,0,32,33.0,1.335,23.976,92,False,640.0,360.0
wife,msasl,,0,60,61.0,2.002,29.97,20,False,640.0,360.0
bake,msasl,,0,64,65.0,2.135,29.97,11,False,480.0,360.0
metal,msasl,,0,66,67.0,2.202,29.97,11,False,480.0,360.0
midnight,msasl,,0,59,60.0,1.969,29.97,20,False,640.0,360.0
pink,msasl,,0,70,71.0,2.336,29.97,67,False,1280.0,720.0
waiter,msasl,,0,41,42.0,1.368,29.97,11,False,540.0,360.0
exam,msasl,,0,64,65.0,2.135,29.97,11,False,480.0,360.0
ski,msasl,,0,31,32.0,1.293,23.976,92,False,640.0,360.0
full,msasl,,0,60,61.0,2.002,29.97,11,False,480.0,360.0
spaghetti,msasl,,0,42,43.0,1.401,29.97,11,False,540.0,360.0
japan,msasl,,0,66,67.0,2.202,29.97,11,False,480.0,360.0
ball,msasl,,0,60,61.0,2.002,29.97,20,False,640.0,360.0
sign language,msasl,,0,67,68.0,2.236,29.97,11,False,480.0,360.0
snob,msasl,,0,26,27.0,1.084,23.976,20,False,640.0,360.0
basketball,msasl,,0,32,33.0,1.335,23.976,92,False,640.0,360.0
research,msasl,,0,33,34.0,1.376,23.976,20,False,640.0,360.0
secretary,msasl,,0,35,36.0,1.46,23.976,92,False,640.0,360.0
shower,msasl,,0,85,86.0,2.836,29.97,106,False,640.0,360.0
cook,msasl,,0,70,71.0,2.336,29.97,11,False,480.0,360.0
embarrassed,msasl,,0,68,69.0,2.836,23.976,20,False,640.0,360.0
banana,msasl,,0,40,41.0,1.335,29.97,11,False,540.0,360.0
lobster,msasl,,0,41,42.0,1.71,23.976,20,False,640.0,360.0
hospital,msasl,,0,31,32.0,1.293,23.976,20,False,640.0,360.0
bacon,msasl,,0,27,28.0,1.126,23.976,92,False,640.0,360.0
key,msasl,,0,29,30.0,1.21,23.976,92,False,640.0,360.0
silver,msasl,,0,30,31.0,1.251,23.976,20,False,640.0,360.0
how,msasl,,0,52,53.0,1.735,29.97,11,False,480.0,360.0
south,msasl,,0,69,70.0,2.302,29.97,11,False,480.0,360.0
home,msasl,,0,68,69.0,2.237,30.396,67,False,1280.0,720.0
young,msasl,,0,66,67.0,2.202,29.97,11,False,480.0,360.0
secretary,msasl,,0,35,36.0,1.46,23.976,92,False,640.0,360.0
complain,msasl,,0,34,35.0,1.418,23.976,20,False,640.0,360.0
deaf,msasl,,0,37,38.0,1.235,29.97,20,False,640.0,360.0
mean,msasl,,0,44,45.0,1.468,29.97,11,False,480.0,360.0
money,msasl,,0,65,66.0,2.169,29.973,67,False,1280.0,720.0
comfortable,msasl,,0,49,50.0,1.635,29.97,20,False,640.0,360.0
hockey,msasl,,0,49,50.0,1.635,29.97,11,False,480.0,360.0
dance,msasl,,0,64,65.0,2.135,29.97,67,False,1280.0,720.0
door,msasl,,0,35,36.0,1.168,29.97,11,False,540.0,360.0
cousin,msasl,,0,60,61.0,2.002,29.97,11,False,480.0,360.0
stamp,msasl,,0,46,47.0,1.535,29.97,11,False,480.0,360.0
toast,msasl,,0,36,37.0,1.201,29.97,20,False,640.0,360.0
geometry,msasl,,5611,5692,82.0,2.703000000000003,29.97,430,False,1280.0,720.0
government,msasl,,5713,5794,82.0,2.701999999999998,29.97,430,False,1280.0,720.0
half hour,msasl,,6050,6131,82.0,2.703000000000003,29.97,430,False,1280.0,720.0
hallway,msasl,,6151,6232,82.0,2.703000000000003,29.97,430,False,1280.0,720.0
health,msasl,,6240,6321,82.0,2.703000000000003,29.97,430,False,1280.0,720.0
history,msasl,,6329,6410,82.0,2.701999999999998,29.97,430,False,1280.0,720.0
hour,msasl,,6426,6507,82.0,2.703000000000003,29.97,430,False,1280.0,720.0
interpreter,msasl,,6520,6601,82.0,2.701999999999998,29.97,430,False,1280.0,720.0
junior,msasl,,6715,6829,115.0,3.804000000000002,29.97,430,False,1280.0,720.0
late,msasl,,7081,7162,82.0,2.703000000000003,29.97,430,False,1280.0,720.0
learn,msasl,,7176,7257,82.0,2.703000000000003,29.97,430,False,1280.0,720.0
librarian,msasl,,7266,7347,82.0,2.703000000000003,29.97,430,False,1280.0,720.0
library,msasl,,7366,7447,82.0,2.703000000000003,29.97,430,False,1280.0,720.0
line up,msasl,,7465,7546,82.0,2.703000000000003,29.97,430,False,1280.0,720.0
locker,msasl,,7562,7643,82.0,2.701999999999998,29.97,430,False,1280.0,720.0
search,msasl,,7741,7822,82.0,2.703000000000032,29.97,430,False,1280.0,720.0
mainstreamed,msasl,,7851,7932,82.0,2.701999999999998,29.97,430,False,1280.0,720.0
major,msasl,,7956,8037,82.0,2.703000000000032,29.97,430,False,1280.0,720.0
math,msasl,,8135,8216,82.0,2.703000000000032,29.97,430,False,1280.0,720.0
center school,msasl,,8218,8298,81.0,2.670000000000016,29.97,430,False,1280.0,720.0
midnight,msasl,,8339,8420,82.0,2.701999999999998,29.97,430,False,1280.0,720.0
motorcycle,msasl,,8437,8518,82.0,2.701999999999998,29.97,430,False,1280.0,720.0
noon,msasl,,8644,8725,82.0,2.703000000000032,29.97,430,False,1280.0,720.0
nurse,msasl,,8740,8821,82.0,2.701999999999998,29.97,430,False,1280.0,720.0
office,msasl,,8837,8918,82.0,2.703000000000032,29.97,430,False,1280.0,720.0
photography,msasl,,9103,9184,82.0,2.701999999999998,29.97,430,False,1280.0,720.0
physics,msasl,,9198,9279,82.0,2.701999999999998,29.97,430,False,1280.0,720.0
pool,msasl,,9466,9547,82.0,2.703000000000032,29.97,430,False,1280.0,720.0
principal,msasl,,9568,9622,55.0,1.801999999999964,29.97,430,False,1280.0,720.0
psychologist,msasl,,9640,9713,74.0,2.4350000000000023,29.97,430,False,1280.0,720.0
dirty,msasl,,0,80,81.0,2.669,29.97,106,False,640.0,360.0
goat,msasl,,0,37,38.0,1.235,29.97,11,False,540.0,360.0
surfing,msasl,,0,34,35.0,1.418,23.976,92,False,640.0,360.0
lettuce,msasl,,0,57,58.0,1.902,29.97,20,False,640.0,360.0
100,msasl,,0,28,29.0,0.934,29.97,20,False,640.0,360.0
hospital,msasl,,0,36,37.0,1.501,23.976,20,False,640.0,360.0
math,msasl,,0,44,45.0,1.468,29.97,20,False,640.0,360.0
face,msasl,,0,48,49.0,1.602,29.97,20,False,640.0,360.0
office,msasl,,0,53,54.0,1.768,29.97,11,False,540.0,360.0
silver,msasl,,0,29,30.0,1.21,23.976,20,False,640.0,360.0
good,msasl,,0,44,45.0,1.468,29.97,11,False,480.0,360.0
mad,msasl,,0,25,26.0,1.043,23.976,92,False,640.0,360.0
weekend,msasl,,0,60,61.0,2.002,29.97,174,False,640.0,360.0
change,msasl,,0,30,31.0,1.251,23.976,92,False,640.0,360.0
again,msasl,,0,59,60.0,1.937,30.457,67,False,1280.0,720.0
skateboard,msasl,,0,28,29.0,1.168,23.976,92,False,640.0,360.0
computer,msasl,,0,42,43.0,1.401,29.97,20,False,640.0,360.0
dirty,msasl,,0,81,82.0,2.703,29.97,11,False,480.0,360.0
last,msasl,,0,27,28.0,1.126,23.976,20,False,640.0,360.0
vacation,msasl,,0,51,52.0,1.702,29.97,20,False,640.0,360.0
magazine,msasl,,0,36,37.0,1.501,23.976,92,False,640.0,360.0
light,msasl,,0,20,21.0,0.834,23.976,20,False,640.0,360.0
vegetable,msasl,,0,38,39.0,1.268,29.97,11,False,490.0,360.0
internet,msasl,,0,57,58.0,1.902,29.97,11,False,480.0,360.0
belt,msasl,,0,40,41.0,1.335,29.97,11,False,540.0,360.0
jealous,msasl,,0,50,51.0,1.668,29.97,20,False,640.0,360.0
magazine,msasl,,0,59,60.0,1.969,29.97,11,False,540.0,360.0
can,msasl,,0,73,74.0,2.436,29.97,11,False,480.0,360.0
flag,msasl,,0,50,51.0,1.668,29.97,11,False,480.0,360.0
hurt,msasl,,0,49,50.0,1.635,29.97,11,False,480.0,360.0
