label,source,video_path,start_frame,end_frame,length_frames,duration_sec,fps,signer_id,has_video,video_width,video_height,invalid_duration,invalid_fps,invalid_length_frames,duration_from_frames,consistency_error_sec,is_consistency_outlier,extreme_low_thr,extreme_high_thr,is_extreme_duration,is_anomaly,removal_reason,process_status,process_error,frames_path,frames_count,frame_file_ext,normalized_width,normalized_height,normalized_color_mode,clip_start_frame_src,clip_end_frame_src,clip_start_frame_0based,clip_end_frame_0based,input_fps,split
fish,signingsavvy,kaggle_dataset/videos/22121.mp4,1,52.0,52.0,1.735,29.97,wlasl_11,True,288.0,192.0,False,False,False,1.7350684017350684,6.840173506827973e-05,False,0.4669999999999996,8.125,False,False,,ok,,normalized_frames/topn_224_gray_jpg_from_raw/fish/22121__s000000__e000051__1f5248787e53,50,jpg,224,224,grayscale,1,52,0,51,29.97,train
doctor,msasl,MS-ASL/videos_MS_ASL_raw/msasl_raw_eeHS78JyN70.mp4,16321,16401.0,81.0,2.669999999999959,29.97,msasl_80,True,640.0,360.0,False,False,False,2.702702702702702,0.0327027027027435,False,0.4669999999999996,8.125,False,False,,ok,,normalized_frames/topn_224_gray_jpg_from_raw/doctor/msasl_raw_eeHS78JyN70__s016320__e016400__973bcc4fbd69,81,jpg,224,224,grayscale,16321,16401,16320,16400,29.97002997002997,train
learn,signschool,kaggle_dataset/videos/32606.mp4,1,46.0,46.0,1.919,23.976093402520384,wlasl_31,True,1920.0,1080.0,False,False,False,1.918577777777778,0.0004222222222221,False,0.4669999999999996,8.125,False,False,,ok,,normalized_frames/topn_224_gray_jpg_from_raw/learn/32606__s000000__e000045__25f3e4cbe4bc,46,jpg,224,224,grayscale,1,46,0,45,23.976093402520384,train
cousin,msasl,MS-ASL/videos_MS_ASL_raw/msasl_raw_-_0i3qAEM1E.mp4,90,162.0,73.0,2.4000000000000004,30.0,msasl_62,True,640.0,360.0,False,False,False,2.433333333333333,0.0333333333333327,False,0.4669999999999996,8.125,False,False,,ok,,normalized_frames/topn_224_gray_jpg_from_raw/cousin/msasl_raw_-_0i3qAEM1E__s000089__e000161__0818503d5e61,73,jpg,224,224,grayscale,90,162,89,161,30.0,train
table,msasl,MS-ASL/videos_MS_ASL_raw/msasl_raw_pc0-gVEETVg.mp4,5807,5923.0,117.0,3.871000000000009,29.97,msasl_72,True,626.0,360.0,False,False,False,3.903903903903904,0.0329039039038949,False,0.4669999999999996,8.125,False,False,,ok,,normalized_frames/topn_224_gray_jpg_from_raw/table/msasl_raw_pc0-gVEETVg__s005806__e005922__f7b5d06840ec,117,jpg,224,224,grayscale,5807,5923,5806,5922,29.97002997002997,train
help,signingsavvy,kaggle_dataset/videos/01626.mp4,1,50.0,50.0,1.668,29.97,wlasl_10,True,288.0,192.0,False,False,False,1.6683350016683351,0.0003350016683352,False,0.4669999999999996,8.125,False,False,,ok,,normalized_frames/topn_224_gray_jpg_from_raw/help/01626__s000000__e000049__331f909b6869,49,jpg,224,224,grayscale,1,50,0,49,29.97,train
bird,asldeafined,kaggle_dataset/videos/06335.mp4,1,111.0,111.0,3.7,29.99729754076209,wlasl_59,True,640.0,480.0,False,False,False,3.7003333333333335,0.0003333333333332,False,0.4669999999999996,8.125,False,False,,ok,,normalized_frames/topn_224_gray_jpg_from_raw/bird/06335__s000000__e000110__f4633cf10508,111,jpg,224,224,grayscale,1,111,0,110,29.99729754076209,train
water,msasl,MS-ASL/videos_MS_ASL_raw/msasl_raw_3RB642y8sgo.mp4,4625,4821.0,197.0,6.562000000000012,29.868,msasl_230,True,320.0,240.0,False,False,False,6.595687692513727,0.0336876925137152,False,0.4669999999999996,8.125,False,False,,ok,,normalized_frames/topn_224_gray_jpg_from_raw/water/msasl_raw_3RB642y8sgo__s004624__e004820__3727a4d4ed13,197,jpg,224,224,grayscale,4625,4821,4624,4820,30.0,train
mother,msasl,MS-ASL/videos_MS_ASL_raw/msasl_raw_ckNZidesfIA.mp4,300,434.0,135.0,4.471,29.97,msasl_286,True,640.0,360.0,False,False,False,4.504504504504505,0.0335045045045045,False,0.4669999999999996,8.125,False,False,,ok,,normalized_frames/topn_224_gray_jpg_from_raw/mother/msasl_raw_ckNZidesfIA__s000299__e000433__1abbebb74e1d,135,jpg,224,224,grayscale,300,434,299,433,29.97002997002997,train
deaf,msasl,MS-ASL/videos_MS_ASL_raw/msasl_raw_-LB4ENHxcIs.mp4,2255,2321.0,67.0,2.201999999999998,29.97,msasl_233,True,640.0,360.0,False,False,False,2.235568902235569,0.0335689022355709,False,0.4669999999999996,8.125,False,False,,ok,,normalized_frames/topn_224_gray_jpg_from_raw/deaf/msasl_raw_-LB4ENHxcIs__s002254__e002320__7be8dc0a50ed,67,jpg,224,224,grayscale,2255,2321,2254,2320,29.97002997002997,train
school,msasl,MS-ASL/videos_MS_ASL_raw/msasl_raw_GLBRC1sVygY.mp4,1985,2092.0,108.0,4.280000000000001,25.0,msasl_94,True,1280.0,720.0,False,False,False,4.32,0.0399999999999991,False,0.4669999999999996,8.125,False,False,,ok,,normalized_frames/topn_224_gray_jpg_from_raw/school/msasl_raw_GLBRC1sVygY__s001984__e002091__cb305f11cf28,108,jpg,224,224,grayscale,1985,2092,1984,2091,25.0,train
finish,spreadthesign,kaggle_dataset/videos/21941.mp4,1,56.0,56.0,2.24,25.0,wlasl_37,True,320.0,240.0,False,False,False,2.24,0.0,False,0.4669999999999996,8.125,False,False,,ok,,normalized_frames/topn_224_gray_jpg_from_raw/finish/21941__s000000__e000055__abc240670b0f,56,jpg,224,224,grayscale,1,56,0,55,25.0,train
eat,aslsignbank,kaggle_dataset/videos/65601.mp4,1,61.0,61.0,2.544,23.976102507664493,wlasl_90,True,656.0,370.0,False,False,False,2.5442,0.0001999999999999,False,0.4669999999999996,8.125,False,False,,ok,,normalized_frames/topn_224_gray_jpg_from_raw/eat/65601__s000000__e000060__47fd8acf5767,61,jpg,224,224,grayscale,1,61,0,60,23.976102507664493,train
teacher,msasl,MS-ASL/videos_MS_ASL_raw/msasl_raw_R_ES8RZua1g.mp4,2308,2406.0,99.0,3.266999999999996,30.0,msasl_40,True,568.0,320.0,False,False,False,3.3,0.0330000000000039,False,0.4669999999999996,8.125,False,False,,ok,,normalized_frames/topn_224_gray_jpg_from_raw/teacher/msasl_raw_R_ES8RZua1g__s002307__e002405__49a82ee3777b,99,jpg,224,224,grayscale,2308,2406,2307,2405,30.0,train
school,msasl,MS-ASL/videos_MS_ASL_raw/msasl_raw_rkQZQhloXuE.mp4,2029,2089.0,61.0,2.002000000000009,29.97,msasl_370,True,640.0,360.0,False,False,False,2.035368702035369,0.0333687020353594,False,0.4669999999999996,8.125,False,False,,ok,,normalized_frames/topn_224_gray_jpg_from_raw/school/msasl_raw_rkQZQhloXuE__s002028__e002088__7eaa86df44d5,61,jpg,224,224,grayscale,2029,2089,2028,2088,29.97002997002997,train
bird,aslbrick,kaggle_dataset/videos/69233.mp4,1,84.0,84.0,2.803,29.97002997002997,wlasl_115,True,1920.0,1080.0,False,False,False,2.8028,0.0001999999999999,False,0.4669999999999996,8.125,False,False,,ok,,normalized_frames/topn_224_gray_jpg_from_raw/bird/69233__s000000__e000083__12f91370c6a5,84,jpg,224,224,grayscale,1,84,0,83,29.97002997002997,train
finish,msasl,MS-ASL/videos_MS_ASL_raw/msasl_raw_L1ocXM_uzLA.mp4,140,270.0,131.0,4.338,29.97,msasl_144,True,480.0,360.0,False,False,False,4.371037704371038,0.0330377043710381,False,0.4669999999999996,8.125,False,False,,ok,,normalized_frames/topn_224_gray_jpg_from_raw/finish/msasl_raw_L1ocXM_uzLA__s000139__e000269__2e0da0500f70,131,jpg,224,224,grayscale,140,270,139,269,29.97002997002997,train
help,aslsignbank,kaggle_dataset/videos/65890.mp4,1,59.0,59.0,2.461,23.97605104054256,wlasl_90,True,656.0,370.0,False,False,False,2.460788888888888,0.0002111111111116,False,0.4669999999999996,8.125,False,False,,ok,,normalized_frames/topn_224_gray_jpg_from_raw/help/65890__s000000__e000058__66fd512a1f93,59,jpg,224,224,grayscale,1,59,0,58,23.97605104054256,train
nice,msasl,MS-ASL/videos_MS_ASL_raw/msasl_raw_oVsuQbfMscM.mp4,219,281.0,63.0,2.068999999999999,29.97,msasl_124,True,640.0,360.0,False,False,False,2.1021021021021022,0.0331021021021031,False,0.4669999999999996,8.125,False,False,,ok,,normalized_frames/topn_224_gray_jpg_from_raw/nice/msasl_raw_oVsuQbfMscM__s000218__e000280__7d57d3d3234c,63,jpg,224,224,grayscale,219,281,218,280,29.97,train
cousin,msasl,MS-ASL/videos_MS_ASL_raw/msasl_raw_Tckw40A23Bc.mp4,2025,2174.0,150.0,5.959999999999994,25.0,msasl_77,True,640.0,360.0,False,False,False,6.0,0.0400000000000062,False,0.4669999999999996,8.125,False,False,,ok,,normalized_frames/topn_224_gray_jpg_from_raw/cousin/msasl_raw_Tckw40A23Bc__s002024__e002173__1ac053b73f85,150,jpg,224,224,grayscale,2025,2174,2024,2173,25.0,train
what,msasl,MS-ASL/videos_MS_ASL_raw/msasl_raw_X7z-Z1kJwp4.mp4,10,60.0,51.0,1.6679999999999997,29.97,msasl_36,True,480.0,360.0,False,False,False,1.7017017017017018,0.033701701701702,False,0.4669999999999996,8.125,False,False,,ok,,normalized_frames/topn_224_gray_jpg_from_raw/what/msasl_raw_X7z-Z1kJwp4__s000009__e000059__2fe09bd4a9ce,51,jpg,224,224,grayscale,10,60,9,59,29.97002997002997,train
doctor,msasl,MS-ASL/videos_MS_ASL_raw/msasl_raw_Nf_0FxqOIWM.mp4,8506,8578.0,73.0,2.4049999999999727,29.94,msasl_124,True,1280.0,720.0,False,False,False,2.438209752839011,0.0332097528390384,False,0.4669999999999996,8.125,False,False,,ok,,normalized_frames/topn_224_gray_jpg_from_raw/doctor/msasl_raw_Nf_0FxqOIWM__s008505__e008577__03d26c0c7dc1,73,jpg,224,224,grayscale,8506,8578,8505,8577,29.97,train
bird,msasl,MS-ASL/videos_MS_ASL_raw/msasl_raw_UXetwN_cI5A.mp4,3089,3169.0,81.0,3.200000000000003,25.0,msasl_12,True,480.0,360.0,False,False,False,3.24,0.0399999999999973,False,0.4669999999999996,8.125,False,False,,ok,,normalized_frames/topn_224_gray_jpg_from_raw/bird/msasl_raw_UXetwN_cI5A__s003088__e003168__16c0d6d93918,81,jpg,224,224,grayscale,3089,3169,3088,3168,25.0,train
fish,aslsignbank,kaggle_dataset/videos/65731.mp4,1,43.0,43.0,1.793,23.97606111107669,wlasl_94,True,656.0,370.0,False,False,False,1.7934555555555558,0.0004555555555558,False,0.4669999999999996,8.125,False,False,,ok,,normalized_frames/topn_224_gray_jpg_from_raw/fish/65731__s000000__e000042__0fcacaf0b2aa,43,jpg,224,224,grayscale,1,43,0,42,23.97606111107669,train
what,msasl,MS-ASL/videos_MS_ASL_raw/msasl_raw_4Nh1iFv2BMc.mp4,6250,6398.0,149.0,4.937999999999988,29.97,msasl_72,True,626.0,360.0,False,False,False,4.971638304971639,0.0336383049716504,False,0.4669999999999996,8.125,False,False,,ok,,normalized_frames/topn_224_gray_jpg_from_raw/what/msasl_raw_4Nh1iFv2BMc__s006249__e006397__7b3e1f4bde38,149,jpg,224,224,grayscale,6250,6398,6249,6397,29.97002997002997,train
spring,signschool,kaggle_dataset/videos/25846.mp4,1,40.0,40.0,1.335,29.97002997002997,wlasl_4,True,1920.0,1080.0,False,False,False,1.334666666666667,0.0003333333333332,False,0.4669999999999996,8.125,False,False,,ok,,normalized_frames/topn_224_gray_jpg_from_raw/spring/25846__s000000__e000039__a4a654e89537,40,jpg,224,224,grayscale,1,40,0,39,29.97002997002997,train
spring,msasl,MS-ASL/videos_MS_ASL_raw/msasl_raw_U0E24IK06nc.mp4,3665,3754.0,90.0,2.969999999999999,29.97,msasl_97,True,480.0,360.0,False,False,False,3.003003003003004,0.0330030030030044,False,0.4669999999999996,8.125,False,False,,ok,,normalized_frames/topn_224_gray_jpg_from_raw/spring/msasl_raw_U0E24IK06nc__s003664__e003753__beb1df21bd01,90,jpg,224,224,grayscale,3665,3754,3664,3753,29.97002997002997,train
like,aslbrick,kaggle_dataset/videos/69389.mp4,1,59.0,59.0,1.969,29.97002997002997,wlasl_118,True,1280.0,720.0,False,False,False,1.9686333333333328,0.0003666666666666,False,0.4669999999999996,8.125,False,False,,ok,,normalized_frames/topn_224_gray_jpg_from_raw/like/69389__s000000__e000058__a9703172b057,59,jpg,224,224,grayscale,1,59,0,58,29.97002997002997,train
but,elementalasl,kaggle_dataset/videos/16191.mp4,1,107.0,107.0,4.458,24.0,wlasl_19,True,320.0,180.0,False,False,False,4.458333333333333,0.0003333333333328,False,0.4669999999999996,8.125,False,False,,ok,,normalized_frames/topn_224_gray_jpg_from_raw/but/16191__s000000__e000106__9a9efdc844be,107,jpg,224,224,grayscale,1,107,0,106,24.0,train
but,msasl,MS-ASL/videos_MS_ASL_raw/msasl_raw_AiozVha_k4o.mp4,9316,9376.0,61.0,2.400000000000034,25.0,msasl_12,True,480.0,360.0,False,False,False,2.44,0.0399999999999658,False,0.4669999999999996,8.125,False,False,,ok,,normalized_frames/topn_224_gray_jpg_from_raw/but/msasl_raw_AiozVha_k4o__s009315__e009375__8c2e819720d0,61,jpg,224,224,grayscale,9316,9376,9315,9375,25.0,train
no,msasl,MS-ASL/videos_MS_ASL_raw/msasl_raw_TDoqoJDX280.mp4,1972,2135.0,164.0,5.438999999999993,29.97,msasl_124,True,640.0,360.0,False,False,False,5.472138805472139,0.0331388054721459,False,0.4669999999999996,8.125,False,False,,ok,,normalized_frames/topn_224_gray_jpg_from_raw/no/msasl_raw_TDoqoJDX280__s001971__e002134__83f9a79700df,164,jpg,224,224,grayscale,1972,2135,1971,2134,29.97,train
water,msasl,MS-ASL/videos_MS_ASL_raw/msasl_raw_PvzBgEcEPew.mp4,4703,4849.0,147.0,5.840000000000003,25.0,msasl_77,True,640.0,360.0,False,False,False,5.88,0.0399999999999964,False,0.4669999999999996,8.125,False,False,,ok,,normalized_frames/topn_224_gray_jpg_from_raw/water/msasl_raw_PvzBgEcEPew__s004702__e004848__2d1df75079a3,147,jpg,224,224,grayscale,4703,4849,4702,4848,25.0,train
like,msasl,MS-ASL/videos_MS_ASL_raw/msasl_raw_Ag5VPvAe8PA.mp4,5911,5954.0,44.0,1.4350000000000025,29.97,msasl_18,True,640.0,360.0,False,False,False,1.4681348014681348,0.0331348014681323,False,0.4669999999999996,8.125,False,False,,ok,,normalized_frames/topn_224_gray_jpg_from_raw/like/msasl_raw_Ag5VPvAe8PA__s005910__e005953__8c3b7d9d6e46,44,jpg,224,224,grayscale,5911,5954,5910,5953,29.97002997002997,train
no,signschool,kaggle_dataset/videos/38527.mp4,1,46.0,46.0,1.535,29.97002997002997,wlasl_3,True,1920.0,1080.0,False,False,False,1.5348666666666666,0.0001333333333333,False,0.4669999999999996,8.125,False,False,,ok,,normalized_frames/topn_224_gray_jpg_from_raw/no/38527__s000000__e000045__d58d00450ae2,46,jpg,224,224,grayscale,1,46,0,45,29.97002997002997,train
father,msasl,MS-ASL/videos_MS_ASL_raw/msasl_raw_iHR2uV-Uxc8.mp4,2244,2299.0,56.0,1.8349999999999933,29.97,msasl_349,True,640.0,360.0,False,False,False,1.8685352018685355,0.0335352018685419,False,0.4669999999999996,8.125,False,False,,ok,,normalized_frames/topn_224_gray_jpg_from_raw/father/msasl_raw_iHR2uV-Uxc8__s002243__e002298__c77b1e31c52c,56,jpg,224,224,grayscale,2244,2299,2243,2298,29.97002997002997,train
bird,msasl,MS-ASL/videos_MS_ASL_raw/msasl_raw_Qd1x1kUwhpQ.mp4,8285,8355.0,71.0,2.800000000000012,25.0,msasl_12,True,480.0,360.0,False,False,False,2.84,0.039999999999988,False,0.4669999999999996,8.125,False,False,,ok,,normalized_frames/topn_224_gray_jpg_from_raw/bird/msasl_raw_Qd1x1kUwhpQ__s008284__e008354__4f6240ca1d50,71,jpg,224,224,grayscale,8285,8355,8284,8354,25.0,train
teacher,msasl,MS-ASL/videos_MS_ASL_raw/msasl_raw_nBvBJ91I5ZI.mp4,485,531.0,47.0,1.535,29.97,msasl_40,True,640.0,360.0,False,False,False,1.5682349015682349,0.0332349015682349,False,0.4669999999999996,8.125,False,False,,ok,,normalized_frames/topn_224_gray_jpg_from_raw/teacher/msasl_raw_nBvBJ91I5ZI__s000484__e000530__efc94084b8b9,47,jpg,224,224,grayscale,485,531,484,530,29.97002997002997,train
mother,msasl,MS-ASL/videos_MS_ASL_raw/msasl_raw_rkQZQhloXuE.mp4,3279,3339.0,61.0,2.001999999999996,29.97,msasl_370,True,640.0,360.0,False,False,False,2.035368702035369,0.0333687020353727,False,0.4669999999999996,8.125,False,False,,ok,,normalized_frames/topn_224_gray_jpg_from_raw/mother/msasl_raw_rkQZQhloXuE__s003278__e003338__9ce2d8b814ca,61,jpg,224,224,grayscale,3279,3339,3278,3338,29.97002997002997,train
table,msasl,MS-ASL/videos_MS_ASL_raw/msasl_raw_UjiCWH8PSvM.mp4,185,250.0,66.0,2.1690000000000005,29.97,msasl_140,True,1280.0,720.0,False,False,False,2.2022022022022023,0.0332022022022018,False,0.4669999999999996,8.125,False,False,,ok,,normalized_frames/topn_224_gray_jpg_from_raw/table/msasl_raw_UjiCWH8PSvM__s000184__e000249__98aa8f7fa990,66,jpg,224,224,grayscale,185,250,184,249,29.97002997002997,train
again,msasl,MS-ASL/videos_MS_ASL_raw/msasl_raw_TDoqoJDX280.mp4,190,327.0,138.0,4.571,29.97,msasl_124,True,640.0,360.0,False,False,False,4.604604604604605,0.033604604604605,False,0.4669999999999996,8.125,False,False,,ok,,normalized_frames/topn_224_gray_jpg_from_raw/again/msasl_raw_TDoqoJDX280__s000189__e000326__17bc9b5b7c69,138,jpg,224,224,grayscale,190,327,189,326,29.97,train
mother,signschool,kaggle_dataset/videos/36604.mp4,1,75.0,75.0,2.502,29.97002997002997,wlasl_52,True,640.0,360.0,False,False,False,2.5025,0.0005000000000001,False,0.4669999999999996,8.125,False,False,,ok,,normalized_frames/topn_224_gray_jpg_from_raw/mother/36604__s000000__e000074__7a092fa36c6f,75,jpg,224,224,grayscale,1,75,0,74,29.97002997002997,train
again,aslsearch,kaggle_dataset/videos/47307.mp4,1,75.0,75.0,2.469,30.37541047851998,wlasl_12,True,720.0,400.0,False,False,False,2.4691024357691025,0.0001024357691026,False,0.4669999999999996,8.125,False,False,,ok,,normalized_frames/topn_224_gray_jpg_from_raw/again/47307__s000000__e000074__40fab11d1b7e,75,jpg,224,224,grayscale,1,75,0,74,30.37541047851998,train
learn,msasl,MS-ASL/videos_MS_ASL_raw/msasl_raw_afwqCG7GmrQ.mp4,235,298.0,64.0,2.1019999999999994,29.97,msasl_140,True,1280.0,720.0,False,False,False,2.135468802135469,0.0334688021354696,False,0.4669999999999996,8.125,False,False,,ok,,normalized_frames/topn_224_gray_jpg_from_raw/learn/msasl_raw_afwqCG7GmrQ__s000234__e000297__bf891547de19,64,jpg,224,224,grayscale,235,298,234,297,29.97002997002997,train
eat,msasl,MS-ASL/videos_MS_ASL_raw/msasl_raw_g59_3vr_NT0.mp4,2181,2305.0,125.0,4.132999999999996,30.0,msasl_163,True,1280.0,720.0,False,False,False,4.166666666666667,0.0336666666666713,False,0.4669999999999996,8.125,False,False,,ok,,normalized_frames/topn_224_gray_jpg_from_raw/eat/msasl_raw_g59_3vr_NT0__s002180__e002304__7f9104f9ea09,125,jpg,224,224,grayscale,2181,2305,2180,2304,30.0,train
finish,msasl,MS-ASL/videos_MS_ASL_raw/msasl_raw_JDc62QM6-GU.mp4,0,98.0,99.0,3.267,30.0,msasl_87,True,1280.0,720.0,False,False,False,3.3,0.0329999999999999,False,0.4669999999999996,8.125,False,False,,ok,,normalized_frames/topn_224_gray_jpg_from_raw/finish/msasl_raw_JDc62QM6-GU__s000000__e000097__a20c88743c6c,98,jpg,224,224,grayscale,0,98,0,97,30.0,train
like,msasl,MS-ASL/videos_MS_ASL_raw/msasl_raw_Xt6F1wT394I.mp4,5810,5941.0,132.0,4.370999999999981,29.97,msasl_286,True,1280.0,720.0,False,False,False,4.404404404404405,0.0334044044044237,False,0.4669999999999996,8.125,False,False,,ok,,normalized_frames/topn_224_gray_jpg_from_raw/like/msasl_raw_Xt6F1wT394I__s005809__e005940__05a13d3a563c,132,jpg,224,224,grayscale,5810,5941,5809,5940,29.97002997002997,train
doctor,signschool,kaggle_dataset/videos/17016.mp4,1,105.0,105.0,3.504,29.97002997002997,wlasl_60,True,854.0,480.0,False,False,False,3.5035000000000003,0.0004999999999997,False,0.4669999999999996,8.125,False,False,,ok,,normalized_frames/topn_224_gray_jpg_from_raw/doctor/17016__s000000__e000104__ddeca8e0b489,105,jpg,224,224,grayscale,1,105,0,104,29.97002997002997,train
deaf,msasl,MS-ASL/videos_MS_ASL_raw/msasl_raw_YasOpK1RNvg.mp4,39,70.0,32.0,1.035,29.97,msasl_124,True,640.0,360.0,False,False,False,1.0677344010677343,0.0327344010677346,False,0.4669999999999996,8.125,False,False,,ok,,normalized_frames/topn_224_gray_jpg_from_raw/deaf/msasl_raw_YasOpK1RNvg__s000038__e000069__261456a7db80,32,jpg,224,224,grayscale,39,70,38,69,29.97,train
again,msasl,MS-ASL/videos_MS_ASL_raw/msasl_raw_VAQRVGl4b_I.mp4,210,300.0,91.0,3.003,29.97,msasl_144,True,480.0,360.0,False,False,False,3.0363697030363697,0.0333697030363695,False,0.4669999999999996,8.125,False,False,,ok,,normalized_frames/topn_224_gray_jpg_from_raw/again/msasl_raw_VAQRVGl4b_I__s000209__e000299__9483460959f3,91,jpg,224,224,grayscale,210,300,209,299,29.97002997002997,train
fish,msasl,MS-ASL/videos_MS_ASL_raw/msasl_raw_E3ILIbZqcKY.mp4,3689,3778.0,90.0,2.968999999999994,29.97,msasl_18,True,640.0,360.0,False,False,False,3.003003003003004,0.0340030030030091,False,0.4669999999999996,8.125,False,False,,ok,,normalized_frames/topn_224_gray_jpg_from_raw/fish/msasl_raw_E3ILIbZqcKY__s003688__e003777__7b8bb8d7cc12,90,jpg,224,224,grayscale,3689,3778,3688,3777,29.97002997002997,train
man,msasl,MS-ASL/videos_MS_ASL_raw/msasl_raw_JHFExZgYdwk.mp4,1003,1101.0,99.0,3.9200000000000017,25.0,msasl_12,True,1280.0,720.0,False,False,False,3.96,0.0399999999999982,False,0.4669999999999996,8.125,False,False,,ok,,normalized_frames/topn_224_gray_jpg_from_raw/man/msasl_raw_JHFExZgYdwk__s001002__e001100__d827bb653054,99,jpg,224,224,grayscale,1003,1101,1002,1100,25.0,train
yes,msasl,MS-ASL/videos_MS_ASL_raw/msasl_raw_HUMEcnkvhJU.mp4,39864,39944.0,81.0,2.6690000000000964,29.97,msasl_251,True,640.0,360.0,False,False,False,2.702702702702702,0.0337027027026062,False,0.4669999999999996,8.125,False,False,,ok,,normalized_frames/topn_224_gray_jpg_from_raw/yes/msasl_raw_HUMEcnkvhJU__s039863__e039943__55eaf5881f60,81,jpg,224,224,grayscale,39864,39944,39863,39943,29.97002997002997,train
water,msasl,MS-ASL/videos_MS_ASL_raw/msasl_raw_bX1eJjB3nyA.mp4,9065,9153.0,89.0,2.935999999999978,29.97,msasl_261,True,640.0,360.0,False,False,False,2.9696363029696364,0.0336363029696582,False,0.4669999999999996,8.125,False,False,,ok,,normalized_frames/topn_224_gray_jpg_from_raw/water/msasl_raw_bX1eJjB3nyA__s009064__e009152__ab300ea40123,89,jpg,224,224,grayscale,9065,9153,9064,9152,29.97002997002997,train
nice,msasl,MS-ASL/videos_MS_ASL_raw/msasl_raw_dMZ-SCl7nA4.mp4,4436,4504.0,69.0,2.2680000000000007,29.97,msasl_286,True,1280.0,720.0,False,False,False,2.3023023023023024,0.0343023023023016,False,0.4669999999999996,8.125,False,False,,ok,,normalized_frames/topn_224_gray_jpg_from_raw/nice/msasl_raw_dMZ-SCl7nA4__s004435__e004503__8388165b8092,69,jpg,224,224,grayscale,4436,4504,4435,4503,29.97002997002997,train
no,msasl,MS-ASL/videos_MS_ASL_raw/msasl_raw_FNt4N8WFuVY.mp4,3916,4023.0,108.0,4.482999999999976,23.867,msasl_401,True,270.0,360.0,False,False,False,4.525076465412494,0.042076465412518,False,0.4669999999999996,8.125,False,False,,ok,,normalized_frames/topn_224_gray_jpg_from_raw/no/msasl_raw_FNt4N8WFuVY__s003915__e004022__d00e98e3b37f,108,jpg,224,224,grayscale,3916,4023,3915,4022,24.0,train
tired,msasl,MS-ASL/videos_MS_ASL_raw/msasl_raw_bX1eJjB3nyA.mp4,6574,6602.0,29.0,0.9350000000000024,29.97,msasl_261,True,640.0,360.0,False,False,False,0.9676343009676344,0.0326343009676319,False,0.4669999999999996,8.125,False,False,,ok,,normalized_frames/topn_224_gray_jpg_from_raw/tired/msasl_raw_bX1eJjB3nyA__s006573__e006601__8efea03bcb35,29,jpg,224,224,grayscale,6574,6602,6573,6601,29.97002997002997,train
nice,msasl,MS-ASL/videos_MS_ASL_raw/msasl_raw_Ag5VPvAe8PA.mp4,573,691.0,119.0,3.937000000000001,29.97,msasl_18,True,640.0,360.0,False,False,False,3.9706373039706375,0.0336373039706363,False,0.4669999999999996,8.125,False,False,,ok,,normalized_frames/topn_224_gray_jpg_from_raw/nice/msasl_raw_Ag5VPvAe8PA__s000572__e000690__b88de7d997c6,119,jpg,224,224,grayscale,573,691,572,690,29.97002997002997,train
finish,msasl,MS-ASL/videos_MS_ASL_raw/msasl_raw_Cv5avR9nEhg.mp4,6325,6395.0,71.0,2.800000000000012,25.0,msasl_12,True,1280.0,720.0,False,False,False,2.84,0.039999999999988,False,0.4669999999999996,8.125,False,False,,ok,,normalized_frames/topn_224_gray_jpg_from_raw/finish/msasl_raw_Cv5avR9nEhg__s006324__e006394__b89b18be7908,71,jpg,224,224,grayscale,6325,6395,6324,6394,25.0,train
mother,msasl,MS-ASL/videos_MS_ASL_raw/msasl_raw_fJVwZyjEa4k.mp4,850,968.0,119.0,3.937000000000001,29.97,msasl_41,True,202.0,360.0,False,False,False,3.9706373039706375,0.0336373039706363,False,0.4669999999999996,8.125,False,False,,ok,,normalized_frames/topn_224_gray_jpg_from_raw/mother/msasl_raw_fJVwZyjEa4k__s000849__e000967__02909d98179b,119,jpg,224,224,grayscale,850,968,849,967,29.97002997002997,train
teacher,msasl,MS-ASL/videos_MS_ASL_raw/msasl_raw_K4lo0NZDlH8.mp4,4803,4869.0,67.0,2.200000000000017,30.0,msasl_40,True,568.0,320.0,False,False,False,2.2333333333333334,0.0333333333333163,False,0.4669999999999996,8.125,False,False,,ok,,normalized_frames/topn_224_gray_jpg_from_raw/teacher/msasl_raw_K4lo0NZDlH8__s004802__e004868__d5b3ca5452d1,67,jpg,224,224,grayscale,4803,4869,4802,4868,30.0,train
eat,asldeafined,kaggle_dataset/videos/18325.mp4,1,72.0,72.0,2.4,29.99583391195668,wlasl_21,True,640.0,480.0,False,False,False,2.4003333333333328,0.0003333333333328,False,0.4669999999999996,8.125,False,False,,ok,,normalized_frames/topn_224_gray_jpg_from_raw/eat/18325__s000000__e000071__e6d3586cfb23,72,jpg,224,224,grayscale,1,72,0,71,29.99583391195668,train
what,msasl,MS-ASL/videos_MS_ASL_raw/msasl_raw_X7z-Z1kJwp4.mp4,110,150.0,41.0,1.335,29.97,msasl_36,True,480.0,360.0,False,False,False,1.3680347013680347,0.0330347013680347,False,0.4669999999999996,8.125,False,False,,ok,,normalized_frames/topn_224_gray_jpg_from_raw/what/msasl_raw_X7z-Z1kJwp4__s000109__e000149__cbb121ac099d,41,jpg,224,224,grayscale,110,150,109,149,29.97002997002997,train
help,msasl,MS-ASL/videos_MS_ASL_raw/msasl_raw_4Nh1iFv2BMc.mp4,2923,3056.0,134.0,4.437999999999988,29.97,msasl_72,True,626.0,360.0,False,False,False,4.471137804471138,0.0331378044711501,False,0.4669999999999996,8.125,False,False,,ok,,normalized_frames/topn_224_gray_jpg_from_raw/help/msasl_raw_4Nh1iFv2BMc__s002922__e003055__13b79e7d1896,134,jpg,224,224,grayscale,2923,3056,2922,3055,29.97002997002997,train
teacher,msasl,MS-ASL/videos_MS_ASL_raw/msasl_raw_N9tVg829W4c.mp4,150,220.0,71.0,2.333,30.0,msasl_29,True,540.0,360.0,False,False,False,2.3666666666666667,0.0336666666666665,False,0.4669999999999996,8.125,False,False,,ok,,normalized_frames/topn_224_gray_jpg_from_raw/teacher/msasl_raw_N9tVg829W4c__s000149__e000219__9a68f969074b,71,jpg,224,224,grayscale,150,220,149,219,30.0,train
teacher,msasl,MS-ASL/videos_MS_ASL_raw/msasl_raw_-LB4ENHxcIs.mp4,2422,2488.0,67.0,2.2020000000000124,29.97,msasl_233,True,640.0,360.0,False,False,False,2.235568902235569,0.0335689022355567,False,0.4669999999999996,8.125,False,False,,ok,,normalized_frames/topn_224_gray_jpg_from_raw/teacher/msasl_raw_-LB4ENHxcIs__s002421__e002487__8d6367246da1,67,jpg,224,224,grayscale,2422,2488,2421,2487,29.97002997002997,train
happy,signingsavvy,kaggle_dataset/videos/26532.mp4,1,70.0,70.0,2.336,29.97,wlasl_10,True,288.0,192.0,False,False,False,2.335669002335669,0.0003309976643306,False,0.4669999999999996,8.125,False,False,,ok,,normalized_frames/topn_224_gray_jpg_from_raw/happy/26532__s000000__e000069__993bc484376a,69,jpg,224,224,grayscale,1,70,0,69,29.97,train
eat,msasl,MS-ASL/videos_MS_ASL_raw/msasl_raw_Cv5avR9nEhg.mp4,30956,31093.0,138.0,5.480000000000018,25.0,msasl_12,True,1280.0,720.0,False,False,False,5.52,0.0399999999999813,False,0.4669999999999996,8.125,False,False,,ok,,normalized_frames/topn_224_gray_jpg_from_raw/eat/msasl_raw_Cv5avR9nEhg__s030955__e031092__2599b7599162,138,jpg,224,224,grayscale,30956,31093,30955,31092,25.0,train
nice,msasl,MS-ASL/videos_MS_ASL_raw/msasl_raw_oVsuQbfMscM.mp4,197,245.0,49.0,1.6020000000000003,29.97,msasl_124,True,640.0,360.0,False,False,False,1.6349683016349683,0.032968301634968,False,0.4669999999999996,8.125,False,False,,ok,,normalized_frames/topn_224_gray_jpg_from_raw/nice/msasl_raw_oVsuQbfMscM__s000196__e000244__f3f356c93146,49,jpg,224,224,grayscale,197,245,196,244,29.97,train
again,msasl,MS-ASL/videos_MS_ASL_raw/msasl_raw_FBimL8-ND3E.mp4,3054,3124.0,71.0,2.3349999999999937,29.97,msasl_101,True,360.0,360.0,False,False,False,2.369035702369036,0.0340357023690418,False,0.4669999999999996,8.125,False,False,,ok,,normalized_frames/topn_224_gray_jpg_from_raw/again/msasl_raw_FBimL8-ND3E__s003053__e003123__76b4820d3239,71,jpg,224,224,grayscale,3054,3124,3053,3123,29.97002997002997,train
finish,msasl,MS-ASL/videos_MS_ASL_raw/msasl_raw_Vintf-DLWq0.mp4,635,670.0,36.0,1.1720000000000006,29.878,msasl_41,True,202.0,360.0,False,False,False,1.2048999263672266,0.032899926367226,False,0.4669999999999996,8.125,False,False,,ok,,normalized_frames/topn_224_gray_jpg_from_raw/finish/msasl_raw_Vintf-DLWq0__s000634__e000669__d09eed94ce0c,36,jpg,224,224,grayscale,635,670,634,669,30.0,train
mother,msasl,MS-ASL/videos_MS_ASL_raw/msasl_raw_V6fbyDlMwBQ.mp4,0,110.0,111.0,3.667,30.0,msasl_62,True,640.0,360.0,False,False,False,3.7,0.0330000000000003,False,0.4669999999999996,8.125,False,False,,ok,,normalized_frames/topn_224_gray_jpg_from_raw/mother/msasl_raw_V6fbyDlMwBQ__s000000__e000109__2d4f07cc20e1,110,jpg,224,224,grayscale,0,110,0,109,30.0,train
father,msasl,MS-ASL/videos_MS_ASL_raw/msasl_raw_6UrcyZ-QeiU.mp4,2897,2947.0,51.0,1.668999999999997,29.97,msasl_205,True,640.0,360.0,False,False,False,1.7017017017017018,0.0327017017017048,False,0.4669999999999996,8.125,False,False,,ok,,normalized_frames/topn_224_gray_jpg_from_raw/father/msasl_raw_6UrcyZ-QeiU__s002896__e002946__b69ff1aee52d,51,jpg,224,224,grayscale,2897,2947,2896,2946,29.97002997002997,train
table,msasl,MS-ASL/videos_MS_ASL_raw/msasl_raw_Zv3oNQQS8Wg.mp4,48,148.0,101.0,3.3359999999999994,29.97,msasl_144,True,480.0,360.0,False,False,False,3.3700367033700367,0.0340367033700372,False,0.4669999999999996,8.125,False,False,,ok,,normalized_frames/topn_224_gray_jpg_from_raw/table/msasl_raw_Zv3oNQQS8Wg__s000047__e000147__22025f2b798d,101,jpg,224,224,grayscale,48,148,47,147,29.97002997002997,train
deaf,msasl,MS-ASL/videos_MS_ASL_raw/msasl_raw_BEKUHzwnVO8.mp4,11833,11903.0,71.0,2.3350000000000364,29.97,msasl_80,True,640.0,360.0,False,False,False,2.369035702369036,0.0340357023689992,False,0.4669999999999996,8.125,False,False,,ok,,normalized_frames/topn_224_gray_jpg_from_raw/deaf/msasl_raw_BEKUHzwnVO8__s011832__e011902__7cc14eaa3636,71,jpg,224,224,grayscale,11833,11903,11832,11902,29.97002997002997,train
learn,msasl,MS-ASL/videos_MS_ASL_raw/msasl_raw_OB1xBzqD8WY.mp4,888,921.0,34.0,1.1010000000000026,29.97,msasl_40,True,640.0,360.0,False,False,False,1.1344678011344678,0.0334678011344651,False,0.4669999999999996,8.125,False,False,,ok,,normalized_frames/topn_224_gray_jpg_from_raw/learn/msasl_raw_OB1xBzqD8WY__s000887__e000920__042eab6ffa69,34,jpg,224,224,grayscale,888,921,887,920,29.97002997002997,train
man,msasl,MS-ASL/videos_MS_ASL_raw/msasl_raw_75BkNdtDsoQ.mp4,4428,4530.0,103.0,4.079999999999984,25.0,msasl_77,True,640.0,360.0,False,False,False,4.12,0.040000000000016,False,0.4669999999999996,8.125,False,False,,ok,,normalized_frames/topn_224_gray_jpg_from_raw/man/msasl_raw_75BkNdtDsoQ__s004427__e004529__f4c909c5d9e8,103,jpg,224,224,grayscale,4428,4530,4427,4529,25.0,train
orange,msasl,MS-ASL/videos_MS_ASL_raw/msasl_raw_hKogDJd0yc4.mp4,4057,4147.0,91.0,3.0030000000000143,29.97,msasl_80,True,640.0,360.0,False,False,False,3.0363697030363697,0.0333697030363553,False,0.4669999999999996,8.125,False,False,,ok,,normalized_frames/topn_224_gray_jpg_from_raw/orange/msasl_raw_hKogDJd0yc4__s004056__e004146__1f1a8030b217,91,jpg,224,224,grayscale,4057,4147,4056,4146,29.97002997002997,train
student,msasl,MS-ASL/videos_MS_ASL_raw/msasl_raw_K4lo0NZDlH8.mp4,4658,4801.0,144.0,4.765999999999991,30.0,msasl_40,True,568.0,320.0,False,False,False,4.8,0.0340000000000086,False,0.4669999999999996,8.125,False,False,,ok,,normalized_frames/topn_224_gray_jpg_from_raw/student/msasl_raw_K4lo0NZDlH8__s004657__e004800__31794b34a5de,144,jpg,224,224,grayscale,4658,4801,4657,4800,30.0,train
yes,msasl,MS-ASL/videos_MS_ASL_raw/msasl_raw_q_p38s5JsXo.mp4,1053,1073.0,21.0,0.8000000000000043,25.0,msasl_12,True,1280.0,720.0,False,False,False,0.84,0.0399999999999957,False,0.4669999999999996,8.125,False,False,,ok,,normalized_frames/topn_224_gray_jpg_from_raw/yes/msasl_raw_q_p38s5JsXo__s001052__e001072__d7642ab61910,21,jpg,224,224,grayscale,1053,1073,1052,1072,25.0,train
bird,msasl,MS-ASL/videos_MS_ASL_raw/msasl_raw_Qd1x1kUwhpQ.mp4,8215,8275.0,61.0,2.3999999999999773,25.0,msasl_12,True,480.0,360.0,False,False,False,2.44,0.0400000000000226,False,0.4669999999999996,8.125,False,False,,ok,,normalized_frames/topn_224_gray_jpg_from_raw/bird/msasl_raw_Qd1x1kUwhpQ__s008214__e008274__9de59454fc4a,61,jpg,224,224,grayscale,8215,8275,8214,8274,25.0,train
finish,signschool,kaggle_dataset/videos/21943.mp4,1,28.0,28.0,1.168,23.976023976023978,wlasl_32,True,1920.0,1080.0,False,False,False,1.1678333333333333,0.0001666666666666,False,0.4669999999999996,8.125,False,False,,ok,,normalized_frames/topn_224_gray_jpg_from_raw/finish/21943__s000000__e000027__6914efe88d79,28,jpg,224,224,grayscale,1,28,0,27,23.976023976023978,train
table,msasl,MS-ASL/videos_MS_ASL_raw/msasl_raw_Zv3oNQQS8Wg.mp4,148,252.0,105.0,3.47,29.97,msasl_144,True,480.0,360.0,False,False,False,3.503503503503504,0.0335035035035033,False,0.4669999999999996,8.125,False,False,,ok,,normalized_frames/topn_224_gray_jpg_from_raw/table/msasl_raw_Zv3oNQQS8Wg__s000147__e000251__b040f771455b,105,jpg,224,224,grayscale,148,252,147,251,29.97002997002997,train
father,msasl,MS-ASL/videos_MS_ASL_raw/msasl_raw_3zoqSvF0Z2A.mp4,2254,2299.0,46.0,1.5,30.0,msasl_175,True,568.0,320.0,False,False,False,1.5333333333333334,0.0333333333333334,False,0.4669999999999996,8.125,False,False,,ok,,normalized_frames/topn_224_gray_jpg_from_raw/father/msasl_raw_3zoqSvF0Z2A__s002253__e002298__be972cafffc1,46,jpg,224,224,grayscale,2254,2299,2253,2298,30.0,train
water,msasl,MS-ASL/videos_MS_ASL_raw/msasl_raw_m49LzvNVTgc.mp4,149,217.0,69.0,2.2689999999999992,29.97,msasl_144,True,480.0,360.0,False,False,False,2.3023023023023024,0.0333023023023031,False,0.4669999999999996,8.125,False,False,,ok,,normalized_frames/topn_224_gray_jpg_from_raw/water/msasl_raw_m49LzvNVTgc__s000148__e000216__eb60f95a324c,69,jpg,224,224,grayscale,149,217,148,216,29.97002997002997,train
need,msasl,MS-ASL/videos_MS_ASL_raw/msasl_raw__LGqHR3FhL8.mp4,14823,14893.0,71.0,2.3360000000000127,29.97,msasl_80,True,640.0,360.0,False,False,False,2.369035702369036,0.0330357023690228,False,0.4669999999999996,8.125,False,False,,ok,,normalized_frames/topn_224_gray_jpg_from_raw/need/msasl_raw__LGqHR3FhL8__s014822__e014892__459f2fe43058,71,jpg,224,224,grayscale,14823,14893,14822,14892,29.97002997002997,train
what,msasl,MS-ASL/videos_MS_ASL_raw/msasl_raw_RjKI2a_hZ18.mp4,0,37.0,38.0,2.467,15.0,msasl_3,True,480.0,360.0,False,False,False,2.533333333333333,0.0663333333333331,False,0.4669999999999996,8.125,False,False,,ok,,normalized_frames/topn_224_gray_jpg_from_raw/what/msasl_raw_RjKI2a_hZ18__s000000__e000036__6e8a401a0af6,37,jpg,224,224,grayscale,0,37,0,36,15.403323875152006,train
student,msasl,MS-ASL/videos_MS_ASL_raw/msasl_raw_P3tBJESDamE.mp4,1128,1198.0,71.0,2.9200000000000017,23.976,msasl_94,True,1280.0,720.0,False,False,False,2.9612946279612946,0.0412946279612929,False,0.4669999999999996,8.125,False,False,,ok,,normalized_frames/topn_224_gray_jpg_from_raw/student/msasl_raw_P3tBJESDamE__s001127__e001197__8f91246fd914,71,jpg,224,224,grayscale,1128,1198,1127,1197,23.976023976023978,train
yes,msasl,MS-ASL/videos_MS_ASL_raw/msasl_raw_bX1eJjB3nyA.mp4,4333,4394.0,62.0,2.0349999999999966,29.97,msasl_261,True,640.0,360.0,False,False,False,2.0687354020687354,0.0337354020687388,False,0.4669999999999996,8.125,False,False,,ok,,normalized_frames/topn_224_gray_jpg_from_raw/yes/msasl_raw_bX1eJjB3nyA__s004332__e004393__96d3faac9521,62,jpg,224,224,grayscale,4333,4394,4332,4393,29.97002997002997,train
help,msasl,MS-ASL/videos_MS_ASL_raw/msasl_raw_rkQZQhloXuE.mp4,4166,4348.0,183.0,6.072000000000003,29.97,msasl_370,True,640.0,360.0,False,False,False,6.106106106106107,0.0341061061061038,False,0.4669999999999996,8.125,False,False,,ok,,normalized_frames/topn_224_gray_jpg_from_raw/help/msasl_raw_rkQZQhloXuE__s004165__e004347__7c5e66ef7afd,183,jpg,224,224,grayscale,4166,4348,4165,4347,29.97002997002997,train
again,signingsavvy,kaggle_dataset/videos/47305.mp4,1,49.0,49.0,1.635,29.97,wlasl_11,True,288.0,192.0,False,False,False,1.6349683016349683,3.1698365031695985e-05,False,0.4669999999999996,8.125,False,False,,ok,,normalized_frames/topn_224_gray_jpg_from_raw/again/47305__s000000__e000048__9e8648c71d7e,49,jpg,224,224,grayscale,1,49,0,48,29.97,train
again,msasl,MS-ASL/videos_MS_ASL_raw/msasl_raw_Fz1I_Ssr3AE.mp4,8543,8583.0,41.0,1.599999999999966,25.0,msasl_77,True,640.0,360.0,False,False,False,1.64,0.040000000000034,False,0.4669999999999996,8.125,False,False,,ok,,normalized_frames/topn_224_gray_jpg_from_raw/again/msasl_raw_Fz1I_Ssr3AE__s008542__e008582__95ed0f7377c2,41,jpg,224,224,grayscale,8543,8583,8542,8582,25.0,train
yes,msasl,MS-ASL/videos_MS_ASL_raw/msasl_raw_owXsDIKq4lk.mp4,4879,4999.0,121.0,4.004000000000019,29.97,msasl_391,True,1280.0,720.0,False,False,False,4.037370704037371,0.0333707040373516,False,0.4669999999999996,8.125,False,False,,ok,,normalized_frames/topn_224_gray_jpg_from_raw/yes/msasl_raw_owXsDIKq4lk__s004878__e004998__6c42e8934343,121,jpg,224,224,grayscale,4879,4999,4878,4998,29.97002997002997,train
tired,msasl,MS-ASL/videos_MS_ASL_raw/msasl_raw_k-AZCZlPECE.mp4,274,416.0,143.0,4.742000000000001,29.94,msasl_144,True,480.0,360.0,False,False,False,4.776219104876419,0.0342191048764179,False,0.4669999999999996,8.125,False,False,,ok,,normalized_frames/topn_224_gray_jpg_from_raw/tired/msasl_raw_k-AZCZlPECE__s000273__e000415__3d6c257df423,143,jpg,224,224,grayscale,274,416,273,415,29.97002997002997,train
fish,msasl,MS-ASL/videos_MS_ASL_raw/msasl_raw_UXetwN_cI5A.mp4,10309,10389.0,81.0,3.1999999999999886,25.0,msasl_12,True,480.0,360.0,False,False,False,3.24,0.0400000000000115,False,0.4669999999999996,8.125,False,False,,ok,,normalized_frames/topn_224_gray_jpg_from_raw/fish/msasl_raw_UXetwN_cI5A__s010308__e010388__b8165aecc699,81,jpg,224,224,grayscale,10309,10389,10308,10388,25.0,train
need,msasl,MS-ASL/videos_MS_ASL_raw/msasl_raw__LGqHR3FhL8.mp4,14893,14963.0,71.0,2.3349999999999795,29.97,msasl_80,True,640.0,360.0,False,False,False,2.369035702369036,0.034035702369056,False,0.4669999999999996,8.125,False,False,,ok,,normalized_frames/topn_224_gray_jpg_from_raw/need/msasl_raw__LGqHR3FhL8__s014892__e014962__1da667784b3e,71,jpg,224,224,grayscale,14893,14963,14892,14962,29.97002997002997,train
need,msasl,MS-ASL/videos_MS_ASL_raw/msasl_raw_MDQQ9WZNwcc.mp4,8407,8545.0,139.0,4.605000000000018,29.97,msasl_126,True,640.0,360.0,False,False,False,4.637971304637971,0.0329713046379529,False,0.4669999999999996,8.125,False,False,,ok,,normalized_frames/topn_224_gray_jpg_from_raw/need/msasl_raw_MDQQ9WZNwcc__s008406__e008544__67bab7b3f94d,139,jpg,224,224,grayscale,8407,8545,8406,8544,29.97002997002997,train
man,signschool,kaggle_dataset/videos/34737.mp4,1,34.0,34.0,1.134,29.97002997002997,wlasl_39,True,1920.0,1080.0,False,False,False,1.1344666666666667,0.0004666666666668,False,0.4669999999999996,8.125,False,False,,ok,,normalized_frames/topn_224_gray_jpg_from_raw/man/34737__s000000__e000033__57096c5d57f5,34,jpg,224,224,grayscale,1,34,0,33,29.97002997002997,train
happy,msasl,MS-ASL/videos_MS_ASL_raw/msasl_raw_ZHUVt5W8UEk.mp4,6501,6563.0,63.0,2.068000000000012,29.97,msasl_349,True,640.0,360.0,False,False,False,2.1021021021021022,0.0341021021020901,False,0.4669999999999996,8.125,False,False,,ok,,normalized_frames/topn_224_gray_jpg_from_raw/happy/msasl_raw_ZHUVt5W8UEk__s006500__e006562__26dd7dda4453,63,jpg,224,224,grayscale,6501,6563,6500,6562,29.97002997002997,train
mother,msasl,MS-ASL/videos_MS_ASL_raw/msasl_raw_yzl_Ez0ZB9Q.mp4,1292,1319.0,28.0,0.9010000000000034,29.97,msasl_97,True,480.0,360.0,False,False,False,0.9342676009342676,0.0332676009342642,False,0.4669999999999996,8.125,False,False,,ok,,normalized_frames/topn_224_gray_jpg_from_raw/mother/msasl_raw_yzl_Ez0ZB9Q__s001291__e001318__e24048ae2df9,28,jpg,224,224,grayscale,1292,1319,1291,1318,29.97002997002997,train
tired,signschool,kaggle_dataset/videos/58593.mp4,1,33.0,33.0,1.101,29.97002997002997,wlasl_39,True,1920.0,1080.0,False,False,False,1.1011,9.9999999999989e-05,False,0.4669999999999996,8.125,False,False,,ok,,normalized_frames/topn_224_gray_jpg_from_raw/tired/58593__s000000__e000032__025f4ee0a31d,33,jpg,224,224,grayscale,1,33,0,32,29.97002997002997,train
bird,msasl,MS-ASL/videos_MS_ASL_raw/msasl_raw_xEFFxlLBHUo.mp4,0,157.0,158.0,5.414,29.0,msasl_266,True,640.0,360.0,False,False,False,5.448275862068965,0.0342758620689656,False,0.4669999999999996,8.125,False,False,,ok,,normalized_frames/topn_224_gray_jpg_from_raw/bird/msasl_raw_xEFFxlLBHUo__s000000__e000156__d639d08c700b,157,jpg,224,224,grayscale,0,157,0,156,29.0,train
what,msasl,MS-ASL/videos_MS_ASL_raw/msasl_raw_my4mxg6lXYQ.mp4,15575,15677.0,103.0,3.40300000000002,29.97,msasl_124,True,1280.0,720.0,False,False,False,3.4367701034367704,0.0337701034367503,False,0.4669999999999996,8.125,False,False,,ok,,normalized_frames/topn_224_gray_jpg_from_raw/what/msasl_raw_my4mxg6lXYQ__s015574__e015676__ec942f72edd6,103,jpg,224,224,grayscale,15575,15677,15574,15676,29.97002997002997,train
table,msasl,MS-ASL/videos_MS_ASL_raw/msasl_raw_Zv3oNQQS8Wg.mp4,0,48.0,49.0,1.602,29.97,msasl_144,True,480.0,360.0,False,False,False,1.6349683016349683,0.0329683016349682,False,0.4669999999999996,8.125,False,False,,ok,,normalized_frames/topn_224_gray_jpg_from_raw/table/msasl_raw_Zv3oNQQS8Wg__s000000__e000047__777203ca6cce,48,jpg,224,224,grayscale,0,48,0,47,29.97002997002997,train
cousin,msasl,MS-ASL/videos_MS_ASL_raw/msasl_raw_UXetwN_cI5A.mp4,6472,6552.0,81.0,3.1999999999999886,25.0,msasl_12,True,480.0,360.0,False,False,False,3.24,0.0400000000000115,False,0.4669999999999996,8.125,False,False,,ok,,normalized_frames/topn_224_gray_jpg_from_raw/cousin/msasl_raw_UXetwN_cI5A__s006471__e006551__59439b831697,81,jpg,224,224,grayscale,6472,6552,6471,6551,25.0,train
cousin,msasl,MS-ASL/videos_MS_ASL_raw/msasl_raw_-_0i3qAEM1E.mp4,162,242.0,81.0,2.667,30.0,msasl_62,True,640.0,360.0,False,False,False,2.7,0.0330000000000003,False,0.4669999999999996,8.125,False,False,,ok,,normalized_frames/topn_224_gray_jpg_from_raw/cousin/msasl_raw_-_0i3qAEM1E__s000161__e000241__713d285cb92d,81,jpg,224,224,grayscale,162,242,161,241,30.0,train
help,msasl,MS-ASL/videos_MS_ASL_raw/msasl_raw_DhcTHDFqTfI.mp4,40,120.0,81.0,2.672,29.942,msasl_144,True,480.0,360.0,False,False,False,2.7052301115489947,0.0332301115489945,False,0.4669999999999996,8.125,False,False,,ok,,normalized_frames/topn_224_gray_jpg_from_raw/help/msasl_raw_DhcTHDFqTfI__s000039__e000119__a21847010d1c,81,jpg,224,224,grayscale,40,120,39,119,29.97002997002997,train
need,spreadthesign,kaggle_dataset/videos/37418.mp4,1,80.0,80.0,2.669,29.97,wlasl_56,True,320.0,240.0,False,False,False,2.669336002669336,0.0003360026693361,False,0.4669999999999996,8.125,False,False,,ok,,normalized_frames/topn_224_gray_jpg_from_raw/need/37418__s000000__e000079__2144318222f7,80,jpg,224,224,grayscale,1,80,0,79,29.97,train
student,startasl,kaggle_dataset/videos/55339.mp4,1,67.0,67.0,2.236,29.97,wlasl_36,True,736.0,414.0,False,False,False,2.235568902235569,0.000431097764431,False,0.4669999999999996,8.125,False,False,,ok,,normalized_frames/topn_224_gray_jpg_from_raw/student/55339__s000000__e000066__f45ddcb8f7df,67,jpg,224,224,grayscale,1,67,0,66,29.97,train
orange,msasl,MS-ASL/videos_MS_ASL_raw/msasl_raw_p8OYydc3WQM.mp4,9583,9671.0,89.0,2.9360000000000355,29.97,msasl_262,True,640.0,360.0,False,False,False,2.9696363029696364,0.0336363029696009,False,0.4669999999999996,8.125,False,False,,ok,,normalized_frames/topn_224_gray_jpg_from_raw/orange/msasl_raw_p8OYydc3WQM__s009582__e009670__b003eecf1429,89,jpg,224,224,grayscale,9583,9671,9582,9670,29.97002997002997,train
what,msasl,MS-ASL/videos_MS_ASL_raw/msasl_raw__LGqHR3FhL8.mp4,14174,14254.0,81.0,2.6689999999999827,29.97,msasl_80,True,640.0,360.0,False,False,False,2.702702702702702,0.0337027027027199,False,0.4669999999999996,8.125,False,False,,ok,,normalized_frames/topn_224_gray_jpg_from_raw/what/msasl_raw__LGqHR3FhL8__s014173__e014253__9aca0329d005,81,jpg,224,224,grayscale,14174,14254,14173,14253,29.97002997002997,train
tired,msasl,MS-ASL/videos_MS_ASL_raw/msasl_raw_q_p38s5JsXo.mp4,3495,3551.0,57.0,2.2399999999999807,25.0,msasl_12,True,1280.0,720.0,False,False,False,2.28,0.0400000000000191,False,0.4669999999999996,8.125,False,False,,ok,,normalized_frames/topn_224_gray_jpg_from_raw/tired/msasl_raw_q_p38s5JsXo__s003494__e003550__a7d687da08ad,57,jpg,224,224,grayscale,3495,3551,3494,3550,25.0,train
school,asldeafined,kaggle_dataset/videos/49600.mp4,1,56.0,56.0,1.867,30.0,wlasl_15,True,640.0,480.0,False,False,False,1.8666666666666667,0.0003333333333332,False,0.4669999999999996,8.125,False,False,,ok,,normalized_frames/topn_224_gray_jpg_from_raw/school/49600__s000000__e000055__f136e4b3776c,56,jpg,224,224,grayscale,1,56,0,55,30.0,train
need,signschool,kaggle_dataset/videos/37425.mp4,1,45.0,45.0,1.502,29.97002997002997,wlasl_4,True,1920.0,1080.0,False,False,False,1.5015,0.0004999999999999,False,0.4669999999999996,8.125,False,False,,ok,,normalized_frames/topn_224_gray_jpg_from_raw/need/37425__s000000__e000044__a8e124982043,45,jpg,224,224,grayscale,1,45,0,44,29.97002997002997,train
what,signschool,kaggle_dataset/videos/62968.mp4,1,43.0,43.0,1.793,23.97606111107669,wlasl_32,True,1920.0,1080.0,False,False,False,1.7934555555555558,0.0004555555555558,False,0.4669999999999996,8.125,False,False,,ok,,normalized_frames/topn_224_gray_jpg_from_raw/what/62968__s000000__e000042__9fd39a87bbe0,43,jpg,224,224,grayscale,1,43,0,42,23.97606111107669,train
man,msasl,MS-ASL/videos_MS_ASL_raw/msasl_raw_fNg_sJ9f8EI.mp4,3778,3897.0,120.0,3.971000000000004,29.97,msasl_32,True,640.0,360.0,False,False,False,4.004004004004004,0.0330040040040002,False,0.4669999999999996,8.125,False,False,,ok,,normalized_frames/topn_224_gray_jpg_from_raw/man/msasl_raw_fNg_sJ9f8EI__s003777__e003896__8b294e865997,120,jpg,224,224,grayscale,3778,3897,3777,3896,29.97002997002997,train
bird,msasl,MS-ASL/videos_MS_ASL_raw/msasl_raw_DiKUdUzxRmk.mp4,2274,2347.0,74.0,2.435999999999993,29.97,msasl_286,True,1280.0,720.0,False,False,False,2.469135802469136,0.0331358024691432,False,0.4669999999999996,8.125,False,False,,ok,,normalized_frames/topn_224_gray_jpg_from_raw/bird/msasl_raw_DiKUdUzxRmk__s002273__e002346__3e457dd31aa2,74,jpg,224,224,grayscale,2274,2347,2273,2346,29.97002997002997,train
mother,spreadthesign,kaggle_dataset/videos/36603.mp4,1,81.0,81.0,3.24,25.0,wlasl_2,True,320.0,240.0,False,False,False,3.24,0.0,False,0.4669999999999996,8.125,False,False,,ok,,normalized_frames/topn_224_gray_jpg_from_raw/mother/36603__s000000__e000080__1bfe3eca7670,81,jpg,224,224,grayscale,1,81,0,80,25.0,train
learn,msasl,MS-ASL/videos_MS_ASL_raw/msasl_raw_f7COHRpmVKA.mp4,1186,1335.0,150.0,4.9709999999999965,29.97,msasl_32,True,640.0,360.0,False,False,False,5.005005005005005,0.0340050050050084,False,0.4669999999999996,8.125,False,False,,ok,,normalized_frames/topn_224_gray_jpg_from_raw/learn/msasl_raw_f7COHRpmVKA__s001185__e001334__089cea85297b,150,jpg,224,224,grayscale,1186,1335,1185,1334,29.97002997002997,train
orange,signschool,kaggle_dataset/videos/40117.mp4,1,38.0,38.0,1.268,29.97002997002997,wlasl_39,True,1920.0,1080.0,False,False,False,1.2679333333333334,6.666666666665932e-05,False,0.4669999999999996,8.125,False,False,,ok,,normalized_frames/topn_224_gray_jpg_from_raw/orange/40117__s000000__e000037__85e9c489ee16,38,jpg,224,224,grayscale,1,38,0,37,29.97002997002997,train
bird,msasl,MS-ASL/videos_MS_ASL_raw/msasl_raw_q38xuZH11jw.mp4,3877,4050.0,174.0,5.766999999999996,30.0,msasl_107,True,568.0,320.0,False,False,False,5.8,0.0330000000000039,False,0.4669999999999996,8.125,False,False,,ok,,normalized_frames/topn_224_gray_jpg_from_raw/bird/msasl_raw_q38xuZH11jw__s003876__e004049__0dffc7049ee4,174,jpg,224,224,grayscale,3877,4050,3876,4049,30.0,train
what,aslsearch,kaggle_dataset/videos/62988.mp4,1,87.0,87.0,2.87,30.318840916754844,wlasl_12,True,720.0,400.0,False,False,False,2.869502836169503,0.0004971638304969,False,0.4669999999999996,8.125,False,False,,ok,,normalized_frames/topn_224_gray_jpg_from_raw/what/62988__s000000__e000086__cebedb34065f,87,jpg,224,224,grayscale,1,87,0,86,30.318840916754844,train
tired,msasl,MS-ASL/videos_MS_ASL_raw/msasl_raw_Cv5avR9nEhg.mp4,1768,1848.0,81.0,3.200000000000003,25.0,msasl_12,True,1280.0,720.0,False,False,False,3.24,0.0399999999999973,False,0.4669999999999996,8.125,False,False,,ok,,normalized_frames/topn_224_gray_jpg_from_raw/tired/msasl_raw_Cv5avR9nEhg__s001767__e001847__6ff784d3361d,81,jpg,224,224,grayscale,1768,1848,1767,1847,25.0,train
student,msasl,MS-ASL/videos_MS_ASL_raw/msasl_raw_BEKUHzwnVO8.mp4,5429,5549.0,121.0,4.003999999999991,29.97,msasl_80,True,640.0,360.0,False,False,False,4.037370704037371,0.03337070403738,False,0.4669999999999996,8.125,False,False,,ok,,normalized_frames/topn_224_gray_jpg_from_raw/student/msasl_raw_BEKUHzwnVO8__s005428__e005548__492c69732f23,121,jpg,224,224,grayscale,5429,5549,5428,5548,29.97002997002997,train
orange,msasl,MS-ASL/videos_MS_ASL_raw/msasl_raw_5Sb-YjNphkY.mp4,3492,3692.0,201.0,8.0,25.0,msasl_77,True,480.0,270.0,False,False,False,8.04,0.0399999999999991,False,0.4669999999999996,8.125,False,False,,ok,,normalized_frames/topn_224_gray_jpg_from_raw/orange/msasl_raw_5Sb-YjNphkY__s003491__e003691__640462b1c251,201,jpg,224,224,grayscale,3492,3692,3491,3691,25.0,train
no,msasl,MS-ASL/videos_MS_ASL_raw/msasl_raw_WxY7E9P46DM.mp4,9873,10059.0,187.0,6.463000000000022,28.78,msasl_394,True,1080.0,720.0,False,False,False,6.497567755385684,0.0345677553856615,False,0.4669999999999996,8.125,False,False,,ok,,normalized_frames/topn_224_gray_jpg_from_raw/no/msasl_raw_WxY7E9P46DM__s009872__e010058__2ef7a0233a19,187,jpg,224,224,grayscale,9873,10059,9872,10058,28.78,train
eat,msasl,MS-ASL/videos_MS_ASL_raw/msasl_raw_E4LtjQ3gUO0.mp4,250,380.0,131.0,4.341999999999999,29.937,msasl_144,True,480.0,360.0,False,False,False,4.3758559641914685,0.0338559641914697,False,0.4669999999999996,8.125,False,False,,ok,,normalized_frames/topn_224_gray_jpg_from_raw/eat/msasl_raw_E4LtjQ3gUO0__s000249__e000379__510b90f90166,131,jpg,224,224,grayscale,250,380,249,379,29.97002997002997,train
student,msasl,MS-ASL/videos_MS_ASL_raw/msasl_raw_IeH7XYbo0yg.mp4,316,396.0,81.0,2.6689999999999987,29.97,msasl_140,True,1280.0,720.0,False,False,False,2.702702702702702,0.0337027027027039,False,0.4669999999999996,8.125,False,False,,ok,,normalized_frames/topn_224_gray_jpg_from_raw/student/msasl_raw_IeH7XYbo0yg__s000315__e000395__f6f946fed429,81,jpg,224,224,grayscale,316,396,315,395,29.97002997002997,train
what,msasl,MS-ASL/videos_MS_ASL_raw/msasl_raw_z8e_-viWx9E.mp4,5144,5270.0,127.0,4.204000000000008,29.97,msasl_40,True,640.0,360.0,False,False,False,4.237570904237571,0.0335709042375631,False,0.4669999999999996,8.125,False,False,,ok,,normalized_frames/topn_224_gray_jpg_from_raw/what/msasl_raw_z8e_-viWx9E__s005143__e005269__7bebe5667d08,127,jpg,224,224,grayscale,5144,5270,5143,5269,29.97002997002997,train
school,msasl,MS-ASL/videos_MS_ASL_raw/msasl_raw_-A4DGiMwiu8.mp4,206,331.0,126.0,4.170000000000001,29.97,msasl_144,True,480.0,360.0,False,False,False,4.2042042042042045,0.0342042042042036,False,0.4669999999999996,8.125,False,False,,ok,,normalized_frames/topn_224_gray_jpg_from_raw/school/msasl_raw_-A4DGiMwiu8__s000205__e000330__c33ee68b815b,126,jpg,224,224,grayscale,206,331,205,330,29.97002997002997,train
like,msasl,MS-ASL/videos_MS_ASL_raw/msasl_raw_lElR-sVcYyw.mp4,7650,7799.0,150.0,4.97199999999998,29.97,msasl_32,True,640.0,360.0,False,False,False,5.005005005005005,0.033005005005025,False,0.4669999999999996,8.125,False,False,,ok,,normalized_frames/topn_224_gray_jpg_from_raw/like/msasl_raw_lElR-sVcYyw__s007649__e007798__32d6a77c7f00,150,jpg,224,224,grayscale,7650,7799,7649,7798,29.97002997002997,train
school,msasl,MS-ASL/videos_MS_ASL_raw/msasl_raw_P3tBJESDamE.mp4,5756,5930.0,175.0,7.257000000000005,23.976,msasl_94,True,1280.0,720.0,False,False,False,7.298965632298966,0.041965632298961,False,0.4669999999999996,8.125,False,False,,ok,,normalized_frames/topn_224_gray_jpg_from_raw/school/msasl_raw_P3tBJESDamE__s005755__e005929__7b72741b9597,175,jpg,224,224,grayscale,5756,5930,5755,5929,23.976023976023978,train
but,msasl,MS-ASL/videos_MS_ASL_raw/msasl_raw_rWIDL_GpaJc.mp4,1604,1664.0,61.0,2.0009999999999977,29.972,msasl_274,True,1280.0,720.0,False,False,False,2.03523288402509,0.0342328840250925,False,0.4669999999999996,8.125,False,False,,ok,,normalized_frames/topn_224_gray_jpg_from_raw/but/msasl_raw_rWIDL_GpaJc__s001603__e001663__9d2ee721e876,61,jpg,224,224,grayscale,1604,1664,1603,1663,29.97002997002997,train
water,msasl,MS-ASL/videos_MS_ASL_raw/msasl_raw_9MpYhwIVz-E.mp4,0,100.0,101.0,3.37,29.675,msasl_2,True,640.0,360.0,False,False,False,3.403538331929233,0.033538331929233,False,0.4669999999999996,8.125,False,False,,ok,,normalized_frames/topn_224_gray_jpg_from_raw/water/msasl_raw_9MpYhwIVz-E__s000000__e000099__2225087e0116,100,jpg,224,224,grayscale,0,100,0,99,29.675,val
mother,msasl,MS-ASL/videos_MS_ASL_raw/msasl_raw_ktkz1BUzs48.mp4,793,840.0,48.0,1.5679999999999978,29.97,msasl_26,True,1280.0,720.0,False,False,False,1.6016016016016017,0.0336016016016038,False,0.4669999999999996,8.125,False,False,,ok,,normalized_frames/topn_224_gray_jpg_from_raw/mother/msasl_raw_ktkz1BUzs48__s000792__e000839__a466351b703c,48,jpg,224,224,grayscale,793,840,792,839,29.97002997002997,val
student,msasl,MS-ASL/videos_MS_ASL_raw/msasl_raw_bTKa4_JwYCk.mp4,0,114.0,115.0,6.655,17.129,msasl_2,True,640.0,360.0,False,False,False,6.7137602895674,0.0587602895673997,False,0.4669999999999996,8.125,False,False,,ok,,normalized_frames/topn_224_gray_jpg_from_raw/student/msasl_raw_bTKa4_JwYCk__s000000__e000113__28b77dc24c65,114,jpg,224,224,grayscale,0,114,0,113,17.129182168438614,val
finish,msasl,MS-ASL/videos_MS_ASL_raw/msasl_raw_p36hZJQpLoQ.mp4,4130,4223.0,94.0,3.1030000000000086,29.97,msasl_215,True,1280.0,720.0,False,False,False,3.1364698031364697,0.033469803136461,False,0.4669999999999996,8.125,False,False,,ok,,normalized_frames/topn_224_gray_jpg_from_raw/finish/msasl_raw_p36hZJQpLoQ__s004129__e004222__83125ec29c4b,94,jpg,224,224,grayscale,4130,4223,4129,4222,29.97002997002997,val
finish,msasl,MS-ASL/videos_MS_ASL_raw/msasl_raw_1v-MqrbC5Js.mp4,2180,2234.0,55.0,1.8019999999999925,29.97,msasl_26,True,1280.0,720.0,False,False,False,1.8351685018351689,0.0331685018351761,False,0.4669999999999996,8.125,False,False,,ok,,normalized_frames/topn_224_gray_jpg_from_raw/finish/msasl_raw_1v-MqrbC5Js__s002179__e002233__cf8ab9f575ae,55,jpg,224,224,grayscale,2180,2234,2179,2233,29.97002997002997,val
no,msasl,MS-ASL/videos_MS_ASL_raw/msasl_raw_RMUydgQr9TE.mp4,874,918.0,45.0,1.4690000000000012,29.97,msasl_26,True,1280.0,720.0,False,False,False,1.5015015015015016,0.0325015015015004,False,0.4669999999999996,8.125,False,False,,ok,,normalized_frames/topn_224_gray_jpg_from_raw/no/msasl_raw_RMUydgQr9TE__s000873__e000917__b29e6690cc16,45,jpg,224,224,grayscale,874,918,873,917,29.97002997002997,val
bird,msasl,MS-ASL/videos_MS_ASL_raw/msasl_raw_h2lAn0iosEo.mp4,0,61.0,62.0,2.06,29.613,msasl_2,True,640.0,360.0,False,False,False,2.09367507513592,0.0336750751359198,False,0.4669999999999996,8.125,False,False,,ok,,normalized_frames/topn_224_gray_jpg_from_raw/bird/msasl_raw_h2lAn0iosEo__s000000__e000060__d585ef0f079f,61,jpg,224,224,grayscale,0,61,0,60,29.613,val
again,msasl,MS-ASL/videos_MS_ASL_raw/msasl_raw_gU5EI_ZTzxw.mp4,1002,1030.0,29.0,0.9350000000000024,29.97,msasl_330,True,480.0,360.0,False,False,False,0.9676343009676344,0.0326343009676319,False,0.4669999999999996,8.125,False,False,,ok,,normalized_frames/topn_224_gray_jpg_from_raw/again/msasl_raw_gU5EI_ZTzxw__s001001__e001029__58e2f1f12e5a,29,jpg,224,224,grayscale,1002,1030,1001,1029,29.97002997002997,val
student,msasl,MS-ASL/videos_MS_ASL_raw/msasl_raw_KTURNRi-wy0.mp4,2929,3018.0,90.0,2.969999999999999,29.97,msasl_26,True,1280.0,720.0,False,False,False,3.003003003003004,0.0330030030030044,False,0.4669999999999996,8.125,False,False,,ok,,normalized_frames/topn_224_gray_jpg_from_raw/student/msasl_raw_KTURNRi-wy0__s002928__e003017__a5ebd04838a1,90,jpg,224,224,grayscale,2929,3018,2928,3017,29.97002997002997,val
mother,msasl,MS-ASL/videos_MS_ASL_raw/msasl_raw_1E8k8gI_xYk.mp4,1160,1230.0,71.0,2.3359999999999985,29.97,msasl_359,True,640.0,360.0,False,False,False,2.369035702369036,0.033035702369037,False,0.4669999999999996,8.125,False,False,,ok,,normalized_frames/topn_224_gray_jpg_from_raw/mother/msasl_raw_1E8k8gI_xYk__s001159__e001229__27179aa6eb87,71,jpg,224,224,grayscale,1160,1230,1159,1229,29.97002997002997,val
but,msasl,MS-ASL/videos_MS_ASL_raw/msasl_raw_C4-QGH6vR1g.mp4,0,87.0,88.0,5.095,17.076,msasl_2,True,640.0,360.0,False,False,False,5.153431717029749,0.058431717029749,False,0.4669999999999996,8.125,False,False,,ok,,normalized_frames/topn_224_gray_jpg_from_raw/but/msasl_raw_C4-QGH6vR1g__s000000__e000086__f08e784c9442,87,jpg,224,224,grayscale,0,87,0,86,17.076,val
eat,msasl,MS-ASL/videos_MS_ASL_raw/msasl_raw_ga_qPj5JN9c.mp4,0,102.0,103.0,4.08,25.0,msasl_14,True,640.0,360.0,False,False,False,4.12,0.04,False,0.4669999999999996,8.125,False,False,,ok,,normalized_frames/topn_224_gray_jpg_from_raw/eat/msasl_raw_ga_qPj5JN9c__s000000__e000101__7aa0dd2c8a5d,102,jpg,224,224,grayscale,0,102,0,101,25.0,val
nice,msasl,MS-ASL/videos_MS_ASL_raw/msasl_raw_b-D-ZF8spMY.mp4,0,132.0,133.0,5.28,25.0,msasl_14,True,640.0,360.0,False,False,False,5.32,0.04,False,0.4669999999999996,8.125,False,False,,ok,,normalized_frames/topn_224_gray_jpg_from_raw/nice/msasl_raw_b-D-ZF8spMY__s000000__e000131__2a3cf8f34ff7,132,jpg,224,224,grayscale,0,132,0,131,25.0,val
sit,msasl,MS-ASL/videos_MS_ASL_raw/msasl_raw_zICB0wesqvY.mp4,0,53.0,54.0,1.768,29.97,msasl_143,True,636.0,360.0,False,False,False,1.8018018018018016,0.0338018018018018,False,0.4669999999999996,8.125,False,False,,ok,,normalized_frames/topn_224_gray_jpg_from_raw/sit/msasl_raw_zICB0wesqvY__s000000__e000052__17029bd61e7d,53,jpg,224,224,grayscale,0,53,0,52,29.97002997002997,val
deaf,msasl,MS-ASL/videos_MS_ASL_raw/msasl_raw_FwGL9FjFpYI.mp4,1990,2085.0,96.0,3.1699999999999875,29.97,msasl_26,True,1280.0,720.0,False,False,False,3.2032032032032034,0.0332032032032159,False,0.4669999999999996,8.125,False,False,,ok,,normalized_frames/topn_224_gray_jpg_from_raw/deaf/msasl_raw_FwGL9FjFpYI__s001989__e002084__bd89ac3654ab,96,jpg,224,224,grayscale,1990,2085,1989,2084,29.97002997002997,val
no,msasl,MS-ASL/videos_MS_ASL_raw/msasl_raw_FwGL9FjFpYI.mp4,16091,16127.0,37.0,1.2010000000000218,29.97,msasl_26,True,1280.0,720.0,False,False,False,1.234567901234568,0.0335679012345462,False,0.4669999999999996,8.125,False,False,,ok,,normalized_frames/topn_224_gray_jpg_from_raw/no/msasl_raw_FwGL9FjFpYI__s016090__e016126__367fc495a0a9,37,jpg,224,224,grayscale,16091,16127,16090,16126,29.97002997002997,val
no,msasl,MS-ASL/videos_MS_ASL_raw/msasl_raw_FwGL9FjFpYI.mp4,16043,16088.0,46.0,1.5019999999999527,29.97,msasl_26,True,1280.0,720.0,False,False,False,1.5348682015348682,0.0328682015349155,False,0.4669999999999996,8.125,False,False,,ok,,normalized_frames/topn_224_gray_jpg_from_raw/no/msasl_raw_FwGL9FjFpYI__s016042__e016087__ea9224aeb8aa,46,jpg,224,224,grayscale,16043,16088,16042,16087,29.97002997002997,val
what,msasl,MS-ASL/videos_MS_ASL_raw/msasl_raw_RMUydgQr9TE.mp4,3447,3494.0,48.0,1.5679999999999978,29.97,msasl_26,True,1280.0,720.0,False,False,False,1.6016016016016017,0.0336016016016038,False,0.4669999999999996,8.125,False,False,,ok,,normalized_frames/topn_224_gray_jpg_from_raw/what/msasl_raw_RMUydgQr9TE__s003446__e003493__1c4e7074ca7c,48,jpg,224,224,grayscale,3447,3494,3446,3493,29.97002997002997,val
school,msasl,MS-ASL/videos_MS_ASL_raw/msasl_raw_Y4Jj9NexFFE.mp4,0,107.0,108.0,4.28,25.0,msasl_14,True,640.0,360.0,False,False,False,4.32,0.04,False,0.4669999999999996,8.125,False,False,,ok,,normalized_frames/topn_224_gray_jpg_from_raw/school/msasl_raw_Y4Jj9NexFFE__s000000__e000106__b383a10e81bd,107,jpg,224,224,grayscale,0,107,0,106,25.0,val
happy,msasl,MS-ASL/videos_MS_ASL_raw/msasl_raw_FwGL9FjFpYI.mp4,4960,5040.0,81.0,2.669000000000011,29.97,msasl_26,True,1280.0,720.0,False,False,False,2.702702702702702,0.0337027027026914,False,0.4669999999999996,8.125,False,False,,ok,,normalized_frames/topn_224_gray_jpg_from_raw/happy/msasl_raw_FwGL9FjFpYI__s004959__e005039__268b19d768f8,81,jpg,224,224,grayscale,4960,5040,4959,5039,29.97002997002997,val
happy,msasl,MS-ASL/videos_MS_ASL_raw/msasl_raw_Abj2Yj4vbtk.mp4,6630,6691.0,62.0,2.0349999999999966,29.97,msasl_26,True,1280.0,720.0,False,False,False,2.0687354020687354,0.0337354020687388,False,0.4669999999999996,8.125,False,False,,ok,,normalized_frames/topn_224_gray_jpg_from_raw/happy/msasl_raw_Abj2Yj4vbtk__s006629__e006690__5e8ce905f930,62,jpg,224,224,grayscale,6630,6691,6629,6690,29.97002997002997,val
father,msasl,MS-ASL/videos_MS_ASL_raw/msasl_raw_1E8k8gI_xYk.mp4,1260,1320.0,61.0,2.001999999999996,29.97,msasl_359,True,640.0,360.0,False,False,False,2.035368702035369,0.0333687020353727,False,0.4669999999999996,8.125,False,False,,ok,,normalized_frames/topn_224_gray_jpg_from_raw/father/msasl_raw_1E8k8gI_xYk__s001259__e001319__a14033851da6,61,jpg,224,224,grayscale,1260,1320,1259,1319,29.97002997002997,val
happy,msasl,MS-ASL/videos_MS_ASL_raw/msasl_raw_gzqjLnXje8g.mp4,5012,5098.0,87.0,2.869,29.97,msasl_26,True,1280.0,720.0,False,False,False,2.902902902902903,0.0339029029029029,False,0.4669999999999996,8.125,False,False,,ok,,normalized_frames/topn_224_gray_jpg_from_raw/happy/msasl_raw_gzqjLnXje8g__s005011__e005097__3afd5fbc7129,87,jpg,224,224,grayscale,5012,5098,5011,5097,29.97002997002997,val
happy,msasl,MS-ASL/videos_MS_ASL_raw/msasl_raw_bCVQXygujmo.mp4,0,122.0,123.0,4.12,29.613,msasl_2,True,640.0,360.0,False,False,False,4.153581197447068,0.0335811974470674,False,0.4669999999999996,8.125,False,False,,ok,,normalized_frames/topn_224_gray_jpg_from_raw/happy/msasl_raw_bCVQXygujmo__s000000__e000121__634589cb0f1b,122,jpg,224,224,grayscale,0,122,0,121,29.61302438058756,val
need,msasl,MS-ASL/videos_MS_ASL_raw/msasl_raw_UlRyKsP78qQ.mp4,2504,2557.0,54.0,1.7690000000000057,29.97,msasl_26,True,1280.0,720.0,False,False,False,1.8018018018018016,0.0328018018017961,False,0.4669999999999996,8.125,False,False,,ok,,normalized_frames/topn_224_gray_jpg_from_raw/need/msasl_raw_UlRyKsP78qQ__s002503__e002556__135db06be161,54,jpg,224,224,grayscale,2504,2557,2503,2556,29.97002997002997,val
fish,msasl,MS-ASL/videos_MS_ASL_raw/msasl_raw_3447IQcrXRw.mp4,0,66.0,67.0,2.64,25.0,msasl_152,True,500.0,284.0,False,False,False,2.68,0.04,False,0.4669999999999996,8.125,False,False,,ok,,normalized_frames/topn_224_gray_jpg_from_raw/fish/msasl_raw_3447IQcrXRw__s000000__e000065__7a160d11e4e1,66,jpg,224,224,grayscale,0,66,0,65,25.0,val
teacher,msasl,MS-ASL/videos_MS_ASL_raw/msasl_raw_iR6M4P6XqB0.mp4,1573,1723.0,151.0,5.005000000000003,29.97,msasl_438,True,640.0,360.0,False,False,False,5.038371705038372,0.0333717050383697,False,0.4669999999999996,8.125,False,False,,ok,,normalized_frames/topn_224_gray_jpg_from_raw/teacher/msasl_raw_iR6M4P6XqB0__s001572__e001722__0156487d30ad,151,jpg,224,224,grayscale,1573,1723,1572,1722,29.97002997002997,val
mother,msasl,MS-ASL/videos_MS_ASL_raw/msasl_raw_KHJjHjG-8JU.mp4,590,786.0,197.0,6.539999999999999,29.97,msasl_384,True,640.0,360.0,False,False,False,6.5732399065732405,0.0332399065732413,False,0.4669999999999996,8.125,False,False,,ok,,normalized_frames/topn_224_gray_jpg_from_raw/mother/msasl_raw_KHJjHjG-8JU__s000589__e000785__7524c6be90c7,197,jpg,224,224,grayscale,590,786,589,785,29.97002997002997,val
like,msasl,MS-ASL/videos_MS_ASL_raw/msasl_raw_RMUydgQr9TE.mp4,4360,4422.0,63.0,2.067999999999984,29.97,msasl_26,True,1280.0,720.0,False,False,False,2.1021021021021022,0.0341021021021181,False,0.4669999999999996,8.125,False,False,,ok,,normalized_frames/topn_224_gray_jpg_from_raw/like/msasl_raw_RMUydgQr9TE__s004359__e004421__8987e84358a4,63,jpg,224,224,grayscale,4360,4422,4359,4421,29.97002997002997,val
need,msasl,MS-ASL/videos_MS_ASL_raw/msasl_raw_jE6qpXmh4VU.mp4,3061,3111.0,51.0,1.668999999999997,29.97,msasl_26,True,1280.0,720.0,False,False,False,1.7017017017017018,0.0327017017017048,False,0.4669999999999996,8.125,False,False,,ok,,normalized_frames/topn_224_gray_jpg_from_raw/need/msasl_raw_jE6qpXmh4VU__s003060__e003110__9b500dd0852a,51,jpg,224,224,grayscale,3061,3111,3060,3110,29.97002997002997,val
doctor,msasl,MS-ASL/videos_MS_ASL_raw/msasl_raw_2ofPs_uTel4.mp4,10211,10317.0,107.0,4.420999999999992,23.976,msasl_411,True,1280.0,720.0,False,False,False,4.462796129462796,0.0417961294628037,False,0.4669999999999996,8.125,False,False,,ok,,normalized_frames/topn_224_gray_jpg_from_raw/doctor/msasl_raw_2ofPs_uTel4__s010210__e010316__02492f36d1bd,107,jpg,224,224,grayscale,10211,10317,10210,10316,23.976023976023978,val
yes,msasl,MS-ASL/videos_MS_ASL_raw/msasl_raw__uxgyigXU3g.mp4,0,54.0,55.0,2.16,25.0,msasl_152,True,500.0,284.0,False,False,False,2.2,0.04,False,0.4669999999999996,8.125,False,False,,ok,,normalized_frames/topn_224_gray_jpg_from_raw/yes/msasl_raw__uxgyigXU3g__s000000__e000053__8baf121413c3,54,jpg,224,224,grayscale,0,54,0,53,25.0,val
nice,msasl,MS-ASL/videos_MS_ASL_raw/msasl_raw_61q-PJr_UvM.mp4,1556,1611.0,56.0,1.8350000000000009,29.97,msasl_26,True,1280.0,720.0,False,False,False,1.8685352018685355,0.0335352018685344,False,0.4669999999999996,8.125,False,False,,ok,,normalized_frames/topn_224_gray_jpg_from_raw/nice/msasl_raw_61q-PJr_UvM__s001555__e001610__eacba827ff34,56,jpg,224,224,grayscale,1556,1611,1555,1610,29.97002997002997,val
spring,msasl,MS-ASL/videos_MS_ASL_raw/msasl_raw_PgrN3IWv91k.mp4,727,868.0,142.0,4.704000000000001,29.97,msasl_26,True,1280.0,720.0,False,False,False,4.738071404738071,0.0340714047380705,False,0.4669999999999996,8.125,False,False,,ok,,normalized_frames/topn_224_gray_jpg_from_raw/spring/msasl_raw_PgrN3IWv91k__s000726__e000867__3b04b99c52d9,142,jpg,224,224,grayscale,727,868,726,867,29.97002997002997,val
spring,msasl,MS-ASL/videos_MS_ASL_raw/msasl_raw_ZpF9lj35sPc.mp4,11607,11722.0,116.0,3.837000000000046,29.97,msasl_26,True,1280.0,720.0,False,False,False,3.8705372038705375,0.0335372038704915,False,0.4669999999999996,8.125,False,False,,ok,,normalized_frames/topn_224_gray_jpg_from_raw/spring/msasl_raw_ZpF9lj35sPc__s011606__e011721__c2eb07581ee7,116,jpg,224,224,grayscale,11607,11722,11606,11721,29.97002997002997,val
table,msasl,MS-ASL/videos_MS_ASL_raw/msasl_raw_W3RoLV4XY68.mp4,0,135.0,136.0,4.56,29.606,msasl_2,True,640.0,360.0,False,False,False,4.593663446598662,0.0336634465986627,False,0.4669999999999996,8.125,False,False,,ok,,normalized_frames/topn_224_gray_jpg_from_raw/table/msasl_raw_W3RoLV4XY68__s000000__e000134__b00a9c0c8bea,135,jpg,224,224,grayscale,0,135,0,134,29.606,val
doctor,msasl,MS-ASL/videos_MS_ASL_raw/msasl_raw_1kNszi0e9XU.mp4,3190,3270.0,81.0,2.668999999999997,29.97,msasl_26,True,1280.0,720.0,False,False,False,2.702702702702702,0.0337027027027057,False,0.4669999999999996,8.125,False,False,,ok,,normalized_frames/topn_224_gray_jpg_from_raw/doctor/msasl_raw_1kNszi0e9XU__s003189__e003269__8a0c3f8c71b1,81,jpg,224,224,grayscale,3190,3270,3189,3269,29.97002997002997,val
table,msasl,MS-ASL/videos_MS_ASL_raw/msasl_raw_W1jPKaSkJRU.mp4,0,104.0,105.0,3.467,30.0,msasl_135,True,480.0,360.0,False,False,False,3.5,0.0329999999999999,False,0.4669999999999996,8.125,False,False,,ok,,normalized_frames/topn_224_gray_jpg_from_raw/table/msasl_raw_W1jPKaSkJRU__s000000__e000103__61f362430edb,104,jpg,224,224,grayscale,0,104,0,103,30.0,val
happy,msasl,MS-ASL/videos_MS_ASL_raw/msasl_raw_HVtHrQuNA8Q.mp4,0,123.0,124.0,4.149,29.644,msasl_2,True,640.0,360.0,False,False,False,4.182971258939415,0.0339712589394149,False,0.4669999999999996,8.125,False,False,,ok,,normalized_frames/topn_224_gray_jpg_from_raw/happy/msasl_raw_HVtHrQuNA8Q__s000000__e000122__dc8bb1f061ac,123,jpg,224,224,grayscale,0,123,0,122,29.644032544685192,val
teacher,msasl,MS-ASL/videos_MS_ASL_raw/msasl_raw_cqyB9f32GuI.mp4,0,137.0,138.0,7.985,17.157,msasl_2,True,640.0,360.0,False,False,False,8.043364224514775,0.0583642245147748,False,0.4669999999999996,8.125,False,False,,ok,,normalized_frames/topn_224_gray_jpg_from_raw/teacher/msasl_raw_cqyB9f32GuI__s000000__e000136__347bb1df00c8,137,jpg,224,224,grayscale,0,137,0,136,17.281326086956522,val
need,msasl,MS-ASL/videos_MS_ASL_raw/msasl_raw_jE6qpXmh4VU.mp4,625,669.0,45.0,1.468,29.97,msasl_26,True,1280.0,720.0,False,False,False,1.5015015015015016,0.0335015015015016,False,0.4669999999999996,8.125,False,False,,ok,,normalized_frames/topn_224_gray_jpg_from_raw/need/msasl_raw_jE6qpXmh4VU__s000624__e000668__319df1fae814,45,jpg,224,224,grayscale,625,669,624,668,29.97002997002997,val
eat,msasl,MS-ASL/videos_MS_ASL_raw/msasl_raw_DGFSZB6BLLc.mp4,0,62.0,63.0,2.48,25.0,msasl_152,True,500.0,284.0,False,False,False,2.52,0.04,False,0.4669999999999996,8.125,False,False,,ok,,normalized_frames/topn_224_gray_jpg_from_raw/eat/msasl_raw_DGFSZB6BLLc__s000000__e000061__c6360fde1501,62,jpg,224,224,grayscale,0,62,0,61,25.0,val
orange,msasl,MS-ASL/videos_MS_ASL_raw/msasl_raw_02NAI-ykpWk.mp4,0,146.0,147.0,5.84,25.0,msasl_14,True,640.0,360.0,False,False,False,5.88,0.04,False,0.4669999999999996,8.125,False,False,,ok,,normalized_frames/topn_224_gray_jpg_from_raw/orange/msasl_raw_02NAI-ykpWk__s000000__e000145__555510bfc93d,146,jpg,224,224,grayscale,0,146,0,145,25.0,val
help,msasl,MS-ASL/videos_MS_ASL_raw/msasl_raw_2UTrRGm6-cs.mp4,0,43.0,44.0,1.72,25.0,msasl_152,True,480.0,272.0,False,False,False,1.76,0.04,False,0.4669999999999996,8.125,False,False,,ok,,normalized_frames/topn_224_gray_jpg_from_raw/help/msasl_raw_2UTrRGm6-cs__s000000__e000042__e2831cbb04ae,43,jpg,224,224,grayscale,0,43,0,42,25.0,val
like,msasl,MS-ASL/videos_MS_ASL_raw/msasl_raw_OzkMuzJUdDc.mp4,70,146.0,77.0,4.466,17.016,msasl_2,True,640.0,360.0,False,False,False,4.525152797367184,0.0591527973671839,False,0.4669999999999996,8.125,False,False,,ok,,normalized_frames/topn_224_gray_jpg_from_raw/like/msasl_raw_OzkMuzJUdDc__s000069__e000145__20a7e1dc718c,77,jpg,224,224,grayscale,70,146,69,145,17.016,val
yes,msasl,MS-ASL/videos_MS_ASL_raw/msasl_raw_zGwP9fAhpl4.mp4,0,140.0,141.0,4.72,29.659,msasl_2,True,640.0,360.0,False,False,False,4.754037560268384,0.0340375602683842,False,0.4669999999999996,8.125,False,False,,ok,,normalized_frames/topn_224_gray_jpg_from_raw/yes/msasl_raw_zGwP9fAhpl4__s000000__e000139__e04b96496fac,140,jpg,224,224,grayscale,0,140,0,139,29.659,val
tired,msasl,MS-ASL/videos_MS_ASL_raw/msasl_raw_TBSr8a78eiQ.mp4,0,63.0,64.0,2.127,29.617,msasl_2,True,640.0,360.0,False,False,False,2.160921092615727,0.0339210926157274,False,0.4669999999999996,8.125,False,False,,ok,,normalized_frames/topn_224_gray_jpg_from_raw/tired/msasl_raw_TBSr8a78eiQ__s000000__e000062__6a6f23aa257e,63,jpg,224,224,grayscale,0,63,0,62,29.61703777131286,val
learn,msasl,MS-ASL/videos_MS_ASL_raw/msasl_raw_KTURNRi-wy0.mp4,2808,2866.0,59.0,1.9350000000000025,29.97,msasl_26,True,1280.0,720.0,False,False,False,1.968635301968636,0.0336353019686328,False,0.4669999999999996,8.125,False,False,,ok,,normalized_frames/topn_224_gray_jpg_from_raw/learn/msasl_raw_KTURNRi-wy0__s002807__e002865__1be62eb559a2,59,jpg,224,224,grayscale,2808,2866,2807,2865,29.97002997002997,val
doctor,msasl,MS-ASL/videos_MS_ASL_raw/msasl_raw_1kNszi0e9XU.mp4,3400,3469.0,70.0,2.3019999999999925,29.97,msasl_26,True,1280.0,720.0,False,False,False,2.335669002335669,0.0336690023356767,False,0.4669999999999996,8.125,False,False,,ok,,normalized_frames/topn_224_gray_jpg_from_raw/doctor/msasl_raw_1kNszi0e9XU__s003399__e003468__726693e47858,70,jpg,224,224,grayscale,3400,3469,3399,3468,29.97002997002997,val
father,msasl,MS-ASL/videos_MS_ASL_raw/msasl_raw_ucXplZLMUzY.mp4,1221,1304.0,84.0,2.770000000000003,29.97,msasl_245,True,640.0,360.0,False,False,False,2.8028028028028027,0.0328028028027995,False,0.4669999999999996,8.125,False,False,,ok,,normalized_frames/topn_224_gray_jpg_from_raw/father/msasl_raw_ucXplZLMUzY__s001220__e001303__3198c0a54b34,84,jpg,224,224,grayscale,1221,1304,1220,1303,29.97002997002997,val
help,asldeafined,kaggle_dataset/videos/27209.mp4,1,59.0,59.0,1.966,30.005085607730123,wlasl_17,True,640.0,480.0,False,False,False,1.9663333333333333,0.0003333333333332,False,0.4669999999999996,8.125,False,False,,ok,,normalized_frames/topn_224_gray_jpg_from_raw/help/27209__s000000__e000058__9be8044fb267,59,jpg,224,224,grayscale,1,59,0,58,30.005085607730123,val
mother,msasl,MS-ASL/videos_MS_ASL_raw/msasl_raw_wlZkTTc_0EU.mp4,0,116.0,117.0,4.64,25.0,msasl_14,True,640.0,360.0,False,False,False,4.68,0.04,False,0.4669999999999996,8.125,False,False,,ok,,normalized_frames/topn_224_gray_jpg_from_raw/mother/msasl_raw_wlZkTTc_0EU__s000000__e000115__81ffdf1803b6,116,jpg,224,224,grayscale,0,116,0,115,25.0,val
doctor,msasl,MS-ASL/videos_MS_ASL_raw/msasl_raw_XrG6DZ5vOVY.mp4,0,148.0,149.0,5.0,29.6,msasl_2,True,640.0,360.0,False,False,False,5.033783783783783,0.0337837837837833,False,0.4669999999999996,8.125,False,False,,ok,,normalized_frames/topn_224_gray_jpg_from_raw/doctor/msasl_raw_XrG6DZ5vOVY__s000000__e000147__3d7483525770,148,jpg,224,224,grayscale,0,148,0,147,29.6,val
sit,msasl,MS-ASL/videos_MS_ASL_raw/msasl_raw_YNR1mBwF4BQ.mp4,0,119.0,120.0,3.967,30.0,msasl_135,True,480.0,360.0,False,False,False,4.0,0.0329999999999999,False,0.4669999999999996,8.125,False,False,,ok,,normalized_frames/topn_224_gray_jpg_from_raw/sit/msasl_raw_YNR1mBwF4BQ__s000000__e000118__39dc8cc63752,119,jpg,224,224,grayscale,0,119,0,118,30.0,val
father,msasl,MS-ASL/videos_MS_ASL_raw/msasl_raw_KHJjHjG-8JU.mp4,926,1006.0,81.0,2.6690000000000005,29.97,msasl_384,True,640.0,360.0,False,False,False,2.702702702702702,0.0337027027027021,False,0.4669999999999996,8.125,False,False,,ok,,normalized_frames/topn_224_gray_jpg_from_raw/father/msasl_raw_KHJjHjG-8JU__s000925__e001005__694d3fd843b5,81,jpg,224,224,grayscale,926,1006,925,1005,29.97002997002997,val
what,msasl,MS-ASL/videos_MS_ASL_raw/msasl_raw_qk58RD7dz_k.mp4,70,130.0,61.0,2.997,20.017,msasl_2,True,640.0,360.0,False,False,False,3.0474097017535096,0.0504097017535096,False,0.4669999999999996,8.125,False,False,,ok,,normalized_frames/topn_224_gray_jpg_from_raw/what/msasl_raw_qk58RD7dz_k__s000069__e000129__626730b15a12,61,jpg,224,224,grayscale,70,130,69,129,20.017023023853618,val
need,msasl,MS-ASL/videos_MS_ASL_raw/msasl_raw_J2HnODSKTTk.mp4,0,106.0,107.0,3.58,29.609,msasl_2,True,640.0,360.0,False,False,False,3.613766084636428,0.0337660846364276,False,0.4669999999999996,8.125,False,False,,ok,,normalized_frames/topn_224_gray_jpg_from_raw/need/msasl_raw_J2HnODSKTTk__s000000__e000105__bbb9c1ebcb40,106,jpg,224,224,grayscale,0,106,0,105,29.60900140646976,val
again,msasl,MS-ASL/videos_MS_ASL_raw/msasl_raw_FwGL9FjFpYI.mp4,745,866.0,122.0,4.038,29.97,msasl_26,True,1280.0,720.0,False,False,False,4.070737404070737,0.0327374040707368,False,0.4669999999999996,8.125,False,False,,ok,,normalized_frames/topn_224_gray_jpg_from_raw/again/msasl_raw_FwGL9FjFpYI__s000744__e000865__e45f9473e8eb,122,jpg,224,224,grayscale,745,866,744,865,29.97002997002997,val
like,msasl,MS-ASL/videos_MS_ASL_raw/msasl_raw_OzkMuzJUdDc.mp4,0,70.0,71.0,4.114,17.016,msasl_2,True,640.0,360.0,False,False,False,4.17254348848143,0.0585434884814297,False,0.4669999999999996,8.125,False,False,,ok,,normalized_frames/topn_224_gray_jpg_from_raw/like/msasl_raw_OzkMuzJUdDc__s000000__e000069__dfdeae80301f,70,jpg,224,224,grayscale,0,70,0,69,17.016,val
spring,msasl,MS-ASL/videos_MS_ASL_raw/msasl_raw_KlQ1YBnMyKM.mp4,2013,2065.0,53.0,1.7349999999999994,29.97,msasl_26,True,1280.0,720.0,False,False,False,1.7684351017684352,0.0334351017684357,False,0.4669999999999996,8.125,False,False,,ok,,normalized_frames/topn_224_gray_jpg_from_raw/spring/msasl_raw_KlQ1YBnMyKM__s002012__e002064__ffa9c1873a07,53,jpg,224,224,grayscale,2013,2065,2012,2064,29.97002997002997,val
learn,msasl,MS-ASL/videos_MS_ASL_raw/msasl_raw_oDDEMBNkB9M.mp4,7682,7748.0,67.0,2.201999999999998,29.97,msasl_345,True,640.0,360.0,False,False,False,2.235568902235569,0.0335689022355709,False,0.4669999999999996,8.125,False,False,,ok,,normalized_frames/topn_224_gray_jpg_from_raw/learn/msasl_raw_oDDEMBNkB9M__s007681__e007747__a83d7128d276,67,jpg,224,224,grayscale,7682,7748,7681,7747,29.97002997002997,val
teacher,msasl,MS-ASL/videos_MS_ASL_raw/msasl_raw_KTURNRi-wy0.mp4,3821,3890.0,70.0,2.3019999999999925,29.97,msasl_26,True,1280.0,720.0,False,False,False,2.335669002335669,0.0336690023356767,False,0.4669999999999996,8.125,False,False,,ok,,normalized_frames/topn_224_gray_jpg_from_raw/teacher/msasl_raw_KTURNRi-wy0__s003820__e003889__c3a937043a8f,70,jpg,224,224,grayscale,3821,3890,3820,3889,29.97002997002997,val
deaf,msasl,MS-ASL/videos_MS_ASL_raw/msasl_raw_KTURNRi-wy0.mp4,1461,1510.0,50.0,1.634999999999998,29.97,msasl_26,True,1280.0,720.0,False,False,False,1.6683350016683351,0.0333350016683371,False,0.4669999999999996,8.125,False,False,,ok,,normalized_frames/topn_224_gray_jpg_from_raw/deaf/msasl_raw_KTURNRi-wy0__s001460__e001509__828529e38eb9,50,jpg,224,224,grayscale,1461,1510,1460,1509,29.97002997002997,val
need,msasl,MS-ASL/videos_MS_ASL_raw/msasl_raw_5LuS-TTg7rA.mp4,1125,1179.0,55.0,1.801000000000002,29.97,msasl_26,True,1280.0,720.0,False,False,False,1.8351685018351689,0.0341685018351667,False,0.4669999999999996,8.125,False,False,,ok,,normalized_frames/topn_224_gray_jpg_from_raw/need/msasl_raw_5LuS-TTg7rA__s001124__e001178__74a3ff67ee4d,55,jpg,224,224,grayscale,1125,1179,1124,1178,29.97002997002997,val
again,aslsignbank,kaggle_dataset/videos/65032.mp4,1,56.0,56.0,2.336,23.976023976023978,wlasl_88,True,656.0,370.0,False,False,False,2.3356666666666666,0.0003333333333332,False,0.4669999999999996,8.125,False,False,,ok,,normalized_frames/topn_224_gray_jpg_from_raw/again/65032__s000000__e000055__98d9c99d4594,56,jpg,224,224,grayscale,1,56,0,55,23.976023976023978,val
cousin,msasl,MS-ASL/videos_MS_ASL_raw/msasl_raw_KHJjHjG-8JU.mp4,3266,3366.0,101.0,3.3359999999999985,29.97,msasl_384,True,640.0,360.0,False,False,False,3.3700367033700367,0.0340367033700381,False,0.4669999999999996,8.125,False,False,,ok,,normalized_frames/topn_224_gray_jpg_from_raw/cousin/msasl_raw_KHJjHjG-8JU__s003265__e003365__e681e2513825,101,jpg,224,224,grayscale,3266,3366,3265,3365,29.97002997002997,val
but,msasl,MS-ASL/videos_MS_ASL_raw/msasl_raw_rzzunApjSTA.mp4,0,125.0,126.0,5.0,25.0,msasl_14,True,640.0,360.0,False,False,False,5.04,0.04,False,0.4669999999999996,8.125,False,False,,ok,,normalized_frames/topn_224_gray_jpg_from_raw/but/msasl_raw_rzzunApjSTA__s000000__e000124__6bb3f7a68f66,125,jpg,224,224,grayscale,0,125,0,124,25.0,val
eat,aslbrick,kaggle_dataset/videos/69330.mp4,1,81.0,81.0,2.703,29.97002997002997,wlasl_117,True,1280.0,720.0,False,False,False,2.7027,0.0002999999999997,False,0.4669999999999996,8.125,False,False,,ok,,normalized_frames/topn_224_gray_jpg_from_raw/eat/69330__s000000__e000080__71b5989badea,81,jpg,224,224,grayscale,1,81,0,80,29.97002997002997,val
sit,msasl,MS-ASL/videos_MS_ASL_raw/msasl_raw_Nu20x79AbjU.mp4,0,123.0,124.0,4.16,29.568,msasl_2,True,640.0,360.0,False,False,False,4.193722943722944,0.0337229437229433,False,0.4669999999999996,8.125,False,False,,ok,,normalized_frames/topn_224_gray_jpg_from_raw/sit/msasl_raw_Nu20x79AbjU__s000000__e000122__5175f8e8d502,123,jpg,224,224,grayscale,0,123,0,122,29.568083426506355,val
orange,msasl,MS-ASL/videos_MS_ASL_raw/msasl_raw_mBfWiymT0N8.mp4,0,115.0,116.0,3.88,29.639,msasl_2,True,640.0,360.0,False,False,False,3.913762272681264,0.0337622726812645,False,0.4669999999999996,8.125,False,False,,ok,,normalized_frames/topn_224_gray_jpg_from_raw/orange/msasl_raw_mBfWiymT0N8__s000000__e000114__9ea073c8b9c3,115,jpg,224,224,grayscale,0,115,0,114,29.63896672429799,val
bird,msasl,MS-ASL/videos_MS_ASL_raw/msasl_raw_h2lAn0iosEo.mp4,91,151.0,61.0,2.026,29.613,msasl_2,True,640.0,360.0,False,False,False,2.0599061223111472,0.0339061223111474,False,0.4669999999999996,8.125,False,False,,ok,,normalized_frames/topn_224_gray_jpg_from_raw/bird/msasl_raw_h2lAn0iosEo__s000090__e000150__642e5b85594a,61,jpg,224,224,grayscale,91,151,90,150,29.613,val
tired,msasl,MS-ASL/videos_MS_ASL_raw/msasl_raw_ZgUBU0NNEDU.mp4,8270,8360.0,91.0,3.002999999999986,29.97,msasl_26,True,1280.0,720.0,False,False,False,3.0363697030363697,0.0333697030363837,False,0.4669999999999996,8.125,False,False,,ok,,normalized_frames/topn_224_gray_jpg_from_raw/tired/msasl_raw_ZgUBU0NNEDU__s008269__e008359__6032e36edc54,91,jpg,224,224,grayscale,8270,8360,8269,8359,29.97002997002997,val
school,msasl,MS-ASL/videos_MS_ASL_raw/msasl_raw_PsLiyUyrqds.mp4,90,140.0,51.0,1.6870000000000005,29.637,msasl_2,True,640.0,360.0,False,False,False,1.7208219455410467,0.0338219455410462,False,0.4669999999999996,8.125,False,False,,ok,,normalized_frames/topn_224_gray_jpg_from_raw/school/msasl_raw_PsLiyUyrqds__s000089__e000139__addf3d4afe6d,51,jpg,224,224,grayscale,90,140,89,139,29.637,val
doctor,msasl,MS-ASL/videos_MS_ASL_raw/msasl_raw_1kNszi0e9XU.mp4,3320,3380.0,61.0,2.001999999999996,29.97,msasl_26,True,1280.0,720.0,False,False,False,2.035368702035369,0.0333687020353727,False,0.4669999999999996,8.125,False,False,,ok,,normalized_frames/topn_224_gray_jpg_from_raw/doctor/msasl_raw_1kNszi0e9XU__s003319__e003379__a3af6e18496b,61,jpg,224,224,grayscale,3320,3380,3319,3379,29.97002997002997,val
fish,msasl,MS-ASL/videos_MS_ASL_raw/msasl_raw_1E8k8gI_xYk.mp4,3500,3582.0,83.0,2.73599999999999,29.97,msasl_359,True,640.0,360.0,False,False,False,2.7694361027694363,0.0334361027694463,False,0.4669999999999996,8.125,False,False,,ok,,normalized_frames/topn_224_gray_jpg_from_raw/fish/msasl_raw_1E8k8gI_xYk__s003499__e003581__7cb485c938b6,83,jpg,224,224,grayscale,3500,3582,3499,3581,29.97002997002997,val
deaf,msasl,MS-ASL/videos_MS_ASL_raw/msasl_raw_KTURNRi-wy0.mp4,1187,1269.0,83.0,2.735999999999997,29.97,msasl_26,True,1280.0,720.0,False,False,False,2.7694361027694363,0.0334361027694392,False,0.4669999999999996,8.125,False,False,,ok,,normalized_frames/topn_224_gray_jpg_from_raw/deaf/msasl_raw_KTURNRi-wy0__s001186__e001268__19ffbfad42a6,83,jpg,224,224,grayscale,1187,1269,1186,1268,29.97002997002997,val
sit,msasl,MS-ASL/videos_MS_ASL_raw/msasl_raw_uqo6MehUxOA.mp4,0,129.0,130.0,4.35,29.656,msasl_2,True,640.0,360.0,False,False,False,4.383598597248449,0.0335985972484493,False,0.4669999999999996,8.125,False,False,,ok,,normalized_frames/topn_224_gray_jpg_from_raw/sit/msasl_raw_uqo6MehUxOA__s000000__e000128__faf074bb9272,129,jpg,224,224,grayscale,0,129,0,128,29.656,val
no,msasl,MS-ASL/videos_MS_ASL_raw/msasl_raw_RMUydgQr9TE.mp4,674,742.0,69.0,2.2689999999999984,29.97,msasl_26,True,1280.0,720.0,False,False,False,2.3023023023023024,0.033302302302304,False,0.4669999999999996,8.125,False,False,,ok,,normalized_frames/topn_224_gray_jpg_from_raw/no/msasl_raw_RMUydgQr9TE__s000673__e000741__d38f9f9537e4,69,jpg,224,224,grayscale,674,742,673,741,29.97002997002997,val
eat,msasl,MS-ASL/videos_MS_ASL_raw/msasl_raw_CDvezLz5yVM.mp4,0,114.0,115.0,3.85,29.612,msasl_2,True,640.0,360.0,False,False,False,3.883560718627584,0.0335607186275837,False,0.4669999999999996,8.125,False,False,,ok,,normalized_frames/topn_224_gray_jpg_from_raw/eat/msasl_raw_CDvezLz5yVM__s000000__e000113__73b4f32a92a2,114,jpg,224,224,grayscale,0,114,0,113,29.612,val
finish,msasl,MS-ASL/videos_MS_ASL_raw/msasl_raw_6HuiEGvr8Zg.mp4,0,119.0,120.0,4.013,29.651,msasl_2,True,640.0,360.0,False,False,False,4.047081042797882,0.0340810427978821,False,0.4669999999999996,8.125,False,False,,ok,,normalized_frames/topn_224_gray_jpg_from_raw/finish/msasl_raw_6HuiEGvr8Zg__s000000__e000118__1876fe670b91,119,jpg,224,224,grayscale,0,119,0,118,29.65116279069768,val
nice,msasl,MS-ASL/videos_MS_ASL_raw/msasl_raw_t3jDMiQI5uQ.mp4,1424,1542.0,119.0,3.9369999999999976,29.97,msasl_26,True,1280.0,720.0,False,False,False,3.9706373039706375,0.0336373039706399,False,0.4669999999999996,8.125,False,False,,ok,,normalized_frames/topn_224_gray_jpg_from_raw/nice/msasl_raw_t3jDMiQI5uQ__s001423__e001541__3782e5c9ea07,119,jpg,224,224,grayscale,1424,1542,1423,1541,29.97002997002997,val
cousin,msasl,MS-ASL/videos_MS_ASL_raw/msasl_raw_KHJjHjG-8JU.mp4,3386,3486.0,101.0,3.3359999999999985,29.97,msasl_384,True,640.0,360.0,False,False,False,3.3700367033700367,0.0340367033700381,False,0.4669999999999996,8.125,False,False,,ok,,normalized_frames/topn_224_gray_jpg_from_raw/cousin/msasl_raw_KHJjHjG-8JU__s003385__e003485__c927ce28cd82,101,jpg,224,224,grayscale,3386,3486,3385,3485,29.97002997002997,val
bird,msasl,MS-ASL/videos_MS_ASL_raw/msasl_raw_VktVoccubws.mp4,0,92.0,93.0,3.111,29.577,msasl_2,True,640.0,360.0,False,False,False,3.144335125266254,0.0333351252662539,False,0.4669999999999996,8.125,False,False,,ok,,normalized_frames/topn_224_gray_jpg_from_raw/bird/msasl_raw_VktVoccubws__s000000__e000091__5b65fe524d1c,92,jpg,224,224,grayscale,0,92,0,91,29.577,val
nice,msasl,MS-ASL/videos_MS_ASL_raw/msasl_raw_FwGL9FjFpYI.mp4,8216,8328.0,113.0,3.7369999999999663,29.97,msasl_26,True,1280.0,720.0,False,False,False,3.770437103770437,0.033437103770471,False,0.4669999999999996,8.125,False,False,,ok,,normalized_frames/topn_224_gray_jpg_from_raw/nice/msasl_raw_FwGL9FjFpYI__s008215__e008327__993aa1261005,113,jpg,224,224,grayscale,8216,8328,8215,8327,29.97002997002997,val
spring,msasl,MS-ASL/videos_MS_ASL_raw/msasl_raw_mOgZGklBGZQ.mp4,2142,2228.0,87.0,2.8699999999999903,29.97,msasl_84,True,640.0,360.0,False,False,False,2.902902902902903,0.0329029029029128,False,0.4669999999999996,8.125,False,False,,ok,,normalized_frames/topn_224_gray_jpg_from_raw/spring/msasl_raw_mOgZGklBGZQ__s002141__e002227__dd82ba234c86,87,jpg,224,224,grayscale,2142,2228,2141,2227,29.97002997002997,val
fish,msasl,MS-ASL/videos_MS_ASL_raw/msasl_raw_qzjVxb4dACY.mp4,1733,1805.0,73.0,2.4029999999999987,29.97,msasl_26,True,1280.0,720.0,False,False,False,2.4357691024357693,0.0327691024357705,False,0.4669999999999996,8.125,False,False,,ok,,normalized_frames/topn_224_gray_jpg_from_raw/fish/msasl_raw_qzjVxb4dACY__s001732__e001804__9c7ea09308d9,73,jpg,224,224,grayscale,1733,1805,1732,1804,29.97002997002997,val
no,msasl,MS-ASL/videos_MS_ASL_raw/msasl_raw_RMUydgQr9TE.mp4,799,843.0,45.0,1.468,29.97,msasl_26,True,1280.0,720.0,False,False,False,1.5015015015015016,0.0335015015015016,False,0.4669999999999996,8.125,False,False,,ok,,normalized_frames/topn_224_gray_jpg_from_raw/no/msasl_raw_RMUydgQr9TE__s000798__e000842__8f937a6e5d92,45,jpg,224,224,grayscale,799,843,798,842,29.97002997002997,val
bird,msasl,MS-ASL/videos_MS_ASL_raw/msasl_raw_sUC-XDC5TvA.mp4,1908,1963.0,56.0,1.8349999999999933,29.97,msasl_26,True,1280.0,720.0,False,False,False,1.8685352018685355,0.0335352018685419,False,0.4669999999999996,8.125,False,False,,ok,,normalized_frames/topn_224_gray_jpg_from_raw/bird/msasl_raw_sUC-XDC5TvA__s001907__e001962__4316a380615a,56,jpg,224,224,grayscale,1908,1963,1907,1962,29.97002997002997,val
man,msasl,MS-ASL/videos_MS_ASL_raw/msasl_raw_sUC-XDC5TvA.mp4,636,699.0,64.0,2.1020000000000003,29.97,msasl_26,True,1280.0,720.0,False,False,False,2.135468802135469,0.0334688021354687,False,0.4669999999999996,8.125,False,False,,ok,,normalized_frames/topn_224_gray_jpg_from_raw/man/msasl_raw_sUC-XDC5TvA__s000635__e000698__c3bc835e2c2c,64,jpg,224,224,grayscale,636,699,635,698,29.97002997002997,val
school,msasl,MS-ASL/videos_MS_ASL_raw/msasl_raw_PsLiyUyrqds.mp4,20,80.0,61.0,2.024,29.637,msasl_2,True,640.0,360.0,False,False,False,2.058238013294193,0.034238013294193,False,0.4669999999999996,8.125,False,False,,ok,,normalized_frames/topn_224_gray_jpg_from_raw/school/msasl_raw_PsLiyUyrqds__s000019__e000079__3df5ce07f04c,61,jpg,224,224,grayscale,20,80,19,79,29.637,val
teacher,msasl,MS-ASL/videos_MS_ASL_raw/msasl_raw_wm-dxopEZT8.mp4,0,104.0,105.0,3.467,30.0,msasl_135,True,480.0,360.0,False,False,False,3.5,0.0329999999999999,False,0.4669999999999996,8.125,False,False,,ok,,normalized_frames/topn_224_gray_jpg_from_raw/teacher/msasl_raw_wm-dxopEZT8__s000000__e000103__377f2fde721f,104,jpg,224,224,grayscale,0,104,0,103,30.285549466397462,val
man,msasl,MS-ASL/videos_MS_ASL_raw/msasl_raw_R7lrMcuLnhY.mp4,0,107.0,108.0,6.216,17.215,msasl_2,True,640.0,360.0,False,False,False,6.273598605866977,0.0575986058669766,False,0.4669999999999996,8.125,False,False,,ok,,normalized_frames/topn_224_gray_jpg_from_raw/man/msasl_raw_R7lrMcuLnhY__s000000__e000106__4a4ee2a52c83,107,jpg,224,224,grayscale,0,107,0,106,17.214996682149966,val
father,msasl,MS-ASL/videos_MS_ASL_raw/msasl_raw_0s7TWj-mHgI.mp4,0,102.0,103.0,4.08,25.0,msasl_14,True,640.0,360.0,False,False,False,4.12,0.04,False,0.4669999999999996,8.125,False,False,,ok,,normalized_frames/topn_224_gray_jpg_from_raw/father/msasl_raw_0s7TWj-mHgI__s000000__e000101__c0133ee697fe,102,jpg,224,224,grayscale,0,102,0,101,25.0,val
help,msasl,MS-ASL/videos_MS_ASL_raw/msasl_raw_1MF1tmcW8SE.mp4,0,129.0,130.0,4.35,29.657,msasl_2,True,640.0,360.0,False,False,False,4.383450787335199,0.033450787335199,False,0.4669999999999996,8.125,False,False,,ok,,normalized_frames/topn_224_gray_jpg_from_raw/help/msasl_raw_1MF1tmcW8SE__s000000__e000128__8f94a177ea9c,129,jpg,224,224,grayscale,0,129,0,128,29.657,val
water,msasl,MS-ASL/videos_MS_ASL_raw/msasl_raw_M_dyoVFFzuU.mp4,2989,3036.0,48.0,1.5679999999999978,29.97,msasl_26,True,1280.0,720.0,False,False,False,1.6016016016016017,0.0336016016016038,False,0.4669999999999996,8.125,False,False,,ok,,normalized_frames/topn_224_gray_jpg_from_raw/water/msasl_raw_M_dyoVFFzuU__s002988__e003035__fe329db35ef5,48,jpg,224,224,grayscale,2989,3036,2988,3035,29.97002997002997,val
student,msasl,MS-ASL/videos_MS_ASL_raw/msasl_raw_FwGL9FjFpYI.mp4,6881,7014.0,134.0,4.437999999999988,29.97,msasl_26,True,1280.0,720.0,False,False,False,4.471137804471138,0.0331378044711501,False,0.4669999999999996,8.125,False,False,,ok,,normalized_frames/topn_224_gray_jpg_from_raw/student/msasl_raw_FwGL9FjFpYI__s006880__e007013__ccc01157da85,134,jpg,224,224,grayscale,6881,7014,6880,7013,29.97002997002997,val
but,msasl,MS-ASL/videos_MS_ASL_raw/msasl_raw_cFlUlLhRbTE.mp4,0,47.0,48.0,1.568,29.97,msasl_143,True,636.0,360.0,False,False,False,1.6016016016016017,0.0336016016016016,False,0.4669999999999996,8.125,False,False,,ok,,normalized_frames/topn_224_gray_jpg_from_raw/but/msasl_raw_cFlUlLhRbTE__s000000__e000046__08bea52e94ec,47,jpg,224,224,grayscale,0,47,0,46,29.97002997002997,val
fish,msasl,MS-ASL/videos_MS_ASL_raw/msasl_raw_sUC-XDC5TvA.mp4,2528,2606.0,79.0,2.6029999999999944,29.97,msasl_26,True,1280.0,720.0,False,False,False,2.6359693026359694,0.0329693026359749,False,0.4669999999999996,8.125,False,False,,ok,,normalized_frames/topn_224_gray_jpg_from_raw/fish/msasl_raw_sUC-XDC5TvA__s002527__e002605__6df1502da2ee,79,jpg,224,224,grayscale,2528,2606,2527,2605,29.97002997002997,val
learn,msasl,MS-ASL/videos_MS_ASL_raw/msasl_raw_FwGL9FjFpYI.mp4,6759,6879.0,121.0,4.003999999999991,29.97,msasl_26,True,1280.0,720.0,False,False,False,4.037370704037371,0.03337070403738,False,0.4669999999999996,8.125,False,False,,ok,,normalized_frames/topn_224_gray_jpg_from_raw/learn/msasl_raw_FwGL9FjFpYI__s006758__e006878__7e1fec0149c3,121,jpg,224,224,grayscale,6759,6879,6758,6878,29.97002997002997,val
yes,msasl,MS-ASL/videos_MS_ASL_raw/msasl_raw_RMUydgQr9TE.mp4,568,636.0,69.0,2.2689999999999984,29.97,msasl_26,True,1280.0,720.0,False,False,False,2.3023023023023024,0.033302302302304,False,0.4669999999999996,8.125,False,False,,ok,,normalized_frames/topn_224_gray_jpg_from_raw/yes/msasl_raw_RMUydgQr9TE__s000567__e000635__b022f43a2110,69,jpg,224,224,grayscale,568,636,567,635,29.97002997002997,val
again,msasl,MS-ASL/videos_MS_ASL_raw/msasl_raw_34NJUhpwrBc.mp4,0,121.0,122.0,7.085,17.078,msasl_2,True,640.0,360.0,False,False,False,7.143693640941563,0.0586936409415628,False,0.4669999999999996,8.125,False,False,,ok,,normalized_frames/topn_224_gray_jpg_from_raw/again/msasl_raw_34NJUhpwrBc__s000000__e000120__3e916caba5a9,121,jpg,224,224,grayscale,0,121,0,120,17.078,val
man,msasl,MS-ASL/videos_MS_ASL_raw/msasl_raw_1E8k8gI_xYk.mp4,210,305.0,96.0,3.17,29.97,msasl_359,True,640.0,360.0,False,False,False,3.2032032032032034,0.0332032032032034,False,0.4669999999999996,8.125,False,False,,ok,,normalized_frames/topn_224_gray_jpg_from_raw/man/msasl_raw_1E8k8gI_xYk__s000209__e000304__0992b346d3d7,96,jpg,224,224,grayscale,210,305,209,304,29.97002997002997,val
bird,aslsignbank,kaggle_dataset/videos/65349.mp4,1,90.0,90.0,3.003,29.97002997002997,wlasl_95,True,656.0,370.0,False,False,False,3.003,0.0,False,0.4669999999999996,8.125,False,False,,ok,,normalized_frames/topn_224_gray_jpg_from_raw/bird/65349__s000000__e000089__b8021f6062f8,90,jpg,224,224,grayscale,1,90,0,89,29.97002997002997,val
school,msasl,MS-ASL/videos_MS_ASL_raw/msasl_raw_CJcFBjT7fkc.mp4,1274,1316.0,43.0,1.402000000000001,29.97,msasl_26,True,1280.0,720.0,False,False,False,1.4347681014347682,0.0327681014347671,False,0.4669999999999996,8.125,False,False,,ok,,normalized_frames/topn_224_gray_jpg_from_raw/school/msasl_raw_CJcFBjT7fkc__s001273__e001315__c2aae78eac27,43,jpg,224,224,grayscale,1274,1316,1273,1315,29.97002997002997,val
help,spreadthesign,kaggle_dataset/videos/01622.mp4,1,50.0,50.0,2.0,25.0,wlasl_23,True,320.0,240.0,False,False,False,2.0,0.0,False,0.4669999999999996,8.125,False,False,,ok,,normalized_frames/topn_224_gray_jpg_from_raw/help/01622__s000000__e000049__3243c117b546,50,jpg,224,224,grayscale,1,50,0,49,25.0,val
teacher,msasl,MS-ASL/videos_MS_ASL_raw/msasl_raw_FwGL9FjFpYI.mp4,10867,10977.0,111.0,3.670000000000016,29.97,msasl_26,True,1280.0,720.0,False,False,False,3.703703703703704,0.0337037037036878,False,0.4669999999999996,8.125,False,False,,ok,,normalized_frames/topn_224_gray_jpg_from_raw/teacher/msasl_raw_FwGL9FjFpYI__s010866__e010976__e76f63a3620f,111,jpg,224,224,grayscale,10867,10977,10866,10976,29.97002997002997,val
need,msasl,MS-ASL/videos_MS_ASL_raw/msasl_raw_1v-MqrbC5Js.mp4,2258,2319.0,62.0,2.0349999999999966,29.97,msasl_26,True,1280.0,720.0,False,False,False,2.0687354020687354,0.0337354020687388,False,0.4669999999999996,8.125,False,False,,ok,,normalized_frames/topn_224_gray_jpg_from_raw/need/msasl_raw_1v-MqrbC5Js__s002257__e002318__5cff7c8021ce,62,jpg,224,224,grayscale,2258,2319,2257,2318,29.97002997002997,val
nice,msasl,MS-ASL/videos_MS_ASL_raw/msasl_raw_xO0FZwvScOI.mp4,0,108.0,109.0,5.75,18.781,msasl_2,True,640.0,360.0,False,False,False,5.803737820137373,0.053737820137373,False,0.4669999999999996,8.125,False,False,,ok,,normalized_frames/topn_224_gray_jpg_from_raw/nice/msasl_raw_xO0FZwvScOI__s000000__e000107__851c048a8d54,108,jpg,224,224,grayscale,0,108,0,107,18.781014519389817,val
sit,msasl,MS-ASL/videos_MS_ASL_raw/msasl_raw_iWJgaNo9Z04.mp4,2817,2862.0,46.0,1.5010000000000048,29.97,msasl_26,True,1280.0,720.0,False,False,False,1.5348682015348682,0.0338682015348634,False,0.4669999999999996,8.125,False,False,,ok,,normalized_frames/topn_224_gray_jpg_from_raw/sit/msasl_raw_iWJgaNo9Z04__s002816__e002861__5dbcaf19a465,46,jpg,224,224,grayscale,2817,2862,2816,2861,29.97002997002997,val
happy,msasl,MS-ASL/videos_MS_ASL_raw/msasl_raw_FwGL9FjFpYI.mp4,4833,4910.0,78.0,2.569000000000017,29.97,msasl_26,True,1280.0,720.0,False,False,False,2.6026026026026026,0.0336026026025857,False,0.4669999999999996,8.125,False,False,,ok,,normalized_frames/topn_224_gray_jpg_from_raw/happy/msasl_raw_FwGL9FjFpYI__s004832__e004909__d4cba96fa65f,78,jpg,224,224,grayscale,4833,4910,4832,4909,29.97002997002997,val
tired,msasl,MS-ASL/videos_MS_ASL_raw/msasl_raw_FwGL9FjFpYI.mp4,11101,11242.0,142.0,4.704999999999984,29.97,msasl_26,True,1280.0,720.0,False,False,False,4.738071404738071,0.0330714047380871,False,0.4669999999999996,8.125,False,False,,ok,,normalized_frames/topn_224_gray_jpg_from_raw/tired/msasl_raw_FwGL9FjFpYI__s011100__e011241__927afe591b16,142,jpg,224,224,grayscale,11101,11242,11100,11241,29.97002997002997,val
cousin,msasl,MS-ASL/videos_MS_ASL_raw/msasl_raw_1E8k8gI_xYk.mp4,2224,2294.0,71.0,2.335000000000008,29.97,msasl_359,True,640.0,360.0,False,False,False,2.369035702369036,0.0340357023690276,False,0.4669999999999996,8.125,False,False,,ok,,normalized_frames/topn_224_gray_jpg_from_raw/cousin/msasl_raw_1E8k8gI_xYk__s002223__e002293__aa6995b032ef,71,jpg,224,224,grayscale,2224,2294,2223,2293,29.97002997002997,val
tired,msasl,MS-ASL/videos_MS_ASL_raw/msasl_raw_ZgUBU0NNEDU.mp4,8490,8550.0,61.0,2.002000000000009,29.97,msasl_26,True,1280.0,720.0,False,False,False,2.035368702035369,0.0333687020353594,False,0.4669999999999996,8.125,False,False,,ok,,normalized_frames/topn_224_gray_jpg_from_raw/tired/msasl_raw_ZgUBU0NNEDU__s008489__e008549__1db0888df89e,61,jpg,224,224,grayscale,8490,8550,8489,8549,29.97002997002997,val
father,msasl,MS-ASL/videos_MS_ASL_raw/msasl_raw_1E8k8gI_xYk.mp4,1054,1158.0,105.0,3.470000000000006,29.97,msasl_359,True,640.0,360.0,False,False,False,3.503503503503504,0.0335035035034976,False,0.4669999999999996,8.125,False,False,,ok,,normalized_frames/topn_224_gray_jpg_from_raw/father/msasl_raw_1E8k8gI_xYk__s001053__e001157__5aedec04277d,105,jpg,224,224,grayscale,1054,1158,1053,1157,29.97002997002997,val
deaf,msasl,MS-ASL/videos_MS_ASL_raw/msasl_raw_KTURNRi-wy0.mp4,1355,1428.0,74.0,2.436,29.97,msasl_26,True,1280.0,720.0,False,False,False,2.469135802469136,0.0331358024691361,False,0.4669999999999996,8.125,False,False,,ok,,normalized_frames/topn_224_gray_jpg_from_raw/deaf/msasl_raw_KTURNRi-wy0__s001354__e001427__049ce2239c54,74,jpg,224,224,grayscale,1355,1428,1354,1427,29.97002997002997,val
father,msasl,MS-ASL/videos_MS_ASL_raw/msasl_raw_ktkz1BUzs48.mp4,703,749.0,47.0,1.535,29.97,msasl_26,True,1280.0,720.0,False,False,False,1.5682349015682349,0.0332349015682349,False,0.4669999999999996,8.125,False,False,,ok,,normalized_frames/topn_224_gray_jpg_from_raw/father/msasl_raw_ktkz1BUzs48__s000702__e000748__71e47067a58f,47,jpg,224,224,grayscale,703,749,702,748,29.97002997002997,val
but,msasl,MS-ASL/videos_MS_ASL_raw/msasl_raw_sUC-XDC5TvA.mp4,3567,3625.0,59.0,1.934999999999988,29.97,msasl_26,True,1280.0,720.0,False,False,False,1.968635301968636,0.0336353019686472,False,0.4669999999999996,8.125,False,False,,ok,,normalized_frames/topn_224_gray_jpg_from_raw/but/msasl_raw_sUC-XDC5TvA__s003566__e003624__d7c5313389b5,59,jpg,224,224,grayscale,3567,3625,3566,3624,29.97002997002997,val
orange,msasl,MS-ASL/videos_MS_ASL_raw/msasl_raw_qATuIbBufYQ.mp4,743,814.0,72.0,2.369,29.97,msasl_26,True,1280.0,720.0,False,False,False,2.4024024024024024,0.0334024024024022,False,0.4669999999999996,8.125,False,False,,ok,,normalized_frames/topn_224_gray_jpg_from_raw/orange/msasl_raw_qATuIbBufYQ__s000742__e000813__f85551309229,72,jpg,224,224,grayscale,743,814,742,813,29.97002997002997,val
tired,msasl,MS-ASL/videos_MS_ASL_raw/msasl_raw_TBSr8a78eiQ.mp4,83,153.0,71.0,2.3640000000000003,29.617,msasl_2,True,640.0,360.0,False,False,False,2.397271837120573,0.0332718371205724,False,0.4669999999999996,8.125,False,False,,ok,,normalized_frames/topn_224_gray_jpg_from_raw/tired/msasl_raw_TBSr8a78eiQ__s000082__e000152__d2b432df2b2b,71,jpg,224,224,grayscale,83,153,82,152,29.61703777131286,val
school,msasl,MS-ASL/videos_MS_ASL_raw/msasl_raw_FwGL9FjFpYI.mp4,9564,9703.0,140.0,4.637999999999977,29.97,msasl_26,True,1280.0,720.0,False,False,False,4.671338004671338,0.0333380046713616,False,0.4669999999999996,8.125,False,False,,ok,,normalized_frames/topn_224_gray_jpg_from_raw/school/msasl_raw_FwGL9FjFpYI__s009563__e009702__0dd7e77b8852,140,jpg,224,224,grayscale,9564,9703,9563,9702,29.97002997002997,val
learn,msasl,MS-ASL/videos_MS_ASL_raw/msasl_raw_Z7xpMMsLLsc.mp4,0,88.0,89.0,5.116,17.202,msasl_2,True,640.0,360.0,False,False,False,5.173816998023485,0.057816998023485,False,0.4669999999999996,8.125,False,False,,ok,,normalized_frames/topn_224_gray_jpg_from_raw/learn/msasl_raw_Z7xpMMsLLsc__s000000__e000087__e1ee3a316e0e,88,jpg,224,224,grayscale,0,88,0,87,17.20201957293463,val
finish,msasl,MS-ASL/videos_MS_ASL_raw/msasl_raw_qzjVxb4dACY.mp4,620,691.0,72.0,2.369,29.97,msasl_26,True,1280.0,720.0,False,False,False,2.4024024024024024,0.0334024024024022,False,0.4669999999999996,8.125,False,False,,ok,,normalized_frames/topn_224_gray_jpg_from_raw/finish/msasl_raw_qzjVxb4dACY__s000619__e000690__44241cdc0d13,72,jpg,224,224,grayscale,620,691,619,690,29.97002997002997,val
but,msasl,MS-ASL/videos_MS_ASL_raw/msasl_raw_hFt3V1idFc4.mp4,749,843.0,95.0,3.1359999999999992,29.97,msasl_26,True,1280.0,720.0,False,False,False,3.169836503169837,0.0338365031698373,False,0.4669999999999996,8.125,False,False,,ok,,normalized_frames/topn_224_gray_jpg_from_raw/but/msasl_raw_hFt3V1idFc4__s000748__e000842__98d27b49655e,95,jpg,224,224,grayscale,749,843,748,842,29.97002997002997,val
learn,msasl,MS-ASL/videos_MS_ASL_raw/msasl_raw_n-b2NMAwk28.mp4,0,104.0,105.0,3.467,30.0,msasl_135,True,480.0,360.0,False,False,False,3.5,0.0329999999999999,False,0.4669999999999996,8.125,False,False,,ok,,normalized_frames/topn_224_gray_jpg_from_raw/learn/msasl_raw_n-b2NMAwk28__s000000__e000103__f59b62755445,104,jpg,224,224,grayscale,0,104,0,103,30.0,val
doctor,msasl,MS-ASL/videos_MS_ASL_raw/msasl_raw_iR6M4P6XqB0.mp4,684,774.0,91.0,3.003,29.97,msasl_438,True,640.0,360.0,False,False,False,3.0363697030363697,0.0333697030363695,False,0.4669999999999996,8.125,False,False,,ok,,normalized_frames/topn_224_gray_jpg_from_raw/doctor/msasl_raw_iR6M4P6XqB0__s000683__e000773__e565f5b0d05d,91,jpg,224,224,grayscale,684,774,683,773,29.97002997002997,val
like,msasl,MS-ASL/videos_MS_ASL_raw/msasl_raw_FwGL9FjFpYI.mp4,7036,7126.0,91.0,3.002999999999986,29.97,msasl_26,True,1280.0,720.0,False,False,False,3.0363697030363697,0.0333697030363837,False,0.4669999999999996,8.125,False,False,,ok,,normalized_frames/topn_224_gray_jpg_from_raw/like/msasl_raw_FwGL9FjFpYI__s007035__e007125__bcc717016990,91,jpg,224,224,grayscale,7036,7126,7035,7125,29.97002997002997,val
deaf,msasl,MS-ASL/videos_MS_ASL_raw/msasl_raw__8t-Avfk310.mp4,0,128.0,129.0,7.455,17.169,msasl_2,True,640.0,360.0,False,False,False,7.513541848680761,0.0585418486807611,False,0.4669999999999996,8.125,False,False,,ok,,normalized_frames/topn_224_gray_jpg_from_raw/deaf/msasl_raw__8t-Avfk310__s000000__e000127__1ebf120c5593,128,jpg,224,224,grayscale,0,128,0,127,17.169,val
need,msasl,MS-ASL/videos_MS_ASL_raw/msasl_raw_5LuS-TTg7rA.mp4,1055,1102.0,48.0,1.568000000000005,29.97,msasl_26,True,1280.0,720.0,False,False,False,1.6016016016016017,0.0336016016015967,False,0.4669999999999996,8.125,False,False,,ok,,normalized_frames/topn_224_gray_jpg_from_raw/need/msasl_raw_5LuS-TTg7rA__s001054__e001101__6fe237520bbc,48,jpg,224,224,grayscale,1055,1102,1054,1101,29.97002997002997,val
water,msasl,MS-ASL/videos_MS_ASL_raw/msasl_raw_gGgVocdlmW0.mp4,0,106.0,107.0,3.573,29.663,msasl_2,True,640.0,360.0,False,False,False,3.607187405184911,0.0341874051849107,False,0.4669999999999996,8.125,False,False,,ok,,normalized_frames/topn_224_gray_jpg_from_raw/water/msasl_raw_gGgVocdlmW0__s000000__e000105__6a09d1c1354f,106,jpg,224,224,grayscale,0,106,0,105,29.663,val
bird,msasl,MS-ASL/videos_MS_ASL_raw/msasl_raw_Z1XbXReP_UY.mp4,3125,3187.0,63.0,2.0690000000000026,29.97,msasl_26,True,1280.0,720.0,False,False,False,2.1021021021021022,0.0331021021020996,False,0.4669999999999996,8.125,False,False,,ok,,normalized_frames/topn_224_gray_jpg_from_raw/bird/msasl_raw_Z1XbXReP_UY__s003124__e003186__61cd8d130dfe,63,jpg,224,224,grayscale,3125,3187,3124,3186,29.97002997002997,val
fish,msasl,MS-ASL/videos_MS_ASL_raw/msasl_raw_D6k_RImo0-c.mp4,0,124.0,125.0,4.189,29.599,msasl_2,True,640.0,360.0,False,False,False,4.223115645798845,0.0341156457988445,False,0.4669999999999996,8.125,False,False,,ok,,normalized_frames/topn_224_gray_jpg_from_raw/fish/msasl_raw_D6k_RImo0-c__s000000__e000123__d2a5d27d8157,124,jpg,224,224,grayscale,0,124,0,123,29.599,val
yes,aslsignbank,kaggle_dataset/videos/66820.mp4,1,47.0,47.0,1.96,23.9760579506422,wlasl_88,True,656.0,370.0,False,False,False,1.9602888888888883,0.0002888888888885,False,0.4669999999999996,8.125,False,False,,ok,,normalized_frames/topn_224_gray_jpg_from_raw/yes/66820__s000000__e000046__1c8cd4bec3f8,47,jpg,224,224,grayscale,1,47,0,46,23.9760579506422,val
cousin,msasl,MS-ASL/videos_MS_ASL_raw/msasl_raw_ktkz1BUzs48.mp4,1831,1894.0,64.0,2.1019999999999968,29.97,msasl_26,True,1280.0,720.0,False,False,False,2.135468802135469,0.0334688021354723,False,0.4669999999999996,8.125,False,False,,ok,,normalized_frames/topn_224_gray_jpg_from_raw/cousin/msasl_raw_ktkz1BUzs48__s001830__e001893__d7427cd28620,64,jpg,224,224,grayscale,1831,1894,1830,1893,29.97002997002997,val
finish,msasl,MS-ASL/videos_MS_ASL_raw/msasl_raw_WOoFI9xmBNo.mp4,1858,1891.0,34.0,1.100999999999999,29.97,msasl_26,True,1280.0,720.0,False,False,False,1.1344678011344678,0.0334678011344686,False,0.4669999999999996,8.125,False,False,,ok,,normalized_frames/topn_224_gray_jpg_from_raw/finish/msasl_raw_WOoFI9xmBNo__s001857__e001890__a28cf730cbaf,34,jpg,224,224,grayscale,1858,1891,1857,1890,29.97002997002997,val
what,msasl,MS-ASL/videos_MS_ASL_raw/msasl_raw_eBkzZg-9hd4.mp4,2924,2976.0,53.0,1.7350000000000136,29.97,msasl_26,True,1280.0,720.0,False,False,False,1.7684351017684352,0.0334351017684215,False,0.4669999999999996,8.125,False,False,,ok,,normalized_frames/topn_224_gray_jpg_from_raw/what/msasl_raw_eBkzZg-9hd4__s002923__e002975__af1c02b66352,53,jpg,224,224,grayscale,2924,2976,2923,2975,29.97002997002997,val
eat,msasl,MS-ASL/videos_MS_ASL_raw/msasl_raw_mpvWKGLbGW4.mp4,0,138.0,139.0,4.649,29.681,msasl_2,True,640.0,360.0,False,False,False,4.683130622283616,0.0341306222836159,False,0.4669999999999996,8.125,False,False,,ok,,normalized_frames/topn_224_gray_jpg_from_raw/eat/msasl_raw_mpvWKGLbGW4__s000000__e000137__4b73a20dfea9,138,jpg,224,224,grayscale,0,138,0,137,29.681,val
school,msasl,MS-ASL/videos_MS_ASL_raw/msasl_raw_ucXplZLMUzY.mp4,716,788.0,73.0,2.402000000000001,29.97,msasl_245,True,640.0,360.0,False,False,False,2.4357691024357693,0.0337691024357682,False,0.4669999999999996,8.125,False,False,,ok,,normalized_frames/topn_224_gray_jpg_from_raw/school/msasl_raw_ucXplZLMUzY__s000715__e000787__98fbabdbf3f1,73,jpg,224,224,grayscale,716,788,715,787,29.97002997002997,val
water,msasl,MS-ASL/videos_MS_ASL_raw/msasl_raw_qTkiE_bUdtA.mp4,0,35.0,36.0,1.4,25.0,msasl_152,True,480.0,272.0,False,False,False,1.44,0.04,False,0.4669999999999996,8.125,False,False,,ok,,normalized_frames/topn_224_gray_jpg_from_raw/water/msasl_raw_qTkiE_bUdtA__s000000__e000034__5609ceb6e210,35,jpg,224,224,grayscale,0,35,0,34,25.0,val
what,msasl,MS-ASL/videos_MS_ASL_raw/msasl_raw_qk58RD7dz_k.mp4,20,70.0,51.0,2.498,20.017,msasl_2,True,640.0,360.0,False,False,False,2.5478343408103115,0.0498343408103112,False,0.4669999999999996,8.125,False,False,,ok,,normalized_frames/topn_224_gray_jpg_from_raw/what/msasl_raw_qk58RD7dz_k__s000019__e000069__17d853349a89,51,jpg,224,224,grayscale,20,70,19,69,20.017023023853618,val
what,aslsignbank,kaggle_dataset/videos/66769.mp4,1,47.0,47.0,1.96,23.9760579506422,wlasl_88,True,656.0,370.0,False,False,False,1.9602888888888883,0.0002888888888885,False,0.4669999999999996,8.125,False,False,,ok,,normalized_frames/topn_224_gray_jpg_from_raw/what/66769__s000000__e000046__47637ad04ef9,47,jpg,224,224,grayscale,1,47,0,46,23.9760579506422,val
like,msasl,MS-ASL/videos_MS_ASL_raw/msasl_raw_ZgUBU0NNEDU.mp4,5026,5165.0,140.0,4.638000000000005,29.97,msasl_26,True,1280.0,720.0,False,False,False,4.671338004671338,0.0333380046713331,False,0.4669999999999996,8.125,False,False,,ok,,normalized_frames/topn_224_gray_jpg_from_raw/like/msasl_raw_ZgUBU0NNEDU__s005025__e005164__dddbb6b8e940,140,jpg,224,224,grayscale,5026,5165,5025,5164,29.97002997002997,val
help,msasl,MS-ASL/videos_MS_ASL_raw/msasl_raw_UlRyKsP78qQ.mp4,1683,1740.0,58.0,1.902000000000001,29.97,msasl_26,True,1280.0,720.0,False,False,False,1.9352686019352687,0.0332686019352677,False,0.4669999999999996,8.125,False,False,,ok,,normalized_frames/topn_224_gray_jpg_from_raw/help/msasl_raw_UlRyKsP78qQ__s001682__e001739__b7977109dfb2,58,jpg,224,224,grayscale,1683,1740,1682,1739,29.97002997002997,val
mother,msasl,MS-ASL/videos_MS_ASL_raw/msasl_raw_ucXplZLMUzY.mp4,1124,1199.0,76.0,2.501999999999996,29.97,msasl_245,True,640.0,360.0,False,False,False,2.5358692025358693,0.0338692025358735,False,0.4669999999999996,8.125,False,False,,ok,,normalized_frames/topn_224_gray_jpg_from_raw/mother/msasl_raw_ucXplZLMUzY__s001123__e001198__fbbe40c00c2b,76,jpg,224,224,grayscale,1124,1199,1123,1198,29.97002997002997,val
spring,msasl,MS-ASL/videos_MS_ASL_raw/msasl_raw_WJCEpGRkGoM.mp4,20,100.0,81.0,2.6660000000000004,30.0,msasl_132,True,480.0,360.0,False,False,False,2.7,0.0339999999999998,False,0.4669999999999996,8.125,False,False,,ok,,normalized_frames/topn_224_gray_jpg_from_raw/spring/msasl_raw_WJCEpGRkGoM__s000019__e000099__2dff337e320c,81,jpg,224,224,grayscale,20,100,19,99,30.0,val
student,msasl,MS-ASL/videos_MS_ASL_raw/msasl_raw_9YXf5wXD1Nc.mp4,0,89.0,90.0,2.967,30.0,msasl_135,True,480.0,360.0,False,False,False,3.0,0.0329999999999999,False,0.4669999999999996,8.125,False,False,,ok,,normalized_frames/topn_224_gray_jpg_from_raw/student/msasl_raw_9YXf5wXD1Nc__s000000__e000088__828aa038d8b5,89,jpg,224,224,grayscale,0,89,0,88,30.0,val
spring,msasl,MS-ASL/videos_MS_ASL_raw/msasl_raw_2ofPs_uTel4.mp4,14310,14456.0,147.0,6.090000000000032,23.976,msasl_411,True,1280.0,720.0,False,False,False,6.131131131131132,0.0411311311310997,False,0.4669999999999996,8.125,False,False,,ok,,normalized_frames/topn_224_gray_jpg_from_raw/spring/msasl_raw_2ofPs_uTel4__s014309__e014455__eba950bb9b15,147,jpg,224,224,grayscale,14310,14456,14309,14455,23.976023976023978,val
fish,msasl,MS-ASL/videos_MS_ASL_raw/msasl_raw_Z1XbXReP_UY.mp4,3020,3091.0,72.0,2.369,29.97,msasl_26,True,1280.0,720.0,False,False,False,2.4024024024024024,0.0334024024024022,False,0.4669999999999996,8.125,False,False,,ok,,normalized_frames/topn_224_gray_jpg_from_raw/fish/msasl_raw_Z1XbXReP_UY__s003019__e003090__bae5fb4fdf13,72,jpg,224,224,grayscale,3020,3091,3019,3090,29.97002997002997,val
like,msasl,MS-ASL/videos_MS_ASL_raw/msasl_raw_xQR5y_xUtpA.mp4,2615,2671.0,57.0,1.867999999999995,29.97,msasl_26,True,1280.0,720.0,False,False,False,1.901901901901902,0.0339019019019068,False,0.4669999999999996,8.125,False,False,,ok,,normalized_frames/topn_224_gray_jpg_from_raw/like/msasl_raw_xQR5y_xUtpA__s002614__e002670__eb7e3545e354,57,jpg,224,224,grayscale,2615,2671,2614,2670,29.97002997002997,val
cousin,msasl,MS-ASL/videos_MS_ASL_raw/msasl_raw_sUC-XDC5TvA.mp4,1529,1582.0,54.0,1.768000000000001,29.97,msasl_26,True,1280.0,720.0,False,False,False,1.8018018018018016,0.0338018018018009,False,0.4669999999999996,8.125,False,False,,ok,,normalized_frames/topn_224_gray_jpg_from_raw/cousin/msasl_raw_sUC-XDC5TvA__s001528__e001581__6efda2bdf78c,54,jpg,224,224,grayscale,1529,1582,1528,1581,29.97002997002997,val
man,msasl,MS-ASL/videos_MS_ASL_raw/msasl_raw_QbCeFN4IZw4.mp4,0,89.0,90.0,2.967,30.0,msasl_135,True,480.0,360.0,False,False,False,3.0,0.0329999999999999,False,0.4669999999999996,8.125,False,False,,ok,,normalized_frames/topn_224_gray_jpg_from_raw/man/msasl_raw_QbCeFN4IZw4__s000000__e000088__ecc0c64f6b5a,89,jpg,224,224,grayscale,0,89,0,88,30.0,val
father,msasl,MS-ASL/videos_MS_ASL_raw/msasl_raw_KHJjHjG-8JU.mp4,806,886.0,81.0,2.6690000000000005,29.97,msasl_384,True,640.0,360.0,False,False,False,2.702702702702702,0.0337027027027021,False,0.4669999999999996,8.125,False,False,,ok,,normalized_frames/topn_224_gray_jpg_from_raw/father/msasl_raw_KHJjHjG-8JU__s000805__e000885__7705bab89cf9,81,jpg,224,224,grayscale,806,886,805,885,29.97002997002997,val
happy,msasl,MS-ASL/videos_MS_ASL_raw/msasl_raw_ZgUBU0NNEDU.mp4,8073,8153.0,81.0,2.6689999999999827,29.97,msasl_26,True,1280.0,720.0,False,False,False,2.702702702702702,0.0337027027027199,False,0.4669999999999996,8.125,False,False,,ok,,normalized_frames/topn_224_gray_jpg_from_raw/happy/msasl_raw_ZgUBU0NNEDU__s008072__e008152__7288fc4bd907,81,jpg,224,224,grayscale,8073,8153,8072,8152,29.97002997002997,val
eat,msasl,MS-ASL/videos_MS_ASL_raw/msasl_raw_eBkzZg-9hd4.mp4,1377,1420.0,44.0,1.4350000000000025,29.97,msasl_26,True,1280.0,720.0,False,False,False,1.4681348014681348,0.0331348014681323,False,0.4669999999999996,8.125,False,False,,ok,,normalized_frames/topn_224_gray_jpg_from_raw/eat/msasl_raw_eBkzZg-9hd4__s001376__e001419__19932a453eea,44,jpg,224,224,grayscale,1377,1420,1376,1419,29.97002997002997,val
water,msasl,MS-ASL/videos_MS_ASL_raw/msasl_raw_u9uSLW1AfS8.mp4,0,121.0,122.0,4.84,25.0,msasl_14,True,640.0,360.0,False,False,False,4.88,0.04,False,0.4669999999999996,8.125,False,False,,ok,,normalized_frames/topn_224_gray_jpg_from_raw/water/msasl_raw_u9uSLW1AfS8__s000000__e000120__8f5349471944,120,jpg,224,224,grayscale,0,121,0,120,25.0,val
man,msasl,MS-ASL/videos_MS_ASL_raw/msasl_raw_L-AmHMWSiTQ.mp4,0,146.0,147.0,5.84,25.0,msasl_14,True,640.0,360.0,False,False,False,5.88,0.04,False,0.4669999999999996,8.125,False,False,,ok,,normalized_frames/topn_224_gray_jpg_from_raw/man/msasl_raw_L-AmHMWSiTQ__s000000__e000145__004f55cfc473,146,jpg,224,224,grayscale,0,146,0,145,25.0,val
but,spreadthesign,kaggle_dataset/videos/16192.mp4,1,64.0,64.0,2.135,29.97002997002997,wlasl_78,True,320.0,240.0,False,False,False,2.135466666666667,0.000466666666667,False,0.4669999999999996,8.125,False,False,,ok,,normalized_frames/topn_224_gray_jpg_from_raw/but/16192__s000000__e000063__020e613e56b0,64,jpg,224,224,grayscale,1,64,0,63,29.97002997002997,val
cousin,msasl,MS-ASL/videos_MS_ASL_raw/msasl_raw_sUC-XDC5TvA.mp4,870,935.0,66.0,2.1690000000000005,29.97,msasl_26,True,1280.0,720.0,False,False,False,2.2022022022022023,0.0332022022022018,False,0.4669999999999996,8.125,False,False,,ok,,normalized_frames/topn_224_gray_jpg_from_raw/cousin/msasl_raw_sUC-XDC5TvA__s000869__e000934__de9f31a82782,66,jpg,224,224,grayscale,870,935,869,934,29.97002997002997,val
tired,msasl,MS-ASL/videos_MS_ASL_raw/msasl_raw_Z7Z6RzQ4vCU.mp4,2325,2401.0,77.0,2.5349999999999966,29.97,msasl_26,True,1280.0,720.0,False,False,False,2.569235902569236,0.0342359025692395,False,0.4669999999999996,8.125,False,False,,ok,,normalized_frames/topn_224_gray_jpg_from_raw/tired/msasl_raw_Z7Z6RzQ4vCU__s002324__e002400__1210442fdc35,77,jpg,224,224,grayscale,2325,2401,2324,2400,29.97002997002997,val
table,msasl,MS-ASL/videos_MS_ASL_raw/msasl_raw_UlRyKsP78qQ.mp4,899,958.0,60.0,1.968,29.97,msasl_26,True,1280.0,720.0,False,False,False,2.002002002002002,0.0340020020020022,False,0.4669999999999996,8.125,False,False,,ok,,normalized_frames/topn_224_gray_jpg_from_raw/table/msasl_raw_UlRyKsP78qQ__s000898__e000957__44a8ba119b4d,60,jpg,224,224,grayscale,899,958,898,957,29.97002997002997,val
nice,msasl,MS-ASL/videos_MS_ASL_raw/msasl_raw_KTURNRi-wy0.mp4,1772,1828.0,57.0,1.868000000000002,29.97,msasl_26,True,1280.0,720.0,False,False,False,1.901901901901902,0.0339019019018997,False,0.4669999999999996,8.125,False,False,,ok,,normalized_frames/topn_224_gray_jpg_from_raw/nice/msasl_raw_KTURNRi-wy0__s001771__e001827__8a9deb1302a5,57,jpg,224,224,grayscale,1772,1828,1771,1827,29.97002997002997,val
nice,msasl,MS-ASL/videos_MS_ASL_raw/msasl_raw_LNw3SmRomG8.mp4,0,113.0,114.0,3.81,29.659,msasl_2,True,640.0,360.0,False,False,False,3.843689942344651,0.033689942344651,False,0.4669999999999996,8.125,False,False,,ok,,normalized_frames/topn_224_gray_jpg_from_raw/nice/msasl_raw_LNw3SmRomG8__s000000__e000112__080732624e1e,113,jpg,224,224,grayscale,0,113,0,112,29.65900812876519,val
tired,msasl,MS-ASL/videos_MS_ASL_raw/msasl_raw_ZgUBU0NNEDU.mp4,8360,8460.0,101.0,3.336999999999989,29.97,msasl_26,True,1280.0,720.0,False,False,False,3.3700367033700367,0.0330367033700476,False,0.4669999999999996,8.125,False,False,,ok,,normalized_frames/topn_224_gray_jpg_from_raw/tired/msasl_raw_ZgUBU0NNEDU__s008359__e008459__c611f68e0d79,101,jpg,224,224,grayscale,8360,8460,8359,8459,29.97002997002997,val
orange,msasl,MS-ASL/videos_MS_ASL_raw/msasl_raw_exk-qIRNw7Y.mp4,2350,2409.0,60.0,1.967999999999989,29.97,msasl_26,True,1280.0,720.0,False,False,False,2.002002002002002,0.034002002002013,False,0.4669999999999996,8.125,False,False,,ok,,normalized_frames/topn_224_gray_jpg_from_raw/orange/msasl_raw_exk-qIRNw7Y__s002349__e002408__f3f7472f3d25,60,jpg,224,224,grayscale,2350,2409,2349,2408,29.97002997002997,val
yes,msasl,MS-ASL/videos_MS_ASL_raw/msasl_raw_FwGL9FjFpYI.mp4,15949,16041.0,93.0,3.07000000000005,29.97,msasl_26,True,1280.0,720.0,False,False,False,3.103103103103104,0.0331031031030533,False,0.4669999999999996,8.125,False,False,,ok,,normalized_frames/topn_224_gray_jpg_from_raw/yes/msasl_raw_FwGL9FjFpYI__s015948__e016040__4b3164e1b0eb,93,jpg,224,224,grayscale,15949,16041,15948,16040,29.97002997002997,val
yes,asldeafined,kaggle_dataset/videos/64287.mp4,1,68.0,68.0,2.266,30.004412413590234,wlasl_13,True,640.0,480.0,False,False,False,2.2663333333333333,0.0003333333333332,False,0.4669999999999996,8.125,False,False,,ok,,normalized_frames/topn_224_gray_jpg_from_raw/yes/64287__s000000__e000067__b034113d2241,68,jpg,224,224,grayscale,1,68,0,67,30.004412413590234,test
need,msasl,MS-ASL/videos_MS_ASL_raw/msasl_raw_5sILDEiOcQ0.mp4,4246,4322.0,77.0,3.166000000000025,24.004,msasl_125,True,1280.0,720.0,False,False,False,3.2077987002166304,0.0417987002166055,False,0.4669999999999996,8.125,False,False,,ok,,normalized_frames/topn_224_gray_jpg_from_raw/need/msasl_raw_5sILDEiOcQ0__s004245__e004321__e48e5f0b66ba,77,jpg,224,224,grayscale,4246,4322,4245,4321,24.0,test
fish,msasl,MS-ASL/videos_MS_ASL_raw/msasl_raw_IJyUcYJMpmU.mp4,0,87.0,88.0,2.903,29.97,msasl_0,True,640.0,360.0,False,False,False,2.9362696029362696,0.0332696029362695,False,0.4669999999999996,8.125,False,False,,ok,,normalized_frames/topn_224_gray_jpg_from_raw/fish/msasl_raw_IJyUcYJMpmU__s000000__e000086__9d4e90766f11,87,jpg,224,224,grayscale,0,87,0,86,29.97002997002997,test
happy,msasl,MS-ASL/videos_MS_ASL_raw/msasl_raw_TpsMdNqKNpg.mp4,0,40.0,41.0,1.668,23.976,msasl_0,True,480.0,360.0,False,False,False,1.7100433767100434,0.0420433767100434,False,0.4669999999999996,8.125,False,False,,ok,,normalized_frames/topn_224_gray_jpg_from_raw/happy/msasl_raw_TpsMdNqKNpg__s000000__e000039__fda612a90ccb,40,jpg,224,224,grayscale,0,40,0,39,23.98907814328436,test
need,asldeafined,kaggle_dataset/videos/37884.mp4,1,95.0,95.0,3.166,30.00315822718181,wlasl_13,True,640.0,480.0,False,False,False,3.166333333333333,0.0003333333333332,False,0.4669999999999996,8.125,False,False,,ok,,normalized_frames/topn_224_gray_jpg_from_raw/need/37884__s000000__e000094__896160fb8130,95,jpg,224,224,grayscale,1,95,0,94,30.00315822718181,test
eat,msasl,MS-ASL/videos_MS_ASL_raw/msasl_raw_OmylSinUxns.mp4,0,68.0,69.0,2.269,29.97,msasl_0,True,1280.0,720.0,False,False,False,2.3023023023023024,0.0333023023023022,False,0.4669999999999996,8.125,False,False,,ok,,normalized_frames/topn_224_gray_jpg_from_raw/eat/msasl_raw_OmylSinUxns__s000000__e000067__e2c590669bef,68,jpg,224,224,grayscale,0,68,0,67,29.97002997002997,test
help,msasl,MS-ASL/videos_MS_ASL_raw/msasl_raw_yI5uzOPUA_0.mp4,0,134.0,135.0,4.467,30.0,msasl_0,True,548.0,360.0,False,False,False,4.5,0.0330000000000003,False,0.4669999999999996,8.125,False,False,,ok,,normalized_frames/topn_224_gray_jpg_from_raw/help/msasl_raw_yI5uzOPUA_0__s000000__e000133__6a8716c6a8af,134,jpg,224,224,grayscale,0,134,0,133,30.0,test
tired,msasl,MS-ASL/videos_MS_ASL_raw/msasl_raw_YS5PgjNNxME.mp4,0,76.0,77.0,2.536,29.97,msasl_0,True,1280.0,720.0,False,False,False,2.569235902569236,0.0332359025692361,False,0.4669999999999996,8.125,False,False,,ok,,normalized_frames/topn_224_gray_jpg_from_raw/tired/msasl_raw_YS5PgjNNxME__s000000__e000075__91155ba85afa,76,jpg,224,224,grayscale,0,76,0,75,29.97002997002997,test
sit,msasl,MS-ASL/videos_MS_ASL_raw/msasl_raw_0bIF7jh6lnE.mp4,4539,4611.0,73.0,2.40300000000002,29.97,msasl_125,True,480.0,360.0,False,False,False,2.4357691024357693,0.0327691024357492,False,0.4669999999999996,8.125,False,False,,ok,,normalized_frames/topn_224_gray_jpg_from_raw/sit/msasl_raw_0bIF7jh6lnE__s004538__e004610__b2933d80a049,73,jpg,224,224,grayscale,4539,4611,4538,4610,29.97002997002997,test
sit,msasl,MS-ASL/videos_MS_ASL_raw/msasl_raw_ZvzKTn4qWfA.mp4,0,68.0,69.0,2.269,29.97,msasl_0,True,640.0,360.0,False,False,False,2.3023023023023024,0.0333023023023022,False,0.4669999999999996,8.125,False,False,,ok,,normalized_frames/topn_224_gray_jpg_from_raw/sit/msasl_raw_ZvzKTn4qWfA__s000000__e000067__83e549cffa1e,68,jpg,224,224,grayscale,0,68,0,67,29.97002997002997,test
school,asldeafined,kaggle_dataset/videos/49599.mp4,1,86.0,86.0,2.866,30.00348877776485,wlasl_13,True,640.0,480.0,False,False,False,2.866333333333334,0.0003333333333337,False,0.4669999999999996,8.125,False,False,,ok,,normalized_frames/topn_224_gray_jpg_from_raw/school/49599__s000000__e000085__906a34df52b9,86,jpg,224,224,grayscale,1,86,0,85,30.00348877776485,test
bird,msasl,MS-ASL/videos_MS_ASL_raw/msasl_raw_rIlQQTN2b58.mp4,6242,6332.0,91.0,3.75,24.003,msasl_125,True,1280.0,720.0,False,False,False,3.79119276757072,0.0411927675707204,False,0.4669999999999996,8.125,False,False,,ok,,normalized_frames/topn_224_gray_jpg_from_raw/bird/msasl_raw_rIlQQTN2b58__s006241__e006331__381f8e39e7c7,91,jpg,224,224,grayscale,6242,6332,6241,6331,24.0,test
man,msasl,MS-ASL/videos_MS_ASL_raw/msasl_raw_lyAWyqDxUqg.mp4,0,117.0,118.0,3.9,30.0,msasl_0,True,1280.0,720.0,False,False,False,3.933333333333333,0.0333333333333332,False,0.4669999999999996,8.125,False,False,,ok,,normalized_frames/topn_224_gray_jpg_from_raw/man/msasl_raw_lyAWyqDxUqg__s000000__e000116__ce500083a74d,117,jpg,224,224,grayscale,0,117,0,116,30.0,test
help,msasl,MS-ASL/videos_MS_ASL_raw/msasl_raw_r9JzT9nM6aw.mp4,0,71.0,72.0,2.369,29.97,msasl_0,True,1280.0,720.0,False,False,False,2.4024024024024024,0.0334024024024022,False,0.4669999999999996,8.125,False,False,,ok,,normalized_frames/topn_224_gray_jpg_from_raw/help/msasl_raw_r9JzT9nM6aw__s000000__e000070__97f6b3dec2cd,71,jpg,224,224,grayscale,0,71,0,70,29.97002997002997,test
like,asldeafined,kaggle_dataset/videos/33270.mp4,1,78.0,78.0,2.6,29.996154339187285,wlasl_13,True,640.0,480.0,False,False,False,2.6003333333333334,0.0003333333333332,False,0.4669999999999996,8.125,False,False,,ok,,normalized_frames/topn_224_gray_jpg_from_raw/like/33270__s000000__e000077__468f19033e48,78,jpg,224,224,grayscale,1,78,0,77,29.996154339187285,test
bird,msasl,MS-ASL/videos_MS_ASL_raw/msasl_raw_KRKnyp3VzFw.mp4,0,86.0,87.0,3.44,25.0,msasl_0,True,480.0,360.0,False,False,False,3.48,0.04,False,0.4669999999999996,8.125,False,False,,ok,,normalized_frames/topn_224_gray_jpg_from_raw/bird/msasl_raw_KRKnyp3VzFw__s000000__e000085__1b06edc8ad2a,86,jpg,224,224,grayscale,0,86,0,85,25.0,test
school,msasl,MS-ASL/videos_MS_ASL_raw/msasl_raw_vuE3RN10AGA.mp4,0,81.0,82.0,2.703,29.97,msasl_0,True,1280.0,720.0,False,False,False,2.736069402736069,0.0330694027360696,False,0.4669999999999996,8.125,False,False,,ok,,normalized_frames/topn_224_gray_jpg_from_raw/school/msasl_raw_vuE3RN10AGA__s000000__e000080__0fce351abf2a,81,jpg,224,224,grayscale,0,81,0,80,29.97002997002997,test
deaf,msasl,MS-ASL/videos_MS_ASL_raw/msasl_raw_0bIF7jh6lnE.mp4,409,496.0,88.0,2.9030000000000005,29.97,msasl_125,True,480.0,360.0,False,False,False,2.9362696029362696,0.0332696029362691,False,0.4669999999999996,8.125,False,False,,ok,,normalized_frames/topn_224_gray_jpg_from_raw/deaf/msasl_raw_0bIF7jh6lnE__s000408__e000495__fa2e8c1f2930,88,jpg,224,224,grayscale,409,496,408,495,29.97002997002997,test
tired,msasl,MS-ASL/videos_MS_ASL_raw/msasl_raw_1RRUK21Xyzw.mp4,0,93.0,94.0,3.103,29.97,msasl_0,True,640.0,360.0,False,False,False,3.1364698031364697,0.0334698031364695,False,0.4669999999999996,8.125,False,False,,ok,,normalized_frames/topn_224_gray_jpg_from_raw/tired/msasl_raw_1RRUK21Xyzw__s000000__e000092__1f1eae2d4ce0,93,jpg,224,224,grayscale,0,93,0,92,29.97002997002997,test
but,msasl,MS-ASL/videos_MS_ASL_raw/msasl_raw_KTy-PKpWS-Y.mp4,0,82.0,83.0,2.733,30.0,msasl_0,True,640.0,360.0,False,False,False,2.7666666666666666,0.0336666666666665,False,0.4669999999999996,8.125,False,False,,ok,,normalized_frames/topn_224_gray_jpg_from_raw/but/msasl_raw_KTy-PKpWS-Y__s000000__e000081__cf4da777c7c5,82,jpg,224,224,grayscale,0,82,0,81,30.0,test
learn,asldeafined,kaggle_dataset/videos/32608.mp4,1,135.0,135.0,4.5,29.99777794237464,wlasl_13,True,640.0,480.0,False,False,False,4.500333333333333,0.0003333333333328,False,0.4669999999999996,8.125,False,False,,ok,,normalized_frames/topn_224_gray_jpg_from_raw/learn/32608__s000000__e000134__73a29c977cdd,135,jpg,224,224,grayscale,1,135,0,134,29.99777794237464,test
happy,msasl,MS-ASL/videos_MS_ASL_raw/msasl_raw_ZXHHO_DY6_A.mp4,0,89.0,90.0,2.97,29.97,msasl_0,True,1280.0,720.0,False,False,False,3.003003003003004,0.033003003003003,False,0.4669999999999996,8.125,False,False,,ok,,normalized_frames/topn_224_gray_jpg_from_raw/happy/msasl_raw_ZXHHO_DY6_A__s000000__e000088__325512887a37,89,jpg,224,224,grayscale,0,89,0,88,29.97002997002997,test
mother,asldeafined,kaggle_dataset/videos/36933.mp4,1,74.0,74.0,2.466,30.00405460197324,wlasl_13,True,640.0,480.0,False,False,False,2.466333333333333,0.0003333333333328,False,0.4669999999999996,8.125,False,False,,ok,,normalized_frames/topn_224_gray_jpg_from_raw/mother/36933__s000000__e000073__a8c2db2bd429,74,jpg,224,224,grayscale,1,74,0,73,30.00405460197324,test
like,asldeafined,kaggle_dataset/videos/33269.mp4,1,72.0,72.0,2.4,29.99583391195668,wlasl_13,True,640.0,480.0,False,False,False,2.4003333333333328,0.0003333333333328,False,0.4669999999999996,8.125,False,False,,ok,,normalized_frames/topn_224_gray_jpg_from_raw/like/33269__s000000__e000071__13c8a8353b2c,72,jpg,224,224,grayscale,1,72,0,71,29.99583391195668,test
mother,msasl,MS-ASL/videos_MS_ASL_raw/msasl_raw_ktnsWSvF4uw.mp4,0,42.0,43.0,1.4,30.0,msasl_0,True,320.0,240.0,False,False,False,1.4333333333333331,0.0333333333333334,False,0.4669999999999996,8.125,False,False,,ok,,normalized_frames/topn_224_gray_jpg_from_raw/mother/msasl_raw_ktnsWSvF4uw__s000000__e000041__86538c32ac93,42,jpg,224,224,grayscale,0,42,0,41,30.0,test
like,msasl,MS-ASL/videos_MS_ASL_raw/msasl_raw_8uIg8r1awC4.mp4,0,71.0,72.0,2.369,29.97,msasl_0,True,640.0,360.0,False,False,False,2.4024024024024024,0.0334024024024022,False,0.4669999999999996,8.125,False,False,,ok,,normalized_frames/topn_224_gray_jpg_from_raw/like/msasl_raw_8uIg8r1awC4__s000000__e000070__9ea9604c3946,71,jpg,224,224,grayscale,0,71,0,70,29.97002997002997,test
man,msasl,MS-ASL/videos_MS_ASL_raw/msasl_raw_2VB3WN8adyM.mp4,5006,5089.0,84.0,3.459000000000003,24.0,msasl_125,True,1280.0,720.0,False,False,False,3.5,0.0409999999999968,False,0.4669999999999996,8.125,False,False,,ok,,normalized_frames/topn_224_gray_jpg_from_raw/man/msasl_raw_2VB3WN8adyM__s005005__e005088__c453cc14336e,84,jpg,224,224,grayscale,5006,5089,5005,5088,24.00001629882261,test
student,msasl,MS-ASL/videos_MS_ASL_raw/msasl_raw_jrf2XYqjg2o.mp4,0,86.0,87.0,2.87,29.97,msasl_0,True,1280.0,720.0,False,False,False,2.902902902902903,0.0329029029029031,False,0.4669999999999996,8.125,False,False,,ok,,normalized_frames/topn_224_gray_jpg_from_raw/student/msasl_raw_jrf2XYqjg2o__s000000__e000085__ce66a87bacb5,86,jpg,224,224,grayscale,0,86,0,85,29.97002997002997,test
sit,msasl,MS-ASL/videos_MS_ASL_raw/msasl_raw_IDzR7rznuIM.mp4,0,59.0,60.0,2.36,25.0,msasl_0,True,480.0,360.0,False,False,False,2.4,0.04,False,0.4669999999999996,8.125,False,False,,ok,,normalized_frames/topn_224_gray_jpg_from_raw/sit/msasl_raw_IDzR7rznuIM__s000000__e000058__c6d30e89eae6,59,jpg,224,224,grayscale,0,59,0,58,25.0,test
bird,msasl,MS-ASL/videos_MS_ASL_raw/msasl_raw_He0k3ddd67A.mp4,7226,7297.0,72.0,2.9589999999999463,24.0,msasl_125,True,640.0,360.0,False,False,False,3.0,0.0410000000000536,False,0.4669999999999996,8.125,False,False,,ok,,normalized_frames/topn_224_gray_jpg_from_raw/bird/msasl_raw_He0k3ddd67A__s007225__e007296__e4f80cb3fb2b,72,jpg,224,224,grayscale,7226,7297,7225,7296,24.0,test
eat,msasl,MS-ASL/videos_MS_ASL_raw/msasl_raw_wecMr8cvy0M.mp4,0,82.0,83.0,2.733,30.0,msasl_0,True,320.0,240.0,False,False,False,2.7666666666666666,0.0336666666666665,False,0.4669999999999996,8.125,False,False,,ok,,normalized_frames/topn_224_gray_jpg_from_raw/eat/msasl_raw_wecMr8cvy0M__s000000__e000081__9bfcf2dd160d,82,jpg,224,224,grayscale,0,82,0,81,30.0,test
fish,msasl,MS-ASL/videos_MS_ASL_raw/msasl_raw_He0k3ddd67A.mp4,7109,7160.0,52.0,2.125,24.0,msasl_125,True,640.0,360.0,False,False,False,2.1666666666666665,0.0416666666666665,False,0.4669999999999996,8.125,False,False,,ok,,normalized_frames/topn_224_gray_jpg_from_raw/fish/msasl_raw_He0k3ddd67A__s007108__e007159__ceee85a10fcf,52,jpg,224,224,grayscale,7109,7160,7108,7159,24.0,test
but,msasl,MS-ASL/videos_MS_ASL_raw/msasl_raw_xBoA_6uu4F0.mp4,0,98.0,99.0,3.92,25.0,msasl_0,True,480.0,360.0,False,False,False,3.96,0.04,False,0.4669999999999996,8.125,False,False,,ok,,normalized_frames/topn_224_gray_jpg_from_raw/but/msasl_raw_xBoA_6uu4F0__s000000__e000097__e0a5fc7ed710,98,jpg,224,224,grayscale,0,98,0,97,25.0,test
help,msasl,MS-ASL/videos_MS_ASL_raw/msasl_raw__DBLS12E4Lo.mp4,0,141.0,142.0,4.705,29.97,msasl_0,True,540.0,360.0,False,False,False,4.738071404738071,0.0330714047380711,False,0.4669999999999996,8.125,False,False,,ok,,normalized_frames/topn_224_gray_jpg_from_raw/help/msasl_raw__DBLS12E4Lo__s000000__e000140__8e718c4f1d75,141,jpg,224,224,grayscale,0,141,0,140,29.97002997002997,test
sit,msasl,MS-ASL/videos_MS_ASL_raw/msasl_raw_2VB3WN8adyM.mp4,7631,7712.0,82.0,3.375,24.0,msasl_125,True,1280.0,720.0,False,False,False,3.4166666666666665,0.0416666666666665,False,0.4669999999999996,8.125,False,False,,ok,,normalized_frames/topn_224_gray_jpg_from_raw/sit/msasl_raw_2VB3WN8adyM__s007630__e007711__1b09dbd104c9,82,jpg,224,224,grayscale,7631,7712,7630,7711,24.00001629882261,test
like,msasl,MS-ASL/videos_MS_ASL_raw/msasl_raw_1bj72qXSy8c.mp4,5492,5566.0,75.0,3.0829999999999984,24.002,msasl_125,True,1280.0,720.0,False,False,False,3.124739605032914,0.0417396050329155,False,0.4669999999999996,8.125,False,False,,ok,,normalized_frames/topn_224_gray_jpg_from_raw/like/msasl_raw_1bj72qXSy8c__s005491__e005565__2568167cbdfb,75,jpg,224,224,grayscale,5492,5566,5491,5565,24.0,test
table,msasl,MS-ASL/videos_MS_ASL_raw/msasl_raw_jYkcG6cCtGA.mp4,0,89.0,90.0,3.56,25.0,msasl_0,True,480.0,360.0,False,False,False,3.6,0.04,False,0.4669999999999996,8.125,False,False,,ok,,normalized_frames/topn_224_gray_jpg_from_raw/table/msasl_raw_jYkcG6cCtGA__s000000__e000088__a6905968ecad,89,jpg,224,224,grayscale,0,89,0,88,25.0,test
no,msasl,MS-ASL/videos_MS_ASL_raw/msasl_raw_pkzfT9cYvH0.mp4,0,93.0,94.0,3.103,29.97,msasl_0,True,1280.0,720.0,False,False,False,3.1364698031364697,0.0334698031364695,False,0.4669999999999996,8.125,False,False,,ok,,normalized_frames/topn_224_gray_jpg_from_raw/no/msasl_raw_pkzfT9cYvH0__s000000__e000092__36b7a518acd2,93,jpg,224,224,grayscale,0,93,0,92,29.97002997002997,test
no,msasl,MS-ASL/videos_MS_ASL_raw/msasl_raw_0bIF7jh6lnE.mp4,3335,3363.0,29.0,0.9339999999999976,29.97,msasl_125,True,480.0,360.0,False,False,False,0.9676343009676344,0.0336343009676367,False,0.4669999999999996,8.125,False,False,,ok,,normalized_frames/topn_224_gray_jpg_from_raw/no/msasl_raw_0bIF7jh6lnE__s003334__e003362__97da9bd321c8,29,jpg,224,224,grayscale,3335,3363,3334,3362,29.97002997002997,test
yes,msasl,MS-ASL/videos_MS_ASL_raw/msasl_raw_JLNxO35tB-U.mp4,0,46.0,47.0,1.535,29.97,msasl_0,True,640.0,360.0,False,False,False,1.5682349015682349,0.0332349015682349,False,0.4669999999999996,8.125,False,False,,ok,,normalized_frames/topn_224_gray_jpg_from_raw/yes/msasl_raw_JLNxO35tB-U__s000000__e000045__e8798597233b,46,jpg,224,224,grayscale,0,46,0,45,29.97002997002997,test
help,msasl,MS-ASL/videos_MS_ASL_raw/msasl_raw_jENKp3DJ8tU.mp4,0,94.0,95.0,3.137,29.968,msasl_0,True,640.0,360.0,False,False,False,3.170048051254672,0.0330480512546715,False,0.4669999999999996,8.125,False,False,,ok,,normalized_frames/topn_224_gray_jpg_from_raw/help/msasl_raw_jENKp3DJ8tU__s000000__e000093__f6bf6123135e,94,jpg,224,224,grayscale,0,94,0,93,29.97002997002997,test
father,msasl,MS-ASL/videos_MS_ASL_raw/msasl_raw_JYF-AfMbUNw.mp4,571,660.0,90.0,2.969999999999999,29.97,msasl_125,True,640.0,352.0,False,False,False,3.003003003003004,0.0330030030030044,False,0.4669999999999996,8.125,False,False,,ok,,normalized_frames/topn_224_gray_jpg_from_raw/father/msasl_raw_JYF-AfMbUNw__s000570__e000659__a36b26e976fd,90,jpg,224,224,grayscale,571,660,570,659,29.97002997002997,test
yes,msasl,MS-ASL/videos_MS_ASL_raw/msasl_raw_0usayvOXzHo.mp4,0,59.0,60.0,1.969,29.97,msasl_0,True,640.0,360.0,False,False,False,2.002002002002002,0.033002002002002,False,0.4669999999999996,8.125,False,False,,ok,,normalized_frames/topn_224_gray_jpg_from_raw/yes/msasl_raw_0usayvOXzHo__s000000__e000058__76197891fb33,59,jpg,224,224,grayscale,0,59,0,58,29.97002997002997,test
water,asldeafined,kaggle_dataset/videos/62503.mp4,1,83.0,83.0,2.766,30.003614893360645,wlasl_13,True,640.0,480.0,False,False,False,2.7663333333333333,0.0003333333333332,False,0.4669999999999996,8.125,False,False,,ok,,normalized_frames/topn_224_gray_jpg_from_raw/water/62503__s000000__e000082__33357e1d8a23,83,jpg,224,224,grayscale,1,83,0,82,30.003614893360645,test
spring,asldeafined,kaggle_dataset/videos/54119.mp4,1,70.0,70.0,2.333,30.0,wlasl_13,True,640.0,480.0,False,False,False,2.333333333333333,0.0003333333333332,False,0.4669999999999996,8.125,False,False,,ok,,normalized_frames/topn_224_gray_jpg_from_raw/spring/54119__s000000__e000069__33a7200ffe73,70,jpg,224,224,grayscale,1,70,0,69,30.0,test
finish,msasl,MS-ASL/videos_MS_ASL_raw/msasl_raw_gYB8ji01BLo.mp4,0,69.0,70.0,2.302,29.979,msasl_0,True,640.0,360.0,False,False,False,2.334967810800894,0.0329678108008941,False,0.4669999999999996,8.125,False,False,,ok,,normalized_frames/topn_224_gray_jpg_from_raw/finish/msasl_raw_gYB8ji01BLo__s000000__e000068__5281c8629450,69,jpg,224,224,grayscale,0,69,0,68,29.97002997002997,test
mother,msasl,MS-ASL/videos_MS_ASL_raw/msasl_raw_DHl2-NT3mIM.mp4,0,89.0,90.0,2.97,29.97,msasl_0,True,640.0,360.0,False,False,False,3.003003003003004,0.033003003003003,False,0.4669999999999996,8.125,False,False,,ok,,normalized_frames/topn_224_gray_jpg_from_raw/mother/msasl_raw_DHl2-NT3mIM__s000000__e000088__e2f0f22b2e95,89,jpg,224,224,grayscale,0,89,0,88,29.97002997002997,test
table,msasl,MS-ASL/videos_MS_ASL_raw/msasl_raw_f7tZegTJCWo.mp4,2597,2768.0,172.0,7.124000000000009,24.004,msasl_125,True,1280.0,720.0,False,False,False,7.165472421263122,0.041472421263113,False,0.4669999999999996,8.125,False,False,,ok,,normalized_frames/topn_224_gray_jpg_from_raw/table/msasl_raw_f7tZegTJCWo__s002596__e002767__550f5dddde2c,172,jpg,224,224,grayscale,2597,2768,2596,2767,24.0,test
orange,msasl,MS-ASL/videos_MS_ASL_raw/msasl_raw_koMZVbqiXf4.mp4,5031,5135.0,105.0,3.469999999999999,29.97,msasl_125,True,640.0,352.0,False,False,False,3.503503503503504,0.0335035035035047,False,0.4669999999999996,8.125,False,False,,ok,,normalized_frames/topn_224_gray_jpg_from_raw/orange/msasl_raw_koMZVbqiXf4__s005030__e005134__9df23cebf47a,105,jpg,224,224,grayscale,5031,5135,5030,5134,29.97002997002997,test
finish,msasl,MS-ASL/videos_MS_ASL_raw/msasl_raw_1bj72qXSy8c.mp4,7489,7567.0,79.0,3.25,24.002,msasl_125,True,1280.0,720.0,False,False,False,3.291392383968003,0.0413923839680028,False,0.4669999999999996,8.125,False,False,,ok,,normalized_frames/topn_224_gray_jpg_from_raw/finish/msasl_raw_1bj72qXSy8c__s007488__e007566__836920737dba,79,jpg,224,224,grayscale,7489,7567,7488,7566,24.0,test
table,msasl,MS-ASL/videos_MS_ASL_raw/msasl_raw_dELt8wh_5nA.mp4,6216,6354.0,139.0,5.75,24.002,msasl_125,True,1280.0,720.0,False,False,False,5.791184067994334,0.041184067994334,False,0.4669999999999996,8.125,False,False,,ok,,normalized_frames/topn_224_gray_jpg_from_raw/table/msasl_raw_dELt8wh_5nA__s006215__e006353__da6c28086933,139,jpg,224,224,grayscale,6216,6354,6215,6353,24.0,test
what,msasl,MS-ASL/videos_MS_ASL_raw/msasl_raw_Fd3xF72yJrk.mp4,0,56.0,57.0,1.867,30.0,msasl_0,True,320.0,240.0,False,False,False,1.9,0.0329999999999999,False,0.4669999999999996,8.125,False,False,,ok,,normalized_frames/topn_224_gray_jpg_from_raw/what/msasl_raw_Fd3xF72yJrk__s000000__e000055__88feb6522be2,56,jpg,224,224,grayscale,0,56,0,55,30.0,test
sit,msasl,MS-ASL/videos_MS_ASL_raw/msasl_raw_f7tZegTJCWo.mp4,2502,2582.0,81.0,3.3329999999999984,24.004,msasl_125,True,1280.0,720.0,False,False,False,3.3744375937343776,0.0414375937343791,False,0.4669999999999996,8.125,False,False,,ok,,normalized_frames/topn_224_gray_jpg_from_raw/sit/msasl_raw_f7tZegTJCWo__s002501__e002581__f1d8bc4c6de4,81,jpg,224,224,grayscale,2502,2582,2501,2581,24.0,test
student,msasl,MS-ASL/videos_MS_ASL_raw/msasl_raw_0bIF7jh6lnE.mp4,1616,1678.0,63.0,2.067999999999998,29.97,msasl_125,True,480.0,360.0,False,False,False,2.1021021021021022,0.0341021021021044,False,0.4669999999999996,8.125,False,False,,ok,,normalized_frames/topn_224_gray_jpg_from_raw/student/msasl_raw_0bIF7jh6lnE__s001615__e001677__b60b0beb2868,63,jpg,224,224,grayscale,1616,1678,1615,1677,29.97002997002997,test
teacher,msasl,MS-ASL/videos_MS_ASL_raw/msasl_raw_hJZhwVjk-eo.mp4,0,105.0,106.0,3.5,30.0,msasl_0,True,640.0,360.0,False,False,False,3.533333333333333,0.0333333333333332,False,0.4669999999999996,8.125,False,False,,ok,,normalized_frames/topn_224_gray_jpg_from_raw/teacher/msasl_raw_hJZhwVjk-eo__s000000__e000104__235e692f5dfd,105,jpg,224,224,grayscale,0,105,0,104,30.0,test
sit,msasl,MS-ASL/videos_MS_ASL_raw/msasl_raw_0bIF7jh6lnE.mp4,4574,4626.0,53.0,1.7350000000000136,29.97,msasl_125,True,480.0,360.0,False,False,False,1.7684351017684352,0.0334351017684215,False,0.4669999999999996,8.125,False,False,,ok,,normalized_frames/topn_224_gray_jpg_from_raw/sit/msasl_raw_0bIF7jh6lnE__s004573__e004625__503165ff4101,53,jpg,224,224,grayscale,4574,4626,4573,4625,29.97002997002997,test
deaf,msasl,MS-ASL/videos_MS_ASL_raw/msasl_raw_2VB3WN8adyM.mp4,4628,4766.0,139.0,5.75,24.0,msasl_125,True,1280.0,720.0,False,False,False,5.791666666666667,0.0416666666666669,False,0.4669999999999996,8.125,False,False,,ok,,normalized_frames/topn_224_gray_jpg_from_raw/deaf/msasl_raw_2VB3WN8adyM__s004627__e004765__179eb34f5b14,139,jpg,224,224,grayscale,4628,4766,4627,4765,24.00001629882261,test
yes,msasl,MS-ASL/videos_MS_ASL_raw/msasl_raw_0bIF7jh6lnE.mp4,3283,3307.0,25.0,0.8009999999999877,29.97,msasl_125,True,480.0,360.0,False,False,False,0.8341675008341676,0.0331675008341798,False,0.4669999999999996,8.125,False,False,,ok,,normalized_frames/topn_224_gray_jpg_from_raw/yes/msasl_raw_0bIF7jh6lnE__s003282__e003306__ed4c0aa2b11c,25,jpg,224,224,grayscale,3283,3307,3282,3306,29.97002997002997,test
table,msasl,MS-ASL/videos_MS_ASL_raw/msasl_raw_UJINxF1cSUA.mp4,0,81.0,82.0,2.703,29.97,msasl_0,True,640.0,360.0,False,False,False,2.736069402736069,0.0330694027360696,False,0.4669999999999996,8.125,False,False,,ok,,normalized_frames/topn_224_gray_jpg_from_raw/table/msasl_raw_UJINxF1cSUA__s000000__e000080__83abd4f9287a,81,jpg,224,224,grayscale,0,81,0,80,29.97002997002997,test
student,msasl,MS-ASL/videos_MS_ASL_raw/msasl_raw_0bIF7jh6lnE.mp4,1554,1610.0,57.0,1.868000000000002,29.97,msasl_125,True,480.0,360.0,False,False,False,1.901901901901902,0.0339019019018997,False,0.4669999999999996,8.125,False,False,,ok,,normalized_frames/topn_224_gray_jpg_from_raw/student/msasl_raw_0bIF7jh6lnE__s001553__e001609__aa536974982f,57,jpg,224,224,grayscale,1554,1610,1553,1609,29.97002997002997,test
nice,msasl,MS-ASL/videos_MS_ASL_raw/msasl_raw_dELt8wh_5nA.mp4,9712,9808.0,97.0,3.999000000000024,24.002,msasl_125,True,1280.0,720.0,False,False,False,4.041329889175902,0.0423298891758778,False,0.4669999999999996,8.125,False,False,,ok,,normalized_frames/topn_224_gray_jpg_from_raw/nice/msasl_raw_dELt8wh_5nA__s009711__e009807__b7d1ade7c45a,97,jpg,224,224,grayscale,9712,9808,9711,9807,24.0,test
sit,msasl,MS-ASL/videos_MS_ASL_raw/msasl_raw_NtMJybyBZEA.mp4,0,53.0,54.0,1.767,30.0,msasl_0,True,320.0,240.0,False,False,False,1.8,0.0330000000000001,False,0.4669999999999996,8.125,False,False,,ok,,normalized_frames/topn_224_gray_jpg_from_raw/sit/msasl_raw_NtMJybyBZEA__s000000__e000052__ca968bd39f0e,53,jpg,224,224,grayscale,0,53,0,52,30.0,test
school,msasl,MS-ASL/videos_MS_ASL_raw/msasl_raw_0bIF7jh6lnE.mp4,1804,1854.0,51.0,1.669000000000004,29.97,msasl_125,True,480.0,360.0,False,False,False,1.7017017017017018,0.0327017017016977,False,0.4669999999999996,8.125,False,False,,ok,,normalized_frames/topn_224_gray_jpg_from_raw/school/msasl_raw_0bIF7jh6lnE__s001803__e001853__52e0932d5628,51,jpg,224,224,grayscale,1804,1854,1803,1853,29.97002997002997,test
happy,msasl,MS-ASL/videos_MS_ASL_raw/msasl_raw_rIlQQTN2b58.mp4,4203,4291.0,89.0,3.665999999999997,24.003,msasl_125,True,1280.0,720.0,False,False,False,3.707869849602133,0.0418698496021363,False,0.4669999999999996,8.125,False,False,,ok,,normalized_frames/topn_224_gray_jpg_from_raw/happy/msasl_raw_rIlQQTN2b58__s004202__e004290__cb56febccc7f,89,jpg,224,224,grayscale,4203,4291,4202,4290,24.0,test
like,msasl,MS-ASL/videos_MS_ASL_raw/msasl_raw_eN6g-Bezw3M.mp4,0,50.0,51.0,1.667,30.0,msasl_0,True,320.0,240.0,False,False,False,1.7,0.0329999999999999,False,0.4669999999999996,8.125,False,False,,ok,,normalized_frames/topn_224_gray_jpg_from_raw/like/msasl_raw_eN6g-Bezw3M__s000000__e000049__3a679a5643e4,50,jpg,224,224,grayscale,0,50,0,49,30.0,test
mother,asldeafined,kaggle_dataset/videos/36605.mp4,1,74.0,74.0,2.466,30.00405460197324,wlasl_13,True,640.0,480.0,False,False,False,2.466333333333333,0.0003333333333328,False,0.4669999999999996,8.125,False,False,,ok,,normalized_frames/topn_224_gray_jpg_from_raw/mother/36605__s000000__e000073__d199e90a70f9,74,jpg,224,224,grayscale,1,74,0,73,30.00405460197324,test
yes,msasl,MS-ASL/videos_MS_ASL_raw/msasl_raw_0bIF7jh6lnE.mp4,3233,3285.0,53.0,1.7349999999999994,29.97,msasl_125,True,480.0,360.0,False,False,False,1.7684351017684352,0.0334351017684357,False,0.4669999999999996,8.125,False,False,,ok,,normalized_frames/topn_224_gray_jpg_from_raw/yes/msasl_raw_0bIF7jh6lnE__s003232__e003284__33fca22cbe4f,53,jpg,224,224,grayscale,3233,3285,3232,3284,29.97002997002997,test
help,asldeafined,kaggle_dataset/videos/01624.mp4,1,113.0,113.0,3.766,30.00265510222144,wlasl_13,True,640.0,480.0,False,False,False,3.766333333333333,0.0003333333333328,False,0.4669999999999996,8.125,False,False,,ok,,normalized_frames/topn_224_gray_jpg_from_raw/help/01624__s000000__e000112__82d6acf27675,113,jpg,224,224,grayscale,1,113,0,112,30.00265510222144,test
tired,msasl,MS-ASL/videos_MS_ASL_raw/msasl_raw_iZ6EeQqzZl0.mp4,0,95.0,96.0,3.17,29.97,msasl_0,True,640.0,360.0,False,False,False,3.2032032032032034,0.0332032032032034,False,0.4669999999999996,8.125,False,False,,ok,,normalized_frames/topn_224_gray_jpg_from_raw/tired/msasl_raw_iZ6EeQqzZl0__s000000__e000094__293ed1aebb98,95,jpg,224,224,grayscale,0,95,0,94,29.97002997002997,test
table,msasl,MS-ASL/videos_MS_ASL_raw/msasl_raw_kmPYzPuPLWc.mp4,0,87.0,88.0,2.903,29.97,msasl_0,True,640.0,360.0,False,False,False,2.9362696029362696,0.0332696029362695,False,0.4669999999999996,8.125,False,False,,ok,,normalized_frames/topn_224_gray_jpg_from_raw/table/msasl_raw_kmPYzPuPLWc__s000000__e000086__9818a3407df3,87,jpg,224,224,grayscale,0,87,0,86,29.97002997002997,test
yes,msasl,MS-ASL/videos_MS_ASL_raw/msasl_raw_0bIF7jh6lnE.mp4,3122,3243.0,122.0,4.036999999999992,29.97,msasl_125,True,480.0,360.0,False,False,False,4.070737404070737,0.0337374040707452,False,0.4669999999999996,8.125,False,False,,ok,,normalized_frames/topn_224_gray_jpg_from_raw/yes/msasl_raw_0bIF7jh6lnE__s003121__e003242__09d9395aa899,122,jpg,224,224,grayscale,3122,3243,3121,3242,29.97002997002997,test
water,msasl,MS-ASL/videos_MS_ASL_raw/msasl_raw_e7_zscB_EVw.mp4,0,77.0,78.0,2.569,29.97,msasl_0,True,640.0,360.0,False,False,False,2.6026026026026026,0.0336026026026026,False,0.4669999999999996,8.125,False,False,,ok,,normalized_frames/topn_224_gray_jpg_from_raw/water/msasl_raw_e7_zscB_EVw__s000000__e000076__b0f2886cf1c1,77,jpg,224,224,grayscale,0,77,0,76,29.97002997002997,test
again,msasl,MS-ASL/videos_MS_ASL_raw/msasl_raw_wTNv94AY-yE.mp4,0,74.0,75.0,2.469,29.97,msasl_0,True,1280.0,720.0,False,False,False,2.5025025025025025,0.0335025025025026,False,0.4669999999999996,8.125,False,False,,ok,,normalized_frames/topn_224_gray_jpg_from_raw/again/msasl_raw_wTNv94AY-yE__s000000__e000073__07a58d9eed46,74,jpg,224,224,grayscale,0,74,0,73,29.97002997002997,test
cousin,msasl,MS-ASL/videos_MS_ASL_raw/msasl_raw_I07uu8vnJYs.mp4,0,79.0,80.0,3.16,25.0,msasl_0,True,480.0,360.0,False,False,False,3.2,0.04,False,0.4669999999999996,8.125,False,False,,ok,,normalized_frames/topn_224_gray_jpg_from_raw/cousin/msasl_raw_I07uu8vnJYs__s000000__e000078__025c092f284c,79,jpg,224,224,grayscale,0,79,0,78,25.0,test
spring,msasl,MS-ASL/videos_MS_ASL_raw/msasl_raw_dELt8wh_5nA.mp4,8113,8188.0,76.0,3.125,24.002,msasl_125,True,1280.0,720.0,False,False,False,3.1664027997666864,0.0414027997666863,False,0.4669999999999996,8.125,False,False,,ok,,normalized_frames/topn_224_gray_jpg_from_raw/spring/msasl_raw_dELt8wh_5nA__s008112__e008187__eb34b5afce75,76,jpg,224,224,grayscale,8113,8188,8112,8187,24.0,test
orange,msasl,MS-ASL/videos_MS_ASL_raw/msasl_raw_K1EAxRE0ZaM.mp4,0,87.0,88.0,2.9,30.0,msasl_0,True,640.0,360.0,False,False,False,2.933333333333333,0.0333333333333332,False,0.4669999999999996,8.125,False,False,,ok,,normalized_frames/topn_224_gray_jpg_from_raw/orange/msasl_raw_K1EAxRE0ZaM__s000000__e000086__a6d58828da2b,87,jpg,224,224,grayscale,0,87,0,86,30.0,test
fish,msasl,MS-ASL/videos_MS_ASL_raw/msasl_raw_3xKLhk4NgCs.mp4,0,64.0,65.0,2.135,29.97,msasl_0,True,640.0,360.0,False,False,False,2.1688355021688355,0.0338355021688356,False,0.4669999999999996,8.125,False,False,,ok,,normalized_frames/topn_224_gray_jpg_from_raw/fish/msasl_raw_3xKLhk4NgCs__s000000__e000063__c1132b9a9403,64,jpg,224,224,grayscale,0,64,0,63,29.97002997002997,test
water,msasl,MS-ASL/videos_MS_ASL_raw/msasl_raw_QDlDLqvdApI.mp4,0,94.0,95.0,3.136,29.97,msasl_0,True,640.0,360.0,False,False,False,3.169836503169837,0.0338365031698364,False,0.4669999999999996,8.125,False,False,,ok,,normalized_frames/topn_224_gray_jpg_from_raw/water/msasl_raw_QDlDLqvdApI__s000000__e000093__37cdd2c5371d,94,jpg,224,224,grayscale,0,94,0,93,29.97002997002997,test
nice,msasl,MS-ASL/videos_MS_ASL_raw/msasl_raw_PBDUwwE9BFM.mp4,7620,7704.0,85.0,2.8030000000000257,29.97,msasl_125,True,640.0,352.0,False,False,False,2.836169502836169,0.0331695028361438,False,0.4669999999999996,8.125,False,False,,ok,,normalized_frames/topn_224_gray_jpg_from_raw/nice/msasl_raw_PBDUwwE9BFM__s007619__e007703__433c18ff2ccb,85,jpg,224,224,grayscale,7620,7704,7619,7703,29.97002997002997,test
father,msasl,MS-ASL/videos_MS_ASL_raw/msasl_raw__3uIYCAkNL8.mp4,0,79.0,80.0,2.633,30.0,msasl_0,True,320.0,240.0,False,False,False,2.6666666666666665,0.0336666666666665,False,0.4669999999999996,8.125,False,False,,ok,,normalized_frames/topn_224_gray_jpg_from_raw/father/msasl_raw__3uIYCAkNL8__s000000__e000078__464fba5f0e82,79,jpg,224,224,grayscale,0,79,0,78,30.0,test
orange,msasl,MS-ASL/videos_MS_ASL_raw/msasl_raw_2VB3WN8adyM.mp4,1511,1596.0,86.0,3.5420000000000016,24.0,msasl_125,True,1280.0,720.0,False,False,False,3.583333333333333,0.0413333333333318,False,0.4669999999999996,8.125,False,False,,ok,,normalized_frames/topn_224_gray_jpg_from_raw/orange/msasl_raw_2VB3WN8adyM__s001510__e001595__a34726bcb13a,86,jpg,224,224,grayscale,1511,1596,1510,1595,24.00001629882261,test
fish,msasl,MS-ASL/videos_MS_ASL_raw/msasl_raw_xCQmc-1g9fM.mp4,0,78.0,79.0,2.603,29.97,msasl_0,True,1280.0,720.0,False,False,False,2.6359693026359694,0.0329693026359692,False,0.4669999999999996,8.125,False,False,,ok,,normalized_frames/topn_224_gray_jpg_from_raw/fish/msasl_raw_xCQmc-1g9fM__s000000__e000077__1e425fd417fe,78,jpg,224,224,grayscale,0,78,0,77,29.97002997002997,test
teacher,msasl,MS-ASL/videos_MS_ASL_raw/msasl_raw_9JAG32jKZms.mp4,0,55.0,56.0,1.833,30.0,msasl_0,True,320.0,240.0,False,False,False,1.8666666666666667,0.0336666666666667,False,0.4669999999999996,8.125,False,False,,ok,,normalized_frames/topn_224_gray_jpg_from_raw/teacher/msasl_raw_9JAG32jKZms__s000000__e000054__5c777aedaa27,55,jpg,224,224,grayscale,0,55,0,54,30.0,test
learn,msasl,MS-ASL/videos_MS_ASL_raw/msasl_raw_l6p_qjqrSps.mp4,0,73.0,74.0,2.433,30.0,msasl_0,True,320.0,240.0,False,False,False,2.466666666666667,0.0336666666666669,False,0.4669999999999996,8.125,False,False,,ok,,normalized_frames/topn_224_gray_jpg_from_raw/learn/msasl_raw_l6p_qjqrSps__s000000__e000072__96aee2981e32,73,jpg,224,224,grayscale,0,73,0,72,30.0,test
again,asldeafined,kaggle_dataset/videos/47302.mp4,1,70.0,70.0,2.333,30.0,wlasl_13,True,640.0,480.0,False,False,False,2.333333333333333,0.0003333333333332,False,0.4669999999999996,8.125,False,False,,ok,,normalized_frames/topn_224_gray_jpg_from_raw/again/47302__s000000__e000069__61d40df5f294,70,jpg,224,224,grayscale,1,70,0,69,30.0,test
no,msasl,MS-ASL/videos_MS_ASL_raw/msasl_raw_0bIF7jh6lnE.mp4,3361,3400.0,40.0,1.3020000000000067,29.97,msasl_125,True,480.0,360.0,False,False,False,1.334668001334668,0.0326680013346614,False,0.4669999999999996,8.125,False,False,,ok,,normalized_frames/topn_224_gray_jpg_from_raw/no/msasl_raw_0bIF7jh6lnE__s003360__e003399__bd865ca92944,40,jpg,224,224,grayscale,3361,3400,3360,3399,29.97002997002997,test
man,msasl,MS-ASL/videos_MS_ASL_raw/msasl_raw_0bIF7jh6lnE.mp4,919,981.0,63.0,2.0689999999999955,29.97,msasl_125,True,480.0,360.0,False,False,False,2.1021021021021022,0.0331021021021067,False,0.4669999999999996,8.125,False,False,,ok,,normalized_frames/topn_224_gray_jpg_from_raw/man/msasl_raw_0bIF7jh6lnE__s000918__e000980__2a1944cefbd3,63,jpg,224,224,grayscale,919,981,918,980,29.97002997002997,test
teacher,msasl,MS-ASL/videos_MS_ASL_raw/msasl_raw_0bIF7jh6lnE.mp4,1293,1376.0,84.0,2.769999999999996,29.97,msasl_125,True,480.0,360.0,False,False,False,2.8028028028028027,0.0328028028028066,False,0.4669999999999996,8.125,False,False,,ok,,normalized_frames/topn_224_gray_jpg_from_raw/teacher/msasl_raw_0bIF7jh6lnE__s001292__e001375__fa598d127231,84,jpg,224,224,grayscale,1293,1376,1292,1375,29.97002997002997,test
deaf,msasl,MS-ASL/videos_MS_ASL_raw/msasl_raw_sP4e9vRUCYM.mp4,0,73.0,74.0,2.436,29.97,msasl_0,True,1280.0,720.0,False,False,False,2.469135802469136,0.0331358024691361,False,0.4669999999999996,8.125,False,False,,ok,,normalized_frames/topn_224_gray_jpg_from_raw/deaf/msasl_raw_sP4e9vRUCYM__s000000__e000072__a7b85010943d,73,jpg,224,224,grayscale,0,73,0,72,29.97002997002997,test
nice,msasl,MS-ASL/videos_MS_ASL_raw/msasl_raw_2PeTh4Ym048.mp4,0,98.0,99.0,3.27,29.97,msasl_0,True,1280.0,720.0,False,False,False,3.3033033033033035,0.0333033033033034,False,0.4669999999999996,8.125,False,False,,ok,,normalized_frames/topn_224_gray_jpg_from_raw/nice/msasl_raw_2PeTh4Ym048__s000000__e000097__bffe10882abc,98,jpg,224,224,grayscale,0,98,0,97,29.97002997002997,test
cousin,msasl,MS-ASL/videos_MS_ASL_raw/msasl_raw_JYF-AfMbUNw.mp4,2887,2986.0,100.0,3.3029999999999973,29.97,msasl_125,True,640.0,352.0,False,False,False,3.3366700033366703,0.033670003336673,False,0.4669999999999996,8.125,False,False,,ok,,normalized_frames/topn_224_gray_jpg_from_raw/cousin/msasl_raw_JYF-AfMbUNw__s002886__e002985__6972d9e920ec,100,jpg,224,224,grayscale,2887,2986,2886,2985,29.97002997002997,test
but,msasl,MS-ASL/videos_MS_ASL_raw/msasl_raw_EunD6JXshgY.mp4,0,83.0,84.0,2.769,29.97,msasl_0,True,640.0,360.0,False,False,False,2.8028028028028027,0.0338028028028025,False,0.4669999999999996,8.125,False,False,,ok,,normalized_frames/topn_224_gray_jpg_from_raw/but/msasl_raw_EunD6JXshgY__s000000__e000082__725c86549000,83,jpg,224,224,grayscale,0,83,0,82,29.97002997002997,test
student,asldeafined,kaggle_dataset/videos/55340.mp4,1,78.0,78.0,2.6,29.996154339187285,wlasl_13,True,640.0,480.0,False,False,False,2.6003333333333334,0.0003333333333332,False,0.4669999999999996,8.125,False,False,,ok,,normalized_frames/topn_224_gray_jpg_from_raw/student/55340__s000000__e000077__093e2a0fe914,78,jpg,224,224,grayscale,1,78,0,77,29.996154339187285,test
finish,msasl,MS-ASL/videos_MS_ASL_raw/msasl_raw_f7tZegTJCWo.mp4,438,509.0,72.0,2.9579999999999984,24.004,msasl_125,True,1280.0,720.0,False,False,False,2.9995000833194467,0.0415000833194483,False,0.4669999999999996,8.125,False,False,,ok,,normalized_frames/topn_224_gray_jpg_from_raw/finish/msasl_raw_f7tZegTJCWo__s000437__e000508__3b508a850965,72,jpg,224,224,grayscale,438,509,437,508,24.0,test
table,asldeafined,kaggle_dataset/videos/56558.mp4,1,102.0,102.0,3.4,29.99705911185178,wlasl_13,True,640.0,480.0,False,False,False,3.400333333333333,0.0003333333333332,False,0.4669999999999996,8.125,False,False,,ok,,normalized_frames/topn_224_gray_jpg_from_raw/table/56558__s000000__e000101__98af14e8669a,102,jpg,224,224,grayscale,1,102,0,101,29.99705911185178,test
orange,msasl,MS-ASL/videos_MS_ASL_raw/msasl_raw_bqB9rqJ0w7k.mp4,0,45.0,46.0,1.8,25.0,msasl_0,True,480.0,360.0,False,False,False,1.84,0.04,False,0.4669999999999996,8.125,False,False,,ok,,normalized_frames/topn_224_gray_jpg_from_raw/orange/msasl_raw_bqB9rqJ0w7k__s000000__e000044__999720054b02,45,jpg,224,224,grayscale,0,45,0,44,25.0,test
bird,msasl,MS-ASL/videos_MS_ASL_raw/msasl_raw_Pszo0ZVIcUA.mp4,0,67.0,68.0,2.236,29.97,msasl_0,True,640.0,360.0,False,False,False,2.2689356022689355,0.0329356022689353,False,0.4669999999999996,8.125,False,False,,ok,,normalized_frames/topn_224_gray_jpg_from_raw/bird/msasl_raw_Pszo0ZVIcUA__s000000__e000066__76b174047ef4,67,jpg,224,224,grayscale,0,67,0,66,29.97002997002997,test
deaf,msasl,MS-ASL/videos_MS_ASL_raw/msasl_raw_YTRcwXhX4gc.mp4,0,58.0,59.0,1.933,30.0,msasl_0,True,320.0,240.0,False,False,False,1.9666666666666663,0.0336666666666665,False,0.4669999999999996,8.125,False,False,,ok,,normalized_frames/topn_224_gray_jpg_from_raw/deaf/msasl_raw_YTRcwXhX4gc__s000000__e000057__0432ff664f8a,58,jpg,224,224,grayscale,0,58,0,57,30.0,test
school,msasl,MS-ASL/videos_MS_ASL_raw/msasl_raw_EFTKM2dMkBE.mp4,1169,1243.0,75.0,3.0829999999999984,24.003,msasl_125,True,1280.0,720.0,False,False,False,3.1246094238220223,0.0416094238220239,False,0.4669999999999996,8.125,False,False,,ok,,normalized_frames/topn_224_gray_jpg_from_raw/school/msasl_raw_EFTKM2dMkBE__s001168__e001242__441497be0b04,75,jpg,224,224,grayscale,1169,1243,1168,1242,24.0,test
teacher,asldeafined,kaggle_dataset/videos/57041.mp4,1,98.0,98.0,3.266,30.00306153689152,wlasl_13,True,640.0,480.0,False,False,False,3.2663333333333333,0.0003333333333332,False,0.4669999999999996,8.125,False,False,,ok,,normalized_frames/topn_224_gray_jpg_from_raw/teacher/57041__s000000__e000097__1e95039d3242,98,jpg,224,224,grayscale,1,98,0,97,30.00306153689152,test
orange,msasl,MS-ASL/videos_MS_ASL_raw/msasl_raw_He0k3ddd67A.mp4,9684,9749.0,66.0,2.708000000000027,24.0,msasl_125,True,640.0,360.0,False,False,False,2.75,0.0419999999999731,False,0.4669999999999996,8.125,False,False,,ok,,normalized_frames/topn_224_gray_jpg_from_raw/orange/msasl_raw_He0k3ddd67A__s009683__e009748__7f2d31a236ac,66,jpg,224,224,grayscale,9684,9749,9683,9748,24.0,test
sit,msasl,MS-ASL/videos_MS_ASL_raw/msasl_raw_0bIF7jh6lnE.mp4,4455,4504.0,50.0,1.633999999999986,29.97,msasl_125,True,480.0,360.0,False,False,False,1.6683350016683351,0.0343350016683492,False,0.4669999999999996,8.125,False,False,,ok,,normalized_frames/topn_224_gray_jpg_from_raw/sit/msasl_raw_0bIF7jh6lnE__s004454__e004503__78cb0e678a44,50,jpg,224,224,grayscale,4455,4504,4454,4503,29.97002997002997,test
doctor,msasl,MS-ASL/videos_MS_ASL_raw/msasl_raw_1bj72qXSy8c.mp4,3876,3995.0,120.0,4.957999999999998,24.002,msasl_125,True,1280.0,720.0,False,False,False,4.999583368052663,0.041583368052664,False,0.4669999999999996,8.125,False,False,,ok,,normalized_frames/topn_224_gray_jpg_from_raw/doctor/msasl_raw_1bj72qXSy8c__s003875__e003994__27220076b906,120,jpg,224,224,grayscale,3876,3995,3875,3994,24.0,test
doctor,msasl,MS-ASL/videos_MS_ASL_raw/msasl_raw_EFTKM2dMkBE.mp4,4809,5004.0,196.0,8.123999999999995,24.003,msasl_125,True,1280.0,720.0,False,False,False,8.165645960921552,0.0416459609215564,False,0.4669999999999996,8.125,False,False,,ok,,normalized_frames/topn_224_gray_jpg_from_raw/doctor/msasl_raw_EFTKM2dMkBE__s004808__e005003__660e2ebb162f,196,jpg,224,224,grayscale,4809,5004,4808,5003,24.0,test
sit,msasl,MS-ASL/videos_MS_ASL_raw/msasl_raw_2VB3WN8adyM.mp4,8199,8289.0,91.0,3.75,24.0,msasl_125,True,1280.0,720.0,False,False,False,3.7916666666666665,0.0416666666666665,False,0.4669999999999996,8.125,False,False,,ok,,normalized_frames/topn_224_gray_jpg_from_raw/sit/msasl_raw_2VB3WN8adyM__s008198__e008288__4989f18997d6,91,jpg,224,224,grayscale,8199,8289,8198,8288,24.00001629882261,test
again,asldeafined,kaggle_dataset/videos/01463.mp4,1,106.0,106.0,3.533,30.0,wlasl_13,True,640.0,480.0,False,False,False,3.533333333333333,0.0003333333333332,False,0.4669999999999996,8.125,False,False,,ok,,normalized_frames/topn_224_gray_jpg_from_raw/again/01463__s000000__e000105__9380a084f89f,106,jpg,224,224,grayscale,1,106,0,105,30.0,test
finish,msasl,MS-ASL/videos_MS_ASL_raw/msasl_raw_v3ncKPr_8ro.mp4,0,49.0,50.0,1.635,29.97,msasl_0,True,1280.0,720.0,False,False,False,1.6683350016683351,0.0333350016683351,False,0.4669999999999996,8.125,False,False,,ok,,normalized_frames/topn_224_gray_jpg_from_raw/finish/msasl_raw_v3ncKPr_8ro__s000000__e000048__f9c0a77f055b,49,jpg,224,224,grayscale,0,49,0,48,29.97002997002997,test
no,msasl,MS-ASL/videos_MS_ASL_raw/msasl_raw_Ks26De5YvSg.mp4,0,85.0,86.0,2.833,30.0,msasl_0,True,320.0,240.0,False,False,False,2.8666666666666667,0.0336666666666665,False,0.4669999999999996,8.125,False,False,,ok,,normalized_frames/topn_224_gray_jpg_from_raw/no/msasl_raw_Ks26De5YvSg__s000000__e000084__feaab6c42fd1,85,jpg,224,224,grayscale,0,85,0,84,30.0,test
bird,msasl,MS-ASL/videos_MS_ASL_raw/msasl_raw_1ZEAGpAH284.mp4,0,147.0,148.0,4.905,29.97,msasl_0,True,640.0,360.0,False,False,False,4.938271604938272,0.0332716049382719,False,0.4669999999999996,8.125,False,False,,ok,,normalized_frames/topn_224_gray_jpg_from_raw/bird/msasl_raw_1ZEAGpAH284__s000000__e000146__7d72175bfa96,147,jpg,224,224,grayscale,0,147,0,146,29.97002997002997,test
what,msasl,MS-ASL/videos_MS_ASL_raw/msasl_raw_2VB3WN8adyM.mp4,3812,3898.0,87.0,3.584000000000003,24.0,msasl_125,True,1280.0,720.0,False,False,False,3.625,0.0409999999999968,False,0.4669999999999996,8.125,False,False,,ok,,normalized_frames/topn_224_gray_jpg_from_raw/what/msasl_raw_2VB3WN8adyM__s003811__e003897__fb264de21f7f,87,jpg,224,224,grayscale,3812,3898,3811,3897,24.00001629882261,test
student,msasl,MS-ASL/videos_MS_ASL_raw/msasl_raw_8O2MPzffkAc.mp4,0,68.0,69.0,2.267,30.0,msasl_0,True,320.0,240.0,False,False,False,2.3,0.0329999999999999,False,0.4669999999999996,8.125,False,False,,ok,,normalized_frames/topn_224_gray_jpg_from_raw/student/msasl_raw_8O2MPzffkAc__s000000__e000067__841304a933d7,68,jpg,224,224,grayscale,0,68,0,67,30.0,test
need,asldeafined,kaggle_dataset/videos/51289.mp4,1,89.0,89.0,2.966,30.00337116529948,wlasl_13,True,640.0,480.0,False,False,False,2.9663333333333326,0.0003333333333324,False,0.4669999999999996,8.125,False,False,,ok,,normalized_frames/topn_224_gray_jpg_from_raw/need/51289__s000000__e000088__8f19bd694a0b,89,jpg,224,224,grayscale,1,89,0,88,30.00337116529948,test
no,asldeafined,kaggle_dataset/videos/38529.mp4,1,107.0,107.0,3.566,30.002804000373867,wlasl_13,True,640.0,480.0,False,False,False,3.566333333333333,0.0003333333333332,False,0.4669999999999996,8.125,False,False,,ok,,normalized_frames/topn_224_gray_jpg_from_raw/no/38529__s000000__e000106__5c621069a527,107,jpg,224,224,grayscale,1,107,0,106,30.002804000373867,test
deaf,msasl,MS-ASL/videos_MS_ASL_raw/msasl_raw_0bIF7jh6lnE.mp4,373,421.0,49.0,1.6010000000000009,29.97,msasl_125,True,480.0,360.0,False,False,False,1.6349683016349683,0.0339683016349674,False,0.4669999999999996,8.125,False,False,,ok,,normalized_frames/topn_224_gray_jpg_from_raw/deaf/msasl_raw_0bIF7jh6lnE__s000372__e000420__272d0082bbf0,49,jpg,224,224,grayscale,373,421,372,420,29.97002997002997,test
spring,msasl,MS-ASL/videos_MS_ASL_raw/msasl_raw_BzW5Uy29n8c.mp4,0,94.0,95.0,3.136,29.97,msasl_0,True,640.0,360.0,False,False,False,3.169836503169837,0.0338365031698364,False,0.4669999999999996,8.125,False,False,,ok,,normalized_frames/topn_224_gray_jpg_from_raw/spring/msasl_raw_BzW5Uy29n8c__s000000__e000093__fb24a268aaec,94,jpg,224,224,grayscale,0,94,0,93,29.97002997002997,test
student,msasl,MS-ASL/videos_MS_ASL_raw/msasl_raw_EFTKM2dMkBE.mp4,734,814.0,81.0,3.3329999999999984,24.003,msasl_125,True,1280.0,720.0,False,False,False,3.374578177727784,0.0415781777277857,False,0.4669999999999996,8.125,False,False,,ok,,normalized_frames/topn_224_gray_jpg_from_raw/student/msasl_raw_EFTKM2dMkBE__s000733__e000813__54ab4a5af45c,81,jpg,224,224,grayscale,734,814,733,813,24.0,test
teacher,msasl,MS-ASL/videos_MS_ASL_raw/msasl_raw_CrUCwJklAUA.mp4,0,83.0,84.0,2.769,29.97,msasl_0,True,1280.0,720.0,False,False,False,2.8028028028028027,0.0338028028028025,False,0.4669999999999996,8.125,False,False,,ok,,normalized_frames/topn_224_gray_jpg_from_raw/teacher/msasl_raw_CrUCwJklAUA__s000000__e000082__8b7987305118,83,jpg,224,224,grayscale,0,83,0,82,29.97002997002997,test
need,asldeafined,kaggle_dataset/videos/37427.mp4,1,76.0,76.0,2.533,30.0,wlasl_13,True,640.0,480.0,False,False,False,2.533333333333333,0.0003333333333332,False,0.4669999999999996,8.125,False,False,,ok,,normalized_frames/topn_224_gray_jpg_from_raw/need/37427__s000000__e000075__1c9d26aab7dd,76,jpg,224,224,grayscale,1,76,0,75,30.0,test
no,msasl,MS-ASL/videos_MS_ASL_raw/msasl_raw_0bIF7jh6lnE.mp4,3384,3437.0,54.0,1.768000000000001,29.97,msasl_125,True,480.0,360.0,False,False,False,1.8018018018018016,0.0338018018018009,False,0.4669999999999996,8.125,False,False,,ok,,normalized_frames/topn_224_gray_jpg_from_raw/no/msasl_raw_0bIF7jh6lnE__s003383__e003436__559a4523ffb4,54,jpg,224,224,grayscale,3384,3437,3383,3436,29.97002997002997,test
yes,msasl,MS-ASL/videos_MS_ASL_raw/msasl_raw_V9nSkd0Oib4.mp4,0,62.0,63.0,2.067,30.0,msasl_0,True,320.0,240.0,False,False,False,2.1,0.0329999999999999,False,0.4669999999999996,8.125,False,False,,ok,,normalized_frames/topn_224_gray_jpg_from_raw/yes/msasl_raw_V9nSkd0Oib4__s000000__e000061__bc7f34483b2e,62,jpg,224,224,grayscale,0,62,0,61,30.0,test
again,msasl,MS-ASL/videos_MS_ASL_raw/msasl_raw_2VB3WN8adyM.mp4,10240,10334.0,95.0,3.9160000000000537,24.0,msasl_125,True,1280.0,720.0,False,False,False,3.9583333333333335,0.0423333333332798,False,0.4669999999999996,8.125,False,False,,ok,,normalized_frames/topn_224_gray_jpg_from_raw/again/msasl_raw_2VB3WN8adyM__s010239__e010333__d6715d58b021,95,jpg,224,224,grayscale,10240,10334,10239,10333,24.00001629882261,test
need,msasl,MS-ASL/videos_MS_ASL_raw/msasl_raw_XDH2QGZpMT4.mp4,0,62.0,63.0,2.067,30.0,msasl_0,True,320.0,240.0,False,False,False,2.1,0.0329999999999999,False,0.4669999999999996,8.125,False,False,,ok,,normalized_frames/topn_224_gray_jpg_from_raw/need/msasl_raw_XDH2QGZpMT4__s000000__e000061__4e04fd5fee55,62,jpg,224,224,grayscale,0,62,0,61,30.0,test
like,msasl,MS-ASL/videos_MS_ASL_raw/msasl_raw_qK3SqANZheA.mp4,0,79.0,80.0,2.636,29.97,msasl_0,True,1280.0,720.0,False,False,False,2.669336002669336,0.0333360026693361,False,0.4669999999999996,8.125,False,False,,ok,,normalized_frames/topn_224_gray_jpg_from_raw/like/msasl_raw_qK3SqANZheA__s000000__e000078__ac80305fe3f0,79,jpg,224,224,grayscale,0,79,0,78,29.97002997002997,test
bird,msasl,MS-ASL/videos_MS_ASL_raw/msasl_raw_Bibgy-yjgYE.mp4,0,58.0,59.0,2.32,25.0,msasl_0,True,1280.0,720.0,False,False,False,2.36,0.04,False,0.4669999999999996,8.125,False,False,,ok,,normalized_frames/topn_224_gray_jpg_from_raw/bird/msasl_raw_Bibgy-yjgYE__s000000__e000057__6fae58b16e58,58,jpg,224,224,grayscale,0,58,0,57,25.0,test
student,msasl,MS-ASL/videos_MS_ASL_raw/msasl_raw_0E3YmyCR6EY.mp4,0,49.0,50.0,1.635,29.97,msasl_0,True,1280.0,720.0,False,False,False,1.6683350016683351,0.0333350016683351,False,0.4669999999999996,8.125,False,False,,ok,,normalized_frames/topn_224_gray_jpg_from_raw/student/msasl_raw_0E3YmyCR6EY__s000000__e000048__5b82e5d1653c,49,jpg,224,224,grayscale,0,49,0,48,29.97002997002997,test
orange,msasl,MS-ASL/videos_MS_ASL_raw/msasl_raw_Wt4p6qWgR1k.mp4,0,61.0,62.0,2.035,29.97,msasl_0,True,640.0,360.0,False,False,False,2.0687354020687354,0.0337354020687352,False,0.4669999999999996,8.125,False,False,,ok,,normalized_frames/topn_224_gray_jpg_from_raw/orange/msasl_raw_Wt4p6qWgR1k__s000000__e000060__6b373b2adc7e,61,jpg,224,224,grayscale,0,61,0,60,29.97002997002997,test
teacher,msasl,MS-ASL/videos_MS_ASL_raw/msasl_raw_0bIF7jh6lnE.mp4,1250,1291.0,42.0,1.368000000000002,29.97,msasl_125,True,480.0,360.0,False,False,False,1.4014014014014011,0.0334014014013992,False,0.4669999999999996,8.125,False,False,,ok,,normalized_frames/topn_224_gray_jpg_from_raw/teacher/msasl_raw_0bIF7jh6lnE__s001249__e001290__e03313fd6c68,42,jpg,224,224,grayscale,1250,1291,1249,1290,29.97002997002997,test
tired,msasl,MS-ASL/videos_MS_ASL_raw/msasl_raw_PBDUwwE9BFM.mp4,2243,2347.0,105.0,3.471000000000004,29.97,msasl_125,True,640.0,352.0,False,False,False,3.503503503503504,0.0325035035034995,False,0.4669999999999996,8.125,False,False,,ok,,normalized_frames/topn_224_gray_jpg_from_raw/tired/msasl_raw_PBDUwwE9BFM__s002242__e002346__5a805161c6f6,105,jpg,224,224,grayscale,2243,2347,2242,2346,29.97002997002997,test
what,msasl,MS-ASL/videos_MS_ASL_raw/msasl_raw_sSdQWC7mUZc.mp4,0,59.0,60.0,1.969,29.97,msasl_0,True,1280.0,720.0,False,False,False,2.002002002002002,0.033002002002002,False,0.4669999999999996,8.125,False,False,,ok,,normalized_frames/topn_224_gray_jpg_from_raw/what/msasl_raw_sSdQWC7mUZc__s000000__e000058__0fb0b9d37586,59,jpg,224,224,grayscale,0,59,0,58,29.97002997002997,test
teacher,msasl,MS-ASL/videos_MS_ASL_raw/msasl_raw_0bIF7jh6lnE.mp4,1392,1466.0,75.0,2.469999999999999,29.97,msasl_125,True,480.0,360.0,False,False,False,2.5025025025025025,0.0325025025025036,False,0.4669999999999996,8.125,False,False,,ok,,normalized_frames/topn_224_gray_jpg_from_raw/teacher/msasl_raw_0bIF7jh6lnE__s001391__e001465__640ef58b32fb,75,jpg,224,224,grayscale,1392,1466,1391,1465,29.97002997002997,test
finish,msasl,MS-ASL/videos_MS_ASL_raw/msasl_raw_7xQE2N0z7gM.mp4,0,83.0,84.0,2.769,29.97,msasl_0,True,640.0,360.0,False,False,False,2.8028028028028027,0.0338028028028025,False,0.4669999999999996,8.125,False,False,,ok,,normalized_frames/topn_224_gray_jpg_from_raw/finish/msasl_raw_7xQE2N0z7gM__s000000__e000082__b653a45049fa,83,jpg,224,224,grayscale,0,83,0,82,29.97002997002997,test
school,msasl,MS-ASL/videos_MS_ASL_raw/msasl_raw_VSj7grt16uM.mp4,0,62.0,63.0,2.067,30.0,msasl_0,True,320.0,240.0,False,False,False,2.1,0.0329999999999999,False,0.4669999999999996,8.125,False,False,,ok,,normalized_frames/topn_224_gray_jpg_from_raw/school/msasl_raw_VSj7grt16uM__s000000__e000061__1482e8288673,62,jpg,224,224,grayscale,0,62,0,61,30.0,test
fish,msasl,MS-ASL/videos_MS_ASL_raw/msasl_raw_rIlQQTN2b58.mp4,6458,6547.0,90.0,3.708000000000027,24.003,msasl_125,True,1280.0,720.0,False,False,False,3.749531308586427,0.0415313085863999,False,0.4669999999999996,8.125,False,False,,ok,,normalized_frames/topn_224_gray_jpg_from_raw/fish/msasl_raw_rIlQQTN2b58__s006457__e006546__5d650a595954,90,jpg,224,224,grayscale,6458,6547,6457,6546,24.0,test
man,msasl,MS-ASL/videos_MS_ASL_raw/msasl_raw_f9JY4PsddkM.mp4,0,83.0,84.0,3.462,23.976,msasl_0,True,480.0,360.0,False,False,False,3.503503503503504,0.0415035035035034,False,0.4669999999999996,8.125,False,False,,ok,,normalized_frames/topn_224_gray_jpg_from_raw/man/msasl_raw_f9JY4PsddkM__s000000__e000082__1268df38788a,83,jpg,224,224,grayscale,0,83,0,82,23.976023976023978,test
mother,msasl,MS-ASL/videos_MS_ASL_raw/msasl_raw_JYF-AfMbUNw.mp4,437,531.0,95.0,3.1370000000000005,29.97,msasl_125,True,640.0,352.0,False,False,False,3.169836503169837,0.0328365031698361,False,0.4669999999999996,8.125,False,False,,ok,,normalized_frames/topn_224_gray_jpg_from_raw/mother/msasl_raw_JYF-AfMbUNw__s000436__e000530__80f9deaefd87,95,jpg,224,224,grayscale,437,531,436,530,29.97002997002997,test
school,msasl,MS-ASL/videos_MS_ASL_raw/msasl_raw_0bIF7jh6lnE.mp4,1734,1794.0,61.0,2.0020000000000024,29.97,msasl_125,True,480.0,360.0,False,False,False,2.035368702035369,0.0333687020353661,False,0.4669999999999996,8.125,False,False,,ok,,normalized_frames/topn_224_gray_jpg_from_raw/school/msasl_raw_0bIF7jh6lnE__s001733__e001793__8144f1a929fa,61,jpg,224,224,grayscale,1734,1794,1733,1793,29.97002997002997,test
nice,asldeafined,kaggle_dataset/videos/38285.mp4,1,96.0,96.0,3.2,29.99687532548693,wlasl_13,True,640.0,480.0,False,False,False,3.200333333333333,0.0003333333333332,False,0.4669999999999996,8.125,False,False,,ok,,normalized_frames/topn_224_gray_jpg_from_raw/nice/38285__s000000__e000095__a064068aa9a8,96,jpg,224,224,grayscale,1,96,0,95,29.99687532548693,test
table,msasl,MS-ASL/videos_MS_ASL_raw/msasl_raw_mEgQI-DHntY.mp4,0,102.0,103.0,3.403,29.97,msasl_0,True,640.0,360.0,False,False,False,3.4367701034367704,0.0337701034367703,False,0.4669999999999996,8.125,False,False,,ok,,normalized_frames/topn_224_gray_jpg_from_raw/table/msasl_raw_mEgQI-DHntY__s000000__e000101__9bca618f7e32,102,jpg,224,224,grayscale,0,102,0,101,29.97002997002997,test
orange,asldeafined,kaggle_dataset/videos/40119.mp4,1,88.0,88.0,2.933,30.0,wlasl_13,True,640.0,480.0,False,False,False,2.933333333333333,0.0003333333333332,False,0.4669999999999996,8.125,False,False,,ok,,normalized_frames/topn_224_gray_jpg_from_raw/orange/40119__s000000__e000087__a90977fb8516,88,jpg,224,224,grayscale,1,88,0,87,30.0,test
sit,asldeafined,kaggle_dataset/videos/51919.mp4,1,66.0,66.0,2.2,29.995455234055445,wlasl_13,True,640.0,480.0,False,False,False,2.200333333333333,0.0003333333333332,False,0.4669999999999996,8.125,False,False,,ok,,normalized_frames/topn_224_gray_jpg_from_raw/sit/51919__s000000__e000065__d1a3724ccf1c,66,jpg,224,224,grayscale,1,66,0,65,29.995455234055445,test
tired,msasl,MS-ASL/videos_MS_ASL_raw/msasl_raw_XG_v5S_KDS4.mp4,0,86.0,87.0,2.867,30.0,msasl_0,True,320.0,240.0,False,False,False,2.9,0.0329999999999999,False,0.4669999999999996,8.125,False,False,,ok,,normalized_frames/topn_224_gray_jpg_from_raw/tired/msasl_raw_XG_v5S_KDS4__s000000__e000085__9c4e867f6553,86,jpg,224,224,grayscale,0,86,0,85,30.0,test
but,msasl,MS-ASL/videos_MS_ASL_raw/msasl_raw_2VB3WN8adyM.mp4,11136,11224.0,89.0,3.666999999999973,24.0,msasl_125,True,1280.0,720.0,False,False,False,3.7083333333333335,0.0413333333333603,False,0.4669999999999996,8.125,False,False,,ok,,normalized_frames/topn_224_gray_jpg_from_raw/but/msasl_raw_2VB3WN8adyM__s011135__e011223__d3bf0d4a6ed0,89,jpg,224,224,grayscale,11136,11224,11135,11223,24.00001629882261,test
what,msasl,MS-ASL/videos_MS_ASL_raw/msasl_raw_1udGGPLkA-Q.mp4,0,71.0,72.0,2.369,29.97,msasl_0,True,640.0,360.0,False,False,False,2.4024024024024024,0.0334024024024022,False,0.4669999999999996,8.125,False,False,,ok,,normalized_frames/topn_224_gray_jpg_from_raw/what/msasl_raw_1udGGPLkA-Q__s000000__e000070__0976fa2ab4ad,71,jpg,224,224,grayscale,0,71,0,70,29.97002997002997,test
yes,msasl,MS-ASL/videos_MS_ASL_raw/msasl_raw_5sILDEiOcQ0.mp4,5395,5477.0,83.0,3.415999999999997,24.004,msasl_125,True,1280.0,720.0,False,False,False,3.457757040493251,0.0417570404932541,False,0.4669999999999996,8.125,False,False,,ok,,normalized_frames/topn_224_gray_jpg_from_raw/yes/msasl_raw_5sILDEiOcQ0__s005394__e005476__67a010139499,83,jpg,224,224,grayscale,5395,5477,5394,5476,24.0,test
what,asldeafined,kaggle_dataset/videos/62970.mp4,1,88.0,88.0,2.933,30.0,wlasl_13,True,640.0,480.0,False,False,False,2.933333333333333,0.0003333333333332,False,0.4669999999999996,8.125,False,False,,ok,,normalized_frames/topn_224_gray_jpg_from_raw/what/62970__s000000__e000087__bb706594e23c,88,jpg,224,224,grayscale,1,88,0,87,30.0,test
learn,msasl,MS-ASL/videos_MS_ASL_raw/msasl_raw_2j7WDaPzZJ8.mp4,0,86.0,87.0,2.867,30.0,msasl_0,True,640.0,360.0,False,False,False,2.9,0.0329999999999999,False,0.4669999999999996,8.125,False,False,,ok,,normalized_frames/topn_224_gray_jpg_from_raw/learn/msasl_raw_2j7WDaPzZJ8__s000000__e000085__f0406e12324d,86,jpg,224,224,grayscale,0,86,0,85,30.0,test
spring,msasl,MS-ASL/videos_MS_ASL_raw/msasl_raw_MEXrabscwQo.mp4,0,86.0,87.0,3.44,25.0,msasl_0,True,480.0,360.0,False,False,False,3.48,0.04,False,0.4669999999999996,8.125,False,False,,ok,,normalized_frames/topn_224_gray_jpg_from_raw/spring/msasl_raw_MEXrabscwQo__s000000__e000085__ba4b27cc34c2,86,jpg,224,224,grayscale,0,86,0,85,25.0,test
nice,msasl,MS-ASL/videos_MS_ASL_raw/msasl_raw_yYmiLJpJocA.mp4,0,86.0,87.0,2.867,30.0,msasl_0,True,320.0,240.0,False,False,False,2.9,0.0329999999999999,False,0.4669999999999996,8.125,False,False,,ok,,normalized_frames/topn_224_gray_jpg_from_raw/nice/msasl_raw_yYmiLJpJocA__s000000__e000085__834e1274d7f3,86,jpg,224,224,grayscale,0,86,0,85,30.0,test
tired,asldeafined,kaggle_dataset/videos/58594.mp4,1,86.0,86.0,2.866,30.00348877776485,wlasl_13,True,640.0,480.0,False,False,False,2.866333333333334,0.0003333333333337,False,0.4669999999999996,8.125,False,False,,ok,,normalized_frames/topn_224_gray_jpg_from_raw/tired/58594__s000000__e000085__ecf13c008b1c,86,jpg,224,224,grayscale,1,86,0,85,30.00348877776485,test
learn,msasl,MS-ASL/videos_MS_ASL_raw/msasl_raw_78mzpzvN9tc.mp4,0,101.0,102.0,3.37,29.97,msasl_0,True,1280.0,720.0,False,False,False,3.4034034034034035,0.0334034034034034,False,0.4669999999999996,8.125,False,False,,ok,,normalized_frames/topn_224_gray_jpg_from_raw/learn/msasl_raw_78mzpzvN9tc__s000000__e000100__6d45b0bccd30,101,jpg,224,224,grayscale,0,101,0,100,29.97,test
nice,msasl,MS-ASL/videos_MS_ASL_raw/msasl_raw_1bj72qXSy8c.mp4,6654,6735.0,82.0,3.373999999999967,24.002,msasl_125,True,1280.0,720.0,False,False,False,3.41638196816932,0.0423819681693524,False,0.4669999999999996,8.125,False,False,,ok,,normalized_frames/topn_224_gray_jpg_from_raw/nice/msasl_raw_1bj72qXSy8c__s006653__e006734__ecc217cb3971,82,jpg,224,224,grayscale,6654,6735,6653,6734,24.0,test
yes,msasl,MS-ASL/videos_MS_ASL_raw/msasl_raw_3J2KaRL9i_Q.mp4,0,59.0,60.0,1.968,29.975,msasl_0,True,640.0,360.0,False,False,False,2.001668056713928,0.0336680567139282,False,0.4669999999999996,8.125,False,False,,ok,,normalized_frames/topn_224_gray_jpg_from_raw/yes/msasl_raw_3J2KaRL9i_Q__s000000__e000058__19031d78eab6,59,jpg,224,224,grayscale,0,59,0,58,29.97002997002997,test
man,msasl,MS-ASL/videos_MS_ASL_raw/msasl_raw_0bIF7jh6lnE.mp4,1012,1035.0,24.0,0.7679999999999936,29.97,msasl_125,True,480.0,360.0,False,False,False,0.8008008008008008,0.0328008008008072,False,0.4669999999999996,8.125,False,False,,ok,,normalized_frames/topn_224_gray_jpg_from_raw/man/msasl_raw_0bIF7jh6lnE__s001011__e001034__916060715914,24,jpg,224,224,grayscale,1012,1035,1011,1034,29.97002997002997,test
spring,msasl,MS-ASL/videos_MS_ASL_raw/msasl_raw_u3HQEPwg9lQ.mp4,0,96.0,97.0,3.84,25.0,msasl_0,True,480.0,360.0,False,False,False,3.88,0.04,False,0.4669999999999996,8.125,False,False,,ok,,normalized_frames/topn_224_gray_jpg_from_raw/spring/msasl_raw_u3HQEPwg9lQ__s000000__e000095__4297bb88734f,96,jpg,224,224,grayscale,0,96,0,95,25.0,test
man,msasl,MS-ASL/videos_MS_ASL_raw/msasl_raw_0bIF7jh6lnE.mp4,966,1002.0,37.0,1.2010000000000003,29.97,msasl_125,True,480.0,360.0,False,False,False,1.234567901234568,0.0335679012345677,False,0.4669999999999996,8.125,False,False,,ok,,normalized_frames/topn_224_gray_jpg_from_raw/man/msasl_raw_0bIF7jh6lnE__s000965__e001001__bc96bd59bc90,37,jpg,224,224,grayscale,966,1002,965,1001,29.97002997002997,test
no,msasl,MS-ASL/videos_MS_ASL_raw/msasl_raw_JYF-AfMbUNw.mp4,7813,7902.0,90.0,2.968999999999994,29.97,msasl_125,True,640.0,352.0,False,False,False,3.003003003003004,0.0340030030030091,False,0.4669999999999996,8.125,False,False,,ok,,normalized_frames/topn_224_gray_jpg_from_raw/no/msasl_raw_JYF-AfMbUNw__s007812__e007901__60ec8d4a0e8f,90,jpg,224,224,grayscale,7813,7902,7812,7901,29.97002997002997,test
doctor,msasl,MS-ASL/videos_MS_ASL_raw/msasl_raw_IEVgcJA3JWk.mp4,0,70.0,71.0,2.336,29.97,msasl_0,True,1280.0,720.0,False,False,False,2.369035702369036,0.0330357023690357,False,0.4669999999999996,8.125,False,False,,ok,,normalized_frames/topn_224_gray_jpg_from_raw/doctor/msasl_raw_IEVgcJA3JWk__s000000__e000069__68609b7e0fb3,70,jpg,224,224,grayscale,0,70,0,69,29.97002997002997,test
finish,msasl,MS-ASL/videos_MS_ASL_raw/msasl_raw_hYLBYbojIBc.mp4,0,80.0,81.0,2.667,30.0,msasl_0,True,320.0,240.0,False,False,False,2.7,0.0330000000000003,False,0.4669999999999996,8.125,False,False,,ok,,normalized_frames/topn_224_gray_jpg_from_raw/finish/msasl_raw_hYLBYbojIBc__s000000__e000079__c972176e0b45,80,jpg,224,224,grayscale,0,80,0,79,30.0,test
water,msasl,MS-ASL/videos_MS_ASL_raw/msasl_raw_sj1ThuEZG-8.mp4,0,77.0,78.0,2.567,30.0,msasl_0,True,320.0,240.0,False,False,False,2.6,0.0329999999999999,False,0.4669999999999996,8.125,False,False,,ok,,normalized_frames/topn_224_gray_jpg_from_raw/water/msasl_raw_sj1ThuEZG-8__s000000__e000076__325c281e543b,77,jpg,224,224,grayscale,0,77,0,76,30.0,test
need,msasl,MS-ASL/videos_MS_ASL_raw/msasl_raw_kgmz82HWI-I.mp4,0,61.0,62.0,2.035,29.97,msasl_0,True,1280.0,720.0,False,False,False,2.0687354020687354,0.0337354020687352,False,0.4669999999999996,8.125,False,False,,ok,,normalized_frames/topn_224_gray_jpg_from_raw/need/msasl_raw_kgmz82HWI-I__s000000__e000060__1d5c45f886fd,61,jpg,224,224,grayscale,0,61,0,60,29.97002997002997,test
learn,msasl,MS-ASL/videos_MS_ASL_raw/msasl_raw_0bIF7jh6lnE.mp4,1503,1523.0,21.0,0.6670000000000016,29.97,msasl_125,True,480.0,360.0,False,False,False,0.7007007007007007,0.033700700700699,False,0.4669999999999996,8.125,False,False,,ok,,normalized_frames/topn_224_gray_jpg_from_raw/learn/msasl_raw_0bIF7jh6lnE__s001502__e001522__5a49b90f30f5,21,jpg,224,224,grayscale,1503,1523,1502,1522,29.97002997002997,test
water,msasl,MS-ASL/videos_MS_ASL_raw/msasl_raw_-SdOfxGhb0A.mp4,0,80.0,81.0,2.669,29.97,msasl_0,True,640.0,360.0,False,False,False,2.702702702702702,0.0337027027027025,False,0.4669999999999996,8.125,False,False,,ok,,normalized_frames/topn_224_gray_jpg_from_raw/water/msasl_raw_-SdOfxGhb0A__s000000__e000079__28a1469be57e,80,jpg,224,224,grayscale,0,80,0,79,29.97002997002997,test
fish,msasl,MS-ASL/videos_MS_ASL_raw/msasl_raw_D-o9yqEqiMo.mp4,0,67.0,68.0,2.68,25.0,msasl_0,True,480.0,360.0,False,False,False,2.72,0.04,False,0.4669999999999996,8.125,False,False,,ok,,normalized_frames/topn_224_gray_jpg_from_raw/fish/msasl_raw_D-o9yqEqiMo__s000000__e000066__81616e24f48a,67,jpg,224,224,grayscale,0,67,0,66,25.0,test
again,msasl,MS-ASL/videos_MS_ASL_raw/msasl_raw_oqQ8Nt5NvjQ.mp4,0,85.0,86.0,2.836,29.97,msasl_0,True,640.0,360.0,False,False,False,2.8695362028695364,0.0335362028695365,False,0.4669999999999996,8.125,False,False,,ok,,normalized_frames/topn_224_gray_jpg_from_raw/again/msasl_raw_oqQ8Nt5NvjQ__s000000__e000084__83a239e0e106,85,jpg,224,224,grayscale,0,85,0,84,29.97002997002997,test
spring,asldeafined,kaggle_dataset/videos/43081.mp4,1,82.0,82.0,2.733,30.0,wlasl_13,True,640.0,480.0,False,False,False,2.7333333333333334,0.0003333333333332,False,0.4669999999999996,8.125,False,False,,ok,,normalized_frames/topn_224_gray_jpg_from_raw/spring/43081__s000000__e000081__40dfe9ecc188,82,jpg,224,224,grayscale,1,82,0,81,30.0,test
orange,asldeafined,kaggle_dataset/videos/40118.mp4,1,88.0,88.0,2.933,30.0,wlasl_13,True,640.0,480.0,False,False,False,2.933333333333333,0.0003333333333332,False,0.4669999999999996,8.125,False,False,,ok,,normalized_frames/topn_224_gray_jpg_from_raw/orange/40118__s000000__e000087__fb28eb34d151,88,jpg,224,224,grayscale,1,88,0,87,30.0,test
