label,source,video_path,start_frame,end_frame,length_frames,duration_sec,fps,signer_id,has_video,video_width,video_height,invalid_duration,invalid_fps,invalid_length_frames,duration_from_frames,consistency_error_sec,is_consistency_outlier,extreme_low_thr,extreme_high_thr,is_extreme_duration,is_anomaly,removal_reason,process_status,process_error,frames_path,frames_count,frame_file_ext,normalized_width,normalized_height,normalized_color_mode,clip_start_frame_src,clip_end_frame_src,clip_start_frame_0based,clip_end_frame_0based,input_fps,split
learn,msasl,MS-ASL/videos_MS_ASL_raw/msasl_raw_owXsDIKq4lk.mp4,1251,1311.0,61.0,2.0020000000000024,29.97,msasl_391,True,1280.0,720.0,False,False,False,2.035368702035369,0.0333687020353661,False,0.4669999999999996,8.125,False,False,,ok,,normalized_frames/topn_224_gray_jpg/learn/msasl_raw_owXsDIKq4lk__s001250__e001310__8be2bad1766d,61,jpg,224,224,grayscale,1251,1311,1250,1310,29.97002997002997,train
teacher,msasl,MS-ASL/videos_MS_ASL_raw/msasl_raw_UoITyyziLOw.mp4,3527,3608.0,82.0,2.703000000000003,29.97,msasl_160,True,640.0,360.0,False,False,False,2.736069402736069,0.0330694027360665,False,0.4669999999999996,8.125,False,False,,ok,,normalized_frames/topn_224_gray_jpg/teacher/msasl_raw_UoITyyziLOw__s003526__e003607__9c0ca0b2316d,82,jpg,224,224,grayscale,3527,3608,3526,3607,29.970090947933837,train
like,msasl,MS-ASL/videos_MS_ASL_raw/msasl_raw_rWIDL_GpaJc.mp4,13941,14110.0,170.0,5.63900000000001,29.972,msasl_274,True,1280.0,720.0,False,False,False,5.671960496463366,0.0329604964633558,False,0.4669999999999996,8.125,False,False,,ok,,normalized_frames/topn_224_gray_jpg/like/msasl_raw_rWIDL_GpaJc__s013940__e014109__e73b94733a5c,170,jpg,224,224,grayscale,13941,14110,13940,14109,29.97002997002997,train
table,msasl,MS-ASL/videos_MS_ASL_raw/msasl_raw_P3tBJESDamE.mp4,5944,6014.0,71.0,2.920000000000016,23.976,msasl_94,True,1280.0,720.0,False,False,False,2.9612946279612946,0.0412946279612786,False,0.4669999999999996,8.125,False,False,,ok,,normalized_frames/topn_224_gray_jpg/table/msasl_raw_P3tBJESDamE__s005943__e006013__2450dd4e553f,71,jpg,224,224,grayscale,5944,6014,5943,6013,23.976023976023978,train
student,asldeafined,kaggle_dataset/videos/55341.mp4,1,75.0,75.0,2.5,29.99600053326224,wlasl_15,True,640.0,480.0,False,False,False,2.5003333333333324,0.0003333333333324,False,0.4669999999999996,8.125,False,False,,ok,,normalized_frames/topn_224_gray_jpg/student/55341__s000000__e000074__62e50c682638,75,jpg,224,224,grayscale,1,75,0,74,29.996000533262237,train
cousin,msasl,MS-ASL/videos_MS_ASL_raw/msasl_raw_7sZLZpm4n2E.mp4,1481,1549.0,69.0,2.269000000000005,29.97,msasl_140,True,1280.0,720.0,False,False,False,2.3023023023023024,0.0333023023022973,False,0.4669999999999996,8.125,False,False,,ok,,normalized_frames/topn_224_gray_jpg/cousin/msasl_raw_7sZLZpm4n2E__s001480__e001548__4cfd8a58826d,69,jpg,224,224,grayscale,1481,1549,1480,1548,29.97002997002997,train
water,msasl,MS-ASL/videos_MS_ASL_raw/msasl_raw_HPUrVQbnNiU.mp4,1924,1974.0,51.0,1.6730000000000018,29.891,msasl_34,True,1280.0,720.0,False,False,False,1.7061991903917568,0.033199190391755,False,0.4669999999999996,8.125,False,False,,ok,,normalized_frames/topn_224_gray_jpg/water/msasl_raw_HPUrVQbnNiU__s001923__e001973__76e6c477e7a1,51,jpg,224,224,grayscale,1924,1974,1923,1973,30.0,train
mother,aslbrick,kaggle_dataset/videos/69399.mp4,1,76.0,76.0,2.536,29.97002997002997,wlasl_118,True,1280.0,720.0,False,False,False,2.5358666666666667,0.0001333333333333,False,0.4669999999999996,8.125,False,False,,ok,,normalized_frames/topn_224_gray_jpg/mother/69399__s000000__e000075__00caa231d1da,76,jpg,224,224,grayscale,1,76,0,75,29.97002997002997,val
student,msasl,MS-ASL/videos_MS_ASL_raw/msasl_raw_UoITyyziLOw.mp4,3610,3731.0,122.0,4.037000000000006,29.97,msasl_160,True,640.0,360.0,False,False,False,4.070737404070737,0.033737404070731,False,0.4669999999999996,8.125,False,False,,ok,,normalized_frames/topn_224_gray_jpg/student/msasl_raw_UoITyyziLOw__s003609__e003730__9f952a1f2fec,122,jpg,224,224,grayscale,3610,3731,3609,3730,29.970090947933837,train
need,msasl,MS-ASL/videos_MS_ASL_raw/msasl_raw_5sILDEiOcQ0.mp4,4246,4322.0,77.0,3.166000000000025,24.004,msasl_125,True,1280.0,720.0,False,False,False,3.2077987002166304,0.0417987002166055,False,0.4669999999999996,8.125,False,False,,ok,,normalized_frames/topn_224_gray_jpg/need/msasl_raw_5sILDEiOcQ0__s004245__e004321__e48e5f0b66ba,77,jpg,224,224,grayscale,4246,4322,4245,4321,24.0,test
fish,msasl,MS-ASL/videos_MS_ASL_raw/msasl_raw_IJyUcYJMpmU.mp4,0,87.0,88.0,2.903,29.97,msasl_0,True,640.0,360.0,False,False,False,2.9362696029362696,0.0332696029362695,False,0.4669999999999996,8.125,False,False,,ok,,normalized_frames/topn_224_gray_jpg/fish/msasl_raw_IJyUcYJMpmU__s000000__e000086__9d4e90766f11,87,jpg,224,224,grayscale,0,87,0,86,29.97002997002997,test
yes,asldeafined,kaggle_dataset/videos/64287.mp4,1,68.0,68.0,2.266,30.004412413590234,wlasl_13,True,640.0,480.0,False,False,False,2.2663333333333333,0.0003333333333332,False,0.4669999999999996,8.125,False,False,,ok,,normalized_frames/topn_224_gray_jpg/yes/64287__s000000__e000067__b034113d2241,68,jpg,224,224,grayscale,1,68,0,67,30.004412413590234,train
orange,startasl,kaggle_dataset/videos/40116.mp4,1,79.0,79.0,2.636,29.97,wlasl_36,True,736.0,414.0,False,False,False,2.6359693026359694,3.069736403071843e-05,False,0.4669999999999996,8.125,False,False,,ok,,normalized_frames/topn_224_gray_jpg/orange/40116__s000000__e000078__7b12bc13b827,79,jpg,224,224,grayscale,1,79,0,78,29.97,test
yes,msasl,MS-ASL/videos_MS_ASL_raw/msasl_raw_rkQZQhloXuE.mp4,7787,7857.0,71.0,2.335999999999956,29.97,msasl_370,True,640.0,360.0,False,False,False,2.369035702369036,0.0330357023690797,False,0.4669999999999996,8.125,False,False,,ok,,normalized_frames/topn_224_gray_jpg/yes/msasl_raw_rkQZQhloXuE__s007786__e007856__9511f3b8a109,71,jpg,224,224,grayscale,7787,7857,7786,7856,29.97002997002997,train
father,msasl,MS-ASL/videos_MS_ASL_raw/msasl_raw_mfrGIHTnKvI.mp4,900,938.0,39.0,1.581000000000003,24.042,msasl_94,True,640.0,360.0,False,False,False,1.6221612178687297,0.0411612178687266,False,0.4669999999999996,8.125,False,False,,ok,,normalized_frames/topn_224_gray_jpg/father/msasl_raw_mfrGIHTnKvI__s000899__e000937__06d7a392d5d6,39,jpg,224,224,grayscale,900,938,899,937,24.042,train
tired,msasl,MS-ASL/videos_MS_ASL_raw/msasl_raw_Cv5avR9nEhg.mp4,1868,1948.0,81.0,3.200000000000003,25.0,msasl_12,True,1280.0,720.0,False,False,False,3.24,0.0399999999999973,False,0.4669999999999996,8.125,False,False,,ok,,normalized_frames/topn_224_gray_jpg/tired/msasl_raw_Cv5avR9nEhg__s001867__e001947__f28edbde2373,81,jpg,224,224,grayscale,1868,1948,1867,1947,25.0,train
finish,msasl,MS-ASL/videos_MS_ASL_raw/msasl_raw_Tckw40A23Bc.mp4,12982,13061.0,80.0,3.160000000000082,25.0,msasl_77,True,640.0,360.0,False,False,False,3.2,0.0399999999999183,False,0.4669999999999996,8.125,False,False,,ok,,normalized_frames/topn_224_gray_jpg/finish/msasl_raw_Tckw40A23Bc__s012981__e013060__c7e3ca1e3bef,80,jpg,224,224,grayscale,12982,13061,12981,13060,25.0,train
help,spreadthesign,kaggle_dataset/videos/01621.mp4,1,75.0,75.0,3.0,25.0,wlasl_2,True,320.0,240.0,False,False,False,3.0,0.0,False,0.4669999999999996,8.125,False,False,,ok,,normalized_frames/topn_224_gray_jpg/help/01621__s000000__e000074__7389a868a030,75,jpg,224,224,grayscale,1,75,0,74,25.0,train
like,msasl,MS-ASL/videos_MS_ASL_raw/msasl_raw_CxTSVyM-ij0.mp4,9114,9164.0,51.0,1.6680000000000064,29.97,msasl_80,True,640.0,360.0,False,False,False,1.7017017017017018,0.0337017017016954,False,0.4669999999999996,8.125,False,False,,ok,,normalized_frames/topn_224_gray_jpg/like/msasl_raw_CxTSVyM-ij0__s009113__e009163__6c6fd9085c14,51,jpg,224,224,grayscale,9114,9164,9113,9163,29.97002997002997,train
water,msasl,MS-ASL/videos_MS_ASL_raw/msasl_raw_9MpYhwIVz-E.mp4,0,100.0,101.0,3.37,29.675,msasl_2,True,640.0,360.0,False,False,False,3.403538331929233,0.033538331929233,False,0.4669999999999996,8.125,False,False,,ok,,normalized_frames/topn_224_gray_jpg/water/msasl_raw_9MpYhwIVz-E__s000000__e000099__2225087e0116,100,jpg,224,224,grayscale,0,100,0,99,29.675,train
student,msasl,MS-ASL/videos_MS_ASL_raw/msasl_raw_bTKa4_JwYCk.mp4,0,114.0,115.0,6.655,17.129,msasl_2,True,640.0,360.0,False,False,False,6.7137602895674,0.0587602895673997,False,0.4669999999999996,8.125,False,False,,ok,,normalized_frames/topn_224_gray_jpg/student/msasl_raw_bTKa4_JwYCk__s000000__e000113__28b77dc24c65,114,jpg,224,224,grayscale,0,114,0,113,17.129182168438614,train
happy,msasl,MS-ASL/videos_MS_ASL_raw/msasl_raw_TpsMdNqKNpg.mp4,0,40.0,41.0,1.668,23.976,msasl_0,True,480.0,360.0,False,False,False,1.7100433767100434,0.0420433767100434,False,0.4669999999999996,8.125,False,False,,ok,,normalized_frames/topn_224_gray_jpg/happy/msasl_raw_TpsMdNqKNpg__s000000__e000039__fda612a90ccb,40,jpg,224,224,grayscale,0,40,0,39,23.98907814328436,test
orange,msasl,MS-ASL/videos_MS_ASL_raw/msasl_raw_V3hT7-PIJz4.mp4,0,92.0,93.0,3.075,29.917,msasl_38,True,480.0,270.0,False,False,False,3.1086004612761973,0.033600461276197,False,0.4669999999999996,8.125,False,False,,ok,,normalized_frames/topn_224_gray_jpg/orange/msasl_raw_V3hT7-PIJz4__s000000__e000091__3640749c8329,92,jpg,224,224,grayscale,0,92,0,91,29.97002997002997,train
father,msasl,MS-ASL/videos_MS_ASL_raw/msasl_raw_6UrcyZ-QeiU.mp4,2717,2767.0,51.0,1.668999999999997,29.97,msasl_205,True,640.0,360.0,False,False,False,1.7017017017017018,0.0327017017017048,False,0.4669999999999996,8.125,False,False,,ok,,normalized_frames/topn_224_gray_jpg/father/msasl_raw_6UrcyZ-QeiU__s002716__e002766__7fb639433473,51,jpg,224,224,grayscale,2717,2767,2716,2766,29.97002997002997,train
spring,msasl,MS-ASL/videos_MS_ASL_raw/msasl_raw_9RE2NLd_Sgw.mp4,2600,2775.0,176.0,5.840000000000003,29.97,msasl_94,True,1280.0,720.0,False,False,False,5.872539205872539,0.0325392058725357,False,0.4669999999999996,8.125,False,False,,ok,,normalized_frames/topn_224_gray_jpg/spring/msasl_raw_9RE2NLd_Sgw__s002599__e002774__c27805be106b,176,jpg,224,224,grayscale,2600,2775,2599,2774,29.97002997002997,train
need,asldeafined,kaggle_dataset/videos/37884.mp4,1,95.0,95.0,3.166,30.00315822718181,wlasl_13,True,640.0,480.0,False,False,False,3.166333333333333,0.0003333333333332,False,0.4669999999999996,8.125,False,False,,ok,,normalized_frames/topn_224_gray_jpg/need/37884__s000000__e000094__896160fb8130,95,jpg,224,224,grayscale,1,95,0,94,30.00315822718181,train
yes,msasl,MS-ASL/videos_MS_ASL_raw/msasl_raw_-on_5PoBEak.mp4,0,86.0,87.0,3.443,24.975,msasl_87,True,1280.0,720.0,False,False,False,3.483483483483483,0.040483483483483,False,0.4669999999999996,8.125,False,False,,ok,,normalized_frames/topn_224_gray_jpg/yes/msasl_raw_-on_5PoBEak__s000000__e000085__f06167fa5822,86,jpg,224,224,grayscale,0,86,0,85,24.975024975024976,train
father,spreadthesign,kaggle_dataset/videos/21204.mp4,1,83.0,83.0,3.32,25.0,wlasl_37,True,320.0,240.0,False,False,False,3.32,0.0,False,0.4669999999999996,8.125,False,False,,ok,,normalized_frames/topn_224_gray_jpg/father/21204__s000000__e000082__57ad86bc083b,83,jpg,224,224,grayscale,1,83,0,82,25.0,train
table,asldeafined,kaggle_dataset/videos/15775.mp4,1,61.0,61.0,2.033,30.0,wlasl_59,True,640.0,480.0,False,False,False,2.033333333333333,0.0003333333333332,False,0.4669999999999996,8.125,False,False,,ok,,normalized_frames/topn_224_gray_jpg/table/15775__s000000__e000060__2d6b907a0359,61,jpg,224,224,grayscale,1,61,0,60,30.0,train
bird,msasl,MS-ASL/videos_MS_ASL_raw/msasl_raw_mj1QB3wY84w.mp4,665,727.0,63.0,2.068999999999999,29.97,msasl_22,True,640.0,360.0,False,False,False,2.1021021021021022,0.0331021021021031,False,0.4669999999999996,8.125,False,False,,ok,,normalized_frames/topn_224_gray_jpg/bird/msasl_raw_mj1QB3wY84w__s000664__e000726__aa8792d64598,63,jpg,224,224,grayscale,665,727,664,726,29.97002997002997,train
man,msasl,MS-ASL/videos_MS_ASL_raw/msasl_raw_p8OYydc3WQM.mp4,5957,6076.0,120.0,3.971000000000004,29.97,msasl_262,True,640.0,360.0,False,False,False,4.004004004004004,0.0330040040040002,False,0.4669999999999996,8.125,False,False,,ok,,normalized_frames/topn_224_gray_jpg/man/msasl_raw_p8OYydc3WQM__s005956__e006075__90c369847be1,120,jpg,224,224,grayscale,5957,6076,5956,6075,29.97002997002997,train
mother,msasl,MS-ASL/videos_MS_ASL_raw/msasl_raw_ktkz1BUzs48.mp4,793,840.0,48.0,1.5679999999999978,29.97,msasl_26,True,1280.0,720.0,False,False,False,1.6016016016016017,0.0336016016016038,False,0.4669999999999996,8.125,False,False,,ok,,normalized_frames/topn_224_gray_jpg/mother/msasl_raw_ktkz1BUzs48__s000792__e000839__a466351b703c,48,jpg,224,224,grayscale,793,840,792,839,29.97002997002997,val
need,msasl,MS-ASL/videos_MS_ASL_raw/msasl_raw__LGqHR3FhL8.mp4,14823,14893.0,71.0,2.3360000000000127,29.97,msasl_80,True,640.0,360.0,False,False,False,2.369035702369036,0.0330357023690228,False,0.4669999999999996,8.125,False,False,,ok,,normalized_frames/topn_224_gray_jpg/need/msasl_raw__LGqHR3FhL8__s014822__e014892__459f2fe43058,71,jpg,224,224,grayscale,14823,14893,14822,14892,29.97002997002997,train
water,msasl,MS-ASL/videos_MS_ASL_raw/msasl_raw_fzroOSp32S4.mp4,1966,2115.0,150.0,4.970999999999989,29.97,msasl_94,True,1280.0,720.0,False,False,False,5.005005005005005,0.0340050050050155,False,0.4669999999999996,8.125,False,False,,ok,,normalized_frames/topn_224_gray_jpg/water/msasl_raw_fzroOSp32S4__s001965__e002114__dc6143017f46,150,jpg,224,224,grayscale,1966,2115,1965,2114,29.97002997002997,train
spring,msasl,MS-ASL/videos_MS_ASL_raw/msasl_raw_BD1aiEB8sK8.mp4,2726,2816.0,91.0,3.003,29.97,msasl_233,True,640.0,360.0,False,False,False,3.0363697030363697,0.0333697030363695,False,0.4669999999999996,8.125,False,False,,ok,,normalized_frames/topn_224_gray_jpg/spring/msasl_raw_BD1aiEB8sK8__s002725__e002815__1a1d51baf8f2,91,jpg,224,224,grayscale,2726,2816,2725,2815,29.97002997002997,train
finish,msasl,MS-ASL/videos_MS_ASL_raw/msasl_raw_p36hZJQpLoQ.mp4,4130,4223.0,94.0,3.1030000000000086,29.97,msasl_215,True,1280.0,720.0,False,False,False,3.1364698031364697,0.033469803136461,False,0.4669999999999996,8.125,False,False,,ok,,normalized_frames/topn_224_gray_jpg/finish/msasl_raw_p36hZJQpLoQ__s004129__e004222__83125ec29c4b,94,jpg,224,224,grayscale,4130,4223,4129,4222,29.97002997002997,train
teacher,msasl,MS-ASL/videos_MS_ASL_raw/msasl_raw_my4mxg6lXYQ.mp4,12626,12703.0,78.0,2.569000000000017,29.97,msasl_124,True,1280.0,720.0,False,False,False,2.6026026026026026,0.0336026026025857,False,0.4669999999999996,8.125,False,False,,ok,,normalized_frames/topn_224_gray_jpg/teacher/msasl_raw_my4mxg6lXYQ__s012625__e012702__721858addb5c,78,jpg,224,224,grayscale,12626,12703,12625,12702,29.97002997002997,train
sit,aslsignbank,kaggle_dataset/videos/65328.mp4,1,59.0,59.0,2.461,23.97605104054256,wlasl_90,True,656.0,370.0,False,False,False,2.460788888888888,0.0002111111111116,False,0.4669999999999996,8.125,False,False,,ok,,normalized_frames/topn_224_gray_jpg/sit/65328__s000000__e000058__be9a2b4b305d,59,jpg,224,224,grayscale,1,59,0,58,23.976051040542558,train
again,msasl,MS-ASL/videos_MS_ASL_raw/msasl_raw_3RB642y8sgo.mp4,14909,14979.0,71.0,2.344000000000051,29.868,msasl_230,True,320.0,240.0,False,False,False,2.3771260211597696,0.0331260211597186,False,0.4669999999999996,8.125,False,False,,ok,,normalized_frames/topn_224_gray_jpg/again/msasl_raw_3RB642y8sgo__s014908__e014978__65b1449a0e22,71,jpg,224,224,grayscale,14909,14979,14908,14978,30.0,val
finish,msasl,MS-ASL/videos_MS_ASL_raw/msasl_raw_1v-MqrbC5Js.mp4,2180,2234.0,55.0,1.8019999999999925,29.97,msasl_26,True,1280.0,720.0,False,False,False,1.8351685018351689,0.0331685018351761,False,0.4669999999999996,8.125,False,False,,ok,,normalized_frames/topn_224_gray_jpg/finish/msasl_raw_1v-MqrbC5Js__s002179__e002233__cf8ab9f575ae,55,jpg,224,224,grayscale,2180,2234,2179,2233,29.97002997002997,val
cousin,msasl,MS-ASL/videos_MS_ASL_raw/msasl_raw_fJVwZyjEa4k.mp4,2480,2597.0,118.0,3.9040000000000106,29.97,msasl_41,True,202.0,360.0,False,False,False,3.937270603937271,0.0332706039372601,False,0.4669999999999996,8.125,False,False,,ok,,normalized_frames/topn_224_gray_jpg/cousin/msasl_raw_fJVwZyjEa4k__s002479__e002596__01d6ca609548,118,jpg,224,224,grayscale,2480,2597,2479,2596,29.97002997002997,train
father,msasl,MS-ASL/videos_MS_ASL_raw/msasl_raw_25ymRY7hbjs.mp4,3723,3846.0,124.0,4.103999999999999,29.97,msasl_72,True,626.0,360.0,False,False,False,4.137470804137471,0.0334708041374716,False,0.4669999999999996,8.125,False,False,,ok,,normalized_frames/topn_224_gray_jpg/father/msasl_raw_25ymRY7hbjs__s003722__e003845__15546936d03e,124,jpg,224,224,grayscale,3723,3846,3722,3845,29.97002997002997,train
man,signschool,kaggle_dataset/videos/34736.mp4,1,31.0,31.0,1.293,23.97607548596669,wlasl_4,True,1920.0,1080.0,False,False,False,1.2929555555555556,4.444444444429152e-05,False,0.4669999999999996,8.125,False,False,,ok,,normalized_frames/topn_224_gray_jpg/man/34736__s000000__e000030__477fc48f7478,31,jpg,224,224,grayscale,1,31,0,30,23.97607548596669,train
again,msasl,MS-ASL/videos_MS_ASL_raw/msasl_raw_UoITyyziLOw.mp4,6431,6519.0,89.0,2.936000000000007,29.97,msasl_160,True,640.0,360.0,False,False,False,2.9696363029696364,0.0336363029696293,False,0.4669999999999996,8.125,False,False,,ok,,normalized_frames/topn_224_gray_jpg/again/msasl_raw_UoITyyziLOw__s006430__e006518__af4ca08dfcf1,89,jpg,224,224,grayscale,6431,6519,6430,6518,29.970090947933837,train
mother,msasl,MS-ASL/videos_MS_ASL_raw/msasl_raw_iHR2uV-Uxc8.mp4,2072,2115.0,44.0,1.4339999999999975,29.97,msasl_349,True,640.0,360.0,False,False,False,1.4681348014681348,0.0341348014681373,False,0.4669999999999996,8.125,False,False,,ok,,normalized_frames/topn_224_gray_jpg/mother/msasl_raw_iHR2uV-Uxc8__s002071__e002114__c0979b062686,44,jpg,224,224,grayscale,2072,2115,2071,2114,29.97002997002997,train
tired,msasl,MS-ASL/videos_MS_ASL_raw/msasl_raw_q_p38s5JsXo.mp4,3495,3551.0,57.0,2.2399999999999807,25.0,msasl_12,True,1280.0,720.0,False,False,False,2.28,0.0400000000000191,False,0.4669999999999996,8.125,False,False,,ok,,normalized_frames/topn_224_gray_jpg/tired/msasl_raw_q_p38s5JsXo__s003494__e003550__a7d687da08ad,57,jpg,224,224,grayscale,3495,3551,3494,3550,25.0,train
fish,msasl,MS-ASL/videos_MS_ASL_raw/msasl_raw_-rMYWv4caVo.mp4,30,220.0,191.0,6.34,29.97,msasl_144,True,480.0,360.0,False,False,False,6.37303970637304,0.0330397063730396,False,0.4669999999999996,8.125,False,False,,ok,,normalized_frames/topn_224_gray_jpg/fish/msasl_raw_-rMYWv4caVo__s000029__e000219__594a755d32f4,191,jpg,224,224,grayscale,30,220,29,219,29.97002997002997,train
tired,msasl,MS-ASL/videos_MS_ASL_raw/msasl_raw_ZG4u7LDCN8A.mp4,2328,2462.0,135.0,5.359999999999999,25.0,msasl_172,True,640.0,360.0,False,False,False,5.4,0.0400000000000009,False,0.4669999999999996,8.125,False,False,,ok,,normalized_frames/topn_224_gray_jpg/tired/msasl_raw_ZG4u7LDCN8A__s002327__e002461__8e84a99b274a,135,jpg,224,224,grayscale,2328,2462,2327,2461,25.0,train
finish,msasl,MS-ASL/videos_MS_ASL_raw/msasl_raw_oonCVbzm2UE.mp4,385,438.0,54.0,2.210000000000001,23.976,msasl_73,True,640.0,360.0,False,False,False,2.2522522522522523,0.0422522522522514,False,0.4669999999999996,8.125,False,False,,ok,,normalized_frames/topn_224_gray_jpg/finish/msasl_raw_oonCVbzm2UE__s000384__e000437__f79f70e96e83,54,jpg,224,224,grayscale,385,438,384,437,23.976023976023978,train
yes,msasl,MS-ASL/videos_MS_ASL_raw/msasl_raw_nvaS2J5mcEk.mp4,11448,11532.0,85.0,2.8029999999999973,29.97,msasl_417,True,202.0,360.0,False,False,False,2.836169502836169,0.0331695028361722,False,0.4669999999999996,8.125,False,False,,ok,,normalized_frames/topn_224_gray_jpg/yes/msasl_raw_nvaS2J5mcEk__s011447__e011531__6cd93ed4fff8,85,jpg,224,224,grayscale,11448,11532,11447,11531,29.97002997002997,train
sit,msasl,MS-ASL/videos_MS_ASL_raw/msasl_raw_XtkDeYBnR8o.mp4,4230,4413.0,184.0,6.106000000000023,29.97,msasl_309,True,640.0,360.0,False,False,False,6.139472806139473,0.03347280613945,False,0.4669999999999996,8.125,False,False,,ok,,normalized_frames/topn_224_gray_jpg/sit/msasl_raw_XtkDeYBnR8o__s004229__e004412__cb7edd2316ba,184,jpg,224,224,grayscale,4230,4413,4229,4412,29.97002997002997,val
no,msasl,MS-ASL/videos_MS_ASL_raw/msasl_raw_RMUydgQr9TE.mp4,874,918.0,45.0,1.4690000000000012,29.97,msasl_26,True,1280.0,720.0,False,False,False,1.5015015015015016,0.0325015015015004,False,0.4669999999999996,8.125,False,False,,ok,,normalized_frames/topn_224_gray_jpg/no/msasl_raw_RMUydgQr9TE__s000873__e000917__b29e6690cc16,45,jpg,224,224,grayscale,874,918,873,917,29.97002997002997,val
need,startasl,kaggle_dataset/videos/37419.mp4,1,42.0,42.0,1.401,29.97002997002997,wlasl_38,True,1280.0,720.0,False,False,False,1.4014,0.0003999999999999,False,0.4669999999999996,8.125,False,False,,ok,,normalized_frames/topn_224_gray_jpg/need/37419__s000000__e000041__236ab0bdb5d4,42,jpg,224,224,grayscale,1,42,0,41,29.97002997002997,train
yes,msasl,MS-ASL/videos_MS_ASL_raw/msasl_raw_q_p38s5JsXo.mp4,975,1041.0,67.0,2.640000000000001,25.0,msasl_12,True,1280.0,720.0,False,False,False,2.68,0.0399999999999991,False,0.4669999999999996,8.125,False,False,,ok,,normalized_frames/topn_224_gray_jpg/yes/msasl_raw_q_p38s5JsXo__s000974__e001040__16ad63dbd44a,67,jpg,224,224,grayscale,975,1041,974,1040,25.0,train
what,msasl,MS-ASL/videos_MS_ASL_raw/msasl_raw_HUMEcnkvhJU.mp4,37241,37440.0,200.0,6.6400000000001,29.97,msasl_251,True,640.0,360.0,False,False,False,6.673340006673341,0.0333400066732405,False,0.4669999999999996,8.125,False,False,,ok,,normalized_frames/topn_224_gray_jpg/what/msasl_raw_HUMEcnkvhJU__s037240__e037439__21acfac042cf,200,jpg,224,224,grayscale,37241,37440,37240,37439,29.97002997002997,train
finish,msasl,MS-ASL/videos_MS_ASL_raw/msasl_raw_JDc62QM6-GU.mp4,0,98.0,99.0,3.267,30.0,msasl_87,True,1280.0,720.0,False,False,False,3.3,0.0329999999999999,False,0.4669999999999996,8.125,False,False,,ok,,normalized_frames/topn_224_gray_jpg/finish/msasl_raw_JDc62QM6-GU__s000000__e000097__a20c88743c6c,98,jpg,224,224,grayscale,0,98,0,97,30.0,train
eat,msasl,MS-ASL/videos_MS_ASL_raw/msasl_raw_XtkDeYBnR8o.mp4,711,771.0,61.0,2.001999999999999,29.97,msasl_309,True,640.0,360.0,False,False,False,2.035368702035369,0.0333687020353696,False,0.4669999999999996,8.125,False,False,,ok,,normalized_frames/topn_224_gray_jpg/eat/msasl_raw_XtkDeYBnR8o__s000710__e000770__843a9e4786ab,61,jpg,224,224,grayscale,711,771,710,770,29.97002997002997,val
water,spreadthesign,kaggle_dataset/videos/62500.mp4,1,111.0,111.0,3.704,29.97002997002997,wlasl_28,True,320.0,240.0,False,False,False,3.7037,0.0003000000000001,False,0.4669999999999996,8.125,False,False,,ok,,normalized_frames/topn_224_gray_jpg/water/62500__s000000__e000110__b06a7735e366,111,jpg,224,224,grayscale,1,111,0,110,29.97002997002997,train
bird,msasl,MS-ASL/videos_MS_ASL_raw/msasl_raw_h2lAn0iosEo.mp4,0,61.0,62.0,2.06,29.613,msasl_2,True,640.0,360.0,False,False,False,2.09367507513592,0.0336750751359198,False,0.4669999999999996,8.125,False,False,,ok,,normalized_frames/topn_224_gray_jpg/bird/msasl_raw_h2lAn0iosEo__s000000__e000060__d585ef0f079f,61,jpg,224,224,grayscale,0,61,0,60,29.613,train
spring,msasl,MS-ASL/videos_MS_ASL_raw/msasl_raw__qRft6V2XC0.mp4,2107,2163.0,57.0,1.867999999999995,29.97,msasl_203,True,640.0,360.0,False,False,False,1.901901901901902,0.0339019019019068,False,0.4669999999999996,8.125,False,False,,ok,,normalized_frames/topn_224_gray_jpg/spring/msasl_raw__qRft6V2XC0__s002106__e002162__7ce8b7527144,57,jpg,224,224,grayscale,2107,2163,2106,2162,29.97002997002997,train
spring,aslsearch,kaggle_dataset/videos/25852.mp4,1,78.0,78.0,2.569,30.359615059935845,wlasl_41,True,720.0,400.0,False,False,False,2.5692025358692026,0.0002025358692026,False,0.4669999999999996,8.125,False,False,,ok,,normalized_frames/topn_224_gray_jpg/spring/25852__s000000__e000077__1ff2a2f65525,78,jpg,224,224,grayscale,1,78,0,77,30.359615059935845,train
eat,msasl,MS-ASL/videos_MS_ASL_raw/msasl_raw_OmylSinUxns.mp4,0,68.0,69.0,2.269,29.97,msasl_0,True,1280.0,720.0,False,False,False,2.3023023023023024,0.0333023023023022,False,0.4669999999999996,8.125,False,False,,ok,,normalized_frames/topn_224_gray_jpg/eat/msasl_raw_OmylSinUxns__s000000__e000067__e2c590669bef,68,jpg,224,224,grayscale,0,68,0,67,29.97002997002997,test
again,msasl,MS-ASL/videos_MS_ASL_raw/msasl_raw_gU5EI_ZTzxw.mp4,1002,1030.0,29.0,0.9350000000000024,29.97,msasl_330,True,480.0,360.0,False,False,False,0.9676343009676344,0.0326343009676319,False,0.4669999999999996,8.125,False,False,,ok,,normalized_frames/topn_224_gray_jpg/again/msasl_raw_gU5EI_ZTzxw__s001001__e001029__58e2f1f12e5a,29,jpg,224,224,grayscale,1002,1030,1001,1029,29.97002997002997,train
sit,msasl,MS-ASL/videos_MS_ASL_raw/msasl_raw_fNg_sJ9f8EI.mp4,15700,15849.0,150.0,4.971000000000004,29.97,msasl_32,True,640.0,360.0,False,False,False,5.005005005005005,0.0340050050050013,False,0.4669999999999996,8.125,False,False,,ok,,normalized_frames/topn_224_gray_jpg/sit/msasl_raw_fNg_sJ9f8EI__s015699__e015848__fcce24eb4f65,150,jpg,224,224,grayscale,15700,15849,15699,15848,29.97002997002997,train
again,msasl,MS-ASL/videos_MS_ASL_raw/msasl_raw_VAQRVGl4b_I.mp4,210,300.0,91.0,3.003,29.97,msasl_144,True,480.0,360.0,False,False,False,3.0363697030363697,0.0333697030363695,False,0.4669999999999996,8.125,False,False,,ok,,normalized_frames/topn_224_gray_jpg/again/msasl_raw_VAQRVGl4b_I__s000209__e000299__9483460959f3,91,jpg,224,224,grayscale,210,300,209,299,29.97002997002997,train
orange,msasl,MS-ASL/videos_MS_ASL_raw/msasl_raw_99noLwmY2Bc.mp4,11707,11826.0,120.0,3.9699999999999696,29.97,msasl_257,True,640.0,360.0,False,False,False,4.004004004004004,0.0340040040040348,False,0.4669999999999996,8.125,False,False,,ok,,normalized_frames/topn_224_gray_jpg/orange/msasl_raw_99noLwmY2Bc__s011706__e011825__de67633a50b0,120,jpg,224,224,grayscale,11707,11826,11706,11825,29.970034029153336,train
cousin,msasl,MS-ASL/videos_MS_ASL_raw/msasl_raw_-_0i3qAEM1E.mp4,90,162.0,73.0,2.4000000000000004,30.0,msasl_62,True,640.0,360.0,False,False,False,2.433333333333333,0.0333333333333327,False,0.4669999999999996,8.125,False,False,,ok,,normalized_frames/topn_224_gray_jpg/cousin/msasl_raw_-_0i3qAEM1E__s000089__e000161__0818503d5e61,73,jpg,224,224,grayscale,90,162,89,161,30.0,train
doctor,msasl,MS-ASL/videos_MS_ASL_raw/msasl_raw_eeHS78JyN70.mp4,16211,16291.0,81.0,2.6689999999999827,29.97,msasl_80,True,640.0,360.0,False,False,False,2.702702702702702,0.0337027027027199,False,0.4669999999999996,8.125,False,False,,ok,,normalized_frames/topn_224_gray_jpg/doctor/msasl_raw_eeHS78JyN70__s016210__e016290__0821d878b5fc,81,jpg,224,224,grayscale,16211,16291,16210,16290,29.97002997002997,train
doctor,msasl,MS-ASL/videos_MS_ASL_raw/msasl_raw_xGnOT9Gp0F0.mp4,684,753.0,70.0,2.7600000000000016,25.0,msasl_12,True,1280.0,720.0,False,False,False,2.8,0.0399999999999982,False,0.4669999999999996,8.125,False,False,,ok,,normalized_frames/topn_224_gray_jpg/doctor/msasl_raw_xGnOT9Gp0F0__s000683__e000752__d79b3a254010,70,jpg,224,224,grayscale,684,753,683,752,25.0,train
orange,aslbrick,kaggle_dataset/videos/69422.mp4,1,59.0,59.0,1.969,29.97002997002997,wlasl_118,True,1280.0,720.0,False,False,False,1.9686333333333328,0.0003666666666666,False,0.4669999999999996,8.125,False,False,,ok,,normalized_frames/topn_224_gray_jpg/orange/69422__s000000__e000058__d949486414ec,59,jpg,224,224,grayscale,1,59,0,58,29.97002997002997,val
doctor,signschool,kaggle_dataset/videos/17016.mp4,1,105.0,105.0,3.504,29.97002997002997,wlasl_60,True,854.0,480.0,False,False,False,3.5035000000000003,0.0004999999999997,False,0.4669999999999996,8.125,False,False,,ok,,normalized_frames/topn_224_gray_jpg/doctor/17016__s000000__e000104__ddeca8e0b489,105,jpg,224,224,grayscale,1,105,0,104,29.97002997002997,train
help,msasl,MS-ASL/videos_MS_ASL_raw/msasl_raw_yI5uzOPUA_0.mp4,0,134.0,135.0,4.467,30.0,msasl_0,True,548.0,360.0,False,False,False,4.5,0.0330000000000003,False,0.4669999999999996,8.125,False,False,,ok,,normalized_frames/topn_224_gray_jpg/help/msasl_raw_yI5uzOPUA_0__s000000__e000133__6a8716c6a8af,134,jpg,224,224,grayscale,0,134,0,133,30.0,test
teacher,msasl,MS-ASL/videos_MS_ASL_raw/msasl_raw_p8OYydc3WQM.mp4,2068,2183.0,116.0,3.8370000000000033,29.97,msasl_262,True,640.0,360.0,False,False,False,3.8705372038705375,0.0335372038705341,False,0.4669999999999996,8.125,False,False,,ok,,normalized_frames/topn_224_gray_jpg/teacher/msasl_raw_p8OYydc3WQM__s002067__e002182__22854801e9ab,116,jpg,224,224,grayscale,2068,2183,2067,2182,29.97002997002997,train
finish,signschool,kaggle_dataset/videos/21943.mp4,1,28.0,28.0,1.168,23.976023976023978,wlasl_32,True,1920.0,1080.0,False,False,False,1.1678333333333333,0.0001666666666666,False,0.4669999999999996,8.125,False,False,,ok,,normalized_frames/topn_224_gray_jpg/finish/21943__s000000__e000027__6914efe88d79,28,jpg,224,224,grayscale,1,28,0,27,23.976023976023978,train
man,msasl,MS-ASL/videos_MS_ASL_raw/msasl_raw_hqF01cx9jYs.mp4,125,154.0,30.0,0.9669999999999996,29.97,msasl_94,True,640.0,360.0,False,False,False,1.001001001001001,0.0340010010010014,False,0.4669999999999996,8.125,False,False,,ok,,normalized_frames/topn_224_gray_jpg/man/msasl_raw_hqF01cx9jYs__s000124__e000153__4cebe0158942,30,jpg,224,224,grayscale,125,154,124,153,29.97002997002997,train
student,msasl,MS-ASL/videos_MS_ASL_raw/msasl_raw_KTURNRi-wy0.mp4,2929,3018.0,90.0,2.969999999999999,29.97,msasl_26,True,1280.0,720.0,False,False,False,3.003003003003004,0.0330030030030044,False,0.4669999999999996,8.125,False,False,,ok,,normalized_frames/topn_224_gray_jpg/student/msasl_raw_KTURNRi-wy0__s002928__e003017__a5ebd04838a1,90,jpg,224,224,grayscale,2929,3018,2928,3017,29.97002997002997,val
nice,msasl,MS-ASL/videos_MS_ASL_raw/msasl_raw_y3Vd7SZ_bp4.mp4,505,605.0,101.0,3.337,29.97,msasl_124,True,1280.0,720.0,False,False,False,3.3700367033700367,0.0330367033700365,False,0.4669999999999996,8.125,False,False,,ok,,normalized_frames/topn_224_gray_jpg/nice/msasl_raw_y3Vd7SZ_bp4__s000504__e000604__9e8616fff063,101,jpg,224,224,grayscale,505,605,504,604,29.97002997002997,train
bird,msasl,MS-ASL/videos_MS_ASL_raw/msasl_raw_qw9KjK2s_DM.mp4,495,585.0,91.0,3.599999999999998,25.0,msasl_94,True,1280.0,720.0,False,False,False,3.64,0.0400000000000022,False,0.4669999999999996,8.125,False,False,,ok,,normalized_frames/topn_224_gray_jpg/bird/msasl_raw_qw9KjK2s_DM__s000494__e000584__a7fe5e85c5b3,91,jpg,224,224,grayscale,495,585,494,584,25.0,train
tired,msasl,MS-ASL/videos_MS_ASL_raw/msasl_raw_YS5PgjNNxME.mp4,0,76.0,77.0,2.536,29.97,msasl_0,True,1280.0,720.0,False,False,False,2.569235902569236,0.0332359025692361,False,0.4669999999999996,8.125,False,False,,ok,,normalized_frames/topn_224_gray_jpg/tired/msasl_raw_YS5PgjNNxME__s000000__e000075__91155ba85afa,76,jpg,224,224,grayscale,0,76,0,75,29.97002997002997,test
bird,msasl,MS-ASL/videos_MS_ASL_raw/msasl_raw_vE4RFGPqGqY.mp4,3865,3937.0,73.0,2.4000000000000057,30.0,msasl_445,True,568.0,320.0,False,False,False,2.433333333333333,0.0333333333333274,False,0.4669999999999996,8.125,False,False,,ok,,normalized_frames/topn_224_gray_jpg/bird/msasl_raw_vE4RFGPqGqY__s003864__e003936__5f7fbf2553b0,73,jpg,224,224,grayscale,3865,3937,3864,3936,30.0,train
no,msasl,MS-ASL/videos_MS_ASL_raw/msasl_raw_sQELZPmche8.mp4,1301,1360.0,60.0,2.004000000000005,29.441,msasl_140,True,480.0,360.0,False,False,False,2.03797425359193,0.0339742535919249,False,0.4669999999999996,8.125,False,False,,ok,,normalized_frames/topn_224_gray_jpg/no/msasl_raw_sQELZPmche8__s001300__e001359__e9b0e7ce9926,60,jpg,224,224,grayscale,1301,1360,1300,1359,29.5,train
water,msasl,MS-ASL/videos_MS_ASL_raw/msasl_raw_rWIDL_GpaJc.mp4,5932,6108.0,177.0,5.871999999999986,29.972,msasl_274,True,1280.0,720.0,False,False,False,5.905511811023622,0.0335118110236365,False,0.4669999999999996,8.125,False,False,,ok,,normalized_frames/topn_224_gray_jpg/water/msasl_raw_rWIDL_GpaJc__s005931__e006107__1e431d19b9c7,177,jpg,224,224,grayscale,5932,6108,5931,6107,29.97002997002997,train
orange,msasl,MS-ASL/videos_MS_ASL_raw/msasl_raw_hKogDJd0yc4.mp4,4057,4147.0,91.0,3.0030000000000143,29.97,msasl_80,True,640.0,360.0,False,False,False,3.0363697030363697,0.0333697030363553,False,0.4669999999999996,8.125,False,False,,ok,,normalized_frames/topn_224_gray_jpg/orange/msasl_raw_hKogDJd0yc4__s004056__e004146__1f1a8030b217,91,jpg,224,224,grayscale,4057,4147,4056,4146,29.97002997002997,train
sit,msasl,MS-ASL/videos_MS_ASL_raw/msasl_raw_0bIF7jh6lnE.mp4,4539,4611.0,73.0,2.40300000000002,29.97,msasl_125,True,480.0,360.0,False,False,False,2.4357691024357693,0.0327691024357492,False,0.4669999999999996,8.125,False,False,,ok,,normalized_frames/topn_224_gray_jpg/sit/msasl_raw_0bIF7jh6lnE__s004538__e004610__b2933d80a049,73,jpg,224,224,grayscale,4539,4611,4538,4610,29.97002997002997,test
table,aslsearch,kaggle_dataset/videos/56579.mp4,1,71.0,71.0,2.336,30.398577122530323,wlasl_12,True,720.0,400.0,False,False,False,2.335635635635636,0.0003643643643642,False,0.4669999999999996,8.125,False,False,,ok,,normalized_frames/topn_224_gray_jpg/table/56579__s000000__e000070__f50b93f5326a,71,jpg,224,224,grayscale,1,71,0,70,30.398577122530323,train
sit,msasl,MS-ASL/videos_MS_ASL_raw/msasl_raw_ZvzKTn4qWfA.mp4,0,68.0,69.0,2.269,29.97,msasl_0,True,640.0,360.0,False,False,False,2.3023023023023024,0.0333023023023022,False,0.4669999999999996,8.125,False,False,,ok,,normalized_frames/topn_224_gray_jpg/sit/msasl_raw_ZvzKTn4qWfA__s000000__e000067__83e549cffa1e,68,jpg,224,224,grayscale,0,68,0,67,29.97002997002997,test
help,msasl,MS-ASL/videos_MS_ASL_raw/msasl_raw_eRZW3DPxDGk.mp4,15318,15361.0,44.0,1.4329999999999927,30.0,msasl_312,True,640.0,360.0,False,False,False,1.4666666666666666,0.0336666666666738,False,0.4669999999999996,8.125,False,False,,ok,,normalized_frames/topn_224_gray_jpg/help/msasl_raw_eRZW3DPxDGk__s015317__e015360__74e2dfe1665a,44,jpg,224,224,grayscale,15318,15361,15317,15360,30.0,train
mother,msasl,MS-ASL/videos_MS_ASL_raw/msasl_raw_1E8k8gI_xYk.mp4,1160,1230.0,71.0,2.3359999999999985,29.97,msasl_359,True,640.0,360.0,False,False,False,2.369035702369036,0.033035702369037,False,0.4669999999999996,8.125,False,False,,ok,,normalized_frames/topn_224_gray_jpg/mother/msasl_raw_1E8k8gI_xYk__s001159__e001229__27179aa6eb87,71,jpg,224,224,grayscale,1160,1230,1159,1229,29.97002997002997,train
but,msasl,MS-ASL/videos_MS_ASL_raw/msasl_raw_C4-QGH6vR1g.mp4,0,87.0,88.0,5.095,17.076,msasl_2,True,640.0,360.0,False,False,False,5.153431717029749,0.058431717029749,False,0.4669999999999996,8.125,False,False,,ok,,normalized_frames/topn_224_gray_jpg/but/msasl_raw_C4-QGH6vR1g__s000000__e000086__f08e784c9442,87,jpg,224,224,grayscale,0,87,0,86,17.076,train
yes,msasl,MS-ASL/videos_MS_ASL_raw/msasl_raw_75BkNdtDsoQ.mp4,7718,7888.0,171.0,6.7999999999999545,25.0,msasl_77,True,640.0,360.0,False,False,False,6.84,0.0400000000000453,False,0.4669999999999996,8.125,False,False,,ok,,normalized_frames/topn_224_gray_jpg/yes/msasl_raw_75BkNdtDsoQ__s007717__e007887__0ceb0b8a5d8e,171,jpg,224,224,grayscale,7718,7888,7717,7887,25.0,train
spring,signingsavvy,kaggle_dataset/videos/54121.mp4,1,56.0,56.0,1.869,29.97,wlasl_10,True,288.0,192.0,False,False,False,1.8685352018685355,0.0004647981314647,False,0.4669999999999996,8.125,False,False,,ok,,normalized_frames/topn_224_gray_jpg/spring/54121__s000000__e000055__cb7f728d5aad,55,jpg,224,224,grayscale,1,56,0,55,29.97,train
mother,msasl,MS-ASL/videos_MS_ASL_raw/msasl_raw_ckNZidesfIA.mp4,300,434.0,135.0,4.471,29.97,msasl_286,True,640.0,360.0,False,False,False,4.504504504504505,0.0335045045045045,False,0.4669999999999996,8.125,False,False,,ok,,normalized_frames/topn_224_gray_jpg/mother/msasl_raw_ckNZidesfIA__s000299__e000433__1abbebb74e1d,135,jpg,224,224,grayscale,300,434,299,433,29.97002997002997,train
orange,msasl,MS-ASL/videos_MS_ASL_raw/msasl_raw_6Mmgrtw_Zro.mp4,1098,1145.0,48.0,1.5719999999999956,29.893,msasl_34,True,1280.0,720.0,False,False,False,1.6057270932994343,0.0337270932994389,False,0.4669999999999996,8.125,False,False,,ok,,normalized_frames/topn_224_gray_jpg/orange/msasl_raw_6Mmgrtw_Zro__s001097__e001144__5046de350b2d,48,jpg,224,224,grayscale,1098,1145,1097,1144,30.0,train
bird,msasl,MS-ASL/videos_MS_ASL_raw/msasl_raw_rIlQQTN2b58.mp4,6242,6332.0,91.0,3.75,24.003,msasl_125,True,1280.0,720.0,False,False,False,3.79119276757072,0.0411927675707204,False,0.4669999999999996,8.125,False,False,,ok,,normalized_frames/topn_224_gray_jpg/bird/msasl_raw_rIlQQTN2b58__s006241__e006331__381f8e39e7c7,91,jpg,224,224,grayscale,6242,6332,6241,6331,24.0,test
father,signingsavvy,kaggle_dataset/videos/21212.mp4,1,30.0,30.0,1.001,29.97,wlasl_11,True,288.0,192.0,False,False,False,1.001001001001001,1.0010010011995971e-06,False,0.4669999999999996,8.125,False,False,,ok,,normalized_frames/topn_224_gray_jpg/father/21212__s000000__e000029__6922f553f6f5,28,jpg,224,224,grayscale,1,30,0,29,29.97,val
school,msasl,MS-ASL/videos_MS_ASL_raw/msasl_raw_vcrTUbE1NoY.mp4,1473,1543.0,71.0,2.3359999999999985,29.97,msasl_286,True,960.0,720.0,False,False,False,2.369035702369036,0.033035702369037,False,0.4669999999999996,8.125,False,False,,ok,,normalized_frames/topn_224_gray_jpg/school/msasl_raw_vcrTUbE1NoY__s001472__e001542__26f37ac436ec,71,jpg,224,224,grayscale,1473,1543,1472,1542,29.97002997002997,train
school,asldeafined,kaggle_dataset/videos/49599.mp4,1,86.0,86.0,2.866,30.00348877776485,wlasl_13,True,640.0,480.0,False,False,False,2.866333333333334,0.0003333333333337,False,0.4669999999999996,8.125,False,False,,ok,,normalized_frames/topn_224_gray_jpg/school/49599__s000000__e000085__906a34df52b9,86,jpg,224,224,grayscale,1,86,0,85,30.003488777764854,train
eat,aslsearch,kaggle_dataset/videos/18335.mp4,1,84.0,84.0,2.769,30.33144977650333,wlasl_12,True,720.0,400.0,False,False,False,2.7694027360694027,0.0004027360694025,False,0.4669999999999996,8.125,False,False,,ok,,normalized_frames/topn_224_gray_jpg/eat/18335__s000000__e000083__860814fc9944,84,jpg,224,224,grayscale,1,84,0,83,30.33144977650333,train
nice,msasl,MS-ASL/videos_MS_ASL_raw/msasl_raw_b-D-ZF8spMY.mp4,0,132.0,133.0,5.28,25.0,msasl_14,True,640.0,360.0,False,False,False,5.32,0.04,False,0.4669999999999996,8.125,False,False,,ok,,normalized_frames/topn_224_gray_jpg/nice/msasl_raw_b-D-ZF8spMY__s000000__e000131__2a3cf8f34ff7,132,jpg,224,224,grayscale,0,132,0,131,25.0,train
eat,msasl,MS-ASL/videos_MS_ASL_raw/msasl_raw_ga_qPj5JN9c.mp4,0,102.0,103.0,4.08,25.0,msasl_14,True,640.0,360.0,False,False,False,4.12,0.04,False,0.4669999999999996,8.125,False,False,,ok,,normalized_frames/topn_224_gray_jpg/eat/msasl_raw_ga_qPj5JN9c__s000000__e000101__7aa0dd2c8a5d,102,jpg,224,224,grayscale,0,102,0,101,25.0,train
tired,msasl,MS-ASL/videos_MS_ASL_raw/msasl_raw_ZHUVt5W8UEk.mp4,6714,6775.0,62.0,2.0349999999999966,29.97,msasl_349,True,640.0,360.0,False,False,False,2.0687354020687354,0.0337354020687388,False,0.4669999999999996,8.125,False,False,,ok,,normalized_frames/topn_224_gray_jpg/tired/msasl_raw_ZHUVt5W8UEk__s006713__e006774__2471ce1d70bb,62,jpg,224,224,grayscale,6714,6775,6713,6774,29.97002997002997,train
spring,msasl,MS-ASL/videos_MS_ASL_raw/msasl_raw_BD1aiEB8sK8.mp4,2586,2676.0,91.0,3.003,29.97,msasl_233,True,640.0,360.0,False,False,False,3.0363697030363697,0.0333697030363695,False,0.4669999999999996,8.125,False,False,,ok,,normalized_frames/topn_224_gray_jpg/spring/msasl_raw_BD1aiEB8sK8__s002585__e002675__0d972282df7a,91,jpg,224,224,grayscale,2586,2676,2585,2675,29.97002997002997,train
man,msasl,MS-ASL/videos_MS_ASL_raw/msasl_raw_fNg_sJ9f8EI.mp4,3778,3897.0,120.0,3.971000000000004,29.97,msasl_32,True,640.0,360.0,False,False,False,4.004004004004004,0.0330040040040002,False,0.4669999999999996,8.125,False,False,,ok,,normalized_frames/topn_224_gray_jpg/man/msasl_raw_fNg_sJ9f8EI__s003777__e003896__8b294e865997,120,jpg,224,224,grayscale,3778,3897,3777,3896,29.97002997002997,train
no,msasl,MS-ASL/videos_MS_ASL_raw/msasl_raw_75BkNdtDsoQ.mp4,7980,8050.0,71.0,2.800000000000012,25.0,msasl_77,True,640.0,360.0,False,False,False,2.84,0.039999999999988,False,0.4669999999999996,8.125,False,False,,ok,,normalized_frames/topn_224_gray_jpg/no/msasl_raw_75BkNdtDsoQ__s007979__e008049__75245fe8b0ea,71,jpg,224,224,grayscale,7980,8050,7979,8049,25.0,train
finish,msasl,MS-ASL/videos_MS_ASL_raw/msasl_raw_dtSmDTn3zkk.mp4,22145,22294.0,150.0,4.971000000000004,29.97,msasl_80,True,640.0,360.0,False,False,False,5.005005005005005,0.0340050050050013,False,0.4669999999999996,8.125,False,False,,ok,,normalized_frames/topn_224_gray_jpg/finish/msasl_raw_dtSmDTn3zkk__s022144__e022293__78cb9c5b139d,150,jpg,224,224,grayscale,22145,22294,22144,22293,29.97002997002997,train
father,msasl,MS-ASL/videos_MS_ASL_raw/msasl_raw_iHR2uV-Uxc8.mp4,2244,2299.0,56.0,1.8349999999999933,29.97,msasl_349,True,640.0,360.0,False,False,False,1.8685352018685355,0.0335352018685419,False,0.4669999999999996,8.125,False,False,,ok,,normalized_frames/topn_224_gray_jpg/father/msasl_raw_iHR2uV-Uxc8__s002243__e002298__c77b1e31c52c,56,jpg,224,224,grayscale,2244,2299,2243,2298,29.97002997002997,train
eat,msasl,MS-ASL/videos_MS_ASL_raw/msasl_raw_q_p38s5JsXo.mp4,4413,4469.0,57.0,2.2399999999999807,25.0,msasl_12,True,1280.0,720.0,False,False,False,2.28,0.0400000000000191,False,0.4669999999999996,8.125,False,False,,ok,,normalized_frames/topn_224_gray_jpg/eat/msasl_raw_q_p38s5JsXo__s004412__e004468__9cd56844f173,57,jpg,224,224,grayscale,4413,4469,4412,4468,25.0,train
student,msasl,MS-ASL/videos_MS_ASL_raw/msasl_raw_-LB4ENHxcIs.mp4,2556,2620.0,65.0,2.13600000000001,29.97,msasl_233,True,640.0,360.0,False,False,False,2.1688355021688355,0.0328355021688255,False,0.4669999999999996,8.125,False,False,,ok,,normalized_frames/topn_224_gray_jpg/student/msasl_raw_-LB4ENHxcIs__s002555__e002619__7e251f7bf8da,65,jpg,224,224,grayscale,2556,2620,2555,2619,29.97002997002997,train
man,msasl,MS-ASL/videos_MS_ASL_raw/msasl_raw_lyAWyqDxUqg.mp4,0,117.0,118.0,3.9,30.0,msasl_0,True,1280.0,720.0,False,False,False,3.933333333333333,0.0333333333333332,False,0.4669999999999996,8.125,False,False,,ok,,normalized_frames/topn_224_gray_jpg/man/msasl_raw_lyAWyqDxUqg__s000000__e000116__ce500083a74d,117,jpg,224,224,grayscale,0,117,0,116,30.0,test
deaf,msasl,MS-ASL/videos_MS_ASL_raw/msasl_raw_DOZJOFHs75s.mp4,3205,3290.0,86.0,2.8359999999999985,29.97,msasl_95,True,480.0,360.0,False,False,False,2.8695362028695364,0.0335362028695378,False,0.4669999999999996,8.125,False,False,,ok,,normalized_frames/topn_224_gray_jpg/deaf/msasl_raw_DOZJOFHs75s__s003204__e003289__52be775ba545,86,jpg,224,224,grayscale,3205,3290,3204,3289,29.97002997002997,train
doctor,aslsearch,kaggle_dataset/videos/17026.mp4,1,103.0,103.0,3.403,30.264120236472905,wlasl_12,True,720.0,400.0,False,False,False,3.4033700367033703,0.0003700367033703,False,0.4669999999999996,8.125,False,False,,ok,,normalized_frames/topn_224_gray_jpg/doctor/17026__s000000__e000102__0bffdf21d085,103,jpg,224,224,grayscale,1,103,0,102,30.264120236472905,train
need,msasl,MS-ASL/videos_MS_ASL_raw/msasl_raw_my4mxg6lXYQ.mp4,8298,8404.0,107.0,3.5360000000000014,29.97,msasl_124,True,1280.0,720.0,False,False,False,3.570236903570237,0.0342369035702354,False,0.4669999999999996,8.125,False,False,,ok,,normalized_frames/topn_224_gray_jpg/need/msasl_raw_my4mxg6lXYQ__s008297__e008403__ca4de2d91a50,107,jpg,224,224,grayscale,8298,8404,8297,8403,29.97002997002997,train
what,msasl,MS-ASL/videos_MS_ASL_raw/msasl_raw_DOZJOFHs75s.mp4,1617,1725.0,109.0,3.603999999999999,29.97,msasl_95,True,480.0,360.0,False,False,False,3.6369703036369705,0.0329703036369712,False,0.4669999999999996,8.125,False,False,,ok,,normalized_frames/topn_224_gray_jpg/what/msasl_raw_DOZJOFHs75s__s001616__e001724__c4b3ade54d58,109,jpg,224,224,grayscale,1617,1725,1616,1724,29.97002997002997,train
eat,msasl,MS-ASL/videos_MS_ASL_raw/msasl_raw_eeHS78JyN70.mp4,3028,3108.0,81.0,2.6699999999999875,29.97,msasl_80,True,640.0,360.0,False,False,False,2.702702702702702,0.0327027027027151,False,0.4669999999999996,8.125,False,False,,ok,,normalized_frames/topn_224_gray_jpg/eat/msasl_raw_eeHS78JyN70__s003027__e003107__628fa477b79f,81,jpg,224,224,grayscale,3028,3108,3027,3107,29.97002997002997,train
deaf,msasl,MS-ASL/videos_MS_ASL_raw/msasl_raw_75BkNdtDsoQ.mp4,8859,8931.0,73.0,2.8799999999999955,25.0,msasl_77,True,640.0,360.0,False,False,False,2.92,0.0400000000000044,False,0.4669999999999996,8.125,False,False,,ok,,normalized_frames/topn_224_gray_jpg/deaf/msasl_raw_75BkNdtDsoQ__s008858__e008930__9fd6a679d78e,73,jpg,224,224,grayscale,8859,8931,8858,8930,25.0,train
finish,startasl,kaggle_dataset/videos/21942.mp4,1,68.0,68.0,2.269,29.97,wlasl_36,True,736.0,414.0,False,False,False,2.2689356022689355,6.439773106459157e-05,False,0.4669999999999996,8.125,False,False,,ok,,normalized_frames/topn_224_gray_jpg/finish/21942__s000000__e000067__c9a498fd318f,68,jpg,224,224,grayscale,1,68,0,67,29.97,test
nice,msasl,MS-ASL/videos_MS_ASL_raw/msasl_raw_LPyvlWpL-xk.mp4,3548,3648.0,101.0,4.0,25.0,msasl_77,True,640.0,360.0,False,False,False,4.04,0.04,False,0.4669999999999996,8.125,False,False,,ok,,normalized_frames/topn_224_gray_jpg/nice/msasl_raw_LPyvlWpL-xk__s003547__e003647__b20a83495881,101,jpg,224,224,grayscale,3548,3648,3547,3647,25.0,train
what,msasl,MS-ASL/videos_MS_ASL_raw/msasl_raw_X7z-Z1kJwp4.mp4,310,380.0,71.0,2.335000000000001,29.97,msasl_36,True,480.0,360.0,False,False,False,2.369035702369036,0.0340357023690347,False,0.4669999999999996,8.125,False,False,,ok,,normalized_frames/topn_224_gray_jpg/what/msasl_raw_X7z-Z1kJwp4__s000309__e000379__772a4cfd9ef2,71,jpg,224,224,grayscale,310,380,309,379,29.97002997002997,train
eat,msasl,MS-ASL/videos_MS_ASL_raw/msasl_raw_Xt6F1wT394I.mp4,3559,3624.0,66.0,2.169000000000011,29.97,msasl_286,True,1280.0,720.0,False,False,False,2.2022022022022023,0.0332022022021911,False,0.4669999999999996,8.125,False,False,,ok,,normalized_frames/topn_224_gray_jpg/eat/msasl_raw_Xt6F1wT394I__s003558__e003623__7b86ff08118d,66,jpg,224,224,grayscale,3559,3624,3558,3623,29.97002997002997,train
teacher,msasl,MS-ASL/videos_MS_ASL_raw/msasl_raw_G77ZoILMYw4.mp4,9960,10049.0,90.0,2.9699999999999704,29.97,msasl_9,True,640.0,360.0,False,False,False,3.003003003003004,0.0330030030030328,False,0.4669999999999996,8.125,False,False,,ok,,normalized_frames/topn_224_gray_jpg/teacher/msasl_raw_G77ZoILMYw4__s009959__e010048__81b2021ee17f,90,jpg,224,224,grayscale,9960,10049,9959,10048,29.97002997002997,train
need,msasl,MS-ASL/videos_MS_ASL_raw/msasl_raw_MDQQ9WZNwcc.mp4,8407,8545.0,139.0,4.605000000000018,29.97,msasl_126,True,640.0,360.0,False,False,False,4.637971304637971,0.0329713046379529,False,0.4669999999999996,8.125,False,False,,ok,,normalized_frames/topn_224_gray_jpg/need/msasl_raw_MDQQ9WZNwcc__s008406__e008544__67bab7b3f94d,139,jpg,224,224,grayscale,8407,8545,8406,8544,29.97002997002997,train
again,spreadthesign,kaggle_dataset/videos/01460.mp4,1,71.0,71.0,2.84,25.0,wlasl_2,True,320.0,240.0,False,False,False,2.84,0.0,False,0.4669999999999996,8.125,False,False,,ok,,normalized_frames/topn_224_gray_jpg/again/01460__s000000__e000070__3b3e3faa76c6,71,jpg,224,224,grayscale,1,71,0,70,25.0,train
school,msasl,MS-ASL/videos_MS_ASL_raw/msasl_raw_ig7SKr3tvWc.mp4,0,115.0,116.0,4.583,25.09,msasl_87,True,1280.0,720.0,False,False,False,4.623355918692706,0.0403559186927058,False,0.4669999999999996,8.125,False,False,,ok,,normalized_frames/topn_224_gray_jpg/school/msasl_raw_ig7SKr3tvWc__s000000__e000114__bfe335b3fc60,92,jpg,224,224,grayscale,0,115,0,114,20.0,train
sit,msasl,MS-ASL/videos_MS_ASL_raw/msasl_raw_nHnqAu_1K-c.mp4,1638,1688.0,51.0,1.6670000000000016,30.0,msasl_101,True,640.0,360.0,False,False,False,1.7,0.0329999999999983,False,0.4669999999999996,8.125,False,False,,ok,,normalized_frames/topn_224_gray_jpg/sit/msasl_raw_nHnqAu_1K-c__s001637__e001687__60db64e7dce9,51,jpg,224,224,grayscale,1638,1688,1637,1687,30.0,train
what,msasl,MS-ASL/videos_MS_ASL_raw/msasl_raw_WxY7E9P46DM.mp4,3667,3833.0,167.0,5.7679999999999865,28.78,msasl_394,True,1080.0,720.0,False,False,False,5.802640722724114,0.0346407227241272,False,0.4669999999999996,8.125,False,False,,ok,,normalized_frames/topn_224_gray_jpg/what/msasl_raw_WxY7E9P46DM__s003666__e003832__89d87f371bc4,167,jpg,224,224,grayscale,3667,3833,3666,3832,28.78,train
father,msasl,MS-ASL/videos_MS_ASL_raw/msasl_raw_rkQZQhloXuE.mp4,3469,3539.0,71.0,2.3359999999999985,29.97,msasl_370,True,640.0,360.0,False,False,False,2.369035702369036,0.033035702369037,False,0.4669999999999996,8.125,False,False,,ok,,normalized_frames/topn_224_gray_jpg/father/msasl_raw_rkQZQhloXuE__s003468__e003538__6fce5186a50d,71,jpg,224,224,grayscale,3469,3539,3468,3538,29.97002997002997,train
table,startasl,kaggle_dataset/videos/15773.mp4,1,56.0,56.0,1.869,29.97002997002997,wlasl_38,True,1280.0,720.0,False,False,False,1.8685333333333327,0.0004666666666666,False,0.4669999999999996,8.125,False,False,,ok,,normalized_frames/topn_224_gray_jpg/table/15773__s000000__e000055__0ef5c9a82dcb,56,jpg,224,224,grayscale,1,56,0,55,29.97002997002997,train
eat,msasl,MS-ASL/videos_MS_ASL_raw/msasl_raw_mC0lNJ6iz-s.mp4,31691,31728.0,38.0,1.2349999999999,29.97,msasl_32,True,640.0,360.0,False,False,False,1.267934601267935,0.0329346012680347,False,0.4669999999999996,8.125,False,False,,ok,,normalized_frames/topn_224_gray_jpg/eat/msasl_raw_mC0lNJ6iz-s__s031690__e031727__ff413d09e70b,38,jpg,224,224,grayscale,31691,31728,31690,31727,29.97002997002997,train
mother,msasl,MS-ASL/videos_MS_ASL_raw/msasl_raw_mfrGIHTnKvI.mp4,873,894.0,22.0,0.8740000000000023,24.042,msasl_94,True,640.0,360.0,False,False,False,0.9150653023874884,0.0410653023874861,False,0.4669999999999996,8.125,False,False,,ok,,normalized_frames/topn_224_gray_jpg/mother/msasl_raw_mfrGIHTnKvI__s000872__e000893__967562e2474b,22,jpg,224,224,grayscale,873,894,872,893,24.042,train
sit,msasl,MS-ASL/videos_MS_ASL_raw/msasl_raw_zICB0wesqvY.mp4,0,53.0,54.0,1.768,29.97,msasl_143,True,636.0,360.0,False,False,False,1.8018018018018016,0.0338018018018018,False,0.4669999999999996,8.125,False,False,,ok,,normalized_frames/topn_224_gray_jpg/sit/msasl_raw_zICB0wesqvY__s000000__e000052__17029bd61e7d,53,jpg,224,224,grayscale,0,53,0,52,29.97002997002997,train
eat,msasl,MS-ASL/videos_MS_ASL_raw/msasl_raw_CmKYKBQuHf4.mp4,413,606.0,194.0,6.44,29.97,msasl_80,True,640.0,360.0,False,False,False,6.4731398064731405,0.03313980647314,False,0.4669999999999996,8.125,False,False,,ok,,normalized_frames/topn_224_gray_jpg/eat/msasl_raw_CmKYKBQuHf4__s000412__e000605__a5225f2f5983,194,jpg,224,224,grayscale,413,606,412,605,29.97002997002997,train
deaf,msasl,MS-ASL/videos_MS_ASL_raw/msasl_raw_FwGL9FjFpYI.mp4,1990,2085.0,96.0,3.1699999999999875,29.97,msasl_26,True,1280.0,720.0,False,False,False,3.2032032032032034,0.0332032032032159,False,0.4669999999999996,8.125,False,False,,ok,,normalized_frames/topn_224_gray_jpg/deaf/msasl_raw_FwGL9FjFpYI__s001989__e002084__bd89ac3654ab,96,jpg,224,224,grayscale,1990,2085,1989,2084,29.97002997002997,val
help,msasl,MS-ASL/videos_MS_ASL_raw/msasl_raw_r9JzT9nM6aw.mp4,0,71.0,72.0,2.369,29.97,msasl_0,True,1280.0,720.0,False,False,False,2.4024024024024024,0.0334024024024022,False,0.4669999999999996,8.125,False,False,,ok,,normalized_frames/topn_224_gray_jpg/help/msasl_raw_r9JzT9nM6aw__s000000__e000070__97f6b3dec2cd,71,jpg,224,224,grayscale,0,71,0,70,29.97002997002997,test
but,msasl,MS-ASL/videos_MS_ASL_raw/msasl_raw_Gs9zBeSIVIE.mp4,2405,2478.0,74.0,2.436000000000007,29.97,msasl_286,True,640.0,360.0,False,False,False,2.469135802469136,0.033135802469129,False,0.4669999999999996,8.125,False,False,,ok,,normalized_frames/topn_224_gray_jpg/but/msasl_raw_Gs9zBeSIVIE__s002404__e002477__f7e9397ceaba,74,jpg,224,224,grayscale,2405,2478,2404,2477,29.97002997002997,train
mother,aslsearch,kaggle_dataset/videos/36611.mp4,1,94.0,94.0,3.103,30.29258379122356,wlasl_41,True,720.0,400.0,False,False,False,3.1030697364030697,6.973640306950912e-05,False,0.4669999999999996,8.125,False,False,,ok,,normalized_frames/topn_224_gray_jpg/mother/36611__s000000__e000093__f5ce24e2fe3c,94,jpg,224,224,grayscale,1,94,0,93,30.29258379122356,train
like,asldeafined,kaggle_dataset/videos/33270.mp4,1,78.0,78.0,2.6,29.996154339187285,wlasl_13,True,640.0,480.0,False,False,False,2.6003333333333334,0.0003333333333332,False,0.4669999999999996,8.125,False,False,,ok,,normalized_frames/topn_224_gray_jpg/like/33270__s000000__e000077__468f19033e48,78,jpg,224,224,grayscale,1,78,0,77,29.996154339187285,train
finish,msasl,MS-ASL/videos_MS_ASL_raw/msasl_raw_HUMEcnkvhJU.mp4,10122,10193.0,72.0,2.368999999999972,29.97,msasl_251,True,640.0,360.0,False,False,False,2.4024024024024024,0.0334024024024306,False,0.4669999999999996,8.125,False,False,,ok,,normalized_frames/topn_224_gray_jpg/finish/msasl_raw_HUMEcnkvhJU__s010121__e010192__58bc99f4fda4,72,jpg,224,224,grayscale,10122,10193,10121,10192,29.97002997002997,train
deaf,msasl,MS-ASL/videos_MS_ASL_raw/msasl_raw_UoITyyziLOw.mp4,4548,4637.0,90.0,2.968999999999994,29.97,msasl_160,True,640.0,360.0,False,False,False,3.003003003003004,0.0340030030030091,False,0.4669999999999996,8.125,False,False,,ok,,normalized_frames/topn_224_gray_jpg/deaf/msasl_raw_UoITyyziLOw__s004547__e004636__9aa7151595c9,90,jpg,224,224,grayscale,4548,4637,4547,4636,29.970090947933837,train
school,msasl,MS-ASL/videos_MS_ASL_raw/msasl_raw_vuE3RN10AGA.mp4,0,81.0,82.0,2.703,29.97,msasl_0,True,1280.0,720.0,False,False,False,2.736069402736069,0.0330694027360696,False,0.4669999999999996,8.125,False,False,,ok,,normalized_frames/topn_224_gray_jpg/school/msasl_raw_vuE3RN10AGA__s000000__e000080__0fce351abf2a,81,jpg,224,224,grayscale,0,81,0,80,29.97002997002997,test
need,msasl,MS-ASL/videos_MS_ASL_raw/msasl_raw_3_lBaA2U6aY.mp4,14456,14534.0,79.0,2.599999999999966,30.0,msasl_312,True,640.0,360.0,False,False,False,2.6333333333333333,0.0333333333333674,False,0.4669999999999996,8.125,False,False,,ok,,normalized_frames/topn_224_gray_jpg/need/msasl_raw_3_lBaA2U6aY__s014455__e014533__bec2a4185a2c,79,jpg,224,224,grayscale,14456,14534,14455,14533,30.0,train
bird,msasl,MS-ASL/videos_MS_ASL_raw/msasl_raw_KRKnyp3VzFw.mp4,0,86.0,87.0,3.44,25.0,msasl_0,True,480.0,360.0,False,False,False,3.48,0.04,False,0.4669999999999996,8.125,False,False,,ok,,normalized_frames/topn_224_gray_jpg/bird/msasl_raw_KRKnyp3VzFw__s000000__e000085__1b06edc8ad2a,86,jpg,224,224,grayscale,0,86,0,85,25.0,test
bird,signschool,kaggle_dataset/videos/06334.mp4,1,19.0,19.0,0.792,23.97610801867613,wlasl_4,True,1920.0,1080.0,False,False,False,0.7924555555555555,0.0004555555555554,False,0.4669999999999996,8.125,False,False,,ok,,normalized_frames/topn_224_gray_jpg/bird/06334__s000000__e000018__f1152b8fe234,19,jpg,224,224,grayscale,1,19,0,18,23.97610801867613,train
deaf,msasl,MS-ASL/videos_MS_ASL_raw/msasl_raw_0bIF7jh6lnE.mp4,409,496.0,88.0,2.9030000000000005,29.97,msasl_125,True,480.0,360.0,False,False,False,2.9362696029362696,0.0332696029362691,False,0.4669999999999996,8.125,False,False,,ok,,normalized_frames/topn_224_gray_jpg/deaf/msasl_raw_0bIF7jh6lnE__s000408__e000495__fa2e8c1f2930,88,jpg,224,224,grayscale,409,496,408,495,29.97002997002997,test
student,msasl,MS-ASL/videos_MS_ASL_raw/msasl_raw_BEKUHzwnVO8.mp4,5429,5549.0,121.0,4.003999999999991,29.97,msasl_80,True,640.0,360.0,False,False,False,4.037370704037371,0.03337070403738,False,0.4669999999999996,8.125,False,False,,ok,,normalized_frames/topn_224_gray_jpg/student/msasl_raw_BEKUHzwnVO8__s005428__e005548__492c69732f23,121,jpg,224,224,grayscale,5429,5549,5428,5548,29.97002997002997,train
happy,msasl,MS-ASL/videos_MS_ASL_raw/msasl_raw_91foGHKuwL0.mp4,2246,2301.0,56.0,1.8329999999999984,30.0,msasl_101,True,640.0,360.0,False,False,False,1.8666666666666667,0.0336666666666682,False,0.4669999999999996,8.125,False,False,,ok,,normalized_frames/topn_224_gray_jpg/happy/msasl_raw_91foGHKuwL0__s002245__e002300__34db5a3b819f,56,jpg,224,224,grayscale,2246,2301,2245,2300,30.0,train
teacher,msasl,MS-ASL/videos_MS_ASL_raw/msasl_raw_Ni6Uixw5Qmo.mp4,1276,1382.0,107.0,4.240000000000002,25.0,msasl_94,True,1280.0,720.0,False,False,False,4.28,0.0399999999999982,False,0.4669999999999996,8.125,False,False,,ok,,normalized_frames/topn_224_gray_jpg/teacher/msasl_raw_Ni6Uixw5Qmo__s001275__e001381__9acd819058d9,107,jpg,224,224,grayscale,1276,1382,1275,1381,25.0,train
sit,msasl,MS-ASL/videos_MS_ASL_raw/msasl_raw_JHFExZgYdwk.mp4,2607,2805.0,199.0,7.920000000000002,25.0,msasl_12,True,1280.0,720.0,False,False,False,7.96,0.0399999999999982,False,0.4669999999999996,8.125,False,False,,ok,,normalized_frames/topn_224_gray_jpg/sit/msasl_raw_JHFExZgYdwk__s002606__e002804__9e8823266194,199,jpg,224,224,grayscale,2607,2805,2606,2804,25.0,train
deaf,msasl,MS-ASL/videos_MS_ASL_raw/msasl_raw_owXsDIKq4lk.mp4,934,1004.0,71.0,2.3359999999999985,29.97,msasl_391,True,1280.0,720.0,False,False,False,2.369035702369036,0.033035702369037,False,0.4669999999999996,8.125,False,False,,ok,,normalized_frames/topn_224_gray_jpg/deaf/msasl_raw_owXsDIKq4lk__s000933__e001003__d085a859711d,71,jpg,224,224,grayscale,934,1004,933,1003,29.97002997002997,train
like,signingsavvy,kaggle_dataset/videos/33274.mp4,1,30.0,30.0,1.001,29.97,wlasl_11,True,288.0,192.0,False,False,False,1.001001001001001,1.0010010011995971e-06,False,0.4669999999999996,8.125,False,False,,ok,,normalized_frames/topn_224_gray_jpg/like/33274__s000000__e000029__8d8a83f2aa37,30,jpg,224,224,grayscale,1,30,0,29,29.97,val
again,startasl,kaggle_dataset/videos/01461.mp4,1,82.0,82.0,2.736,29.97,wlasl_36,True,736.0,414.0,False,False,False,2.736069402736069,6.940273606925729e-05,False,0.4669999999999996,8.125,False,False,,ok,,normalized_frames/topn_224_gray_jpg/again/01461__s000000__e000081__47d00c932412,82,jpg,224,224,grayscale,1,82,0,81,29.97,test
bird,msasl,MS-ASL/videos_MS_ASL_raw/msasl_raw_FUHOIo_8o9w.mp4,1855,1943.0,89.0,2.936,29.97,msasl_18,True,640.0,360.0,False,False,False,2.9696363029696364,0.0336363029696364,False,0.4669999999999996,8.125,False,False,,ok,,normalized_frames/topn_224_gray_jpg/bird/msasl_raw_FUHOIo_8o9w__s001854__e001942__5b1fb9aac80c,89,jpg,224,224,grayscale,1855,1943,1854,1942,29.97002997002997,train
tired,msasl,MS-ASL/videos_MS_ASL_raw/msasl_raw_1RRUK21Xyzw.mp4,0,93.0,94.0,3.103,29.97,msasl_0,True,640.0,360.0,False,False,False,3.1364698031364697,0.0334698031364695,False,0.4669999999999996,8.125,False,False,,ok,,normalized_frames/topn_224_gray_jpg/tired/msasl_raw_1RRUK21Xyzw__s000000__e000092__1f1eae2d4ce0,93,jpg,224,224,grayscale,0,93,0,92,29.97002997002997,test
school,msasl,MS-ASL/videos_MS_ASL_raw/msasl_raw_c49qWjgFtRI.mp4,1063,1113.0,51.0,1.6670000000000016,30.0,msasl_101,True,640.0,360.0,False,False,False,1.7,0.0329999999999983,False,0.4669999999999996,8.125,False,False,,ok,,normalized_frames/topn_224_gray_jpg/school/msasl_raw_c49qWjgFtRI__s001062__e001112__dfdaf8fa3d38,51,jpg,224,224,grayscale,1063,1113,1062,1112,30.0,train
but,startasl,kaggle_dataset/videos/16193.mp4,1,90.0,90.0,3.003,29.97,wlasl_36,True,736.0,414.0,False,False,False,3.003003003003004,3.003003003154703e-06,False,0.4669999999999996,8.125,False,False,,ok,,normalized_frames/topn_224_gray_jpg/but/16193__s000000__e000089__0435518a6146,90,jpg,224,224,grayscale,1,90,0,89,29.97,test
student,msasl,MS-ASL/videos_MS_ASL_raw/msasl_raw_8OGGZyG8S9g.mp4,25879,25949.0,71.0,2.7999999999999545,25.0,msasl_12,True,480.0,360.0,False,False,False,2.84,0.0400000000000453,False,0.4669999999999996,8.125,False,False,,ok,,normalized_frames/topn_224_gray_jpg/student/msasl_raw_8OGGZyG8S9g__s025878__e025948__d95db3ce25e6,71,jpg,224,224,grayscale,25879,25949,25878,25948,25.0,train
no,msasl,MS-ASL/videos_MS_ASL_raw/msasl_raw_yDNcxRM9Nf8.mp4,282,355.0,74.0,2.436,29.97,msasl_144,True,480.0,360.0,False,False,False,2.469135802469136,0.0331358024691361,False,0.4669999999999996,8.125,False,False,,ok,,normalized_frames/topn_224_gray_jpg/no/msasl_raw_yDNcxRM9Nf8__s000281__e000354__aac0b576d74b,74,jpg,224,224,grayscale,282,355,281,354,29.97002997002997,train
sit,msasl,MS-ASL/videos_MS_ASL_raw/msasl_raw_3zoqSvF0Z2A.mp4,3974,4037.0,64.0,2.0999999999999943,30.0,msasl_176,True,568.0,320.0,False,False,False,2.1333333333333333,0.0333333333333389,False,0.4669999999999996,8.125,False,False,,ok,,normalized_frames/topn_224_gray_jpg/sit/msasl_raw_3zoqSvF0Z2A__s003973__e004036__e4aebd7bf6ee,64,jpg,224,224,grayscale,3974,4037,3973,4036,30.0,train
but,msasl,MS-ASL/videos_MS_ASL_raw/msasl_raw_KTy-PKpWS-Y.mp4,0,82.0,83.0,2.733,30.0,msasl_0,True,640.0,360.0,False,False,False,2.7666666666666666,0.0336666666666665,False,0.4669999999999996,8.125,False,False,,ok,,normalized_frames/topn_224_gray_jpg/but/msasl_raw_KTy-PKpWS-Y__s000000__e000081__cf4da777c7c5,82,jpg,224,224,grayscale,0,82,0,81,30.0,test
doctor,msasl,MS-ASL/videos_MS_ASL_raw/msasl_raw_Ni6Uixw5Qmo.mp4,335,442.0,108.0,4.279999999999999,25.0,msasl_94,True,1280.0,720.0,False,False,False,4.32,0.0400000000000009,False,0.4669999999999996,8.125,False,False,,ok,,normalized_frames/topn_224_gray_jpg/doctor/msasl_raw_Ni6Uixw5Qmo__s000334__e000441__bfac82fd8c64,108,jpg,224,224,grayscale,335,442,334,441,25.0,train
cousin,aslsearch,kaggle_dataset/videos/13646.mp4,1,72.0,72.0,2.369,30.39254074001042,wlasl_41,True,720.0,400.0,False,False,False,2.3690023356690024,2.335669002206941e-06,False,0.4669999999999996,8.125,False,False,,ok,,normalized_frames/topn_224_gray_jpg/cousin/13646__s000000__e000071__72f936a48c21,72,jpg,224,224,grayscale,1,72,0,71,30.39254074001042,train
tired,msasl,MS-ASL/videos_MS_ASL_raw/msasl_raw_5S3qaGLdPmE.mp4,1211,1330.0,120.0,3.971000000000004,29.97,msasl_32,True,640.0,360.0,False,False,False,4.004004004004004,0.0330040040040002,False,0.4669999999999996,8.125,False,False,,ok,,normalized_frames/topn_224_gray_jpg/tired/msasl_raw_5S3qaGLdPmE__s001210__e001329__727ae54b2c3e,120,jpg,224,224,grayscale,1211,1330,1210,1329,29.97002997002997,train
need,msasl,MS-ASL/videos_MS_ASL_raw/msasl_raw_jQb9NL9_S6U.mp4,10780,10870.0,91.0,3.619000000000028,24.87,msasl_6,True,640.0,358.0,False,False,False,3.65902694008846,0.0400269400884316,False,0.4669999999999996,8.125,False,False,,ok,,normalized_frames/topn_224_gray_jpg/need/msasl_raw_jQb9NL9_S6U__s010779__e010869__bd8f753c4fbc,91,jpg,224,224,grayscale,10780,10870,10779,10869,25.0,train
mother,signschool,kaggle_dataset/videos/36931.mp4,1,82.0,82.0,2.736,29.97002997002997,wlasl_4,True,1920.0,1080.0,False,False,False,2.736066666666667,6.666666666665932e-05,False,0.4669999999999996,8.125,False,False,,ok,,normalized_frames/topn_224_gray_jpg/mother/36931__s000000__e000081__27448368b9dc,82,jpg,224,224,grayscale,1,82,0,81,29.97002997002997,train
table,msasl,MS-ASL/videos_MS_ASL_raw/msasl_raw_XtkDeYBnR8o.mp4,3662,3732.0,71.0,2.335000000000008,29.97,msasl_309,True,640.0,360.0,False,False,False,2.369035702369036,0.0340357023690276,False,0.4669999999999996,8.125,False,False,,ok,,normalized_frames/topn_224_gray_jpg/table/msasl_raw_XtkDeYBnR8o__s003661__e003731__82da820fb961,71,jpg,224,224,grayscale,3662,3732,3661,3731,29.97002997002997,val
father,msasl,MS-ASL/videos_MS_ASL_raw/msasl_raw_d4ms2NX2Q5c.mp4,0,157.0,158.0,5.233,30.0,msasl_62,True,640.0,360.0,False,False,False,5.266666666666667,0.0336666666666669,False,0.4669999999999996,8.125,False,False,,ok,,normalized_frames/topn_224_gray_jpg/father/msasl_raw_d4ms2NX2Q5c__s000000__e000156__286c34a9d408,157,jpg,224,224,grayscale,0,157,0,156,30.0,train
spring,msasl,MS-ASL/videos_MS_ASL_raw/msasl_raw_ZPzyHFaCTrw.mp4,535,672.0,138.0,4.5710000000000015,29.97,msasl_72,True,480.0,360.0,False,False,False,4.604604604604605,0.0336046046046032,False,0.4669999999999996,8.125,False,False,,ok,,normalized_frames/topn_224_gray_jpg/spring/msasl_raw_ZPzyHFaCTrw__s000534__e000671__c8491e63077c,138,jpg,224,224,grayscale,535,672,534,671,30.0,train
finish,signingsavvy,kaggle_dataset/videos/21951.mp4,1,30.0,30.0,1.001,29.97,wlasl_11,True,288.0,192.0,False,False,False,1.001001001001001,1.0010010011995971e-06,False,0.4669999999999996,8.125,False,False,,ok,,normalized_frames/topn_224_gray_jpg/finish/21951__s000000__e000029__31f131f332a0,29,jpg,224,224,grayscale,1,30,0,29,29.97,val
deaf,msasl,MS-ASL/videos_MS_ASL_raw/msasl_raw_AkGYEiN8vOY.mp4,326,477.0,152.0,6.039999999999999,25.0,msasl_172,True,640.0,360.0,False,False,False,6.08,0.0400000000000009,False,0.4669999999999996,8.125,False,False,,ok,,normalized_frames/topn_224_gray_jpg/deaf/msasl_raw_AkGYEiN8vOY__s000325__e000476__01db63178874,152,jpg,224,224,grayscale,326,477,325,476,25.0,train
learn,asldeafined,kaggle_dataset/videos/32608.mp4,1,135.0,135.0,4.5,29.99777794237464,wlasl_13,True,640.0,480.0,False,False,False,4.500333333333333,0.0003333333333328,False,0.4669999999999996,8.125,False,False,,ok,,normalized_frames/topn_224_gray_jpg/learn/32608__s000000__e000134__73a29c977cdd,135,jpg,224,224,grayscale,1,135,0,134,29.99777794237464,train
bird,msasl,MS-ASL/videos_MS_ASL_raw/msasl_raw_DiKUdUzxRmk.mp4,1247,1378.0,132.0,4.371000000000002,29.97,msasl_286,True,1280.0,720.0,False,False,False,4.404404404404405,0.0334044044044024,False,0.4669999999999996,8.125,False,False,,ok,,normalized_frames/topn_224_gray_jpg/bird/msasl_raw_DiKUdUzxRmk__s001246__e001377__0db150bc0b63,132,jpg,224,224,grayscale,1247,1378,1246,1377,29.97002997002997,train
eat,msasl,MS-ASL/videos_MS_ASL_raw/msasl_raw_6UrcyZ-QeiU.mp4,989,1107.0,119.0,3.9369999999999976,29.97,msasl_205,True,640.0,360.0,False,False,False,3.9706373039706375,0.0336373039706399,False,0.4669999999999996,8.125,False,False,,ok,,normalized_frames/topn_224_gray_jpg/eat/msasl_raw_6UrcyZ-QeiU__s000988__e001106__eb137a381384,119,jpg,224,224,grayscale,989,1107,988,1106,29.97002997002997,train
cousin,signingsavvy,kaggle_dataset/videos/13642.mp4,1,40.0,40.0,1.335,29.97,wlasl_11,True,288.0,192.0,False,False,False,1.334668001334668,0.0003319986653318,False,0.4669999999999996,8.125,False,False,,ok,,normalized_frames/topn_224_gray_jpg/cousin/13642__s000000__e000039__bd27cc528cb0,39,jpg,224,224,grayscale,1,40,0,39,29.97,val
but,msasl,MS-ASL/videos_MS_ASL_raw/msasl_raw_AiozVha_k4o.mp4,9376,9446.0,71.0,2.7999999999999545,25.0,msasl_12,True,480.0,360.0,False,False,False,2.84,0.0400000000000453,False,0.4669999999999996,8.125,False,False,,ok,,normalized_frames/topn_224_gray_jpg/but/msasl_raw_AiozVha_k4o__s009375__e009445__f3a12281e53b,71,jpg,224,224,grayscale,9376,9446,9375,9445,25.0,train
learn,msasl,MS-ASL/videos_MS_ASL_raw/msasl_raw_iHR2uV-Uxc8.mp4,10003,10024.0,22.0,0.6999999999999886,29.97,msasl_349,True,640.0,360.0,False,False,False,0.7340674007340674,0.0340674007340787,False,0.4669999999999996,8.125,False,False,,ok,,normalized_frames/topn_224_gray_jpg/learn/msasl_raw_iHR2uV-Uxc8__s010002__e010023__032fb0434f23,22,jpg,224,224,grayscale,10003,10024,10002,10023,29.97002997002997,train
no,msasl,MS-ASL/videos_MS_ASL_raw/msasl_raw_FwGL9FjFpYI.mp4,16091,16127.0,37.0,1.2010000000000218,29.97,msasl_26,True,1280.0,720.0,False,False,False,1.234567901234568,0.0335679012345462,False,0.4669999999999996,8.125,False,False,,ok,,normalized_frames/topn_224_gray_jpg/no/msasl_raw_FwGL9FjFpYI__s016090__e016126__367fc495a0a9,37,jpg,224,224,grayscale,16091,16127,16090,16126,29.97002997002997,val
table,msasl,MS-ASL/videos_MS_ASL_raw/msasl_raw_lSGqVZBYv5g.mp4,20,80.0,61.0,2.002,29.97,msasl_36,True,480.0,360.0,False,False,False,2.035368702035369,0.0333687020353687,False,0.4669999999999996,8.125,False,False,,ok,,normalized_frames/topn_224_gray_jpg/table/msasl_raw_lSGqVZBYv5g__s000019__e000079__de3b456dd021,61,jpg,224,224,grayscale,20,80,19,79,29.97002997002997,train
yes,msasl,MS-ASL/videos_MS_ASL_raw/msasl_raw_DOZJOFHs75s.mp4,974,1025.0,52.0,1.7019999999999982,29.97,msasl_95,True,480.0,360.0,False,False,False,1.7350684017350684,0.0330684017350701,False,0.4669999999999996,8.125,False,False,,ok,,normalized_frames/topn_224_gray_jpg/yes/msasl_raw_DOZJOFHs75s__s000973__e001024__0910cb08f397,52,jpg,224,224,grayscale,974,1025,973,1024,29.97002997002997,train
happy,msasl,MS-ASL/videos_MS_ASL_raw/msasl_raw_ZXHHO_DY6_A.mp4,0,89.0,90.0,2.97,29.97,msasl_0,True,1280.0,720.0,False,False,False,3.003003003003004,0.033003003003003,False,0.4669999999999996,8.125,False,False,,ok,,normalized_frames/topn_224_gray_jpg/happy/msasl_raw_ZXHHO_DY6_A__s000000__e000088__325512887a37,89,jpg,224,224,grayscale,0,89,0,88,29.97002997002997,test
no,msasl,MS-ASL/videos_MS_ASL_raw/msasl_raw_FwGL9FjFpYI.mp4,16043,16088.0,46.0,1.5019999999999527,29.97,msasl_26,True,1280.0,720.0,False,False,False,1.5348682015348682,0.0328682015349155,False,0.4669999999999996,8.125,False,False,,ok,,normalized_frames/topn_224_gray_jpg/no/msasl_raw_FwGL9FjFpYI__s016042__e016087__ea9224aeb8aa,46,jpg,224,224,grayscale,16043,16088,16042,16087,29.97002997002997,val
what,msasl,MS-ASL/videos_MS_ASL_raw/msasl_raw_RMUydgQr9TE.mp4,3447,3494.0,48.0,1.5679999999999978,29.97,msasl_26,True,1280.0,720.0,False,False,False,1.6016016016016017,0.0336016016016038,False,0.4669999999999996,8.125,False,False,,ok,,normalized_frames/topn_224_gray_jpg/what/msasl_raw_RMUydgQr9TE__s003446__e003493__1c4e7074ca7c,48,jpg,224,224,grayscale,3447,3494,3446,3493,29.97002997002997,val
fish,msasl,MS-ASL/videos_MS_ASL_raw/msasl_raw_gVUwBsPOUjk.mp4,8118,8281.0,164.0,5.438000000000045,29.97,msasl_80,True,640.0,360.0,False,False,False,5.472138805472139,0.0341388054720939,False,0.4669999999999996,8.125,False,False,,ok,,normalized_frames/topn_224_gray_jpg/fish/msasl_raw_gVUwBsPOUjk__s008117__e008280__b4fec86b8688,164,jpg,224,224,grayscale,8118,8281,8117,8280,29.97002997002997,train
sit,aslsearch,kaggle_dataset/videos/09869.mp4,1,93.0,93.0,3.07,30.296090174893205,wlasl_12,True,720.0,400.0,False,False,False,3.069703036369703,0.0002969636302969,False,0.4669999999999996,8.125,False,False,,ok,,normalized_frames/topn_224_gray_jpg/sit/09869__s000000__e000092__d9445adc9fcc,93,jpg,224,224,grayscale,1,93,0,92,30.296090174893205,train
need,signingsavvy,kaggle_dataset/videos/37430.mp4,1,33.0,33.0,1.101,29.97,wlasl_11,True,288.0,192.0,False,False,False,1.1011011011011012,0.0001011011011011,False,0.4669999999999996,8.125,False,False,,ok,,normalized_frames/topn_224_gray_jpg/need/37430__s000000__e000032__0aff4cd0806c,33,jpg,224,224,grayscale,1,33,0,32,29.97,val
mother,asldeafined,kaggle_dataset/videos/36933.mp4,1,74.0,74.0,2.466,30.00405460197324,wlasl_13,True,640.0,480.0,False,False,False,2.466333333333333,0.0003333333333328,False,0.4669999999999996,8.125,False,False,,ok,,normalized_frames/topn_224_gray_jpg/mother/36933__s000000__e000073__a8c2db2bd429,74,jpg,224,224,grayscale,1,74,0,73,30.00405460197324,train
school,msasl,MS-ASL/videos_MS_ASL_raw/msasl_raw_Y4Jj9NexFFE.mp4,0,107.0,108.0,4.28,25.0,msasl_14,True,640.0,360.0,False,False,False,4.32,0.04,False,0.4669999999999996,8.125,False,False,,ok,,normalized_frames/topn_224_gray_jpg/school/msasl_raw_Y4Jj9NexFFE__s000000__e000106__b383a10e81bd,107,jpg,224,224,grayscale,0,107,0,106,25.0,train
need,msasl,MS-ASL/videos_MS_ASL_raw/msasl_raw_TDoqoJDX280.mp4,1770,1943.0,174.0,5.772000000000006,29.97,msasl_124,True,640.0,360.0,False,False,False,5.805805805805806,0.0338058058058008,False,0.4669999999999996,8.125,False,False,,ok,,normalized_frames/topn_224_gray_jpg/need/msasl_raw_TDoqoJDX280__s001769__e001942__8c66d6f8d0a2,174,jpg,224,224,grayscale,1770,1943,1769,1942,29.97,train
cousin,msasl,MS-ASL/videos_MS_ASL_raw/msasl_raw_UXetwN_cI5A.mp4,6925,6995.0,71.0,2.800000000000012,25.0,msasl_12,True,480.0,360.0,False,False,False,2.84,0.039999999999988,False,0.4669999999999996,8.125,False,False,,ok,,normalized_frames/topn_224_gray_jpg/cousin/msasl_raw_UXetwN_cI5A__s006924__e006994__62f09739503b,71,jpg,224,224,grayscale,6925,6995,6924,6994,25.0,train
school,msasl,MS-ASL/videos_MS_ASL_raw/msasl_raw_g5VCwKZib-M.mp4,22237,22395.0,159.0,6.319999999999936,25.0,msasl_12,True,640.0,360.0,False,False,False,6.36,0.0400000000000639,False,0.4669999999999996,8.125,False,False,,ok,,normalized_frames/topn_224_gray_jpg/school/msasl_raw_g5VCwKZib-M__s022236__e022394__3ff940dc4fd3,159,jpg,224,224,grayscale,22237,22395,22236,22394,25.0,train
like,asldeafined,kaggle_dataset/videos/33269.mp4,1,72.0,72.0,2.4,29.99583391195668,wlasl_13,True,640.0,480.0,False,False,False,2.4003333333333328,0.0003333333333328,False,0.4669999999999996,8.125,False,False,,ok,,normalized_frames/topn_224_gray_jpg/like/33269__s000000__e000071__13c8a8353b2c,72,jpg,224,224,grayscale,1,72,0,71,29.995833911956677,train
yes,msasl,MS-ASL/videos_MS_ASL_raw/msasl_raw_kMO8kgPiQHY.mp4,0,44.0,45.0,2.933,15.0,msasl_3,True,480.0,360.0,False,False,False,3.0,0.0670000000000001,False,0.4669999999999996,8.125,False,False,,ok,,normalized_frames/topn_224_gray_jpg/yes/msasl_raw_kMO8kgPiQHY__s000000__e000043__8421c7faa7dd,44,jpg,224,224,grayscale,0,44,0,43,15.001704739174906,train
need,signingsavvy,kaggle_dataset/videos/37886.mp4,1,48.0,48.0,1.602,29.97,wlasl_11,True,288.0,192.0,False,False,False,1.6016016016016017,0.0003983983983983,False,0.4669999999999996,8.125,False,False,,ok,,normalized_frames/topn_224_gray_jpg/need/37886__s000000__e000047__7896b1d66548,45,jpg,224,224,grayscale,1,48,0,47,29.97,val
teacher,msasl,MS-ASL/videos_MS_ASL_raw/msasl_raw_P3tBJESDamE.mp4,918,968.0,51.0,2.0860000000000056,23.976,msasl_94,True,1280.0,720.0,False,False,False,2.127127127127128,0.0411271271271216,False,0.4669999999999996,8.125,False,False,,ok,,normalized_frames/topn_224_gray_jpg/teacher/msasl_raw_P3tBJESDamE__s000917__e000967__ac2683b890e6,51,jpg,224,224,grayscale,918,968,917,967,23.976023976023978,train
like,msasl,MS-ASL/videos_MS_ASL_raw/msasl_raw_8uIg8r1awC4.mp4,0,71.0,72.0,2.369,29.97,msasl_0,True,640.0,360.0,False,False,False,2.4024024024024024,0.0334024024024022,False,0.4669999999999996,8.125,False,False,,ok,,normalized_frames/topn_224_gray_jpg/like/msasl_raw_8uIg8r1awC4__s000000__e000070__9ea9604c3946,71,jpg,224,224,grayscale,0,71,0,70,29.97002997002997,test
school,startasl,kaggle_dataset/videos/49596.mp4,1,67.0,67.0,2.236,29.97,wlasl_36,True,736.0,414.0,False,False,False,2.235568902235569,0.000431097764431,False,0.4669999999999996,8.125,False,False,,ok,,normalized_frames/topn_224_gray_jpg/school/49596__s000000__e000066__a1fe5e08d1d9,67,jpg,224,224,grayscale,1,67,0,66,29.97,test
need,startasl,kaggle_dataset/videos/37882.mp4,1,81.0,81.0,2.703,29.97,wlasl_36,True,736.0,414.0,False,False,False,2.702702702702702,0.0002972972972972,False,0.4669999999999996,8.125,False,False,,ok,,normalized_frames/topn_224_gray_jpg/need/37882__s000000__e000080__82b62a74d389,81,jpg,224,224,grayscale,1,81,0,80,29.97,test
mother,msasl,MS-ASL/videos_MS_ASL_raw/msasl_raw_ktnsWSvF4uw.mp4,0,42.0,43.0,1.4,30.0,msasl_0,True,320.0,240.0,False,False,False,1.4333333333333331,0.0333333333333334,False,0.4669999999999996,8.125,False,False,,ok,,normalized_frames/topn_224_gray_jpg/mother/msasl_raw_ktnsWSvF4uw__s000000__e000041__86538c32ac93,42,jpg,224,224,grayscale,0,42,0,41,30.0,test
learn,msasl,MS-ASL/videos_MS_ASL_raw/msasl_raw_p8OYydc3WQM.mp4,1729,1788.0,60.0,1.968999999999994,29.97,msasl_262,True,640.0,360.0,False,False,False,2.002002002002002,0.033002002002008,False,0.4669999999999996,8.125,False,False,,ok,,normalized_frames/topn_224_gray_jpg/learn/msasl_raw_p8OYydc3WQM__s001728__e001787__6aae9bd5cbae,60,jpg,224,224,grayscale,1729,1788,1728,1787,29.97002997002997,train
happy,msasl,MS-ASL/videos_MS_ASL_raw/msasl_raw_q8FmbxAC2VA.mp4,20,90.0,71.0,2.333,30.0,msasl_69,True,480.0,360.0,False,False,False,2.3666666666666667,0.0336666666666665,False,0.4669999999999996,8.125,False,False,,ok,,normalized_frames/topn_224_gray_jpg/happy/msasl_raw_q8FmbxAC2VA__s000019__e000089__5a1979c15aca,71,jpg,224,224,grayscale,20,90,19,89,30.0,train
eat,msasl,MS-ASL/videos_MS_ASL_raw/msasl_raw_XtkDeYBnR8o.mp4,621,701.0,81.0,2.6690000000000005,29.97,msasl_309,True,640.0,360.0,False,False,False,2.702702702702702,0.0337027027027021,False,0.4669999999999996,8.125,False,False,,ok,,normalized_frames/topn_224_gray_jpg/eat/msasl_raw_XtkDeYBnR8o__s000620__e000700__e039c967fa4b,81,jpg,224,224,grayscale,621,701,620,700,29.97002997002997,val
what,msasl,MS-ASL/videos_MS_ASL_raw/msasl_raw__ZlZH4b0C44.mp4,390,415.0,26.0,1.6670000000000016,15.0,msasl_388,True,1280.0,720.0,False,False,False,1.7333333333333334,0.0663333333333318,False,0.4669999999999996,8.125,False,False,,ok,,normalized_frames/topn_224_gray_jpg/what/msasl_raw__ZlZH4b0C44__s000389__e000414__85a1f4720570,26,jpg,224,224,grayscale,390,415,389,414,15.0,train
water,signschool,kaggle_dataset/videos/62502.mp4,1,92.0,92.0,3.07,29.97002997002997,wlasl_52,True,854.0,480.0,False,False,False,3.069733333333333,0.0002666666666666,False,0.4669999999999996,8.125,False,False,,ok,,normalized_frames/topn_224_gray_jpg/water/62502__s000000__e000091__c706b7f02988,92,jpg,224,224,grayscale,1,92,0,91,29.97002997002997,train
finish,msasl,MS-ASL/videos_MS_ASL_raw/msasl_raw_HUMEcnkvhJU.mp4,10047,10103.0,57.0,1.867999999999995,29.97,msasl_251,True,640.0,360.0,False,False,False,1.901901901901902,0.0339019019019068,False,0.4669999999999996,8.125,False,False,,ok,,normalized_frames/topn_224_gray_jpg/finish/msasl_raw_HUMEcnkvhJU__s010046__e010102__5728d1eab9df,57,jpg,224,224,grayscale,10047,10103,10046,10102,29.97002997002997,train
need,aslsearch,kaggle_dataset/videos/51295.mp4,1,83.0,83.0,2.736,30.33585775436286,wlasl_41,True,720.0,400.0,False,False,False,2.736036036036036,3.603603603563599e-05,False,0.4669999999999996,8.125,False,False,,ok,,normalized_frames/topn_224_gray_jpg/need/51295__s000000__e000082__dc5b4ad6c4c7,83,jpg,224,224,grayscale,1,83,0,82,30.33585775436286,train
doctor,aslsignbank,kaggle_dataset/videos/65503.mp4,1,48.0,48.0,2.002,23.976023976023978,wlasl_99,True,656.0,370.0,False,False,False,2.002,0.0,False,0.4669999999999996,8.125,False,False,,ok,,normalized_frames/topn_224_gray_jpg/doctor/65503__s000000__e000047__7e462e8763a1,48,jpg,224,224,grayscale,1,48,0,47,23.976023976023978,train
orange,msasl,MS-ASL/videos_MS_ASL_raw/msasl_raw_JHFExZgYdwk.mp4,2418,2505.0,88.0,3.480000000000004,25.0,msasl_12,True,1280.0,720.0,False,False,False,3.52,0.039999999999996,False,0.4669999999999996,8.125,False,False,,ok,,normalized_frames/topn_224_gray_jpg/orange/msasl_raw_JHFExZgYdwk__s002417__e002504__83c19e381976,88,jpg,224,224,grayscale,2418,2505,2417,2504,25.0,train
learn,msasl,MS-ASL/videos_MS_ASL_raw/msasl_raw_DOZJOFHs75s.mp4,2535,2597.0,63.0,2.068000000000012,29.97,msasl_95,True,480.0,360.0,False,False,False,2.1021021021021022,0.0341021021020901,False,0.4669999999999996,8.125,False,False,,ok,,normalized_frames/topn_224_gray_jpg/learn/msasl_raw_DOZJOFHs75s__s002534__e002596__c37175cc7088,63,jpg,224,224,grayscale,2535,2597,2534,2596,29.97002997002997,train
man,msasl,MS-ASL/videos_MS_ASL_raw/msasl_raw_2VB3WN8adyM.mp4,5006,5089.0,84.0,3.459000000000003,24.0,msasl_125,True,1280.0,720.0,False,False,False,3.5,0.0409999999999968,False,0.4669999999999996,8.125,False,False,,ok,,normalized_frames/topn_224_gray_jpg/man/msasl_raw_2VB3WN8adyM__s005005__e005088__c453cc14336e,84,jpg,224,224,grayscale,5006,5089,5005,5088,24.00001629882261,test
water,msasl,MS-ASL/videos_MS_ASL_raw/msasl_raw_XtkDeYBnR8o.mp4,5852,5912.0,61.0,2.002000000000009,29.97,msasl_309,True,640.0,360.0,False,False,False,2.035368702035369,0.0333687020353594,False,0.4669999999999996,8.125,False,False,,ok,,normalized_frames/topn_224_gray_jpg/water/msasl_raw_XtkDeYBnR8o__s005851__e005911__b2c739c1383e,61,jpg,224,224,grayscale,5852,5912,5851,5911,29.97002997002997,val
spring,msasl,MS-ASL/videos_MS_ASL_raw/msasl_raw_mpza-o6YaZc.mp4,160,220.0,61.0,2.002,29.97,msasl_36,True,480.0,360.0,False,False,False,2.035368702035369,0.0333687020353687,False,0.4669999999999996,8.125,False,False,,ok,,normalized_frames/topn_224_gray_jpg/spring/msasl_raw_mpza-o6YaZc__s000159__e000219__ca6e727bef29,61,jpg,224,224,grayscale,160,220,159,219,29.97002997002997,train
yes,msasl,MS-ASL/videos_MS_ASL_raw/msasl_raw_sQELZPmche8.mp4,1193,1272.0,80.0,2.683,29.441,msasl_140,True,480.0,360.0,False,False,False,2.71729900478924,0.0342990047892399,False,0.4669999999999996,8.125,False,False,,ok,,normalized_frames/topn_224_gray_jpg/yes/msasl_raw_sQELZPmche8__s001192__e001271__4a975e5782c5,80,jpg,224,224,grayscale,1193,1272,1192,1271,29.5,train
finish,msasl,MS-ASL/videos_MS_ASL_raw/msasl_raw_3_lBaA2U6aY.mp4,14581,14605.0,25.0,0.8000000000000114,30.0,msasl_312,True,640.0,360.0,False,False,False,0.8333333333333334,0.033333333333322,False,0.4669999999999996,8.125,False,False,,ok,,normalized_frames/topn_224_gray_jpg/finish/msasl_raw_3_lBaA2U6aY__s014580__e014604__4fed52d363c7,25,jpg,224,224,grayscale,14581,14605,14580,14604,30.0,train
student,msasl,MS-ASL/videos_MS_ASL_raw/msasl_raw_P3tBJESDamE.mp4,1198,1268.0,71.0,2.919000000000004,23.976,msasl_94,True,1280.0,720.0,False,False,False,2.9612946279612946,0.0422946279612905,False,0.4669999999999996,8.125,False,False,,ok,,normalized_frames/topn_224_gray_jpg/student/msasl_raw_P3tBJESDamE__s001197__e001267__bf9f5104346b,71,jpg,224,224,grayscale,1198,1268,1197,1267,23.976023976023978,train
happy,msasl,MS-ASL/videos_MS_ASL_raw/msasl_raw_FwGL9FjFpYI.mp4,4960,5040.0,81.0,2.669000000000011,29.97,msasl_26,True,1280.0,720.0,False,False,False,2.702702702702702,0.0337027027026914,False,0.4669999999999996,8.125,False,False,,ok,,normalized_frames/topn_224_gray_jpg/happy/msasl_raw_FwGL9FjFpYI__s004959__e005039__268b19d768f8,81,jpg,224,224,grayscale,4960,5040,4959,5039,29.97002997002997,val
spring,msasl,MS-ASL/videos_MS_ASL_raw/msasl_raw_8hBFgtJOZaE.mp4,21960,22020.0,61.0,2.3999999999999773,25.0,msasl_12,True,480.0,360.0,False,False,False,2.44,0.0400000000000226,False,0.4669999999999996,8.125,False,False,,ok,,normalized_frames/topn_224_gray_jpg/spring/msasl_raw_8hBFgtJOZaE__s021959__e022019__e34aadd75631,61,jpg,224,224,grayscale,21960,22020,21959,22019,25.0,train
happy,msasl,MS-ASL/videos_MS_ASL_raw/msasl_raw_Abj2Yj4vbtk.mp4,6630,6691.0,62.0,2.0349999999999966,29.97,msasl_26,True,1280.0,720.0,False,False,False,2.0687354020687354,0.0337354020687388,False,0.4669999999999996,8.125,False,False,,ok,,normalized_frames/topn_224_gray_jpg/happy/msasl_raw_Abj2Yj4vbtk__s006629__e006690__5e8ce905f930,62,jpg,224,224,grayscale,6630,6691,6629,6690,29.97002997002997,val
doctor,msasl,MS-ASL/videos_MS_ASL_raw/msasl_raw_4AwP2ED0O78.mp4,1426,1466.0,41.0,1.333999999999996,30.0,msasl_22,True,640.0,360.0,False,False,False,1.3666666666666667,0.0326666666666706,False,0.4669999999999996,8.125,False,False,,ok,,normalized_frames/topn_224_gray_jpg/doctor/msasl_raw_4AwP2ED0O78__s001425__e001465__ed388b851715,41,jpg,224,224,grayscale,1426,1466,1425,1465,30.0,train
mother,msasl,MS-ASL/videos_MS_ASL_raw/msasl_raw_TwkGS9TjUX8.mp4,1030,1090.0,61.0,2.001999999999996,29.97,msasl_32,True,640.0,360.0,False,False,False,2.035368702035369,0.0333687020353727,False,0.4669999999999996,8.125,False,False,,ok,,normalized_frames/topn_224_gray_jpg/mother/msasl_raw_TwkGS9TjUX8__s001029__e001089__ff61c740272f,61,jpg,224,224,grayscale,1030,1090,1029,1089,29.97002997002997,train
happy,msasl,MS-ASL/videos_MS_ASL_raw/msasl_raw_rkQZQhloXuE.mp4,8813,8863.0,51.0,1.6689999999999827,29.97,msasl_370,True,640.0,360.0,False,False,False,1.7017017017017018,0.032701701701719,False,0.4669999999999996,8.125,False,False,,ok,,normalized_frames/topn_224_gray_jpg/happy/msasl_raw_rkQZQhloXuE__s008812__e008862__5877425eb6e8,51,jpg,224,224,grayscale,8813,8863,8812,8862,29.97002997002997,train
student,msasl,MS-ASL/videos_MS_ASL_raw/msasl_raw_jrf2XYqjg2o.mp4,0,86.0,87.0,2.87,29.97,msasl_0,True,1280.0,720.0,False,False,False,2.902902902902903,0.0329029029029031,False,0.4669999999999996,8.125,False,False,,ok,,normalized_frames/topn_224_gray_jpg/student/msasl_raw_jrf2XYqjg2o__s000000__e000085__ce66a87bacb5,86,jpg,224,224,grayscale,0,86,0,85,29.97002997002997,test
cousin,msasl,MS-ASL/videos_MS_ASL_raw/msasl_raw_fUlWG-qGFis.mp4,1978,2126.0,149.0,4.939000000000007,29.97,msasl_124,True,1280.0,720.0,False,False,False,4.971638304971639,0.0326383049716314,False,0.4669999999999996,8.125,False,False,,ok,,normalized_frames/topn_224_gray_jpg/cousin/msasl_raw_fUlWG-qGFis__s001977__e002125__3b630c445727,149,jpg,224,224,grayscale,1978,2126,1977,2125,29.97002997002997,train
school,msasl,MS-ASL/videos_MS_ASL_raw/msasl_raw_j8a5Z-5lUwo.mp4,323,374.0,52.0,1.702,29.97,msasl_40,True,640.0,360.0,False,False,False,1.7350684017350684,0.0330684017350684,False,0.4669999999999996,8.125,False,False,,ok,,normalized_frames/topn_224_gray_jpg/school/msasl_raw_j8a5Z-5lUwo__s000322__e000373__14f479ad6d6b,52,jpg,224,224,grayscale,323,374,322,373,29.97002997002997,train
father,msasl,MS-ASL/videos_MS_ASL_raw/msasl_raw_1E8k8gI_xYk.mp4,1260,1320.0,61.0,2.001999999999996,29.97,msasl_359,True,640.0,360.0,False,False,False,2.035368702035369,0.0333687020353727,False,0.4669999999999996,8.125,False,False,,ok,,normalized_frames/topn_224_gray_jpg/father/msasl_raw_1E8k8gI_xYk__s001259__e001319__a14033851da6,61,jpg,224,224,grayscale,1260,1320,1259,1319,29.97002997002997,train
father,msasl,MS-ASL/videos_MS_ASL_raw/msasl_raw_dtSmDTn3zkk.mp4,1752,1824.0,73.0,2.4029999999999987,29.97,msasl_80,True,640.0,360.0,False,False,False,2.4357691024357693,0.0327691024357705,False,0.4669999999999996,8.125,False,False,,ok,,normalized_frames/topn_224_gray_jpg/father/msasl_raw_dtSmDTn3zkk__s001751__e001823__7a537b94a5c6,73,jpg,224,224,grayscale,1752,1824,1751,1823,29.97002997002997,train
again,msasl,MS-ASL/videos_MS_ASL_raw/msasl_raw_FBimL8-ND3E.mp4,3164,3232.0,69.0,2.2689999999999912,29.97,msasl_101,True,360.0,360.0,False,False,False,2.3023023023023024,0.0333023023023111,False,0.4669999999999996,8.125,False,False,,ok,,normalized_frames/topn_224_gray_jpg/again/msasl_raw_FBimL8-ND3E__s003163__e003231__091e1872dde5,69,jpg,224,224,grayscale,3164,3232,3163,3231,29.97002997002997,train
finish,msasl,MS-ASL/videos_MS_ASL_raw/msasl_raw_rkQZQhloXuE.mp4,6136,6186.0,51.0,1.6680000000000064,29.97,msasl_370,True,640.0,360.0,False,False,False,1.7017017017017018,0.0337017017016954,False,0.4669999999999996,8.125,False,False,,ok,,normalized_frames/topn_224_gray_jpg/finish/msasl_raw_rkQZQhloXuE__s006135__e006185__998caad887c3,51,jpg,224,224,grayscale,6136,6186,6135,6185,29.97002997002997,train
help,msasl,MS-ASL/videos_MS_ASL_raw/msasl_raw_fzroOSp32S4.mp4,4843,4994.0,152.0,5.038000000000011,29.97,msasl_94,True,1280.0,720.0,False,False,False,5.071738405071739,0.0337384050717277,False,0.4669999999999996,8.125,False,False,,ok,,normalized_frames/topn_224_gray_jpg/help/msasl_raw_fzroOSp32S4__s004842__e004993__2d59a3ad87b6,152,jpg,224,224,grayscale,4843,4994,4842,4993,29.97002997002997,train
sit,aslsearch,kaggle_dataset/videos/51927.mp4,1,80.0,80.0,2.636,30.34975126267421,wlasl_12,True,720.0,400.0,False,False,False,2.635935935935936,6.406406406433973e-05,False,0.4669999999999996,8.125,False,False,,ok,,normalized_frames/topn_224_gray_jpg/sit/51927__s000000__e000079__e14ff7d9bcf6,80,jpg,224,224,grayscale,1,80,0,79,30.34975126267421,train
no,msasl,MS-ASL/videos_MS_ASL_raw/msasl_raw_bX1eJjB3nyA.mp4,4482,4570.0,89.0,2.9369999999999834,29.97,msasl_261,True,640.0,360.0,False,False,False,2.9696363029696364,0.032636302969653,False,0.4669999999999996,8.125,False,False,,ok,,normalized_frames/topn_224_gray_jpg/no/msasl_raw_bX1eJjB3nyA__s004481__e004569__771a2b3ca633,89,jpg,224,224,grayscale,4482,4570,4481,4569,29.97002997002997,train
happy,msasl,MS-ASL/videos_MS_ASL_raw/msasl_raw_gzqjLnXje8g.mp4,5012,5098.0,87.0,2.869,29.97,msasl_26,True,1280.0,720.0,False,False,False,2.902902902902903,0.0339029029029029,False,0.4669999999999996,8.125,False,False,,ok,,normalized_frames/topn_224_gray_jpg/happy/msasl_raw_gzqjLnXje8g__s005011__e005097__3afd5fbc7129,87,jpg,224,224,grayscale,5012,5098,5011,5097,29.97002997002997,val
happy,msasl,MS-ASL/videos_MS_ASL_raw/msasl_raw_bFm9sAXhmkQ.mp4,393,513.0,121.0,4.004000000000001,29.97,msasl_73,True,640.0,360.0,False,False,False,4.037370704037371,0.0333707040373694,False,0.4669999999999996,8.125,False,False,,ok,,normalized_frames/topn_224_gray_jpg/happy/msasl_raw_bFm9sAXhmkQ__s000392__e000512__bceb9f97a4af,121,jpg,224,224,grayscale,393,513,392,512,29.97002997002997,train
doctor,msasl,MS-ASL/videos_MS_ASL_raw/msasl_raw_LPyvlWpL-xk.mp4,3039,3159.0,121.0,4.799999999999997,25.0,msasl_77,True,640.0,360.0,False,False,False,4.84,0.0400000000000027,False,0.4669999999999996,8.125,False,False,,ok,,normalized_frames/topn_224_gray_jpg/doctor/msasl_raw_LPyvlWpL-xk__s003038__e003158__8f2de62a5cfe,121,jpg,224,224,grayscale,3039,3159,3038,3158,25.0,train
need,msasl,MS-ASL/videos_MS_ASL_raw/msasl_raw_Cv5avR9nEhg.mp4,6667,6737.0,71.0,2.800000000000012,25.0,msasl_12,True,1280.0,720.0,False,False,False,2.84,0.039999999999988,False,0.4669999999999996,8.125,False,False,,ok,,normalized_frames/topn_224_gray_jpg/need/msasl_raw_Cv5avR9nEhg__s006666__e006736__5f1264014339,71,jpg,224,224,grayscale,6667,6737,6666,6736,25.0,train
happy,msasl,MS-ASL/videos_MS_ASL_raw/msasl_raw_bCVQXygujmo.mp4,0,122.0,123.0,4.12,29.613,msasl_2,True,640.0,360.0,False,False,False,4.153581197447068,0.0335811974470674,False,0.4669999999999996,8.125,False,False,,ok,,normalized_frames/topn_224_gray_jpg/happy/msasl_raw_bCVQXygujmo__s000000__e000121__634589cb0f1b,122,jpg,224,224,grayscale,0,122,0,121,29.613024380587557,train
like,msasl,MS-ASL/videos_MS_ASL_raw/msasl_raw_Ag5VPvAe8PA.mp4,5911,5954.0,44.0,1.4350000000000025,29.97,msasl_18,True,640.0,360.0,False,False,False,1.4681348014681348,0.0331348014681323,False,0.4669999999999996,8.125,False,False,,ok,,normalized_frames/topn_224_gray_jpg/like/msasl_raw_Ag5VPvAe8PA__s005910__e005953__8c3b7d9d6e46,44,jpg,224,224,grayscale,5911,5954,5910,5953,29.97002997002997,train
sit,msasl,MS-ASL/videos_MS_ASL_raw/msasl_raw_IDzR7rznuIM.mp4,0,59.0,60.0,2.36,25.0,msasl_0,True,480.0,360.0,False,False,False,2.4,0.04,False,0.4669999999999996,8.125,False,False,,ok,,normalized_frames/topn_224_gray_jpg/sit/msasl_raw_IDzR7rznuIM__s000000__e000058__c6d30e89eae6,59,jpg,224,224,grayscale,0,59,0,58,25.0,test
doctor,msasl,MS-ASL/videos_MS_ASL_raw/msasl_raw_4AwP2ED0O78.mp4,1479,1529.0,51.0,1.6670000000000016,30.0,msasl_22,True,640.0,360.0,False,False,False,1.7,0.0329999999999983,False,0.4669999999999996,8.125,False,False,,ok,,normalized_frames/topn_224_gray_jpg/doctor/msasl_raw_4AwP2ED0O78__s001478__e001528__388f1b5ac510,51,jpg,224,224,grayscale,1479,1529,1478,1528,30.0,train
orange,msasl,MS-ASL/videos_MS_ASL_raw/msasl_raw_WprUBqi3iBc.mp4,2223,2360.0,138.0,4.570999999999998,29.97,msasl_72,True,626.0,360.0,False,False,False,4.604604604604605,0.0336046046046067,False,0.4669999999999996,8.125,False,False,,ok,,normalized_frames/topn_224_gray_jpg/orange/msasl_raw_WprUBqi3iBc__s002222__e002359__6bdba78a6fec,138,jpg,224,224,grayscale,2223,2360,2222,2359,29.97002997002997,train
but,aslsearch,kaggle_dataset/videos/08437.mp4,1,85.0,85.0,2.803,30.327146751747044,wlasl_41,True,720.0,400.0,False,False,False,2.802769436102769,0.0002305638972304,False,0.4669999999999996,8.125,False,False,,ok,,normalized_frames/topn_224_gray_jpg/but/08437__s000000__e000084__a2999e9f07ea,85,jpg,224,224,grayscale,1,85,0,84,30.327146751747044,train
mother,spreadthesign,kaggle_dataset/videos/36603.mp4,1,81.0,81.0,3.24,25.0,wlasl_2,True,320.0,240.0,False,False,False,3.24,0.0,False,0.4669999999999996,8.125,False,False,,ok,,normalized_frames/topn_224_gray_jpg/mother/36603__s000000__e000080__1bfe3eca7670,81,jpg,224,224,grayscale,1,81,0,80,25.0,train
father,msasl,MS-ASL/videos_MS_ASL_raw/msasl_raw_BEKUHzwnVO8.mp4,7775,7907.0,133.0,4.403999999999996,29.97,msasl_80,True,640.0,360.0,False,False,False,4.437771104437771,0.0337711044377746,False,0.4669999999999996,8.125,False,False,,ok,,normalized_frames/topn_224_gray_jpg/father/msasl_raw_BEKUHzwnVO8__s007774__e007906__f083c37a6c61,133,jpg,224,224,grayscale,7775,7907,7774,7906,29.97002997002997,train
father,msasl,MS-ASL/videos_MS_ASL_raw/msasl_raw_KRrKqGEGdMg.mp4,16317,16437.0,121.0,4.004000000000019,29.97,msasl_32,True,640.0,360.0,False,False,False,4.037370704037371,0.0333707040373516,False,0.4669999999999996,8.125,False,False,,ok,,normalized_frames/topn_224_gray_jpg/father/msasl_raw_KRrKqGEGdMg__s016316__e016436__4cc198935dce,121,jpg,224,224,grayscale,16317,16437,16316,16436,29.97002997002997,train
deaf,aslsignbank,kaggle_dataset/videos/65445.mp4,1,52.0,52.0,2.169,23.976023976023978,wlasl_90,True,656.0,370.0,False,False,False,2.168833333333333,0.0001666666666668,False,0.4669999999999996,8.125,False,False,,ok,,normalized_frames/topn_224_gray_jpg/deaf/65445__s000000__e000051__12976d775d55,52,jpg,224,224,grayscale,1,52,0,51,23.976023976023978,train
man,signingsavvy,kaggle_dataset/videos/34742.mp4,1,28.0,28.0,0.934,29.97,wlasl_11,True,288.0,192.0,False,False,False,0.9342676009342676,0.0002676009342675,False,0.4669999999999996,8.125,False,False,,ok,,normalized_frames/topn_224_gray_jpg/man/34742__s000000__e000027__0c489a89e28a,25,jpg,224,224,grayscale,1,28,0,27,29.97,val
deaf,msasl,MS-ASL/videos_MS_ASL_raw/msasl_raw_-msMbTjOPyk.mp4,206,228.0,23.0,0.7359999999999998,29.873,msasl_34,True,1280.0,720.0,False,False,False,0.7699260201519766,0.0339260201519768,False,0.4669999999999996,8.125,False,False,,ok,,normalized_frames/topn_224_gray_jpg/deaf/msasl_raw_-msMbTjOPyk__s000205__e000227__fb8fb4f4454e,23,jpg,224,224,grayscale,206,228,205,227,30.0,train
nice,signschool,kaggle_dataset/videos/38284.mp4,1,58.0,58.0,1.935,29.97002997002997,wlasl_3,True,1920.0,1080.0,False,False,False,1.9352666666666667,0.0002666666666666,False,0.4669999999999996,8.125,False,False,,ok,,normalized_frames/topn_224_gray_jpg/nice/38284__s000000__e000057__e71182a050ff,58,jpg,224,224,grayscale,1,58,0,57,29.97002997002997,train
nice,startasl,kaggle_dataset/videos/11034.mp4,1,73.0,73.0,2.436,29.97,wlasl_36,True,736.0,414.0,False,False,False,2.4357691024357693,0.0002308975642306,False,0.4669999999999996,8.125,False,False,,ok,,normalized_frames/topn_224_gray_jpg/nice/11034__s000000__e000072__8be6c91dffe6,73,jpg,224,224,grayscale,1,73,0,72,29.97,test
cousin,msasl,MS-ASL/videos_MS_ASL_raw/msasl_raw_mfrGIHTnKvI.mp4,2049,2126.0,78.0,3.203000000000003,24.042,msasl_94,True,640.0,360.0,False,False,False,3.24432243573746,0.0413224357374564,False,0.4669999999999996,8.125,False,False,,ok,,normalized_frames/topn_224_gray_jpg/cousin/msasl_raw_mfrGIHTnKvI__s002048__e002125__fe1f8d308829,78,jpg,224,224,grayscale,2049,2126,2048,2125,24.042,train
learn,msasl,MS-ASL/videos_MS_ASL_raw/msasl_raw_TDoqoJDX280.mp4,1408,1560.0,153.0,5.072000000000003,29.97,msasl_124,True,640.0,360.0,False,False,False,5.105105105105105,0.0331051051051023,False,0.4669999999999996,8.125,False,False,,ok,,normalized_frames/topn_224_gray_jpg/learn/msasl_raw_TDoqoJDX280__s001407__e001559__c92aec1f6508,153,jpg,224,224,grayscale,1408,1560,1407,1559,29.97,train
fish,signingsavvy,kaggle_dataset/videos/22120.mp4,1,35.0,35.0,1.168,29.97,wlasl_11,True,288.0,192.0,False,False,False,1.1678345011678346,0.0001654988321653,False,0.4669999999999996,8.125,False,False,,ok,,normalized_frames/topn_224_gray_jpg/fish/22120__s000000__e000034__ecaf2cdeb309,33,jpg,224,224,grayscale,1,35,0,34,29.97,val
need,msasl,MS-ASL/videos_MS_ASL_raw/msasl_raw_CSj7IScvZnE.mp4,4340,4448.0,109.0,3.603999999999985,29.97,msasl_72,True,626.0,360.0,False,False,False,3.6369703036369705,0.0329703036369855,False,0.4669999999999996,8.125,False,False,,ok,,normalized_frames/topn_224_gray_jpg/need/msasl_raw_CSj7IScvZnE__s004339__e004447__30da867bbfae,109,jpg,224,224,grayscale,4340,4448,4339,4447,29.97002997002997,train
school,msasl,MS-ASL/videos_MS_ASL_raw/msasl_raw_-A4DGiMwiu8.mp4,38,136.0,99.0,3.2700000000000005,29.97,msasl_144,True,480.0,360.0,False,False,False,3.3033033033033035,0.033303303303303,False,0.4669999999999996,8.125,False,False,,ok,,normalized_frames/topn_224_gray_jpg/school/msasl_raw_-A4DGiMwiu8__s000037__e000135__a5e8753e4c9f,99,jpg,224,224,grayscale,38,136,37,135,29.97002997002997,train
bird,msasl,MS-ASL/videos_MS_ASL_raw/msasl_raw_wzgoIwWuhis.mp4,93,238.0,146.0,4.837999999999999,29.97,msasl_144,True,480.0,360.0,False,False,False,4.8715382048715385,0.0335382048715393,False,0.4669999999999996,8.125,False,False,,ok,,normalized_frames/topn_224_gray_jpg/bird/msasl_raw_wzgoIwWuhis__s000092__e000237__745b688c6385,146,jpg,224,224,grayscale,93,238,92,237,29.97002997002997,train
orange,msasl,MS-ASL/videos_MS_ASL_raw/msasl_raw_WuwIz-vDMUc.mp4,0,59.0,60.0,1.969,29.97,msasl_173,True,636.0,360.0,False,False,False,2.002002002002002,0.033002002002002,False,0.4669999999999996,8.125,False,False,,ok,,normalized_frames/topn_224_gray_jpg/orange/msasl_raw_WuwIz-vDMUc__s000000__e000058__2c5fa2ebc344,59,jpg,224,224,grayscale,0,59,0,58,29.97002997002997,train
yes,msasl,MS-ASL/videos_MS_ASL_raw/msasl_raw_q_p38s5JsXo.mp4,1053,1073.0,21.0,0.8000000000000043,25.0,msasl_12,True,1280.0,720.0,False,False,False,0.84,0.0399999999999957,False,0.4669999999999996,8.125,False,False,,ok,,normalized_frames/topn_224_gray_jpg/yes/msasl_raw_q_p38s5JsXo__s001052__e001072__d7642ab61910,21,jpg,224,224,grayscale,1053,1073,1052,1072,25.0,train
father,msasl,MS-ASL/videos_MS_ASL_raw/msasl_raw_pv1yeA4iHmU.mp4,2671,2823.0,153.0,5.072000000000003,29.97,msasl_319,True,640.0,360.0,False,False,False,5.105105105105105,0.0331051051051023,False,0.4669999999999996,8.125,False,False,,ok,,normalized_frames/topn_224_gray_jpg/father/msasl_raw_pv1yeA4iHmU__s002670__e002822__3e105911f251,153,jpg,224,224,grayscale,2671,2823,2670,2822,29.97002997002997,train
no,signingsavvy,kaggle_dataset/videos/38532.mp4,1,45.0,45.0,1.502,29.97,wlasl_10,True,288.0,192.0,False,False,False,1.5015015015015016,0.0004984984984983,False,0.4669999999999996,8.125,False,False,,ok,,normalized_frames/topn_224_gray_jpg/no/38532__s000000__e000044__e6c578b4fe6a,44,jpg,224,224,grayscale,1,45,0,44,29.97,train
cousin,msasl,MS-ASL/videos_MS_ASL_raw/msasl_raw_xhXw38OKfRQ.mp4,1814,1871.0,58.0,1.8999999999999984,30.0,msasl_22,True,640.0,360.0,False,False,False,1.933333333333333,0.0333333333333349,False,0.4669999999999996,8.125,False,False,,ok,,normalized_frames/topn_224_gray_jpg/cousin/msasl_raw_xhXw38OKfRQ__s001813__e001870__8359e181857e,58,jpg,224,224,grayscale,1814,1871,1813,1870,30.0,train
again,msasl,MS-ASL/videos_MS_ASL_raw/msasl_raw_bDjiZ9Ngcfg.mp4,0,62.0,63.0,2.48,25.0,msasl_13,True,640.0,360.0,False,False,False,2.52,0.04,False,0.4669999999999996,8.125,False,False,,ok,,normalized_frames/topn_224_gray_jpg/again/msasl_raw_bDjiZ9Ngcfg__s000000__e000061__322af8a2dc2b,62,jpg,224,224,grayscale,0,62,0,61,25.0,train
happy,msasl,MS-ASL/videos_MS_ASL_raw/msasl_raw_hCxSiN-vZS8.mp4,953,1021.0,69.0,2.266000000000002,30.0,msasl_34,True,1280.0,720.0,False,False,False,2.3,0.033999999999998,False,0.4669999999999996,8.125,False,False,,ok,,normalized_frames/topn_224_gray_jpg/happy/msasl_raw_hCxSiN-vZS8__s000952__e001020__325bd244d822,69,jpg,224,224,grayscale,953,1021,952,1020,30.0,train
learn,msasl,MS-ASL/videos_MS_ASL_raw/msasl_raw_c49qWjgFtRI.mp4,3298,3348.0,51.0,1.6669999999999874,30.0,msasl_101,True,640.0,360.0,False,False,False,1.7,0.0330000000000125,False,0.4669999999999996,8.125,False,False,,ok,,normalized_frames/topn_224_gray_jpg/learn/msasl_raw_c49qWjgFtRI__s003297__e003347__edc24a0ec47d,51,jpg,224,224,grayscale,3298,3348,3297,3347,30.0,train
eat,spreadthesign,kaggle_dataset/videos/18323.mp4,1,87.0,87.0,3.48,25.0,wlasl_0,True,320.0,240.0,False,False,False,3.48,0.0,False,0.4669999999999996,8.125,False,False,,ok,,normalized_frames/topn_224_gray_jpg/eat/18323__s000000__e000086__bcbed5300e8a,87,jpg,224,224,grayscale,1,87,0,86,25.0,train
help,msasl,MS-ASL/videos_MS_ASL_raw/msasl_raw_4Nh1iFv2BMc.mp4,2923,3056.0,134.0,4.437999999999988,29.97,msasl_72,True,626.0,360.0,False,False,False,4.471137804471138,0.0331378044711501,False,0.4669999999999996,8.125,False,False,,ok,,normalized_frames/topn_224_gray_jpg/help/msasl_raw_4Nh1iFv2BMc__s002922__e003055__13b79e7d1896,134,jpg,224,224,grayscale,2923,3056,2922,3055,29.97002997002997,train
man,msasl,MS-ASL/videos_MS_ASL_raw/msasl_raw_p36hZJQpLoQ.mp4,2662,2723.0,62.0,2.0349999999999966,29.97,msasl_214,True,1280.0,720.0,False,False,False,2.0687354020687354,0.0337354020687388,False,0.4669999999999996,8.125,False,False,,ok,,normalized_frames/topn_224_gray_jpg/man/msasl_raw_p36hZJQpLoQ__s002661__e002722__e409d78c4fff,62,jpg,224,224,grayscale,2662,2723,2661,2722,29.97002997002997,train
eat,msasl,MS-ASL/videos_MS_ASL_raw/msasl_raw_jzemBg_G8zU.mp4,3511,3688.0,178.0,7.0800000000000125,25.0,msasl_77,True,640.0,360.0,False,False,False,7.12,0.0399999999999876,False,0.4669999999999996,8.125,False,False,,ok,,normalized_frames/topn_224_gray_jpg/eat/msasl_raw_jzemBg_G8zU__s003510__e003687__1be3c62248ce,178,jpg,224,224,grayscale,3511,3688,3510,3687,25.0,train
cousin,msasl,MS-ASL/videos_MS_ASL_raw/msasl_raw_xhXw38OKfRQ.mp4,1888,1986.0,99.0,3.267000000000003,30.0,msasl_22,True,640.0,360.0,False,False,False,3.3,0.0329999999999968,False,0.4669999999999996,8.125,False,False,,ok,,normalized_frames/topn_224_gray_jpg/cousin/msasl_raw_xhXw38OKfRQ__s001887__e001985__7fdc5d75911e,99,jpg,224,224,grayscale,1888,1986,1887,1985,30.0,train
help,msasl,MS-ASL/videos_MS_ASL_raw/msasl_raw_6UrcyZ-QeiU.mp4,1859,1919.0,61.0,2.0020000000000024,29.97,msasl_205,True,640.0,360.0,False,False,False,2.035368702035369,0.0333687020353661,False,0.4669999999999996,8.125,False,False,,ok,,normalized_frames/topn_224_gray_jpg/help/msasl_raw_6UrcyZ-QeiU__s001858__e001918__10a2701dc755,61,jpg,224,224,grayscale,1859,1919,1858,1918,29.97002997002997,train
spring,msasl,MS-ASL/videos_MS_ASL_raw/msasl_raw_U0E24IK06nc.mp4,3665,3754.0,90.0,2.969999999999999,29.97,msasl_97,True,480.0,360.0,False,False,False,3.003003003003004,0.0330030030030044,False,0.4669999999999996,8.125,False,False,,ok,,normalized_frames/topn_224_gray_jpg/spring/msasl_raw_U0E24IK06nc__s003664__e003753__beb1df21bd01,90,jpg,224,224,grayscale,3665,3754,3664,3753,29.97002997002997,train
what,signschool,kaggle_dataset/videos/62966.mp4,1,25.0,25.0,1.043,23.976215594130625,wlasl_4,True,1920.0,1080.0,False,False,False,1.0427,0.0002999999999999,False,0.4669999999999996,8.125,False,False,,ok,,normalized_frames/topn_224_gray_jpg/what/62966__s000000__e000024__84f095329cc0,25,jpg,224,224,grayscale,1,25,0,24,23.976215594130625,train
school,aslbrick,kaggle_dataset/videos/69455.mp4,1,69.0,69.0,2.302,29.97002997002997,wlasl_118,True,1280.0,720.0,False,False,False,2.3023,0.0003000000000001,False,0.4669999999999996,8.125,False,False,,ok,,normalized_frames/topn_224_gray_jpg/school/69455__s000000__e000068__50c0437147bc,69,jpg,224,224,grayscale,1,69,0,68,29.97002997002997,val
student,msasl,MS-ASL/videos_MS_ASL_raw/msasl_raw_Rajw-g-59j4.mp4,177,246.0,70.0,2.3020000000000005,29.97,msasl_36,True,480.0,360.0,False,False,False,2.335669002335669,0.0336690023356687,False,0.4669999999999996,8.125,False,False,,ok,,normalized_frames/topn_224_gray_jpg/student/msasl_raw_Rajw-g-59j4__s000176__e000245__b9769ef21eef,70,jpg,224,224,grayscale,177,246,176,245,29.97002997002997,train
happy,msasl,MS-ASL/videos_MS_ASL_raw/msasl_raw_7b4vSYwKgok.mp4,375,413.0,39.0,1.2669999999999997,30.0,msasl_34,True,1280.0,720.0,False,False,False,1.3,0.0330000000000003,False,0.4669999999999996,8.125,False,False,,ok,,normalized_frames/topn_224_gray_jpg/happy/msasl_raw_7b4vSYwKgok__s000374__e000412__8aa05632f667,39,jpg,224,224,grayscale,375,413,374,412,30.0,train
water,aslsearch,kaggle_dataset/videos/62510.mp4,1,85.0,85.0,2.803,30.327146751747044,wlasl_12,True,720.0,400.0,False,False,False,2.802769436102769,0.0002305638972304,False,0.4669999999999996,8.125,False,False,,ok,,normalized_frames/topn_224_gray_jpg/water/62510__s000000__e000084__404492276d57,85,jpg,224,224,grayscale,1,85,0,84,30.327146751747044,train
need,msasl,MS-ASL/videos_MS_ASL_raw/msasl_raw_UlRyKsP78qQ.mp4,2504,2557.0,54.0,1.7690000000000057,29.97,msasl_26,True,1280.0,720.0,False,False,False,1.8018018018018016,0.0328018018017961,False,0.4669999999999996,8.125,False,False,,ok,,normalized_frames/topn_224_gray_jpg/need/msasl_raw_UlRyKsP78qQ__s002503__e002556__135db06be161,54,jpg,224,224,grayscale,2504,2557,2503,2556,29.97002997002997,val
bird,aslsignbank,kaggle_dataset/videos/65187.mp4,1,66.0,66.0,2.753,23.97607236414568,wlasl_90,True,656.0,370.0,False,False,False,2.7527444444444447,0.0002555555555554,False,0.4669999999999996,8.125,False,False,,ok,,normalized_frames/topn_224_gray_jpg/bird/65187__s000000__e000065__401bf2f90338,66,jpg,224,224,grayscale,1,66,0,65,23.97607236414568,train
spring,asldeafined,kaggle_dataset/videos/25847.mp4,1,77.0,77.0,2.566,30.003896609949344,wlasl_21,True,640.0,480.0,False,False,False,2.5663333333333336,0.0003333333333337,False,0.4669999999999996,8.125,False,False,,ok,,normalized_frames/topn_224_gray_jpg/spring/25847__s000000__e000076__ec3f7d2f2ead,77,jpg,224,224,grayscale,1,77,0,76,30.003896609949344,train
again,msasl,MS-ASL/videos_MS_ASL_raw/msasl_raw_FBimL8-ND3E.mp4,3054,3124.0,71.0,2.3349999999999937,29.97,msasl_101,True,360.0,360.0,False,False,False,2.369035702369036,0.0340357023690418,False,0.4669999999999996,8.125,False,False,,ok,,normalized_frames/topn_224_gray_jpg/again/msasl_raw_FBimL8-ND3E__s003053__e003123__76b4820d3239,71,jpg,224,224,grayscale,3054,3124,3053,3123,29.97002997002997,train
bird,msasl,MS-ASL/videos_MS_ASL_raw/msasl_raw_He0k3ddd67A.mp4,7226,7297.0,72.0,2.9589999999999463,24.0,msasl_125,True,640.0,360.0,False,False,False,3.0,0.0410000000000536,False,0.4669999999999996,8.125,False,False,,ok,,normalized_frames/topn_224_gray_jpg/bird/msasl_raw_He0k3ddd67A__s007225__e007296__e4f80cb3fb2b,72,jpg,224,224,grayscale,7226,7297,7225,7296,24.0,test
doctor,msasl,MS-ASL/videos_MS_ASL_raw/msasl_raw_LPyvlWpL-xk.mp4,2869,3009.0,141.0,5.599999999999994,25.0,msasl_77,True,640.0,360.0,False,False,False,5.64,0.0400000000000053,False,0.4669999999999996,8.125,False,False,,ok,,normalized_frames/topn_224_gray_jpg/doctor/msasl_raw_LPyvlWpL-xk__s002868__e003008__4880b6f78596,141,jpg,224,224,grayscale,2869,3009,2868,3008,25.0,train
teacher,msasl,MS-ASL/videos_MS_ASL_raw/msasl_raw_AkGYEiN8vOY.mp4,813,913.0,101.0,4.0,25.0,msasl_172,True,640.0,360.0,False,False,False,4.04,0.04,False,0.4669999999999996,8.125,False,False,,ok,,normalized_frames/topn_224_gray_jpg/teacher/msasl_raw_AkGYEiN8vOY__s000812__e000912__cbd0d30b7f9c,101,jpg,224,224,grayscale,813,913,812,912,25.0,train
bird,msasl,MS-ASL/videos_MS_ASL_raw/msasl_raw_3m1X5NYCA_I.mp4,279,305.0,27.0,0.8669999999999991,30.0,msasl_34,True,1280.0,720.0,False,False,False,0.9,0.0330000000000009,False,0.4669999999999996,8.125,False,False,,ok,,normalized_frames/topn_224_gray_jpg/bird/msasl_raw_3m1X5NYCA_I__s000278__e000304__22bc70db36dd,27,jpg,224,224,grayscale,279,305,278,304,30.0,train
learn,msasl,MS-ASL/videos_MS_ASL_raw/msasl_raw_AniXuG0CYPY.mp4,0,76.0,77.0,2.533,30.0,msasl_62,True,640.0,360.0,False,False,False,2.566666666666667,0.0336666666666669,False,0.4669999999999996,8.125,False,False,,ok,,normalized_frames/topn_224_gray_jpg/learn/msasl_raw_AniXuG0CYPY__s000000__e000075__e3771d082b16,76,jpg,224,224,grayscale,0,76,0,75,30.0,train
bird,signingsavvy,kaggle_dataset/videos/10405.mp4,1,67.0,67.0,2.236,29.97,wlasl_11,True,288.0,192.0,False,False,False,2.235568902235569,0.000431097764431,False,0.4669999999999996,8.125,False,False,,ok,,normalized_frames/topn_224_gray_jpg/bird/10405__s000000__e000066__c9c4b7306245,65,jpg,224,224,grayscale,1,67,0,66,29.97,val
orange,msasl,MS-ASL/videos_MS_ASL_raw/msasl_raw_QwxSYpnuATA.mp4,512,574.0,63.0,2.0680000000000014,29.97,msasl_140,True,1280.0,720.0,False,False,False,2.1021021021021022,0.0341021021021008,False,0.4669999999999996,8.125,False,False,,ok,,normalized_frames/topn_224_gray_jpg/orange/msasl_raw_QwxSYpnuATA__s000511__e000573__e0384d4cbf23,63,jpg,224,224,grayscale,512,574,511,573,29.97002997002997,train
mother,msasl,MS-ASL/videos_MS_ASL_raw/msasl_raw_KHJjHjG-8JU.mp4,590,786.0,197.0,6.539999999999999,29.97,msasl_384,True,640.0,360.0,False,False,False,6.5732399065732405,0.0332399065732413,False,0.4669999999999996,8.125,False,False,,ok,,normalized_frames/topn_224_gray_jpg/mother/msasl_raw_KHJjHjG-8JU__s000589__e000785__7524c6be90c7,197,jpg,224,224,grayscale,590,786,589,785,29.97002997002997,train
help,msasl,MS-ASL/videos_MS_ASL_raw/msasl_raw_-LB4ENHxcIs.mp4,943,1008.0,66.0,2.1690000000000005,29.97,msasl_233,True,640.0,360.0,False,False,False,2.2022022022022023,0.0332022022022018,False,0.4669999999999996,8.125,False,False,,ok,,normalized_frames/topn_224_gray_jpg/help/msasl_raw_-LB4ENHxcIs__s000942__e001007__5d5fcc65e2fa,66,jpg,224,224,grayscale,943,1008,942,1007,29.97002997002997,train
fish,msasl,MS-ASL/videos_MS_ASL_raw/msasl_raw_3447IQcrXRw.mp4,0,66.0,67.0,2.64,25.0,msasl_152,True,500.0,284.0,False,False,False,2.68,0.04,False,0.4669999999999996,8.125,False,False,,ok,,normalized_frames/topn_224_gray_jpg/fish/msasl_raw_3447IQcrXRw__s000000__e000065__7a160d11e4e1,66,jpg,224,224,grayscale,0,66,0,65,25.0,train
eat,msasl,MS-ASL/videos_MS_ASL_raw/msasl_raw_wecMr8cvy0M.mp4,0,82.0,83.0,2.733,30.0,msasl_0,True,320.0,240.0,False,False,False,2.7666666666666666,0.0336666666666665,False,0.4669999999999996,8.125,False,False,,ok,,normalized_frames/topn_224_gray_jpg/eat/msasl_raw_wecMr8cvy0M__s000000__e000081__9bfcf2dd160d,82,jpg,224,224,grayscale,0,82,0,81,30.0,test
school,msasl,MS-ASL/videos_MS_ASL_raw/msasl_raw_aT_jEMDmIHs.mp4,0,59.0,60.0,1.969,29.97,msasl_96,True,636.0,360.0,False,False,False,2.002002002002002,0.033002002002002,False,0.4669999999999996,8.125,False,False,,ok,,normalized_frames/topn_224_gray_jpg/school/msasl_raw_aT_jEMDmIHs__s000000__e000058__09888aa78679,59,jpg,224,224,grayscale,0,59,0,58,29.97002997002997,train
teacher,msasl,MS-ASL/videos_MS_ASL_raw/msasl_raw_iR6M4P6XqB0.mp4,1573,1723.0,151.0,5.005000000000003,29.97,msasl_438,True,640.0,360.0,False,False,False,5.038371705038372,0.0333717050383697,False,0.4669999999999996,8.125,False,False,,ok,,normalized_frames/topn_224_gray_jpg/teacher/msasl_raw_iR6M4P6XqB0__s001572__e001722__0156487d30ad,151,jpg,224,224,grayscale,1573,1723,1572,1722,29.97002997002997,train
nice,msasl,MS-ASL/videos_MS_ASL_raw/msasl_raw_oVsuQbfMscM.mp4,219,281.0,63.0,2.068999999999999,29.97,msasl_124,True,640.0,360.0,False,False,False,2.1021021021021022,0.0331021021021031,False,0.4669999999999996,8.125,False,False,,ok,,normalized_frames/topn_224_gray_jpg/nice/msasl_raw_oVsuQbfMscM__s000218__e000280__7d57d3d3234c,63,jpg,224,224,grayscale,219,281,218,280,29.97,train
but,msasl,MS-ASL/videos_MS_ASL_raw/msasl_raw_xBoA_6uu4F0.mp4,0,98.0,99.0,3.92,25.0,msasl_0,True,480.0,360.0,False,False,False,3.96,0.04,False,0.4669999999999996,8.125,False,False,,ok,,normalized_frames/topn_224_gray_jpg/but/msasl_raw_xBoA_6uu4F0__s000000__e000097__e0a5fc7ed710,98,jpg,224,224,grayscale,0,98,0,97,25.0,test
eat,msasl,MS-ASL/videos_MS_ASL_raw/msasl_raw_0YnizmAgAfU.mp4,0,113.0,114.0,3.767,30.0,msasl_69,True,480.0,360.0,False,False,False,3.8,0.0329999999999999,False,0.4669999999999996,8.125,False,False,,ok,,normalized_frames/topn_224_gray_jpg/eat/msasl_raw_0YnizmAgAfU__s000000__e000112__e209528fa9bd,113,jpg,224,224,grayscale,0,113,0,112,30.0,train
help,msasl,MS-ASL/videos_MS_ASL_raw/msasl_raw__DBLS12E4Lo.mp4,0,141.0,142.0,4.705,29.97,msasl_0,True,540.0,360.0,False,False,False,4.738071404738071,0.0330714047380711,False,0.4669999999999996,8.125,False,False,,ok,,normalized_frames/topn_224_gray_jpg/help/msasl_raw__DBLS12E4Lo__s000000__e000140__8e718c4f1d75,141,jpg,224,224,grayscale,0,141,0,140,29.97002997002997,test
no,aslbrick,kaggle_dataset/videos/69411.mp4,1,67.0,67.0,2.236,29.97002997002997,wlasl_118,True,1280.0,720.0,False,False,False,2.2355666666666667,0.0004333333333335,False,0.4669999999999996,8.125,False,False,,ok,,normalized_frames/topn_224_gray_jpg/no/69411__s000000__e000066__5a7fc8305ce6,67,jpg,224,224,grayscale,1,67,0,66,29.97002997002997,val
teacher,msasl,MS-ASL/videos_MS_ASL_raw/msasl_raw_K4lo0NZDlH8.mp4,4803,4869.0,67.0,2.200000000000017,30.0,msasl_40,True,568.0,320.0,False,False,False,2.2333333333333334,0.0333333333333163,False,0.4669999999999996,8.125,False,False,,ok,,normalized_frames/topn_224_gray_jpg/teacher/msasl_raw_K4lo0NZDlH8__s004802__e004868__d5b3ca5452d1,67,jpg,224,224,grayscale,4803,4869,4802,4868,30.0,train
no,msasl,MS-ASL/videos_MS_ASL_raw/msasl_raw_75BkNdtDsoQ.mp4,8050,8210.0,161.0,6.399999999999977,25.0,msasl_77,True,640.0,360.0,False,False,False,6.44,0.0400000000000231,False,0.4669999999999996,8.125,False,False,,ok,,normalized_frames/topn_224_gray_jpg/no/msasl_raw_75BkNdtDsoQ__s008049__e008209__5b14787d73cd,161,jpg,224,224,grayscale,8050,8210,8049,8209,25.0,train
fish,msasl,MS-ASL/videos_MS_ASL_raw/msasl_raw_He0k3ddd67A.mp4,7109,7160.0,52.0,2.125,24.0,msasl_125,True,640.0,360.0,False,False,False,2.1666666666666665,0.0416666666666665,False,0.4669999999999996,8.125,False,False,,ok,,normalized_frames/topn_224_gray_jpg/fish/msasl_raw_He0k3ddd67A__s007108__e007159__ceee85a10fcf,52,jpg,224,224,grayscale,7109,7160,7108,7159,24.0,test
man,msasl,MS-ASL/videos_MS_ASL_raw/msasl_raw_pv1yeA4iHmU.mp4,1804,1834.0,31.0,1.0010000000000048,29.97,msasl_319,True,640.0,360.0,False,False,False,1.0343677010343677,0.0333677010343629,False,0.4669999999999996,8.125,False,False,,ok,,normalized_frames/topn_224_gray_jpg/man/msasl_raw_pv1yeA4iHmU__s001803__e001833__1fc6c9f207d9,31,jpg,224,224,grayscale,1804,1834,1803,1833,29.97002997002997,train
like,msasl,MS-ASL/videos_MS_ASL_raw/msasl_raw_lElR-sVcYyw.mp4,7650,7799.0,150.0,4.97199999999998,29.97,msasl_32,True,640.0,360.0,False,False,False,5.005005005005005,0.033005005005025,False,0.4669999999999996,8.125,False,False,,ok,,normalized_frames/topn_224_gray_jpg/like/msasl_raw_lElR-sVcYyw__s007649__e007798__32d6a77c7f00,150,jpg,224,224,grayscale,7650,7799,7649,7798,29.97002997002997,train
tired,msasl,MS-ASL/videos_MS_ASL_raw/msasl_raw_q_p38s5JsXo.mp4,3556,3594.0,39.0,1.5199999999999818,25.0,msasl_12,True,1280.0,720.0,False,False,False,1.56,0.0400000000000182,False,0.4669999999999996,8.125,False,False,,ok,,normalized_frames/topn_224_gray_jpg/tired/msasl_raw_q_p38s5JsXo__s003555__e003593__3a248f4b13bc,39,jpg,224,224,grayscale,3556,3594,3555,3593,25.0,train
father,msasl,MS-ASL/videos_MS_ASL_raw/msasl_raw_rkQZQhloXuE.mp4,3389,3449.0,61.0,2.001999999999996,29.97,msasl_370,True,640.0,360.0,False,False,False,2.035368702035369,0.0333687020353727,False,0.4669999999999996,8.125,False,False,,ok,,normalized_frames/topn_224_gray_jpg/father/msasl_raw_rkQZQhloXuE__s003388__e003448__58ad9835bc28,61,jpg,224,224,grayscale,3389,3449,3388,3448,29.97002997002997,train
need,signingsavvy,kaggle_dataset/videos/51292.mp4,1,48.0,48.0,1.602,29.97,wlasl_11,True,288.0,192.0,False,False,False,1.6016016016016017,0.0003983983983983,False,0.4669999999999996,8.125,False,False,,ok,,normalized_frames/topn_224_gray_jpg/need/51292__s000000__e000047__4317bd70594b,45,jpg,224,224,grayscale,1,48,0,47,29.97,val
happy,spreadthesign,kaggle_dataset/videos/26524.mp4,1,74.0,74.0,2.96,25.0,wlasl_37,True,320.0,240.0,False,False,False,2.96,0.0,False,0.4669999999999996,8.125,False,False,,ok,,normalized_frames/topn_224_gray_jpg/happy/26524__s000000__e000073__1e2361c743c6,74,jpg,224,224,grayscale,1,74,0,73,25.0,train
sit,msasl,MS-ASL/videos_MS_ASL_raw/msasl_raw_2VB3WN8adyM.mp4,7631,7712.0,82.0,3.375,24.0,msasl_125,True,1280.0,720.0,False,False,False,3.4166666666666665,0.0416666666666665,False,0.4669999999999996,8.125,False,False,,ok,,normalized_frames/topn_224_gray_jpg/sit/msasl_raw_2VB3WN8adyM__s007630__e007711__1b09dbd104c9,82,jpg,224,224,grayscale,7631,7712,7630,7711,24.00001629882261,test
sit,signschool,kaggle_dataset/videos/51918.mp4,1,92.0,92.0,3.07,29.97002997002997,wlasl_60,True,854.0,480.0,False,False,False,3.069733333333333,0.0002666666666666,False,0.4669999999999996,8.125,False,False,,ok,,normalized_frames/topn_224_gray_jpg/sit/51918__s000000__e000091__147d7051205b,92,jpg,224,224,grayscale,1,92,0,91,29.97002997002997,train
table,msasl,MS-ASL/videos_MS_ASL_raw/msasl_raw_nhEw0JSb-XQ.mp4,0,44.0,45.0,2.933,15.0,msasl_3,True,480.0,360.0,False,False,False,3.0,0.0670000000000001,False,0.4669999999999996,8.125,False,False,,ok,,normalized_frames/topn_224_gray_jpg/table/msasl_raw_nhEw0JSb-XQ__s000000__e000043__f8967b912ba8,44,jpg,224,224,grayscale,0,44,0,43,14.985014985014985,train
like,msasl,MS-ASL/videos_MS_ASL_raw/msasl_raw_1bj72qXSy8c.mp4,5492,5566.0,75.0,3.0829999999999984,24.002,msasl_125,True,1280.0,720.0,False,False,False,3.124739605032914,0.0417396050329155,False,0.4669999999999996,8.125,False,False,,ok,,normalized_frames/topn_224_gray_jpg/like/msasl_raw_1bj72qXSy8c__s005491__e005565__2568167cbdfb,75,jpg,224,224,grayscale,5492,5566,5491,5565,24.0,test
student,msasl,MS-ASL/videos_MS_ASL_raw/msasl_raw_Rajw-g-59j4.mp4,5,64.0,60.0,1.968,29.97,msasl_36,True,480.0,360.0,False,False,False,2.002002002002002,0.0340020020020022,False,0.4669999999999996,8.125,False,False,,ok,,normalized_frames/topn_224_gray_jpg/student/msasl_raw_Rajw-g-59j4__s000004__e000063__9eb8460087b4,60,jpg,224,224,grayscale,5,64,4,63,29.97002997002997,train
table,msasl,MS-ASL/videos_MS_ASL_raw/msasl_raw_lSGqVZBYv5g.mp4,80,160.0,81.0,2.6700000000000004,29.97,msasl_36,True,480.0,360.0,False,False,False,2.702702702702702,0.0327027027027022,False,0.4669999999999996,8.125,False,False,,ok,,normalized_frames/topn_224_gray_jpg/table/msasl_raw_lSGqVZBYv5g__s000079__e000159__740763248c62,81,jpg,224,224,grayscale,80,160,79,159,29.97002997002997,train
student,msasl,MS-ASL/videos_MS_ASL_raw/msasl_raw_NOZSXL8Z_Q4.mp4,545,633.0,89.0,2.936,29.97,msasl_18,True,640.0,360.0,False,False,False,2.9696363029696364,0.0336363029696364,False,0.4669999999999996,8.125,False,False,,ok,,normalized_frames/topn_224_gray_jpg/student/msasl_raw_NOZSXL8Z_Q4__s000544__e000632__d3f7fd852b9b,89,jpg,224,224,grayscale,545,633,544,632,29.97002997002997,train
deaf,msasl,MS-ASL/videos_MS_ASL_raw/msasl_raw_wkxCnCMo7Mc.mp4,1587,1619.0,33.0,1.0679999999999978,29.97,msasl_447,True,1280.0,720.0,False,False,False,1.1011011011011012,0.0331011011011033,False,0.4669999999999996,8.125,False,False,,ok,,normalized_frames/topn_224_gray_jpg/deaf/msasl_raw_wkxCnCMo7Mc__s001586__e001618__fcef5819b12b,33,jpg,224,224,grayscale,1587,1619,1586,1618,29.97002997002997,val
deaf,msasl,MS-ASL/videos_MS_ASL_raw/msasl_raw_p8OYydc3WQM.mp4,5594,5680.0,87.0,2.8700000000000045,29.97,msasl_262,True,640.0,360.0,False,False,False,2.902902902902903,0.0329029029028986,False,0.4669999999999996,8.125,False,False,,ok,,normalized_frames/topn_224_gray_jpg/deaf/msasl_raw_p8OYydc3WQM__s005593__e005679__c342085247ed,87,jpg,224,224,grayscale,5594,5680,5593,5679,29.97002997002997,train
table,msasl,MS-ASL/videos_MS_ASL_raw/msasl_raw_jYkcG6cCtGA.mp4,0,89.0,90.0,3.56,25.0,msasl_0,True,480.0,360.0,False,False,False,3.6,0.04,False,0.4669999999999996,8.125,False,False,,ok,,normalized_frames/topn_224_gray_jpg/table/msasl_raw_jYkcG6cCtGA__s000000__e000088__a6905968ecad,89,jpg,224,224,grayscale,0,89,0,88,25.0,test
teacher,msasl,MS-ASL/videos_MS_ASL_raw/msasl_raw_nBvBJ91I5ZI.mp4,485,531.0,47.0,1.535,29.97,msasl_40,True,640.0,360.0,False,False,False,1.5682349015682349,0.0332349015682349,False,0.4669999999999996,8.125,False,False,,ok,,normalized_frames/topn_224_gray_jpg/teacher/msasl_raw_nBvBJ91I5ZI__s000484__e000530__efc94084b8b9,47,jpg,224,224,grayscale,485,531,484,530,29.97002997002997,train
student,msasl,MS-ASL/videos_MS_ASL_raw/msasl_raw_K4lo0NZDlH8.mp4,4658,4801.0,144.0,4.765999999999991,30.0,msasl_40,True,568.0,320.0,False,False,False,4.8,0.0340000000000086,False,0.4669999999999996,8.125,False,False,,ok,,normalized_frames/topn_224_gray_jpg/student/msasl_raw_K4lo0NZDlH8__s004657__e004800__31794b34a5de,144,jpg,224,224,grayscale,4658,4801,4657,4800,30.0,train
cousin,asldeafined,kaggle_dataset/videos/13634.mp4,1,96.0,96.0,3.2,29.99687532548693,wlasl_59,True,640.0,480.0,False,False,False,3.200333333333333,0.0003333333333332,False,0.4669999999999996,8.125,False,False,,ok,,normalized_frames/topn_224_gray_jpg/cousin/13634__s000000__e000095__911210136654,96,jpg,224,224,grayscale,1,96,0,95,29.99687532548693,train
father,msasl,MS-ASL/videos_MS_ASL_raw/msasl_raw_fJVwZyjEa4k.mp4,738,848.0,111.0,3.6700000000000017,29.97,msasl_41,True,202.0,360.0,False,False,False,3.703703703703704,0.033703703703702,False,0.4669999999999996,8.125,False,False,,ok,,normalized_frames/topn_224_gray_jpg/father/msasl_raw_fJVwZyjEa4k__s000737__e000847__c57219bff6e3,111,jpg,224,224,grayscale,738,848,737,847,29.97002997002997,train
happy,msasl,MS-ASL/videos_MS_ASL_raw/msasl_raw_fKjsdtMU3fc.mp4,2509,2595.0,87.0,3.4399999999999977,25.0,msasl_77,True,480.0,270.0,False,False,False,3.48,0.0400000000000022,False,0.4669999999999996,8.125,False,False,,ok,,normalized_frames/topn_224_gray_jpg/happy/msasl_raw_fKjsdtMU3fc__s002508__e002594__10945b3324f4,87,jpg,224,224,grayscale,2509,2595,2508,2594,25.0,train
deaf,signschool,kaggle_dataset/videos/14885.mp4,1,26.0,26.0,0.868,29.97002997002997,wlasl_45,True,1920.0,1080.0,False,False,False,0.8675333333333334,0.0004666666666666,False,0.4669999999999996,8.125,False,False,,ok,,normalized_frames/topn_224_gray_jpg/deaf/14885__s000000__e000025__2265e55c90c7,26,jpg,224,224,grayscale,1,26,0,25,29.97002997002997,train
but,msasl,MS-ASL/videos_MS_ASL_raw/msasl_raw_HUMEcnkvhJU.mp4,6992,7082.0,91.0,3.002999999999986,29.97,msasl_251,True,640.0,360.0,False,False,False,3.0363697030363697,0.0333697030363837,False,0.4669999999999996,8.125,False,False,,ok,,normalized_frames/topn_224_gray_jpg/but/msasl_raw_HUMEcnkvhJU__s006991__e007081__7f7d96d6a642,91,jpg,224,224,grayscale,6992,7082,6991,7081,29.97002997002997,train
no,msasl,MS-ASL/videos_MS_ASL_raw/msasl_raw_pkzfT9cYvH0.mp4,0,93.0,94.0,3.103,29.97,msasl_0,True,1280.0,720.0,False,False,False,3.1364698031364697,0.0334698031364695,False,0.4669999999999996,8.125,False,False,,ok,,normalized_frames/topn_224_gray_jpg/no/msasl_raw_pkzfT9cYvH0__s000000__e000092__36b7a518acd2,93,jpg,224,224,grayscale,0,93,0,92,29.97002997002997,test
need,msasl,MS-ASL/videos_MS_ASL_raw/msasl_raw_uwIh6Tv6dzA.mp4,7255,7395.0,141.0,4.667000000000002,30.0,msasl_163,True,1280.0,720.0,False,False,False,4.7,0.0329999999999985,False,0.4669999999999996,8.125,False,False,,ok,,normalized_frames/topn_224_gray_jpg/need/msasl_raw_uwIh6Tv6dzA__s007254__e007394__7518d6fcef34,141,jpg,224,224,grayscale,7255,7395,7254,7394,30.0,train
like,msasl,MS-ASL/videos_MS_ASL_raw/msasl_raw_RMUydgQr9TE.mp4,4360,4422.0,63.0,2.067999999999984,29.97,msasl_26,True,1280.0,720.0,False,False,False,2.1021021021021022,0.0341021021021181,False,0.4669999999999996,8.125,False,False,,ok,,normalized_frames/topn_224_gray_jpg/like/msasl_raw_RMUydgQr9TE__s004359__e004421__8987e84358a4,63,jpg,224,224,grayscale,4360,4422,4359,4421,29.97002997002997,val
student,msasl,MS-ASL/videos_MS_ASL_raw/msasl_raw_vcrTUbE1NoY.mp4,1115,1219.0,105.0,3.469999999999999,29.97,msasl_286,True,960.0,720.0,False,False,False,3.503503503503504,0.0335035035035047,False,0.4669999999999996,8.125,False,False,,ok,,normalized_frames/topn_224_gray_jpg/student/msasl_raw_vcrTUbE1NoY__s001114__e001218__2aa2721069de,105,jpg,224,224,grayscale,1115,1219,1114,1218,29.97002997002997,train
doctor,msasl,MS-ASL/videos_MS_ASL_raw/msasl_raw_2ofPs_uTel4.mp4,10211,10317.0,107.0,4.420999999999992,23.976,msasl_411,True,1280.0,720.0,False,False,False,4.462796129462796,0.0417961294628037,False,0.4669999999999996,8.125,False,False,,ok,,normalized_frames/topn_224_gray_jpg/doctor/msasl_raw_2ofPs_uTel4__s010210__e010316__02492f36d1bd,107,jpg,224,224,grayscale,10211,10317,10210,10316,23.976023976023978,train
cousin,msasl,MS-ASL/videos_MS_ASL_raw/msasl_raw_iHR2uV-Uxc8.mp4,4110,4159.0,50.0,1.634999999999991,29.97,msasl_349,True,640.0,360.0,False,False,False,1.6683350016683351,0.0333350016683442,False,0.4669999999999996,8.125,False,False,,ok,,normalized_frames/topn_224_gray_jpg/cousin/msasl_raw_iHR2uV-Uxc8__s004109__e004158__7ba57c9f6297,50,jpg,224,224,grayscale,4110,4159,4109,4158,29.97002997002997,train
doctor,msasl,MS-ASL/videos_MS_ASL_raw/msasl_raw_P6n_RCPh6Ug.mp4,130,240.0,111.0,3.667,30.0,msasl_29,True,540.0,360.0,False,False,False,3.7,0.0330000000000003,False,0.4669999999999996,8.125,False,False,,ok,,normalized_frames/topn_224_gray_jpg/doctor/msasl_raw_P6n_RCPh6Ug__s000129__e000239__7670baf2295d,111,jpg,224,224,grayscale,130,240,129,239,30.0,val
happy,msasl,MS-ASL/videos_MS_ASL_raw/msasl_raw_Xq3QAqQXpTM.mp4,6932,6999.0,68.0,2.234999999999985,29.97,msasl_317,True,640.0,360.0,False,False,False,2.2689356022689355,0.0339356022689503,False,0.4669999999999996,8.125,False,False,,ok,,normalized_frames/topn_224_gray_jpg/happy/msasl_raw_Xq3QAqQXpTM__s006931__e006998__72d1cfcbe91b,68,jpg,224,224,grayscale,6932,6999,6931,6998,29.97002997002997,train
bird,msasl,MS-ASL/videos_MS_ASL_raw/msasl_raw_Qd1x1kUwhpQ.mp4,8285,8355.0,71.0,2.800000000000012,25.0,msasl_12,True,480.0,360.0,False,False,False,2.84,0.039999999999988,False,0.4669999999999996,8.125,False,False,,ok,,normalized_frames/topn_224_gray_jpg/bird/msasl_raw_Qd1x1kUwhpQ__s008284__e008354__4f6240ca1d50,71,jpg,224,224,grayscale,8285,8355,8284,8354,25.0,train
mother,msasl,MS-ASL/videos_MS_ASL_raw/msasl_raw_TwkGS9TjUX8.mp4,890,960.0,71.0,2.335999999999995,29.97,msasl_32,True,640.0,360.0,False,False,False,2.369035702369036,0.0330357023690406,False,0.4669999999999996,8.125,False,False,,ok,,normalized_frames/topn_224_gray_jpg/mother/msasl_raw_TwkGS9TjUX8__s000889__e000959__4295af3313a1,71,jpg,224,224,grayscale,890,960,889,959,29.97002997002997,train
no,msasl,MS-ASL/videos_MS_ASL_raw/msasl_raw_0bIF7jh6lnE.mp4,3335,3363.0,29.0,0.9339999999999976,29.97,msasl_125,True,480.0,360.0,False,False,False,0.9676343009676344,0.0336343009676367,False,0.4669999999999996,8.125,False,False,,ok,,normalized_frames/topn_224_gray_jpg/no/msasl_raw_0bIF7jh6lnE__s003334__e003362__97da9bd321c8,29,jpg,224,224,grayscale,3335,3363,3334,3362,29.97002997002997,test
orange,msasl,MS-ASL/videos_MS_ASL_raw/msasl_raw_K8c-np9zNT8.mp4,17980,18088.0,109.0,4.319999999999936,25.0,msasl_12,True,480.0,360.0,False,False,False,4.36,0.0400000000000639,False,0.4669999999999996,8.125,False,False,,ok,,normalized_frames/topn_224_gray_jpg/orange/msasl_raw_K8c-np9zNT8__s017979__e018087__776b99ab7c79,109,jpg,224,224,grayscale,17980,18088,17979,18087,25.0,train
learn,msasl,MS-ASL/videos_MS_ASL_raw/msasl_raw_9bosgmeAAuo.mp4,826,906.0,81.0,2.6690000000000005,29.97,msasl_80,True,640.0,360.0,False,False,False,2.702702702702702,0.0337027027027021,False,0.4669999999999996,8.125,False,False,,ok,,normalized_frames/topn_224_gray_jpg/learn/msasl_raw_9bosgmeAAuo__s000825__e000905__0783477c555c,81,jpg,224,224,grayscale,826,906,825,905,29.97002997002997,train
fish,signingsavvy,kaggle_dataset/videos/22121.mp4,1,52.0,52.0,1.735,29.97,wlasl_11,True,288.0,192.0,False,False,False,1.7350684017350684,6.840173506827973e-05,False,0.4669999999999996,8.125,False,False,,ok,,normalized_frames/topn_224_gray_jpg/fish/22121__s000000__e000051__1f5248787e53,50,jpg,224,224,grayscale,1,52,0,51,29.97,val
orange,msasl,MS-ASL/videos_MS_ASL_raw/msasl_raw_shPBfkIYYpU.mp4,28570,28651.0,82.0,2.702000000000112,29.97,msasl_46,True,640.0,360.0,False,False,False,2.736069402736069,0.0340694027359576,False,0.4669999999999996,8.125,False,False,,ok,,normalized_frames/topn_224_gray_jpg/orange/msasl_raw_shPBfkIYYpU__s028569__e028650__e81380380824,82,jpg,224,224,grayscale,28570,28651,28569,28650,29.97002997002997,train
need,msasl,MS-ASL/videos_MS_ASL_raw/msasl_raw_jE6qpXmh4VU.mp4,3061,3111.0,51.0,1.668999999999997,29.97,msasl_26,True,1280.0,720.0,False,False,False,1.7017017017017018,0.0327017017017048,False,0.4669999999999996,8.125,False,False,,ok,,normalized_frames/topn_224_gray_jpg/need/msasl_raw_jE6qpXmh4VU__s003060__e003110__9b500dd0852a,51,jpg,224,224,grayscale,3061,3111,3060,3110,29.97002997002997,val
eat,msasl,MS-ASL/videos_MS_ASL_raw/msasl_raw_WxY7E9P46DM.mp4,2525,2703.0,179.0,6.1839999999999975,28.78,msasl_394,True,1080.0,720.0,False,False,False,6.219596942321056,0.0355969423210584,False,0.4669999999999996,8.125,False,False,,ok,,normalized_frames/topn_224_gray_jpg/eat/msasl_raw_WxY7E9P46DM__s002524__e002702__0e57213915c8,179,jpg,224,224,grayscale,2525,2703,2524,2702,28.78,train
what,msasl,MS-ASL/videos_MS_ASL_raw/msasl_raw_Ag5VPvAe8PA.mp4,7208,7327.0,120.0,3.971000000000004,29.97,msasl_18,True,640.0,360.0,False,False,False,4.004004004004004,0.0330040040040002,False,0.4669999999999996,8.125,False,False,,ok,,normalized_frames/topn_224_gray_jpg/what/msasl_raw_Ag5VPvAe8PA__s007207__e007326__3d5c033328bd,120,jpg,224,224,grayscale,7208,7327,7207,7326,29.97002997002997,train
deaf,asldeafined,kaggle_dataset/videos/14888.mp4,1,66.0,66.0,2.2,29.995455234055445,wlasl_15,True,640.0,480.0,False,False,False,2.200333333333333,0.0003333333333332,False,0.4669999999999996,8.125,False,False,,ok,,normalized_frames/topn_224_gray_jpg/deaf/14888__s000000__e000065__1c785cfdc99a,66,jpg,224,224,grayscale,1,66,0,65,29.995455234055445,train
help,msasl,MS-ASL/videos_MS_ASL_raw/msasl_raw_R_ES8RZua1g.mp4,12334,12431.0,98.0,3.2340000000000373,30.0,msasl_40,True,568.0,320.0,False,False,False,3.2666666666666666,0.0326666666666293,False,0.4669999999999996,8.125,False,False,,ok,,normalized_frames/topn_224_gray_jpg/help/msasl_raw_R_ES8RZua1g__s012333__e012430__f7b481ab03b8,98,jpg,224,224,grayscale,12334,12431,12333,12430,30.0,train
doctor,msasl,MS-ASL/videos_MS_ASL_raw/msasl_raw_IrdTDCpIunA.mp4,257,355.0,99.0,3.2700000000000014,29.97,msasl_94,True,1280.0,720.0,False,False,False,3.3033033033033035,0.0333033033033021,False,0.4669999999999996,8.125,False,False,,ok,,normalized_frames/topn_224_gray_jpg/doctor/msasl_raw_IrdTDCpIunA__s000256__e000354__15ea6c68d3af,99,jpg,224,224,grayscale,257,355,256,354,29.97002997002997,train
finish,msasl,MS-ASL/videos_MS_ASL_raw/msasl_raw_Tckw40A23Bc.mp4,13126,13178.0,53.0,2.080000000000041,25.0,msasl_77,True,640.0,360.0,False,False,False,2.12,0.0399999999999591,False,0.4669999999999996,8.125,False,False,,ok,,normalized_frames/topn_224_gray_jpg/finish/msasl_raw_Tckw40A23Bc__s013125__e013177__e43906b78dc5,53,jpg,224,224,grayscale,13126,13178,13125,13177,25.0,train
tired,msasl,MS-ASL/videos_MS_ASL_raw/msasl_raw_CSj7IScvZnE.mp4,3456,3586.0,131.0,4.338000000000008,29.97,msasl_72,True,626.0,360.0,False,False,False,4.371037704371038,0.0330377043710301,False,0.4669999999999996,8.125,False,False,,ok,,normalized_frames/topn_224_gray_jpg/tired/msasl_raw_CSj7IScvZnE__s003455__e003585__245f93bf0e27,131,jpg,224,224,grayscale,3456,3586,3455,3585,29.97002997002997,train
mother,msasl,MS-ASL/videos_MS_ASL_raw/msasl_raw_UXetwN_cI5A.mp4,18411,18481.0,71.0,2.7999999999999545,25.0,msasl_12,True,480.0,360.0,False,False,False,2.84,0.0400000000000453,False,0.4669999999999996,8.125,False,False,,ok,,normalized_frames/topn_224_gray_jpg/mother/msasl_raw_UXetwN_cI5A__s018410__e018480__f88414f4769b,71,jpg,224,224,grayscale,18411,18481,18410,18480,25.0,train
table,msasl,MS-ASL/videos_MS_ASL_raw/msasl_raw_nHnqAu_1K-c.mp4,2964,3034.0,71.0,2.3329999999999984,30.0,msasl_101,True,640.0,360.0,False,False,False,2.3666666666666667,0.0336666666666682,False,0.4669999999999996,8.125,False,False,,ok,,normalized_frames/topn_224_gray_jpg/table/msasl_raw_nHnqAu_1K-c__s002963__e003033__9c1c488c05db,71,jpg,224,224,grayscale,2964,3034,2963,3033,30.0,train
happy,msasl,MS-ASL/videos_MS_ASL_raw/msasl_raw_fKjsdtMU3fc.mp4,2595,2645.0,51.0,2.0,25.0,msasl_77,True,480.0,270.0,False,False,False,2.04,0.04,False,0.4669999999999996,8.125,False,False,,ok,,normalized_frames/topn_224_gray_jpg/happy/msasl_raw_fKjsdtMU3fc__s002594__e002644__147fe4b93d70,51,jpg,224,224,grayscale,2595,2645,2594,2644,25.0,train
school,asldeafined,kaggle_dataset/videos/49600.mp4,1,56.0,56.0,1.867,30.0,wlasl_15,True,640.0,480.0,False,False,False,1.8666666666666667,0.0003333333333332,False,0.4669999999999996,8.125,False,False,,ok,,normalized_frames/topn_224_gray_jpg/school/49600__s000000__e000055__f136e4b3776c,56,jpg,224,224,grayscale,1,56,0,55,30.0,train
teacher,msasl,MS-ASL/videos_MS_ASL_raw/msasl_raw_nBvBJ91I5ZI.mp4,412,466.0,55.0,1.802,29.97,msasl_40,True,640.0,360.0,False,False,False,1.8351685018351689,0.0331685018351686,False,0.4669999999999996,8.125,False,False,,ok,,normalized_frames/topn_224_gray_jpg/teacher/msasl_raw_nBvBJ91I5ZI__s000411__e000465__168e9209837a,55,jpg,224,224,grayscale,412,466,411,465,29.97002997002997,train
father,msasl,MS-ASL/videos_MS_ASL_raw/msasl_raw_JYF-AfMbUNw.mp4,571,660.0,90.0,2.969999999999999,29.97,msasl_125,True,640.0,352.0,False,False,False,3.003003003003004,0.0330030030030044,False,0.4669999999999996,8.125,False,False,,ok,,normalized_frames/topn_224_gray_jpg/father/msasl_raw_JYF-AfMbUNw__s000570__e000659__a36b26e976fd,90,jpg,224,224,grayscale,571,660,570,659,29.97002997002997,test
student,msasl,MS-ASL/videos_MS_ASL_raw/msasl_raw_P3tBJESDamE.mp4,1048,1128.0,81.0,3.336999999999996,23.976,msasl_94,True,1280.0,720.0,False,False,False,3.3783783783783785,0.0413783783783823,False,0.4669999999999996,8.125,False,False,,ok,,normalized_frames/topn_224_gray_jpg/student/msasl_raw_P3tBJESDamE__s001047__e001127__9b871cd511a0,81,jpg,224,224,grayscale,1048,1128,1047,1127,23.976023976023978,train
tired,signschool,kaggle_dataset/videos/58593.mp4,1,33.0,33.0,1.101,29.97002997002997,wlasl_39,True,1920.0,1080.0,False,False,False,1.1011,9.9999999999989e-05,False,0.4669999999999996,8.125,False,False,,ok,,normalized_frames/topn_224_gray_jpg/tired/58593__s000000__e000032__025f4ee0a31d,33,jpg,224,224,grayscale,1,33,0,32,29.97002997002997,train
water,signingsavvy,kaggle_dataset/videos/62506.mp4,1,50.0,50.0,1.668,29.97,wlasl_10,True,288.0,192.0,False,False,False,1.6683350016683351,0.0003350016683352,False,0.4669999999999996,8.125,False,False,,ok,,normalized_frames/topn_224_gray_jpg/water/62506__s000000__e000049__689c1f7b05c1,48,jpg,224,224,grayscale,1,50,0,49,29.97,train
help,msasl,MS-ASL/videos_MS_ASL_raw/msasl_raw_jENKp3DJ8tU.mp4,0,94.0,95.0,3.137,29.968,msasl_0,True,640.0,360.0,False,False,False,3.170048051254672,0.0330480512546715,False,0.4669999999999996,8.125,False,False,,ok,,normalized_frames/topn_224_gray_jpg/help/msasl_raw_jENKp3DJ8tU__s000000__e000093__f6bf6123135e,94,jpg,224,224,grayscale,0,94,0,93,29.97002997002997,test
sit,msasl,MS-ASL/videos_MS_ASL_raw/msasl_raw_2_A9CkSFTXo.mp4,310,434.0,125.0,4.142999999999999,29.928,msasl_144,True,480.0,360.0,False,False,False,4.176690724405239,0.0336907244052397,False,0.4669999999999996,8.125,False,False,,ok,,normalized_frames/topn_224_gray_jpg/sit/msasl_raw_2_A9CkSFTXo__s000309__e000433__20a0af264250,125,jpg,224,224,grayscale,310,434,309,433,29.97027741083223,train
eat,signingsavvy,kaggle_dataset/videos/22748.mp4,1,51.0,51.0,1.702,29.97,wlasl_11,True,288.0,192.0,False,False,False,1.7017017017017018,0.0002982982982981,False,0.4669999999999996,8.125,False,False,,ok,,normalized_frames/topn_224_gray_jpg/eat/22748__s000000__e000050__5494784c8ed4,50,jpg,224,224,grayscale,1,51,0,50,29.97,val
yes,msasl,MS-ASL/videos_MS_ASL_raw/msasl_raw_JLNxO35tB-U.mp4,0,46.0,47.0,1.535,29.97,msasl_0,True,640.0,360.0,False,False,False,1.5682349015682349,0.0332349015682349,False,0.4669999999999996,8.125,False,False,,ok,,normalized_frames/topn_224_gray_jpg/yes/msasl_raw_JLNxO35tB-U__s000000__e000045__e8798597233b,46,jpg,224,224,grayscale,0,46,0,45,29.97002997002997,test
table,msasl,MS-ASL/videos_MS_ASL_raw/msasl_raw__LGqHR3FhL8.mp4,5135,5225.0,91.0,3.0030000000000143,29.97,msasl_80,True,640.0,360.0,False,False,False,3.0363697030363697,0.0333697030363553,False,0.4669999999999996,8.125,False,False,,ok,,normalized_frames/topn_224_gray_jpg/table/msasl_raw__LGqHR3FhL8__s005134__e005224__e8dd0956ec3c,91,jpg,224,224,grayscale,5135,5225,5134,5224,29.97002997002997,train
yes,msasl,MS-ASL/videos_MS_ASL_raw/msasl_raw_0usayvOXzHo.mp4,0,59.0,60.0,1.969,29.97,msasl_0,True,640.0,360.0,False,False,False,2.002002002002002,0.033002002002002,False,0.4669999999999996,8.125,False,False,,ok,,normalized_frames/topn_224_gray_jpg/yes/msasl_raw_0usayvOXzHo__s000000__e000058__76197891fb33,59,jpg,224,224,grayscale,0,59,0,58,29.97002997002997,test
father,msasl,MS-ASL/videos_MS_ASL_raw/msasl_raw_HUMEcnkvhJU.mp4,8745,8789.0,45.0,1.468999999999994,29.97,msasl_251,True,640.0,360.0,False,False,False,1.5015015015015016,0.0325015015015075,False,0.4669999999999996,8.125,False,False,,ok,,normalized_frames/topn_224_gray_jpg/father/msasl_raw_HUMEcnkvhJU__s008744__e008788__c6f0a541292c,45,jpg,224,224,grayscale,8745,8789,8744,8788,29.97002997002997,train
eat,signschool,kaggle_dataset/videos/22745.mp4,1,73.0,73.0,2.436,29.97002997002997,wlasl_52,True,640.0,360.0,False,False,False,2.435766666666667,0.000233333333333,False,0.4669999999999996,8.125,False,False,,ok,,normalized_frames/topn_224_gray_jpg/eat/22745__s000000__e000072__d404fedf0986,73,jpg,224,224,grayscale,1,73,0,72,29.97002997002997,train
need,msasl,MS-ASL/videos_MS_ASL_raw/msasl_raw_UXetwN_cI5A.mp4,23675,23745.0,71.0,2.7999999999999545,25.0,msasl_12,True,480.0,360.0,False,False,False,2.84,0.0400000000000453,False,0.4669999999999996,8.125,False,False,,ok,,normalized_frames/topn_224_gray_jpg/need/msasl_raw_UXetwN_cI5A__s023674__e023744__895d1b69f672,71,jpg,224,224,grayscale,23675,23745,23674,23744,25.0,train
what,msasl,MS-ASL/videos_MS_ASL_raw/msasl_raw_UoITyyziLOw.mp4,1952,2019.0,68.0,2.2349999999999994,29.97,msasl_160,True,640.0,360.0,False,False,False,2.2689356022689355,0.0339356022689361,False,0.4669999999999996,8.125,False,False,,ok,,normalized_frames/topn_224_gray_jpg/what/msasl_raw_UoITyyziLOw__s001951__e002018__a11e0369739b,68,jpg,224,224,grayscale,1952,2019,1951,2018,29.970090947933837,train
tired,msasl,MS-ASL/videos_MS_ASL_raw/msasl_raw_k-AZCZlPECE.mp4,444,523.0,80.0,2.638,29.94,msasl_144,True,480.0,360.0,False,False,False,2.672010688042752,0.0340106880427519,False,0.4669999999999996,8.125,False,False,,ok,,normalized_frames/topn_224_gray_jpg/tired/msasl_raw_k-AZCZlPECE__s000443__e000522__f950b27dadd1,80,jpg,224,224,grayscale,444,523,443,522,29.97002997002997,train
need,signschool,kaggle_dataset/videos/37883.mp4,1,56.0,56.0,2.336,23.976023976023978,wlasl_27,True,1920.0,1080.0,False,False,False,2.3356666666666666,0.0003333333333332,False,0.4669999999999996,8.125,False,False,,ok,,normalized_frames/topn_224_gray_jpg/need/37883__s000000__e000055__d7ed0c2e5980,56,jpg,224,224,grayscale,1,56,0,55,23.976023976023978,train
water,asldeafined,kaggle_dataset/videos/62503.mp4,1,83.0,83.0,2.766,30.003614893360645,wlasl_13,True,640.0,480.0,False,False,False,2.7663333333333333,0.0003333333333332,False,0.4669999999999996,8.125,False,False,,ok,,normalized_frames/topn_224_gray_jpg/water/62503__s000000__e000082__33357e1d8a23,83,jpg,224,224,grayscale,1,83,0,82,30.003614893360645,train
yes,msasl,MS-ASL/videos_MS_ASL_raw/msasl_raw__uxgyigXU3g.mp4,0,54.0,55.0,2.16,25.0,msasl_152,True,500.0,284.0,False,False,False,2.2,0.04,False,0.4669999999999996,8.125,False,False,,ok,,normalized_frames/topn_224_gray_jpg/yes/msasl_raw__uxgyigXU3g__s000000__e000053__8baf121413c3,54,jpg,224,224,grayscale,0,54,0,53,25.0,train
doctor,msasl,MS-ASL/videos_MS_ASL_raw/msasl_raw_NOZSXL8Z_Q4.mp4,231,410.0,180.0,5.972,29.97,msasl_18,True,640.0,360.0,False,False,False,6.006006006006007,0.0340060060060061,False,0.4669999999999996,8.125,False,False,,ok,,normalized_frames/topn_224_gray_jpg/doctor/msasl_raw_NOZSXL8Z_Q4__s000230__e000409__24ce2528e7b5,180,jpg,224,224,grayscale,231,410,230,409,29.97002997002997,train
spring,startasl,kaggle_dataset/videos/54117.mp4,1,63.0,63.0,2.102,29.97002997002997,wlasl_38,True,1280.0,720.0,False,False,False,2.1021,0.0001000000000002,False,0.4669999999999996,8.125,False,False,,ok,,normalized_frames/topn_224_gray_jpg/spring/54117__s000000__e000062__588739c58526,63,jpg,224,224,grayscale,1,63,0,62,29.97002997002997,train
no,msasl,MS-ASL/videos_MS_ASL_raw/msasl_raw_vcrTUbE1NoY.mp4,2007,2142.0,136.0,4.504000000000005,29.97,msasl_286,True,960.0,720.0,False,False,False,4.537871204537871,0.0338712045378661,False,0.4669999999999996,8.125,False,False,,ok,,normalized_frames/topn_224_gray_jpg/no/msasl_raw_vcrTUbE1NoY__s002006__e002141__8022f217ded7,136,jpg,224,224,grayscale,2007,2142,2006,2141,29.97002997002997,train
like,msasl,MS-ASL/videos_MS_ASL_raw/msasl_raw_HUMEcnkvhJU.mp4,18126,18276.0,151.0,5.004999999999996,29.97,msasl_251,True,640.0,360.0,False,False,False,5.038371705038372,0.0333717050383759,False,0.4669999999999996,8.125,False,False,,ok,,normalized_frames/topn_224_gray_jpg/like/msasl_raw_HUMEcnkvhJU__s018125__e018275__639f5060784f,151,jpg,224,224,grayscale,18126,18276,18125,18275,29.97002997002997,train
mother,msasl,MS-ASL/videos_MS_ASL_raw/msasl_raw_rkQZQhloXuE.mp4,3279,3339.0,61.0,2.001999999999996,29.97,msasl_370,True,640.0,360.0,False,False,False,2.035368702035369,0.0333687020353727,False,0.4669999999999996,8.125,False,False,,ok,,normalized_frames/topn_224_gray_jpg/mother/msasl_raw_rkQZQhloXuE__s003278__e003338__9ce2d8b814ca,61,jpg,224,224,grayscale,3279,3339,3278,3338,29.97002997002997,train
deaf,msasl,MS-ASL/videos_MS_ASL_raw/msasl_raw_YasOpK1RNvg.mp4,39,70.0,32.0,1.035,29.97,msasl_124,True,640.0,360.0,False,False,False,1.0677344010677343,0.0327344010677346,False,0.4669999999999996,8.125,False,False,,ok,,normalized_frames/topn_224_gray_jpg/deaf/msasl_raw_YasOpK1RNvg__s000038__e000069__261456a7db80,32,jpg,224,224,grayscale,39,70,38,69,29.97,train
like,msasl,MS-ASL/videos_MS_ASL_raw/msasl_raw_fKjsdtMU3fc.mp4,9970,10097.0,128.0,5.079999999999984,25.0,msasl_77,True,480.0,270.0,False,False,False,5.12,0.040000000000016,False,0.4669999999999996,8.125,False,False,,ok,,normalized_frames/topn_224_gray_jpg/like/msasl_raw_fKjsdtMU3fc__s009969__e010096__f0356f91fe2b,128,jpg,224,224,grayscale,9970,10097,9969,10096,25.0,train
water,msasl,MS-ASL/videos_MS_ASL_raw/msasl_raw_GmxS5HkNc3o.mp4,56,166.0,111.0,3.793,29.0,msasl_407,True,640.0,360.0,False,False,False,3.827586206896552,0.0345862068965514,False,0.4669999999999996,8.125,False,False,,ok,,normalized_frames/topn_224_gray_jpg/water/msasl_raw_GmxS5HkNc3o__s000055__e000165__bd514d17ebd1,111,jpg,224,224,grayscale,56,166,55,165,29.0,train
what,signingsavvy,kaggle_dataset/videos/62979.mp4,1,37.0,37.0,1.235,29.97,wlasl_11,True,288.0,192.0,False,False,False,1.234567901234568,0.000432098765432,False,0.4669999999999996,8.125,False,False,,ok,,normalized_frames/topn_224_gray_jpg/what/62979__s000000__e000036__0965152b6412,37,jpg,224,224,grayscale,1,37,0,36,29.97,val
finish,msasl,MS-ASL/videos_MS_ASL_raw/msasl_raw_Gs9zBeSIVIE.mp4,6470,6545.0,76.0,2.502999999999986,29.97,msasl_286,True,640.0,360.0,False,False,False,2.5358692025358693,0.0328692025358834,False,0.4669999999999996,8.125,False,False,,ok,,normalized_frames/topn_224_gray_jpg/finish/msasl_raw_Gs9zBeSIVIE__s006469__e006544__79b0ea4a5559,76,jpg,224,224,grayscale,6470,6545,6469,6544,29.97002997002997,train
table,msasl,MS-ASL/videos_MS_ASL_raw/msasl_raw_KRrKqGEGdMg.mp4,2486,2635.0,150.0,4.971000000000004,29.97,msasl_32,True,640.0,360.0,False,False,False,5.005005005005005,0.0340050050050013,False,0.4669999999999996,8.125,False,False,,ok,,normalized_frames/topn_224_gray_jpg/table/msasl_raw_KRrKqGEGdMg__s002485__e002634__98641cd44d38,150,jpg,224,224,grayscale,2486,2635,2485,2634,29.97002997002997,train
spring,asldeafined,kaggle_dataset/videos/54119.mp4,1,70.0,70.0,2.333,30.0,wlasl_13,True,640.0,480.0,False,False,False,2.333333333333333,0.0003333333333332,False,0.4669999999999996,8.125,False,False,,ok,,normalized_frames/topn_224_gray_jpg/spring/54119__s000000__e000069__33a7200ffe73,70,jpg,224,224,grayscale,1,70,0,69,30.0,train
cousin,msasl,MS-ASL/videos_MS_ASL_raw/msasl_raw_uE3IDWh0xnA.mp4,1278,1344.0,67.0,2.199999999999996,30.0,msasl_34,True,406.0,720.0,False,False,False,2.2333333333333334,0.0333333333333372,False,0.4669999999999996,8.125,False,False,,ok,,normalized_frames/topn_224_gray_jpg/cousin/msasl_raw_uE3IDWh0xnA__s001277__e001343__f8f0e1b22f95,67,jpg,224,224,grayscale,1278,1344,1277,1343,30.0,train
fish,msasl,MS-ASL/videos_MS_ASL_raw/msasl_raw_P_WyUoCbXg4.mp4,0,67.0,68.0,2.68,25.0,msasl_13,True,640.0,360.0,False,False,False,2.72,0.04,False,0.4669999999999996,8.125,False,False,,ok,,normalized_frames/topn_224_gray_jpg/fish/msasl_raw_P_WyUoCbXg4__s000000__e000066__51bd0a1c0a0b,67,jpg,224,224,grayscale,0,67,0,66,25.0,train
student,msasl,MS-ASL/videos_MS_ASL_raw/msasl_raw_f7COHRpmVKA.mp4,1020,1169.0,150.0,4.972000000000001,29.97,msasl_32,True,640.0,360.0,False,False,False,5.005005005005005,0.0330050050050036,False,0.4669999999999996,8.125,False,False,,ok,,normalized_frames/topn_224_gray_jpg/student/msasl_raw_f7COHRpmVKA__s001019__e001168__94cc74eb739a,150,jpg,224,224,grayscale,1020,1169,1019,1168,29.97002997002997,train
student,msasl,MS-ASL/videos_MS_ASL_raw/msasl_raw_rWIDL_GpaJc.mp4,2861,3019.0,159.0,5.271000000000001,29.972,msasl_274,True,1280.0,720.0,False,False,False,5.304951287868677,0.0339512878686765,False,0.4669999999999996,8.125,False,False,,ok,,normalized_frames/topn_224_gray_jpg/student/msasl_raw_rWIDL_GpaJc__s002860__e003018__71c9ecfc4f0b,159,jpg,224,224,grayscale,2861,3019,2860,3018,29.97002997002997,train
bird,elementalasl,kaggle_dataset/videos/06330.mp4,1,87.0,87.0,3.625,24.0,wlasl_19,True,320.0,180.0,False,False,False,3.625,0.0,False,0.4669999999999996,8.125,False,False,,ok,,normalized_frames/topn_224_gray_jpg/bird/06330__s000000__e000086__a033f9dcdef2,87,jpg,224,224,grayscale,1,87,0,86,24.0,train
father,msasl,MS-ASL/videos_MS_ASL_raw/msasl_raw_uE3IDWh0xnA.mp4,214,257.0,44.0,1.4340000000000002,30.0,msasl_34,True,406.0,720.0,False,False,False,1.4666666666666666,0.0326666666666664,False,0.4669999999999996,8.125,False,False,,ok,,normalized_frames/topn_224_gray_jpg/father/msasl_raw_uE3IDWh0xnA__s000213__e000256__d9f0ba75f452,44,jpg,224,224,grayscale,214,257,213,256,30.0,train
yes,msasl,MS-ASL/videos_MS_ASL_raw/msasl_raw_uPKOwziViaw.mp4,18226,18271.0,46.0,1.50100000000009,29.97,msasl_124,True,1280.0,720.0,False,False,False,1.5348682015348682,0.0338682015347782,False,0.4669999999999996,8.125,False,False,,ok,,normalized_frames/topn_224_gray_jpg/yes/msasl_raw_uPKOwziViaw__s018225__e018270__c38f39a2342d,46,jpg,224,224,grayscale,18226,18271,18225,18270,29.97002997002997,train
like,msasl,MS-ASL/videos_MS_ASL_raw/msasl_raw_fKjsdtMU3fc.mp4,10260,10319.0,60.0,2.3600000000000136,25.0,msasl_77,True,480.0,270.0,False,False,False,2.4,0.0399999999999862,False,0.4669999999999996,8.125,False,False,,ok,,normalized_frames/topn_224_gray_jpg/like/msasl_raw_fKjsdtMU3fc__s010259__e010318__eaf7b4ed5781,60,jpg,224,224,grayscale,10260,10319,10259,10318,25.0,train
water,msasl,MS-ASL/videos_MS_ASL_raw/msasl_raw_my4mxg6lXYQ.mp4,14923,15098.0,176.0,5.838999999999999,29.97,msasl_124,True,1280.0,720.0,False,False,False,5.872539205872539,0.0335392058725405,False,0.4669999999999996,8.125,False,False,,ok,,normalized_frames/topn_224_gray_jpg/water/msasl_raw_my4mxg6lXYQ__s014922__e015097__243528a63628,176,jpg,224,224,grayscale,14923,15098,14922,15097,29.97002997002997,train
student,msasl,MS-ASL/videos_MS_ASL_raw/msasl_raw_nBvBJ91I5ZI.mp4,211,250.0,40.0,1.3020000000000005,29.97,msasl_40,True,640.0,360.0,False,False,False,1.334668001334668,0.0326680013346676,False,0.4669999999999996,8.125,False,False,,ok,,normalized_frames/topn_224_gray_jpg/student/msasl_raw_nBvBJ91I5ZI__s000210__e000249__c33a61a5f67f,40,jpg,224,224,grayscale,211,250,210,249,29.97002997002997,train
eat,msasl,MS-ASL/videos_MS_ASL_raw/msasl_raw_R_ES8RZua1g.mp4,9385,9477.0,93.0,3.0669999999999504,30.0,msasl_40,True,568.0,320.0,False,False,False,3.1,0.0330000000000496,False,0.4669999999999996,8.125,False,False,,ok,,normalized_frames/topn_224_gray_jpg/eat/msasl_raw_R_ES8RZua1g__s009384__e009476__684ac7c78337,93,jpg,224,224,grayscale,9385,9477,9384,9476,30.0,train
fish,msasl,MS-ASL/videos_MS_ASL_raw/msasl_raw_FUHOIo_8o9w.mp4,5779,5870.0,92.0,3.0360000000000014,29.97,msasl_18,True,640.0,360.0,False,False,False,3.0697364030697365,0.0337364030697351,False,0.4669999999999996,8.125,False,False,,ok,,normalized_frames/topn_224_gray_jpg/fish/msasl_raw_FUHOIo_8o9w__s005778__e005869__fe927f0cff63,92,jpg,224,224,grayscale,5779,5870,5778,5869,29.97002997002997,train
eat,msasl,MS-ASL/videos_MS_ASL_raw/msasl_raw_Cv5avR9nEhg.mp4,30956,31093.0,138.0,5.480000000000018,25.0,msasl_12,True,1280.0,720.0,False,False,False,5.52,0.0399999999999813,False,0.4669999999999996,8.125,False,False,,ok,,normalized_frames/topn_224_gray_jpg/eat/msasl_raw_Cv5avR9nEhg__s030955__e031092__2599b7599162,138,jpg,224,224,grayscale,30956,31093,30955,31092,25.0,train
mother,signingsavvy,kaggle_dataset/videos/36936.mp4,1,39.0,39.0,1.301,29.97,wlasl_11,True,288.0,192.0,False,False,False,1.3013013013013013,0.0003013013013013,False,0.4669999999999996,8.125,False,False,,ok,,normalized_frames/topn_224_gray_jpg/mother/36936__s000000__e000038__1b1d3ae9c224,38,jpg,224,224,grayscale,1,39,0,38,29.97,val
student,signingsavvy,kaggle_dataset/videos/55343.mp4,1,55.0,55.0,1.835,29.97,wlasl_11,True,288.0,192.0,False,False,False,1.8351685018351689,0.0001685018351686,False,0.4669999999999996,8.125,False,False,,ok,,normalized_frames/topn_224_gray_jpg/student/55343__s000000__e000054__5a80cc5c4738,55,jpg,224,224,grayscale,1,55,0,54,29.97,val
water,elementalasl,kaggle_dataset/videos/62499.mp4,1,122.0,122.0,5.083,24.0,wlasl_19,True,320.0,180.0,False,False,False,5.083333333333333,0.0003333333333328,False,0.4669999999999996,8.125,False,False,,ok,,normalized_frames/topn_224_gray_jpg/water/62499__s000000__e000121__a7843b28a2d5,122,jpg,224,224,grayscale,1,122,0,121,24.0,train
finish,msasl,MS-ASL/videos_MS_ASL_raw/msasl_raw_gYB8ji01BLo.mp4,0,69.0,70.0,2.302,29.979,msasl_0,True,640.0,360.0,False,False,False,2.334967810800894,0.0329678108008941,False,0.4669999999999996,8.125,False,False,,ok,,normalized_frames/topn_224_gray_jpg/finish/msasl_raw_gYB8ji01BLo__s000000__e000068__5281c8629450,69,jpg,224,224,grayscale,0,69,0,68,29.97002997002997,test
no,asldeafined,kaggle_dataset/videos/38530.mp4,1,53.0,53.0,1.767,30.0,wlasl_15,True,640.0,480.0,False,False,False,1.7666666666666666,0.0003333333333332,False,0.4669999999999996,8.125,False,False,,ok,,normalized_frames/topn_224_gray_jpg/no/38530__s000000__e000052__70311a1cd2ec,53,jpg,224,224,grayscale,1,53,0,52,30.0,train
doctor,msasl,MS-ASL/videos_MS_ASL_raw/msasl_raw_Cv5avR9nEhg.mp4,7443,7493.0,51.0,2.0,25.0,msasl_12,True,1280.0,720.0,False,False,False,2.04,0.04,False,0.4669999999999996,8.125,False,False,,ok,,normalized_frames/topn_224_gray_jpg/doctor/msasl_raw_Cv5avR9nEhg__s007442__e007492__8be7ce26fecf,51,jpg,224,224,grayscale,7443,7493,7442,7492,25.0,train
table,msasl,MS-ASL/videos_MS_ASL_raw/msasl_raw_W3RoLV4XY68.mp4,0,135.0,136.0,4.56,29.606,msasl_2,True,640.0,360.0,False,False,False,4.593663446598662,0.0336634465986627,False,0.4669999999999996,8.125,False,False,,ok,,normalized_frames/topn_224_gray_jpg/table/msasl_raw_W3RoLV4XY68__s000000__e000134__b00a9c0c8bea,135,jpg,224,224,grayscale,0,135,0,134,29.606,train
spring,msasl,MS-ASL/videos_MS_ASL_raw/msasl_raw_PgrN3IWv91k.mp4,727,868.0,142.0,4.704000000000001,29.97,msasl_26,True,1280.0,720.0,False,False,False,4.738071404738071,0.0340714047380705,False,0.4669999999999996,8.125,False,False,,ok,,normalized_frames/topn_224_gray_jpg/spring/msasl_raw_PgrN3IWv91k__s000726__e000867__3b04b99c52d9,142,jpg,224,224,grayscale,727,868,726,867,29.97002997002997,val
orange,msasl,MS-ASL/videos_MS_ASL_raw/msasl_raw_hKogDJd0yc4.mp4,4167,4227.0,61.0,2.002000000000009,29.97,msasl_80,True,640.0,360.0,False,False,False,2.035368702035369,0.0333687020353594,False,0.4669999999999996,8.125,False,False,,ok,,normalized_frames/topn_224_gray_jpg/orange/msasl_raw_hKogDJd0yc4__s004166__e004226__fe34c96922dd,61,jpg,224,224,grayscale,4167,4227,4166,4226,29.97002997002997,train
nice,msasl,MS-ASL/videos_MS_ASL_raw/msasl_raw_61q-PJr_UvM.mp4,1556,1611.0,56.0,1.8350000000000009,29.97,msasl_26,True,1280.0,720.0,False,False,False,1.8685352018685355,0.0335352018685344,False,0.4669999999999996,8.125,False,False,,ok,,normalized_frames/topn_224_gray_jpg/nice/msasl_raw_61q-PJr_UvM__s001555__e001610__eacba827ff34,56,jpg,224,224,grayscale,1556,1611,1555,1610,29.97002997002997,val
mother,msasl,MS-ASL/videos_MS_ASL_raw/msasl_raw_DHl2-NT3mIM.mp4,0,89.0,90.0,2.97,29.97,msasl_0,True,640.0,360.0,False,False,False,3.003003003003004,0.033003003003003,False,0.4669999999999996,8.125,False,False,,ok,,normalized_frames/topn_224_gray_jpg/mother/msasl_raw_DHl2-NT3mIM__s000000__e000088__e2f0f22b2e95,89,jpg,224,224,grayscale,0,89,0,88,29.97002997002997,test
fish,msasl,MS-ASL/videos_MS_ASL_raw/msasl_raw_gVUwBsPOUjk.mp4,8395,8445.0,51.0,1.6680000000000064,29.97,msasl_80,True,640.0,360.0,False,False,False,1.7017017017017018,0.0337017017016954,False,0.4669999999999996,8.125,False,False,,ok,,normalized_frames/topn_224_gray_jpg/fish/msasl_raw_gVUwBsPOUjk__s008394__e008444__cab4bbd4e278,51,jpg,224,224,grayscale,8395,8445,8394,8444,29.97002997002997,train
deaf,msasl,MS-ASL/videos_MS_ASL_raw/msasl_raw_rWIDL_GpaJc.mp4,1942,2092.0,151.0,5.004000000000005,29.972,msasl_274,True,1280.0,720.0,False,False,False,5.038035499799813,0.034035499799808,False,0.4669999999999996,8.125,False,False,,ok,,normalized_frames/topn_224_gray_jpg/deaf/msasl_raw_rWIDL_GpaJc__s001941__e002091__e083d82f2b6e,151,jpg,224,224,grayscale,1942,2092,1941,2091,29.97002997002997,train
happy,msasl,MS-ASL/videos_MS_ASL_raw/msasl_raw_qysriDtUS5o.mp4,432,456.0,25.0,1.0009999999999977,23.976,msasl_73,True,640.0,360.0,False,False,False,1.0427093760427095,0.0417093760427118,False,0.4669999999999996,8.125,False,False,,ok,,normalized_frames/topn_224_gray_jpg/happy/msasl_raw_qysriDtUS5o__s000431__e000455__f74663e1e06c,25,jpg,224,224,grayscale,432,456,431,455,23.976023976023978,train
table,msasl,MS-ASL/videos_MS_ASL_raw/msasl_raw_f7tZegTJCWo.mp4,2597,2768.0,172.0,7.124000000000009,24.004,msasl_125,True,1280.0,720.0,False,False,False,7.165472421263122,0.041472421263113,False,0.4669999999999996,8.125,False,False,,ok,,normalized_frames/topn_224_gray_jpg/table/msasl_raw_f7tZegTJCWo__s002596__e002767__550f5dddde2c,172,jpg,224,224,grayscale,2597,2768,2596,2767,24.0,test
cousin,msasl,MS-ASL/videos_MS_ASL_raw/msasl_raw_ckNZidesfIA.mp4,1571,1635.0,65.0,2.136000000000003,29.97,msasl_286,True,640.0,360.0,False,False,False,2.1688355021688355,0.0328355021688326,False,0.4669999999999996,8.125,False,False,,ok,,normalized_frames/topn_224_gray_jpg/cousin/msasl_raw_ckNZidesfIA__s001570__e001634__81ea004a0379,65,jpg,224,224,grayscale,1571,1635,1570,1634,29.97002997002997,train
nice,msasl,MS-ASL/videos_MS_ASL_raw/msasl_raw_25ymRY7hbjs.mp4,6615,6725.0,111.0,3.669999999999988,29.97,msasl_72,True,626.0,360.0,False,False,False,3.703703703703704,0.0337037037037157,False,0.4669999999999996,8.125,False,False,,ok,,normalized_frames/topn_224_gray_jpg/nice/msasl_raw_25ymRY7hbjs__s006614__e006724__9d4a5ff659a0,111,jpg,224,224,grayscale,6615,6725,6614,6724,29.97002997002997,train
man,asldeafined,kaggle_dataset/videos/34738.mp4,1,155.0,155.0,5.167,30.0,wlasl_34,True,640.0,480.0,False,False,False,5.166666666666667,0.0003333333333328,False,0.4669999999999996,8.125,False,False,,ok,,normalized_frames/topn_224_gray_jpg/man/34738__s000000__e000154__6e6f80fad4a5,155,jpg,224,224,grayscale,1,155,0,154,30.0,train
table,spreadthesign,kaggle_dataset/videos/15772.mp4,1,73.0,73.0,2.92,25.0,wlasl_2,True,320.0,240.0,False,False,False,2.92,0.0,False,0.4669999999999996,8.125,False,False,,ok,,normalized_frames/topn_224_gray_jpg/table/15772__s000000__e000072__03783124f062,73,jpg,224,224,grayscale,1,73,0,72,25.0,train
bird,msasl,MS-ASL/videos_MS_ASL_raw/msasl_raw_xEFFxlLBHUo.mp4,0,157.0,158.0,5.414,29.0,msasl_266,True,640.0,360.0,False,False,False,5.448275862068965,0.0342758620689656,False,0.4669999999999996,8.125,False,False,,ok,,normalized_frames/topn_224_gray_jpg/bird/msasl_raw_xEFFxlLBHUo__s000000__e000156__d639d08c700b,157,jpg,224,224,grayscale,0,157,0,156,29.0,val
what,aslbrick,kaggle_dataset/videos/69531.mp4,1,63.0,63.0,2.102,29.97002997002997,wlasl_118,True,1280.0,720.0,False,False,False,2.1021,0.0001000000000002,False,0.4669999999999996,8.125,False,False,,ok,,normalized_frames/topn_224_gray_jpg/what/69531__s000000__e000062__02a62d4fb6ee,63,jpg,224,224,grayscale,1,63,0,62,29.97002997002997,val
finish,signschool,kaggle_dataset/videos/21944.mp4,1,31.0,31.0,1.034,29.97002997002997,wlasl_45,True,1920.0,1080.0,False,False,False,1.0343666666666669,0.0003666666666666,False,0.4669999999999996,8.125,False,False,,ok,,normalized_frames/topn_224_gray_jpg/finish/21944__s000000__e000030__f6ae427c61bf,31,jpg,224,224,grayscale,1,31,0,30,29.97002997002997,train
spring,msasl,MS-ASL/videos_MS_ASL_raw/msasl_raw_ZpF9lj35sPc.mp4,11607,11722.0,116.0,3.837000000000046,29.97,msasl_26,True,1280.0,720.0,False,False,False,3.8705372038705375,0.0335372038704915,False,0.4669999999999996,8.125,False,False,,ok,,normalized_frames/topn_224_gray_jpg/spring/msasl_raw_ZpF9lj35sPc__s011606__e011721__c2eb07581ee7,116,jpg,224,224,grayscale,11607,11722,11606,11721,29.97002997002997,val
mother,msasl,MS-ASL/videos_MS_ASL_raw/msasl_raw_KftGqsKKn7w.mp4,2847,3014.0,168.0,5.566999999999993,30.0,msasl_22,True,640.0,360.0,False,False,False,5.6,0.0330000000000065,False,0.4669999999999996,8.125,False,False,,ok,,normalized_frames/topn_224_gray_jpg/mother/msasl_raw_KftGqsKKn7w__s002846__e003013__22a523fb2ebb,168,jpg,224,224,grayscale,2847,3014,2846,3013,30.0,train
eat,signingsavvy,kaggle_dataset/videos/18329.mp4,1,51.0,51.0,1.702,29.97,wlasl_11,True,288.0,192.0,False,False,False,1.7017017017017018,0.0002982982982981,False,0.4669999999999996,8.125,False,False,,ok,,normalized_frames/topn_224_gray_jpg/eat/18329__s000000__e000050__fbfa081fa12d,50,jpg,224,224,grayscale,1,51,0,50,29.97,val
bird,startasl,kaggle_dataset/videos/06332.mp4,1,91.0,91.0,3.036,29.97,wlasl_36,True,736.0,414.0,False,False,False,3.0363697030363697,0.0003697030363696,False,0.4669999999999996,8.125,False,False,,ok,,normalized_frames/topn_224_gray_jpg/bird/06332__s000000__e000090__4618a2667fc8,91,jpg,224,224,grayscale,1,91,0,90,29.97,test
teacher,msasl,MS-ASL/videos_MS_ASL_raw/msasl_raw_-LB4ENHxcIs.mp4,2422,2488.0,67.0,2.2020000000000124,29.97,msasl_233,True,640.0,360.0,False,False,False,2.235568902235569,0.0335689022355567,False,0.4669999999999996,8.125,False,False,,ok,,normalized_frames/topn_224_gray_jpg/teacher/msasl_raw_-LB4ENHxcIs__s002421__e002487__8d6367246da1,67,jpg,224,224,grayscale,2422,2488,2421,2487,29.97002997002997,train
nice,msasl,MS-ASL/videos_MS_ASL_raw/msasl_raw_y3Vd7SZ_bp4.mp4,354,405.0,52.0,1.702,29.97,msasl_124,True,1280.0,720.0,False,False,False,1.7350684017350684,0.0330684017350684,False,0.4669999999999996,8.125,False,False,,ok,,normalized_frames/topn_224_gray_jpg/nice/msasl_raw_y3Vd7SZ_bp4__s000353__e000404__d9299cb4ae1f,52,jpg,224,224,grayscale,354,405,353,404,29.97002997002997,train
teacher,msasl,MS-ASL/videos_MS_ASL_raw/msasl_raw__HOx2QkkTsg.mp4,464,510.0,47.0,1.5359999999999996,29.94,msasl_144,True,480.0,360.0,False,False,False,1.5698062792251168,0.0338062792251172,False,0.4669999999999996,8.125,False,False,,ok,,normalized_frames/topn_224_gray_jpg/teacher/msasl_raw__HOx2QkkTsg__s000463__e000509__6f06f313c701,47,jpg,224,224,grayscale,464,510,463,509,29.97023809523809,train
like,signschool,kaggle_dataset/videos/33268.mp4,1,53.0,53.0,1.768,29.97002997002997,wlasl_60,True,640.0,360.0,False,False,False,1.7684333333333333,0.0004333333333332,False,0.4669999999999996,8.125,False,False,,ok,,normalized_frames/topn_224_gray_jpg/like/33268__s000000__e000052__ae8ba131b1ee,53,jpg,224,224,grayscale,1,53,0,52,29.97002997002997,train
teacher,aslsignbank,kaggle_dataset/videos/66593.mp4,1,69.0,69.0,2.878,23.976093402520384,wlasl_93,True,656.0,370.0,False,False,False,2.877866666666667,0.0001333333333333,False,0.4669999999999996,8.125,False,False,,ok,,normalized_frames/topn_224_gray_jpg/teacher/66593__s000000__e000068__b1ea19f6f070,69,jpg,224,224,grayscale,1,69,0,68,23.976093402520384,train
mother,spreadthesign,kaggle_dataset/videos/36929.mp4,1,61.0,61.0,2.035,29.97,wlasl_56,True,320.0,240.0,False,False,False,2.035368702035369,0.0003687020353684,False,0.4669999999999996,8.125,False,False,,ok,,normalized_frames/topn_224_gray_jpg/mother/36929__s000000__e000060__d98b238230db,61,jpg,224,224,grayscale,1,61,0,60,29.97,train
water,msasl,MS-ASL/videos_MS_ASL_raw/msasl_raw_PvzBgEcEPew.mp4,4703,4849.0,147.0,5.840000000000003,25.0,msasl_77,True,640.0,360.0,False,False,False,5.88,0.0399999999999964,False,0.4669999999999996,8.125,False,False,,ok,,normalized_frames/topn_224_gray_jpg/water/msasl_raw_PvzBgEcEPew__s004702__e004848__2d1df75079a3,147,jpg,224,224,grayscale,4703,4849,4702,4848,25.0,train
doctor,msasl,MS-ASL/videos_MS_ASL_raw/msasl_raw_1kNszi0e9XU.mp4,3190,3270.0,81.0,2.668999999999997,29.97,msasl_26,True,1280.0,720.0,False,False,False,2.702702702702702,0.0337027027027057,False,0.4669999999999996,8.125,False,False,,ok,,normalized_frames/topn_224_gray_jpg/doctor/msasl_raw_1kNszi0e9XU__s003189__e003269__8a0c3f8c71b1,81,jpg,224,224,grayscale,3190,3270,3189,3269,29.97002997002997,val
nice,msasl,MS-ASL/videos_MS_ASL_raw/msasl_raw_IMF7K2ClfQc.mp4,5165,5235.0,71.0,2.335000000000008,29.97,msasl_247,True,640.0,360.0,False,False,False,2.369035702369036,0.0340357023690276,False,0.4669999999999996,8.125,False,False,,ok,,normalized_frames/topn_224_gray_jpg/nice/msasl_raw_IMF7K2ClfQc__s005164__e005234__2f256a42a6a7,71,jpg,224,224,grayscale,5165,5235,5164,5234,29.97002997002997,train
orange,msasl,MS-ASL/videos_MS_ASL_raw/msasl_raw_koMZVbqiXf4.mp4,5031,5135.0,105.0,3.469999999999999,29.97,msasl_125,True,640.0,352.0,False,False,False,3.503503503503504,0.0335035035035047,False,0.4669999999999996,8.125,False,False,,ok,,normalized_frames/topn_224_gray_jpg/orange/msasl_raw_koMZVbqiXf4__s005030__e005134__9df23cebf47a,105,jpg,224,224,grayscale,5031,5135,5030,5134,29.97002997002997,test
fish,msasl,MS-ASL/videos_MS_ASL_raw/msasl_raw_RaTg-FuhCmY.mp4,2919,3029.0,111.0,3.670999999999992,29.97,msasl_72,True,472.0,360.0,False,False,False,3.703703703703704,0.0327037037037118,False,0.4669999999999996,8.125,False,False,,ok,,normalized_frames/topn_224_gray_jpg/fish/msasl_raw_RaTg-FuhCmY__s002918__e003028__0d2d6225b69e,111,jpg,224,224,grayscale,2919,3029,2918,3028,29.97002997002997,train
table,msasl,MS-ASL/videos_MS_ASL_raw/msasl_raw_W1jPKaSkJRU.mp4,0,104.0,105.0,3.467,30.0,msasl_135,True,480.0,360.0,False,False,False,3.5,0.0329999999999999,False,0.4669999999999996,8.125,False,False,,ok,,normalized_frames/topn_224_gray_jpg/table/msasl_raw_W1jPKaSkJRU__s000000__e000103__61f362430edb,104,jpg,224,224,grayscale,0,104,0,103,30.0,train
table,msasl,MS-ASL/videos_MS_ASL_raw/msasl_raw_dELt8wh_5nA.mp4,6216,6354.0,139.0,5.75,24.002,msasl_125,True,1280.0,720.0,False,False,False,5.791184067994334,0.041184067994334,False,0.4669999999999996,8.125,False,False,,ok,,normalized_frames/topn_224_gray_jpg/table/msasl_raw_dELt8wh_5nA__s006215__e006353__da6c28086933,139,jpg,224,224,grayscale,6216,6354,6215,6353,24.0,test
happy,msasl,MS-ASL/videos_MS_ASL_raw/msasl_raw_HVtHrQuNA8Q.mp4,0,123.0,124.0,4.149,29.644,msasl_2,True,640.0,360.0,False,False,False,4.182971258939415,0.0339712589394149,False,0.4669999999999996,8.125,False,False,,ok,,normalized_frames/topn_224_gray_jpg/happy/msasl_raw_HVtHrQuNA8Q__s000000__e000122__dc8bb1f061ac,123,jpg,224,224,grayscale,0,123,0,122,29.644032544685192,train
sit,startasl,kaggle_dataset/videos/51916.mp4,1,52.0,52.0,1.735,29.97002997002997,wlasl_38,True,1280.0,720.0,False,False,False,1.7350666666666668,6.666666666665932e-05,False,0.4669999999999996,8.125,False,False,,ok,,normalized_frames/topn_224_gray_jpg/sit/51916__s000000__e000051__862b6c3087c5,52,jpg,224,224,grayscale,1,52,0,51,29.97002997002997,train
nice,msasl,MS-ASL/videos_MS_ASL_raw/msasl_raw_u0XAd3TkGaA.mp4,11707,11812.0,106.0,3.502999999999986,29.97,msasl_46,True,640.0,360.0,False,False,False,3.5368702035368704,0.0338702035368845,False,0.4669999999999996,8.125,False,False,,ok,,normalized_frames/topn_224_gray_jpg/nice/msasl_raw_u0XAd3TkGaA__s011706__e011811__cace2d46bcec,106,jpg,224,224,grayscale,11707,11812,11706,11811,29.97002997002997,train
finish,msasl,MS-ASL/videos_MS_ASL_raw/msasl_raw_1bj72qXSy8c.mp4,7489,7567.0,79.0,3.25,24.002,msasl_125,True,1280.0,720.0,False,False,False,3.291392383968003,0.0413923839680028,False,0.4669999999999996,8.125,False,False,,ok,,normalized_frames/topn_224_gray_jpg/finish/msasl_raw_1bj72qXSy8c__s007488__e007566__836920737dba,79,jpg,224,224,grayscale,7489,7567,7488,7566,24.0,test
yes,msasl,MS-ASL/videos_MS_ASL_raw/msasl_raw_HUMEcnkvhJU.mp4,39944,40054.0,111.0,3.6700000000000728,29.97,msasl_251,True,640.0,360.0,False,False,False,3.703703703703704,0.0337037037036309,False,0.4669999999999996,8.125,False,False,,ok,,normalized_frames/topn_224_gray_jpg/yes/msasl_raw_HUMEcnkvhJU__s039943__e040053__a104904a779e,111,jpg,224,224,grayscale,39944,40054,39943,40053,29.97002997002997,train
sit,msasl,MS-ASL/videos_MS_ASL_raw/msasl_raw_nHnqAu_1K-c.mp4,1828,1962.0,135.0,4.467000000000006,30.0,msasl_101,True,640.0,360.0,False,False,False,4.5,0.0329999999999941,False,0.4669999999999996,8.125,False,False,,ok,,normalized_frames/topn_224_gray_jpg/sit/msasl_raw_nHnqAu_1K-c__s001827__e001961__117f6f2b2efa,135,jpg,224,224,grayscale,1828,1962,1827,1961,30.0,train
teacher,msasl,MS-ASL/videos_MS_ASL_raw/msasl_raw_hJZhwVjk-eo.mp4,0,105.0,106.0,3.5,30.0,msasl_0,True,640.0,360.0,False,False,False,3.533333333333333,0.0333333333333332,False,0.4669999999999996,8.125,False,False,,ok,,normalized_frames/topn_224_gray_jpg/teacher/msasl_raw_hJZhwVjk-eo__s000000__e000104__235e692f5dfd,105,jpg,224,224,grayscale,0,105,0,104,30.0,test
fish,msasl,MS-ASL/videos_MS_ASL_raw/msasl_raw_ws12ZoG4qAU.mp4,2893,2943.0,51.0,1.6669999999999874,30.0,msasl_157,True,1280.0,720.0,False,False,False,1.7,0.0330000000000125,False,0.4669999999999996,8.125,False,False,,ok,,normalized_frames/topn_224_gray_jpg/fish/msasl_raw_ws12ZoG4qAU__s002892__e002942__5df7c362a90a,51,jpg,224,224,grayscale,2893,2943,2892,2942,30.0,train
teacher,msasl,MS-ASL/videos_MS_ASL_raw/msasl_raw_cqyB9f32GuI.mp4,0,137.0,138.0,7.985,17.157,msasl_2,True,640.0,360.0,False,False,False,8.043364224514775,0.0583642245147748,False,0.4669999999999996,8.125,False,False,,ok,,normalized_frames/topn_224_gray_jpg/teacher/msasl_raw_cqyB9f32GuI__s000000__e000136__347bb1df00c8,137,jpg,224,224,grayscale,0,137,0,136,17.281326086956522,train
what,msasl,MS-ASL/videos_MS_ASL_raw/msasl_raw__LGqHR3FhL8.mp4,14174,14254.0,81.0,2.6689999999999827,29.97,msasl_80,True,640.0,360.0,False,False,False,2.702702702702702,0.0337027027027199,False,0.4669999999999996,8.125,False,False,,ok,,normalized_frames/topn_224_gray_jpg/what/msasl_raw__LGqHR3FhL8__s014173__e014253__9aca0329d005,81,jpg,224,224,grayscale,14174,14254,14173,14253,29.97002997002997,train
help,aslbrick,kaggle_dataset/videos/69364.mp4,1,75.0,75.0,2.502,29.97002997002997,wlasl_115,True,1920.0,1080.0,False,False,False,2.5025,0.0005000000000001,False,0.4669999999999996,8.125,False,False,,ok,,normalized_frames/topn_224_gray_jpg/help/69364__s000000__e000074__8d79bc3d0b07,75,jpg,224,224,grayscale,1,75,0,74,29.97002997002997,train
sit,msasl,MS-ASL/videos_MS_ASL_raw/msasl_raw_f7tZegTJCWo.mp4,2502,2582.0,81.0,3.3329999999999984,24.004,msasl_125,True,1280.0,720.0,False,False,False,3.3744375937343776,0.0414375937343791,False,0.4669999999999996,8.125,False,False,,ok,,normalized_frames/topn_224_gray_jpg/sit/msasl_raw_f7tZegTJCWo__s002501__e002581__f1d8bc4c6de4,81,jpg,224,224,grayscale,2502,2582,2501,2581,24.0,test
man,msasl,MS-ASL/videos_MS_ASL_raw/msasl_raw_UXetwN_cI5A.mp4,16901,16961.0,61.0,2.400000000000091,25.0,msasl_12,True,480.0,360.0,False,False,False,2.44,0.039999999999909,False,0.4669999999999996,8.125,False,False,,ok,,normalized_frames/topn_224_gray_jpg/man/msasl_raw_UXetwN_cI5A__s016900__e016960__1ba2f90cf82a,61,jpg,224,224,grayscale,16901,16961,16900,16960,25.0,train
what,msasl,MS-ASL/videos_MS_ASL_raw/msasl_raw_Fd3xF72yJrk.mp4,0,56.0,57.0,1.867,30.0,msasl_0,True,320.0,240.0,False,False,False,1.9,0.0329999999999999,False,0.4669999999999996,8.125,False,False,,ok,,normalized_frames/topn_224_gray_jpg/what/msasl_raw_Fd3xF72yJrk__s000000__e000055__88feb6522be2,56,jpg,224,224,grayscale,0,56,0,55,30.0,test
mother,aslbrick,kaggle_dataset/videos/69402.mp4,1,82.0,82.0,2.736,29.97002997002997,wlasl_116,True,640.0,480.0,False,False,False,2.736066666666667,6.666666666665932e-05,False,0.4669999999999996,8.125,False,False,,ok,,normalized_frames/topn_224_gray_jpg/mother/69402__s000000__e000081__c0332982e18b,82,jpg,224,224,grayscale,1,82,0,81,29.97002997002997,train
student,msasl,MS-ASL/videos_MS_ASL_raw/msasl_raw_0bIF7jh6lnE.mp4,1616,1678.0,63.0,2.067999999999998,29.97,msasl_125,True,480.0,360.0,False,False,False,2.1021021021021022,0.0341021021021044,False,0.4669999999999996,8.125,False,False,,ok,,normalized_frames/topn_224_gray_jpg/student/msasl_raw_0bIF7jh6lnE__s001615__e001677__b60b0beb2868,63,jpg,224,224,grayscale,1616,1678,1615,1677,29.97002997002997,test
need,msasl,MS-ASL/videos_MS_ASL_raw/msasl_raw_jE6qpXmh4VU.mp4,625,669.0,45.0,1.468,29.97,msasl_26,True,1280.0,720.0,False,False,False,1.5015015015015016,0.0335015015015016,False,0.4669999999999996,8.125,False,False,,ok,,normalized_frames/topn_224_gray_jpg/need/msasl_raw_jE6qpXmh4VU__s000624__e000668__319df1fae814,45,jpg,224,224,grayscale,625,669,624,668,29.97002997002997,val
eat,msasl,MS-ASL/videos_MS_ASL_raw/msasl_raw_DGFSZB6BLLc.mp4,0,62.0,63.0,2.48,25.0,msasl_152,True,500.0,284.0,False,False,False,2.52,0.04,False,0.4669999999999996,8.125,False,False,,ok,,normalized_frames/topn_224_gray_jpg/eat/msasl_raw_DGFSZB6BLLc__s000000__e000061__c6360fde1501,62,jpg,224,224,grayscale,0,62,0,61,25.0,train
deaf,msasl,MS-ASL/videos_MS_ASL_raw/msasl_raw_2VB3WN8adyM.mp4,4628,4766.0,139.0,5.75,24.0,msasl_125,True,1280.0,720.0,False,False,False,5.791666666666667,0.0416666666666669,False,0.4669999999999996,8.125,False,False,,ok,,normalized_frames/topn_224_gray_jpg/deaf/msasl_raw_2VB3WN8adyM__s004627__e004765__179eb34f5b14,139,jpg,224,224,grayscale,4628,4766,4627,4765,24.00001629882261,test
no,msasl,MS-ASL/videos_MS_ASL_raw/msasl_raw_rWIDL_GpaJc.mp4,4039,4223.0,185.0,6.13900000000001,29.972,msasl_274,True,1280.0,720.0,False,False,False,6.172427599092486,0.0334275990924757,False,0.4669999999999996,8.125,False,False,,ok,,normalized_frames/topn_224_gray_jpg/no/msasl_raw_rWIDL_GpaJc__s004038__e004222__b1046fd1ba42,185,jpg,224,224,grayscale,4039,4223,4038,4222,29.97002997002997,train
eat,asldeafined,kaggle_dataset/videos/18325.mp4,1,72.0,72.0,2.4,29.99583391195668,wlasl_21,True,640.0,480.0,False,False,False,2.4003333333333328,0.0003333333333328,False,0.4669999999999996,8.125,False,False,,ok,,normalized_frames/topn_224_gray_jpg/eat/18325__s000000__e000071__e6d3586cfb23,72,jpg,224,224,grayscale,1,72,0,71,29.995833911956677,train
sit,msasl,MS-ASL/videos_MS_ASL_raw/msasl_raw_0bIF7jh6lnE.mp4,4574,4626.0,53.0,1.7350000000000136,29.97,msasl_125,True,480.0,360.0,False,False,False,1.7684351017684352,0.0334351017684215,False,0.4669999999999996,8.125,False,False,,ok,,normalized_frames/topn_224_gray_jpg/sit/msasl_raw_0bIF7jh6lnE__s004573__e004625__503165ff4101,53,jpg,224,224,grayscale,4574,4626,4573,4625,29.97002997002997,test
tired,msasl,MS-ASL/videos_MS_ASL_raw/msasl_raw_qdC7SfVp8iQ.mp4,0,100.0,101.0,3.972,25.174,msasl_87,True,1280.0,720.0,False,False,False,4.012075951378407,0.0400759513784065,False,0.4669999999999996,8.125,False,False,,ok,,normalized_frames/topn_224_gray_jpg/tired/msasl_raw_qdC7SfVp8iQ__s000000__e000099__a8edb3ac6fa4,80,jpg,224,224,grayscale,0,100,0,99,20.0,train
learn,msasl,MS-ASL/videos_MS_ASL_raw/msasl_raw_E535Rmh3Foc.mp4,0,92.0,93.0,3.075,29.917,msasl_229,True,480.0,270.0,False,False,False,3.1086004612761973,0.033600461276197,False,0.4669999999999996,8.125,False,False,,ok,,normalized_frames/topn_224_gray_jpg/learn/msasl_raw_E535Rmh3Foc__s000000__e000091__445cddf687c5,92,jpg,224,224,grayscale,0,92,0,91,29.97002997002997,train
no,msasl,MS-ASL/videos_MS_ASL_raw/msasl_raw_-LB4ENHxcIs.mp4,1242,1304.0,63.0,2.0689999999999955,29.97,msasl_233,True,640.0,360.0,False,False,False,2.1021021021021022,0.0331021021021067,False,0.4669999999999996,8.125,False,False,,ok,,normalized_frames/topn_224_gray_jpg/no/msasl_raw_-LB4ENHxcIs__s001241__e001303__e7976bee076f,63,jpg,224,224,grayscale,1242,1304,1241,1303,29.97002997002997,train
help,signingsavvy,kaggle_dataset/videos/27213.mp4,1,50.0,50.0,1.668,29.97,wlasl_10,True,288.0,192.0,False,False,False,1.6683350016683351,0.0003350016683352,False,0.4669999999999996,8.125,False,False,,ok,,normalized_frames/topn_224_gray_jpg/help/27213__s000000__e000049__a5d30dc18e60,49,jpg,224,224,grayscale,1,50,0,49,29.97,train
school,msasl,MS-ASL/videos_MS_ASL_raw/msasl_raw_g59_3vr_NT0.mp4,5602,5692.0,91.0,3.0,30.0,msasl_163,True,1280.0,720.0,False,False,False,3.033333333333333,0.0333333333333332,False,0.4669999999999996,8.125,False,False,,ok,,normalized_frames/topn_224_gray_jpg/school/msasl_raw_g59_3vr_NT0__s005601__e005691__cb73b8f3a05b,91,jpg,224,224,grayscale,5602,5692,5601,5691,30.0,train
sit,msasl,MS-ASL/videos_MS_ASL_raw/msasl_raw_SiTBL7DYzZQ.mp4,323,413.0,91.0,3.6,25.0,msasl_94,True,1280.0,720.0,False,False,False,3.64,0.04,False,0.4669999999999996,8.125,False,False,,ok,,normalized_frames/topn_224_gray_jpg/sit/msasl_raw_SiTBL7DYzZQ__s000322__e000412__08bfe6355770,91,jpg,224,224,grayscale,323,413,322,412,25.0,train
like,aslbrick,kaggle_dataset/videos/69389.mp4,1,59.0,59.0,1.969,29.97002997002997,wlasl_118,True,1280.0,720.0,False,False,False,1.9686333333333328,0.0003666666666666,False,0.4669999999999996,8.125,False,False,,ok,,normalized_frames/topn_224_gray_jpg/like/69389__s000000__e000058__a9703172b057,59,jpg,224,224,grayscale,1,59,0,58,29.97002997002997,val
orange,msasl,MS-ASL/videos_MS_ASL_raw/msasl_raw_02NAI-ykpWk.mp4,0,146.0,147.0,5.84,25.0,msasl_14,True,640.0,360.0,False,False,False,5.88,0.04,False,0.4669999999999996,8.125,False,False,,ok,,normalized_frames/topn_224_gray_jpg/orange/msasl_raw_02NAI-ykpWk__s000000__e000145__555510bfc93d,146,jpg,224,224,grayscale,0,146,0,145,25.0,train
bird,msasl,MS-ASL/videos_MS_ASL_raw/msasl_raw_stsGYdklN_k.mp4,692,761.0,70.0,2.302,29.97,msasl_124,True,640.0,360.0,False,False,False,2.335669002335669,0.0336690023356691,False,0.4669999999999996,8.125,False,False,,ok,,normalized_frames/topn_224_gray_jpg/bird/msasl_raw_stsGYdklN_k__s000691__e000760__129707f0c412,70,jpg,224,224,grayscale,692,761,691,760,29.97,train
teacher,msasl,MS-ASL/videos_MS_ASL_raw/msasl_raw_IeH7XYbo0yg.mp4,204,278.0,75.0,2.4689999999999994,29.97,msasl_140,True,1280.0,720.0,False,False,False,2.5025025025025025,0.033502502502503,False,0.4669999999999996,8.125,False,False,,ok,,normalized_frames/topn_224_gray_jpg/teacher/msasl_raw_IeH7XYbo0yg__s000203__e000277__e5a41c5b4cfe,75,jpg,224,224,grayscale,204,278,203,277,29.97002997002997,train
what,msasl,MS-ASL/videos_MS_ASL_raw/msasl_raw_MDQQ9WZNwcc.mp4,7080,7228.0,149.0,4.938000000000017,29.97,msasl_126,True,640.0,360.0,False,False,False,4.971638304971639,0.033638304971622,False,0.4669999999999996,8.125,False,False,,ok,,normalized_frames/topn_224_gray_jpg/what/msasl_raw_MDQQ9WZNwcc__s007079__e007227__4b4dfeef9f11,149,jpg,224,224,grayscale,7080,7228,7079,7227,29.97002997002997,train
eat,msasl,MS-ASL/videos_MS_ASL_raw/msasl_raw_thdb-I-H9kE.mp4,226,313.0,88.0,3.4800000000000004,25.0,msasl_94,True,1280.0,720.0,False,False,False,3.52,0.0399999999999995,False,0.4669999999999996,8.125,False,False,,ok,,normalized_frames/topn_224_gray_jpg/eat/msasl_raw_thdb-I-H9kE__s000225__e000312__0983a062fa4d,88,jpg,224,224,grayscale,226,313,225,312,25.0,train
nice,msasl,MS-ASL/videos_MS_ASL_raw/msasl_raw_QTbj2GM5ohs.mp4,997,1109.0,113.0,4.479999999999997,25.0,msasl_94,True,1280.0,720.0,False,False,False,4.52,0.0400000000000027,False,0.4669999999999996,8.125,False,False,,ok,,normalized_frames/topn_224_gray_jpg/nice/msasl_raw_QTbj2GM5ohs__s000996__e001108__abf7fa5d90fd,113,jpg,224,224,grayscale,997,1109,996,1108,25.0,train
deaf,signschool,kaggle_dataset/videos/14884.mp4,1,38.0,38.0,1.268,29.97002997002997,wlasl_4,True,1920.0,1080.0,False,False,False,1.2679333333333334,6.666666666665932e-05,False,0.4669999999999996,8.125,False,False,,ok,,normalized_frames/topn_224_gray_jpg/deaf/14884__s000000__e000037__ea1c5838c79b,38,jpg,224,224,grayscale,1,38,0,37,29.97002997002997,train
doctor,msasl,MS-ASL/videos_MS_ASL_raw/msasl_raw_IrdTDCpIunA.mp4,404,506.0,103.0,3.404,29.97,msasl_94,True,1280.0,720.0,False,False,False,3.4367701034367704,0.0327701034367704,False,0.4669999999999996,8.125,False,False,,ok,,normalized_frames/topn_224_gray_jpg/doctor/msasl_raw_IrdTDCpIunA__s000403__e000505__fb08cbb52269,103,jpg,224,224,grayscale,404,506,403,505,29.97002997002997,train
yes,msasl,MS-ASL/videos_MS_ASL_raw/msasl_raw_0bIF7jh6lnE.mp4,3283,3307.0,25.0,0.8009999999999877,29.97,msasl_125,True,480.0,360.0,False,False,False,0.8341675008341676,0.0331675008341798,False,0.4669999999999996,8.125,False,False,,ok,,normalized_frames/topn_224_gray_jpg/yes/msasl_raw_0bIF7jh6lnE__s003282__e003306__ed4c0aa2b11c,25,jpg,224,224,grayscale,3283,3307,3282,3306,29.97002997002997,test
eat,msasl,MS-ASL/videos_MS_ASL_raw/msasl_raw_PvzBgEcEPew.mp4,375,522.0,148.0,5.879999999999999,25.0,msasl_77,True,640.0,360.0,False,False,False,5.92,0.0400000000000009,False,0.4669999999999996,8.125,False,False,,ok,,normalized_frames/topn_224_gray_jpg/eat/msasl_raw_PvzBgEcEPew__s000374__e000521__03e20cffb1b3,148,jpg,224,224,grayscale,375,522,374,521,25.0,train
bird,aslsearch,kaggle_dataset/videos/06343.mp4,1,82.0,82.0,2.703,30.340374572525587,wlasl_12,True,720.0,400.0,False,False,False,2.702669336002669,0.0003306639973303,False,0.4669999999999996,8.125,False,False,,ok,,normalized_frames/topn_224_gray_jpg/bird/06343__s000000__e000081__da53ffb39306,82,jpg,224,224,grayscale,1,82,0,81,30.340374572525587,train
school,msasl,MS-ASL/videos_MS_ASL_raw/msasl_raw_Ag5VPvAe8PA.mp4,2640,2758.0,119.0,3.937000000000012,29.97,msasl_18,True,640.0,360.0,False,False,False,3.9706373039706375,0.0336373039706257,False,0.4669999999999996,8.125,False,False,,ok,,normalized_frames/topn_224_gray_jpg/school/msasl_raw_Ag5VPvAe8PA__s002639__e002757__ca2d8b60e944,119,jpg,224,224,grayscale,2640,2758,2639,2757,29.97002997002997,train
spring,msasl,MS-ASL/videos_MS_ASL_raw/msasl_raw_8hBFgtJOZaE.mp4,22100,22160.0,61.0,2.3999999999999773,25.0,msasl_12,True,480.0,360.0,False,False,False,2.44,0.0400000000000226,False,0.4669999999999996,8.125,False,False,,ok,,normalized_frames/topn_224_gray_jpg/spring/msasl_raw_8hBFgtJOZaE__s022099__e022159__b2c489951421,61,jpg,224,224,grayscale,22100,22160,22099,22159,25.0,train
what,msasl,MS-ASL/videos_MS_ASL_raw/msasl_raw_fNg_sJ9f8EI.mp4,830,949.0,120.0,3.971,29.97,msasl_32,True,640.0,360.0,False,False,False,4.004004004004004,0.0330040040040042,False,0.4669999999999996,8.125,False,False,,ok,,normalized_frames/topn_224_gray_jpg/what/msasl_raw_fNg_sJ9f8EI__s000829__e000948__5d4b6b5ef442,120,jpg,224,224,grayscale,830,949,829,948,29.97002997002997,train
mother,msasl,MS-ASL/videos_MS_ASL_raw/msasl_raw_pv1yeA4iHmU.mp4,2449,2607.0,159.0,5.271999999999991,29.97,msasl_319,True,640.0,360.0,False,False,False,5.305305305305305,0.0333053053053138,False,0.4669999999999996,8.125,False,False,,ok,,normalized_frames/topn_224_gray_jpg/mother/msasl_raw_pv1yeA4iHmU__s002448__e002606__22a93ab9282c,159,jpg,224,224,grayscale,2449,2607,2448,2606,29.97002997002997,train
like,msasl,MS-ASL/videos_MS_ASL_raw/msasl_raw_OzkMuzJUdDc.mp4,70,146.0,77.0,4.466,17.016,msasl_2,True,640.0,360.0,False,False,False,4.525152797367184,0.0591527973671839,False,0.4669999999999996,8.125,False,False,,ok,,normalized_frames/topn_224_gray_jpg/like/msasl_raw_OzkMuzJUdDc__s000069__e000145__20a7e1dc718c,77,jpg,224,224,grayscale,70,146,69,145,17.016,train
help,msasl,MS-ASL/videos_MS_ASL_raw/msasl_raw_2UTrRGm6-cs.mp4,0,43.0,44.0,1.72,25.0,msasl_152,True,480.0,272.0,False,False,False,1.76,0.04,False,0.4669999999999996,8.125,False,False,,ok,,normalized_frames/topn_224_gray_jpg/help/msasl_raw_2UTrRGm6-cs__s000000__e000042__e2831cbb04ae,43,jpg,224,224,grayscale,0,43,0,42,25.0,train
yes,msasl,MS-ASL/videos_MS_ASL_raw/msasl_raw_zGwP9fAhpl4.mp4,0,140.0,141.0,4.72,29.659,msasl_2,True,640.0,360.0,False,False,False,4.754037560268384,0.0340375602683842,False,0.4669999999999996,8.125,False,False,,ok,,normalized_frames/topn_224_gray_jpg/yes/msasl_raw_zGwP9fAhpl4__s000000__e000139__e04b96496fac,140,jpg,224,224,grayscale,0,140,0,139,29.659,train
deaf,msasl,MS-ASL/videos_MS_ASL_raw/msasl_raw_IgT0jDp56ZM.mp4,0,107.0,108.0,3.577,29.917,msasl_38,True,480.0,270.0,False,False,False,3.6099876324497777,0.0329876324497777,False,0.4669999999999996,8.125,False,False,,ok,,normalized_frames/topn_224_gray_jpg/deaf/msasl_raw_IgT0jDp56ZM__s000000__e000106__bab08202b521,107,jpg,224,224,grayscale,0,107,0,106,29.97002997002997,train
but,asldeafined,kaggle_dataset/videos/08426.mp4,1,86.0,86.0,2.866,30.00348877776485,wlasl_59,True,640.0,480.0,False,False,False,2.866333333333334,0.0003333333333337,False,0.4669999999999996,8.125,False,False,,ok,,normalized_frames/topn_224_gray_jpg/but/08426__s000000__e000085__500079f365c5,86,jpg,224,224,grayscale,1,86,0,85,30.003488777764854,train
nice,aslsignbank,kaggle_dataset/videos/65365.mp4,1,73.0,73.0,3.045,23.97608959831839,wlasl_90,True,656.0,370.0,False,False,False,3.0447,0.0002999999999997,False,0.4669999999999996,8.125,False,False,,ok,,normalized_frames/topn_224_gray_jpg/nice/65365__s000000__e000072__fb63bd3d58d6,73,jpg,224,224,grayscale,1,73,0,72,23.97608959831839,train
fish,msasl,MS-ASL/videos_MS_ASL_raw/msasl_raw_VSzTnL4On_k.mp4,4493,4666.0,174.0,6.919999999999988,25.0,msasl_12,True,480.0,360.0,False,False,False,6.96,0.0400000000000115,False,0.4669999999999996,8.125,False,False,,ok,,normalized_frames/topn_224_gray_jpg/fish/msasl_raw_VSzTnL4On_k__s004492__e004665__067a073397dc,174,jpg,224,224,grayscale,4493,4666,4492,4665,25.0,train
table,msasl,MS-ASL/videos_MS_ASL_raw/msasl_raw_UJINxF1cSUA.mp4,0,81.0,82.0,2.703,29.97,msasl_0,True,640.0,360.0,False,False,False,2.736069402736069,0.0330694027360696,False,0.4669999999999996,8.125,False,False,,ok,,normalized_frames/topn_224_gray_jpg/table/msasl_raw_UJINxF1cSUA__s000000__e000080__83abd4f9287a,81,jpg,224,224,grayscale,0,81,0,80,29.97002997002997,test
cousin,msasl,MS-ASL/videos_MS_ASL_raw/msasl_raw_-_0i3qAEM1E.mp4,162,242.0,81.0,2.667,30.0,msasl_62,True,640.0,360.0,False,False,False,2.7,0.0330000000000003,False,0.4669999999999996,8.125,False,False,,ok,,normalized_frames/topn_224_gray_jpg/cousin/msasl_raw_-_0i3qAEM1E__s000161__e000241__713d285cb92d,81,jpg,224,224,grayscale,162,242,161,241,30.0,train
tired,msasl,MS-ASL/videos_MS_ASL_raw/msasl_raw_TBSr8a78eiQ.mp4,0,63.0,64.0,2.127,29.617,msasl_2,True,640.0,360.0,False,False,False,2.160921092615727,0.0339210926157274,False,0.4669999999999996,8.125,False,False,,ok,,normalized_frames/topn_224_gray_jpg/tired/msasl_raw_TBSr8a78eiQ__s000000__e000062__6a6f23aa257e,63,jpg,224,224,grayscale,0,63,0,62,29.61703777131286,train
help,msasl,MS-ASL/videos_MS_ASL_raw/msasl_raw__LGqHR3FhL8.mp4,6262,6312.0,51.0,1.6680000000000064,29.97,msasl_80,True,640.0,360.0,False,False,False,1.7017017017017018,0.0337017017016954,False,0.4669999999999996,8.125,False,False,,ok,,normalized_frames/topn_224_gray_jpg/help/msasl_raw__LGqHR3FhL8__s006261__e006311__b7c88a6398ef,51,jpg,224,224,grayscale,6262,6312,6261,6311,29.97002997002997,train
teacher,msasl,MS-ASL/videos_MS_ASL_raw/msasl_raw_AkGYEiN8vOY.mp4,933,985.0,53.0,2.0799999999999983,25.0,msasl_172,True,640.0,360.0,False,False,False,2.12,0.0400000000000018,False,0.4669999999999996,8.125,False,False,,ok,,normalized_frames/topn_224_gray_jpg/teacher/msasl_raw_AkGYEiN8vOY__s000932__e000984__464014e142f1,53,jpg,224,224,grayscale,933,985,932,984,25.0,train
what,msasl,MS-ASL/videos_MS_ASL_raw/msasl_raw_R_ES8RZua1g.mp4,1260,1318.0,59.0,1.933,30.0,msasl_40,True,568.0,320.0,False,False,False,1.9666666666666663,0.0336666666666665,False,0.4669999999999996,8.125,False,False,,ok,,normalized_frames/topn_224_gray_jpg/what/msasl_raw_R_ES8RZua1g__s001259__e001317__bfa5aee23795,59,jpg,224,224,grayscale,1260,1318,1259,1317,30.0,train
again,msasl,MS-ASL/videos_MS_ASL_raw/msasl_raw_MDQQ9WZNwcc.mp4,8619,8707.0,89.0,2.9360000000000355,29.97,msasl_126,True,640.0,360.0,False,False,False,2.9696363029696364,0.0336363029696009,False,0.4669999999999996,8.125,False,False,,ok,,normalized_frames/topn_224_gray_jpg/again/msasl_raw_MDQQ9WZNwcc__s008618__e008706__37d5bab0f288,89,jpg,224,224,grayscale,8619,8707,8618,8706,29.97002997002997,train
father,msasl,MS-ASL/videos_MS_ASL_raw/msasl_raw_psspxdbtM3k.mp4,424,474.0,51.0,1.6690000000000005,29.97,msasl_140,True,1280.0,720.0,False,False,False,1.7017017017017018,0.0327017017017012,False,0.4669999999999996,8.125,False,False,,ok,,normalized_frames/topn_224_gray_jpg/father/msasl_raw_psspxdbtM3k__s000423__e000473__74909a4a3dd3,51,jpg,224,224,grayscale,424,474,423,473,29.97002997002997,train
orange,signingsavvy,kaggle_dataset/videos/40121.mp4,1,42.0,42.0,1.401,29.97,wlasl_11,True,288.0,192.0,False,False,False,1.4014014014014011,0.0004014014014013,False,0.4669999999999996,8.125,False,False,,ok,,normalized_frames/topn_224_gray_jpg/orange/40121__s000000__e000041__2f3421869aef,41,jpg,224,224,grayscale,1,42,0,41,29.97,val
doctor,msasl,MS-ASL/videos_MS_ASL_raw/msasl_raw_rWIDL_GpaJc.mp4,13637,13789.0,153.0,5.072000000000003,29.972,msasl_274,True,1280.0,720.0,False,False,False,5.104764446817029,0.0327644468170262,False,0.4669999999999996,8.125,False,False,,ok,,normalized_frames/topn_224_gray_jpg/doctor/msasl_raw_rWIDL_GpaJc__s013636__e013788__18f8bdfd754d,153,jpg,224,224,grayscale,13637,13789,13636,13788,29.97002997002997,train
student,msasl,MS-ASL/videos_MS_ASL_raw/msasl_raw_FNt4N8WFuVY.mp4,605,735.0,131.0,5.447000000000003,23.867,msasl_401,True,270.0,360.0,False,False,False,5.488750157120711,0.0417501571207079,False,0.4669999999999996,8.125,False,False,,ok,,normalized_frames/topn_224_gray_jpg/student/msasl_raw_FNt4N8WFuVY__s000604__e000734__c54d56b74edd,131,jpg,224,224,grayscale,605,735,604,734,24.0,train
father,msasl,MS-ASL/videos_MS_ASL_raw/msasl_raw_HUMEcnkvhJU.mp4,8805,8835.0,31.0,1.0009999999999764,29.97,msasl_251,True,640.0,360.0,False,False,False,1.0343677010343677,0.0333677010343913,False,0.4669999999999996,8.125,False,False,,ok,,normalized_frames/topn_224_gray_jpg/father/msasl_raw_HUMEcnkvhJU__s008804__e008834__84e19a8149e7,31,jpg,224,224,grayscale,8805,8835,8804,8834,29.97002997002997,train
spring,msasl,MS-ASL/videos_MS_ASL_raw/msasl_raw_SC9lyDxbwUE.mp4,851,970.0,120.0,3.971,29.97,msasl_18,True,640.0,360.0,False,False,False,4.004004004004004,0.0330040040040042,False,0.4669999999999996,8.125,False,False,,ok,,normalized_frames/topn_224_gray_jpg/spring/msasl_raw_SC9lyDxbwUE__s000850__e000969__1bf074030829,120,jpg,224,224,grayscale,851,970,850,969,29.97002997002997,train
fish,msasl,MS-ASL/videos_MS_ASL_raw/msasl_raw_stsGYdklN_k.mp4,1850,1957.0,108.0,3.571000000000005,29.97,msasl_124,True,640.0,360.0,False,False,False,3.603603603603604,0.0326036036035986,False,0.4669999999999996,8.125,False,False,,ok,,normalized_frames/topn_224_gray_jpg/fish/msasl_raw_stsGYdklN_k__s001849__e001956__2fecbe8a06b0,108,jpg,224,224,grayscale,1850,1957,1849,1956,29.97,train
student,msasl,MS-ASL/videos_MS_ASL_raw/msasl_raw_25ymRY7hbjs.mp4,2483,2595.0,113.0,3.738,29.97,msasl_72,True,626.0,360.0,False,False,False,3.770437103770437,0.0324371037704374,False,0.4669999999999996,8.125,False,False,,ok,,normalized_frames/topn_224_gray_jpg/student/msasl_raw_25ymRY7hbjs__s002482__e002594__fe0a7e2ff79d,113,jpg,224,224,grayscale,2483,2595,2482,2594,29.97002997002997,train
again,msasl,MS-ASL/videos_MS_ASL_raw/msasl_raw_nvaS2J5mcEk.mp4,719,748.0,30.0,0.9669999999999987,29.97,msasl_417,True,202.0,360.0,False,False,False,1.001001001001001,0.0340010010010023,False,0.4669999999999996,8.125,False,False,,ok,,normalized_frames/topn_224_gray_jpg/again/msasl_raw_nvaS2J5mcEk__s000718__e000747__82490919be6d,30,jpg,224,224,grayscale,719,748,718,747,29.97002997002997,train
no,msasl,MS-ASL/videos_MS_ASL_raw/msasl_raw_FBimL8-ND3E.mp4,1946,2029.0,84.0,2.7689999999999912,29.97,msasl_101,True,360.0,360.0,False,False,False,2.8028028028028027,0.0338028028028114,False,0.4669999999999996,8.125,False,False,,ok,,normalized_frames/topn_224_gray_jpg/no/msasl_raw_FBimL8-ND3E__s001945__e002028__c5537a4cdd24,84,jpg,224,224,grayscale,1946,2029,1945,2028,29.97002997002997,train
cousin,signingsavvy,kaggle_dataset/videos/13640.mp4,1,59.0,59.0,1.969,29.97,wlasl_11,True,288.0,192.0,False,False,False,1.968635301968636,0.0003646980313647,False,0.4669999999999996,8.125,False,False,,ok,,normalized_frames/topn_224_gray_jpg/cousin/13640__s000000__e000058__2f0043378a78,59,jpg,224,224,grayscale,1,59,0,58,29.97,val
father,spreadthesign,kaggle_dataset/videos/14565.mp4,1,72.0,72.0,2.88,25.0,wlasl_2,True,320.0,240.0,False,False,False,2.88,0.0,False,0.4669999999999996,8.125,False,False,,ok,,normalized_frames/topn_224_gray_jpg/father/14565__s000000__e000071__883c57dc6261,72,jpg,224,224,grayscale,1,72,0,71,25.0,train
help,msasl,MS-ASL/videos_MS_ASL_raw/msasl_raw_n0PdKty8WRA.mp4,5056,5141.0,86.0,2.834000000000003,30.0,msasl_163,True,1280.0,720.0,False,False,False,2.8666666666666667,0.0326666666666635,False,0.4669999999999996,8.125,False,False,,ok,,normalized_frames/topn_224_gray_jpg/help/msasl_raw_n0PdKty8WRA__s005055__e005140__ea6b9cf8469a,86,jpg,224,224,grayscale,5056,5141,5055,5140,30.0,train
learn,msasl,MS-ASL/videos_MS_ASL_raw/msasl_raw_KTURNRi-wy0.mp4,2808,2866.0,59.0,1.9350000000000025,29.97,msasl_26,True,1280.0,720.0,False,False,False,1.968635301968636,0.0336353019686328,False,0.4669999999999996,8.125,False,False,,ok,,normalized_frames/topn_224_gray_jpg/learn/msasl_raw_KTURNRi-wy0__s002807__e002865__1be62eb559a2,59,jpg,224,224,grayscale,2808,2866,2807,2865,29.97002997002997,val
cousin,spreadthesign,kaggle_dataset/videos/13630.mp4,1,106.0,106.0,3.537,29.97002997002997,wlasl_35,True,320.0,240.0,False,False,False,3.5368666666666666,0.0001333333333333,False,0.4669999999999996,8.125,False,False,,ok,,normalized_frames/topn_224_gray_jpg/cousin/13630__s000000__e000105__00549e0741f0,106,jpg,224,224,grayscale,1,106,0,105,29.97002997002997,train
student,msasl,MS-ASL/videos_MS_ASL_raw/msasl_raw_0bIF7jh6lnE.mp4,1554,1610.0,57.0,1.868000000000002,29.97,msasl_125,True,480.0,360.0,False,False,False,1.901901901901902,0.0339019019018997,False,0.4669999999999996,8.125,False,False,,ok,,normalized_frames/topn_224_gray_jpg/student/msasl_raw_0bIF7jh6lnE__s001553__e001609__aa536974982f,57,jpg,224,224,grayscale,1554,1610,1553,1609,29.97002997002997,test
happy,msasl,MS-ASL/videos_MS_ASL_raw/msasl_raw_ZHUVt5W8UEk.mp4,6501,6563.0,63.0,2.068000000000012,29.97,msasl_349,True,640.0,360.0,False,False,False,2.1021021021021022,0.0341021021020901,False,0.4669999999999996,8.125,False,False,,ok,,normalized_frames/topn_224_gray_jpg/happy/msasl_raw_ZHUVt5W8UEk__s006500__e006562__26dd7dda4453,63,jpg,224,224,grayscale,6501,6563,6500,6562,29.97002997002997,train
nice,msasl,MS-ASL/videos_MS_ASL_raw/msasl_raw_dELt8wh_5nA.mp4,9712,9808.0,97.0,3.999000000000024,24.002,msasl_125,True,1280.0,720.0,False,False,False,4.041329889175902,0.0423298891758778,False,0.4669999999999996,8.125,False,False,,ok,,normalized_frames/topn_224_gray_jpg/nice/msasl_raw_dELt8wh_5nA__s009711__e009807__b7d1ade7c45a,97,jpg,224,224,grayscale,9712,9808,9711,9807,24.0,test
school,msasl,MS-ASL/videos_MS_ASL_raw/msasl_raw_IrdTDCpIunA.mp4,5300,5400.0,101.0,3.337000000000017,29.97,msasl_94,True,1280.0,720.0,False,False,False,3.3700367033700367,0.0330367033700196,False,0.4669999999999996,8.125,False,False,,ok,,normalized_frames/topn_224_gray_jpg/school/msasl_raw_IrdTDCpIunA__s005299__e005399__da15044aa7fa,101,jpg,224,224,grayscale,5300,5400,5299,5399,29.97002997002997,train
eat,aslsignbank,kaggle_dataset/videos/65601.mp4,1,61.0,61.0,2.544,23.976102507664493,wlasl_90,True,656.0,370.0,False,False,False,2.5442,0.0001999999999999,False,0.4669999999999996,8.125,False,False,,ok,,normalized_frames/topn_224_gray_jpg/eat/65601__s000000__e000060__47fd8acf5767,61,jpg,224,224,grayscale,1,61,0,60,23.976102507664493,train
fish,msasl,MS-ASL/videos_MS_ASL_raw/msasl_raw_hUrfB8bikfw.mp4,2492,2543.0,52.0,1.7019999999999982,29.97,msasl_124,True,640.0,360.0,False,False,False,1.7350684017350684,0.0330684017350701,False,0.4669999999999996,8.125,False,False,,ok,,normalized_frames/topn_224_gray_jpg/fish/msasl_raw_hUrfB8bikfw__s002491__e002542__85c848ff52c9,52,jpg,224,224,grayscale,2492,2543,2491,2542,29.97,train
mother,msasl,MS-ASL/videos_MS_ASL_raw/msasl_raw_Ag5VPvAe8PA.mp4,1278,1397.0,120.0,3.969999999999999,29.97,msasl_18,True,640.0,360.0,False,False,False,4.004004004004004,0.0340040040040054,False,0.4669999999999996,8.125,False,False,,ok,,normalized_frames/topn_224_gray_jpg/mother/msasl_raw_Ag5VPvAe8PA__s001277__e001396__1de649d510a6,120,jpg,224,224,grayscale,1278,1397,1277,1396,29.97002997002997,train
cousin,msasl,MS-ASL/videos_MS_ASL_raw/msasl_raw_XUg1eKl65p4.mp4,2893,2937.0,45.0,1.4680000000000035,29.97,msasl_124,True,1280.0,720.0,False,False,False,1.5015015015015016,0.0335015015014981,False,0.4669999999999996,8.125,False,False,,ok,,normalized_frames/topn_224_gray_jpg/cousin/msasl_raw_XUg1eKl65p4__s002892__e002936__3daca189ef68,45,jpg,224,224,grayscale,2893,2937,2892,2936,29.97002997002997,train
no,msasl,MS-ASL/videos_MS_ASL_raw/msasl_raw_uPKOwziViaw.mp4,13787,13903.0,117.0,3.870999999999981,29.97,msasl_124,True,1280.0,720.0,False,False,False,3.903903903903904,0.0329039039039229,False,0.4669999999999996,8.125,False,False,,ok,,normalized_frames/topn_224_gray_jpg/no/msasl_raw_uPKOwziViaw__s013786__e013902__b626e6b1ac92,117,jpg,224,224,grayscale,13787,13903,13786,13902,29.97002997002997,train
teacher,msasl,MS-ASL/videos_MS_ASL_raw/msasl_raw_xIIGn6cn8BI.mp4,4587,4663.0,77.0,2.5360000000000014,29.97,msasl_138,True,640.0,360.0,False,False,False,2.569235902569236,0.0332359025692348,False,0.4669999999999996,8.125,False,False,,ok,,normalized_frames/topn_224_gray_jpg/teacher/msasl_raw_xIIGn6cn8BI__s004586__e004662__a35989dd4dbc,77,jpg,224,224,grayscale,4587,4663,4586,4662,29.97002997002997,train
eat,msasl,MS-ASL/videos_MS_ASL_raw/msasl_raw_5S3qaGLdPmE.mp4,22074,22223.0,150.0,4.971000000000004,29.97,msasl_32,True,640.0,360.0,False,False,False,5.005005005005005,0.0340050050050013,False,0.4669999999999996,8.125,False,False,,ok,,normalized_frames/topn_224_gray_jpg/eat/msasl_raw_5S3qaGLdPmE__s022073__e022222__481440633254,150,jpg,224,224,grayscale,22074,22223,22073,22222,29.97002997002997,train
but,msasl,MS-ASL/videos_MS_ASL_raw/msasl_raw_HUMEcnkvhJU.mp4,6922,6982.0,61.0,2.002000000000009,29.97,msasl_251,True,640.0,360.0,False,False,False,2.035368702035369,0.0333687020353594,False,0.4669999999999996,8.125,False,False,,ok,,normalized_frames/topn_224_gray_jpg/but/msasl_raw_HUMEcnkvhJU__s006921__e006981__6f3883e4c3c4,61,jpg,224,224,grayscale,6922,6982,6921,6981,29.97002997002997,train
eat,msasl,MS-ASL/videos_MS_ASL_raw/msasl_raw_Gh3mZxIjKFE.mp4,0,98.0,99.0,3.267,30.0,msasl_69,True,480.0,360.0,False,False,False,3.3,0.0329999999999999,False,0.4669999999999996,8.125,False,False,,ok,,normalized_frames/topn_224_gray_jpg/eat/msasl_raw_Gh3mZxIjKFE__s000000__e000097__c7c2eda2cd2f,98,jpg,224,224,grayscale,0,98,0,97,30.0,train
bird,msasl,MS-ASL/videos_MS_ASL_raw/msasl_raw_-TD8fGZzfMY.mp4,90,150.0,61.0,2.002,29.97,msasl_144,True,480.0,360.0,False,False,False,2.035368702035369,0.0333687020353687,False,0.4669999999999996,8.125,False,False,,ok,,normalized_frames/topn_224_gray_jpg/bird/msasl_raw_-TD8fGZzfMY__s000089__e000149__804165597aef,61,jpg,224,224,grayscale,90,150,89,149,29.97002997002997,train
again,signschool,kaggle_dataset/videos/47301.mp4,1,42.0,42.0,1.752,23.97610001458863,wlasl_27,True,1920.0,1080.0,False,False,False,1.7517444444444443,0.0002555555555554,False,0.4669999999999996,8.125,False,False,,ok,,normalized_frames/topn_224_gray_jpg/again/47301__s000000__e000041__8c9947f25c2c,42,jpg,224,224,grayscale,1,42,0,41,23.97610001458863,train
finish,msasl,MS-ASL/videos_MS_ASL_raw/msasl_raw_Cv5avR9nEhg.mp4,6325,6395.0,71.0,2.800000000000012,25.0,msasl_12,True,1280.0,720.0,False,False,False,2.84,0.039999999999988,False,0.4669999999999996,8.125,False,False,,ok,,normalized_frames/topn_224_gray_jpg/finish/msasl_raw_Cv5avR9nEhg__s006324__e006394__b89b18be7908,71,jpg,224,224,grayscale,6325,6395,6324,6394,25.0,train
but,signingsavvy,kaggle_dataset/videos/08429.mp4,1,42.0,42.0,1.401,29.97,wlasl_10,True,288.0,192.0,False,False,False,1.4014014014014011,0.0004014014014013,False,0.4669999999999996,8.125,False,False,,ok,,normalized_frames/topn_224_gray_jpg/but/08429__s000000__e000041__ee1f00a0a21a,41,jpg,224,224,grayscale,1,42,0,41,29.97,train
yes,msasl,MS-ASL/videos_MS_ASL_raw/msasl_raw_DOZJOFHs75s.mp4,1072,1110.0,39.0,1.268000000000001,29.97,msasl_95,True,480.0,360.0,False,False,False,1.3013013013013013,0.0333013013013003,False,0.4669999999999996,8.125,False,False,,ok,,normalized_frames/topn_224_gray_jpg/yes/msasl_raw_DOZJOFHs75s__s001071__e001109__bbe645f5635d,39,jpg,224,224,grayscale,1072,1110,1071,1109,29.97002997002997,train
school,msasl,MS-ASL/videos_MS_ASL_raw/msasl_raw_1r5V8ZGwnJg.mp4,1165,1222.0,58.0,1.9080000000000013,29.874,msasl_34,True,1280.0,720.0,False,False,False,1.941487581174265,0.033487581174264,False,0.4669999999999996,8.125,False,False,,ok,,normalized_frames/topn_224_gray_jpg/school/msasl_raw_1r5V8ZGwnJg__s001164__e001221__366d5b0fb4fb,58,jpg,224,224,grayscale,1165,1222,1164,1221,30.0,train
no,msasl,MS-ASL/videos_MS_ASL_raw/msasl_raw_BEKUHzwnVO8.mp4,10691,10870.0,180.0,5.973000000000013,29.97,msasl_80,True,640.0,360.0,False,False,False,6.006006006006007,0.0330060060059933,False,0.4669999999999996,8.125,False,False,,ok,,normalized_frames/topn_224_gray_jpg/no/msasl_raw_BEKUHzwnVO8__s010690__e010869__a7da18dbf03d,180,jpg,224,224,grayscale,10691,10870,10690,10869,29.97002997002997,train
table,msasl,MS-ASL/videos_MS_ASL_raw/msasl_raw_Zv3oNQQS8Wg.mp4,48,148.0,101.0,3.3359999999999994,29.97,msasl_144,True,480.0,360.0,False,False,False,3.3700367033700367,0.0340367033700372,False,0.4669999999999996,8.125,False,False,,ok,,normalized_frames/topn_224_gray_jpg/table/msasl_raw_Zv3oNQQS8Wg__s000047__e000147__22025f2b798d,101,jpg,224,224,grayscale,48,148,47,147,29.97002997002997,train
fish,aslsearch,kaggle_dataset/videos/22130.mp4,1,85.0,85.0,2.803,30.327146751747044,wlasl_12,True,720.0,400.0,False,False,False,2.802769436102769,0.0002305638972304,False,0.4669999999999996,8.125,False,False,,ok,,normalized_frames/topn_224_gray_jpg/fish/22130__s000000__e000084__f3afe59077a0,85,jpg,224,224,grayscale,1,85,0,84,30.327146751747044,train
cousin,msasl,MS-ASL/videos_MS_ASL_raw/msasl_raw_yzl_Ez0ZB9Q.mp4,1089,1131.0,43.0,1.402000000000001,29.97,msasl_97,True,480.0,360.0,False,False,False,1.4347681014347682,0.0327681014347671,False,0.4669999999999996,8.125,False,False,,ok,,normalized_frames/topn_224_gray_jpg/cousin/msasl_raw_yzl_Ez0ZB9Q__s001088__e001130__4c7e86516e66,43,jpg,224,224,grayscale,1089,1131,1088,1130,29.97002997002997,train
orange,msasl,MS-ASL/videos_MS_ASL_raw/msasl_raw_vE4RFGPqGqY.mp4,6879,6952.0,74.0,2.4329999999999927,30.0,msasl_445,True,568.0,320.0,False,False,False,2.466666666666667,0.033666666666674,False,0.4669999999999996,8.125,False,False,,ok,,normalized_frames/topn_224_gray_jpg/orange/msasl_raw_vE4RFGPqGqY__s006878__e006951__20be5816676e,74,jpg,224,224,grayscale,6879,6952,6878,6951,30.0,train
happy,asldeafined,kaggle_dataset/videos/26527.mp4,1,82.0,82.0,2.733,30.0,wlasl_21,True,640.0,480.0,False,False,False,2.7333333333333334,0.0003333333333332,False,0.4669999999999996,8.125,False,False,,ok,,normalized_frames/topn_224_gray_jpg/happy/26527__s000000__e000081__b1673890b490,82,jpg,224,224,grayscale,1,82,0,81,30.0,train
help,msasl,MS-ASL/videos_MS_ASL_raw/msasl_raw_DhcTHDFqTfI.mp4,40,120.0,81.0,2.672,29.942,msasl_144,True,480.0,360.0,False,False,False,2.7052301115489947,0.0332301115489945,False,0.4669999999999996,8.125,False,False,,ok,,normalized_frames/topn_224_gray_jpg/help/msasl_raw_DhcTHDFqTfI__s000039__e000119__a21847010d1c,81,jpg,224,224,grayscale,40,120,39,119,29.97002997002997,train
fish,msasl,MS-ASL/videos_MS_ASL_raw/msasl_raw_R_ES8RZua1g.mp4,11436,11523.0,88.0,2.900000000000034,30.0,msasl_40,True,568.0,320.0,False,False,False,2.933333333333333,0.033333333333299,False,0.4669999999999996,8.125,False,False,,ok,,normalized_frames/topn_224_gray_jpg/fish/msasl_raw_R_ES8RZua1g__s011435__e011522__42eb13b344d6,88,jpg,224,224,grayscale,11436,11523,11435,11522,30.0,train
eat,msasl,MS-ASL/videos_MS_ASL_raw/msasl_raw_2nXrJ_7NOgE.mp4,15011,15074.0,64.0,2.519999999999982,25.0,msasl_12,True,1280.0,720.0,False,False,False,2.56,0.0400000000000182,False,0.4669999999999996,8.125,False,False,,ok,,normalized_frames/topn_224_gray_jpg/eat/msasl_raw_2nXrJ_7NOgE__s015010__e015073__2de84631c2c6,64,jpg,224,224,grayscale,15011,15074,15010,15073,25.0,train
teacher,msasl,MS-ASL/videos_MS_ASL_raw/msasl_raw_7klDf0ZSN_M.mp4,2975,3017.0,43.0,1.4050000000000011,29.889,msasl_34,True,1280.0,720.0,False,False,False,1.4386563618722608,0.0336563618722596,False,0.4669999999999996,8.125,False,False,,ok,,normalized_frames/topn_224_gray_jpg/teacher/msasl_raw_7klDf0ZSN_M__s002974__e003016__154de34793e5,43,jpg,224,224,grayscale,2975,3017,2974,3016,30.0,train
yes,msasl,MS-ASL/videos_MS_ASL_raw/msasl_raw_E0nkn4JtHgU.mp4,70,240.0,171.0,5.671999999999999,29.97,msasl_144,True,480.0,360.0,False,False,False,5.705705705705706,0.0337057057057075,False,0.4669999999999996,8.125,False,False,,ok,,normalized_frames/topn_224_gray_jpg/yes/msasl_raw_E0nkn4JtHgU__s000069__e000239__c4a6833d07d8,171,jpg,224,224,grayscale,70,240,69,239,29.97002997002997,train
student,msasl,MS-ASL/videos_MS_ASL_raw/msasl_raw_my4mxg6lXYQ.mp4,11998,12079.0,82.0,2.7029999999999745,29.97,msasl_124,True,1280.0,720.0,False,False,False,2.736069402736069,0.0330694027360949,False,0.4669999999999996,8.125,False,False,,ok,,normalized_frames/topn_224_gray_jpg/student/msasl_raw_my4mxg6lXYQ__s011997__e012078__4e27d657b0fd,82,jpg,224,224,grayscale,11998,12079,11997,12078,29.97002997002997,train
man,msasl,MS-ASL/videos_MS_ASL_raw/msasl_raw_JHFExZgYdwk.mp4,1003,1101.0,99.0,3.9200000000000017,25.0,msasl_12,True,1280.0,720.0,False,False,False,3.96,0.0399999999999982,False,0.4669999999999996,8.125,False,False,,ok,,normalized_frames/topn_224_gray_jpg/man/msasl_raw_JHFExZgYdwk__s001002__e001100__d827bb653054,99,jpg,224,224,grayscale,1003,1101,1002,1100,25.0,train
learn,startasl,kaggle_dataset/videos/32605.mp4,1,84.0,84.0,2.803,29.97,wlasl_36,True,736.0,414.0,False,False,False,2.8028028028028027,0.0001971971971972,False,0.4669999999999996,8.125,False,False,,ok,,normalized_frames/topn_224_gray_jpg/learn/32605__s000000__e000083__31e104ca32e9,84,jpg,224,224,grayscale,1,84,0,83,29.97,test
like,startasl,kaggle_dataset/videos/33267.mp4,1,75.0,75.0,2.502,29.97002997002997,wlasl_38,True,1280.0,720.0,False,False,False,2.5025,0.0005000000000001,False,0.4669999999999996,8.125,False,False,,ok,,normalized_frames/topn_224_gray_jpg/like/33267__s000000__e000074__df620b3a0600,75,jpg,224,224,grayscale,1,75,0,74,29.97002997002997,train
deaf,msasl,MS-ASL/videos_MS_ASL_raw/msasl_raw_owXsDIKq4lk.mp4,845,931.0,87.0,2.869,29.97,msasl_391,True,1280.0,720.0,False,False,False,2.902902902902903,0.0339029029029029,False,0.4669999999999996,8.125,False,False,,ok,,normalized_frames/topn_224_gray_jpg/deaf/msasl_raw_owXsDIKq4lk__s000844__e000930__08c2509398c7,87,jpg,224,224,grayscale,845,931,844,930,29.97002997002997,train
sit,signschool,kaggle_dataset/videos/51917.mp4,1,33.0,33.0,1.376,23.97616914097503,wlasl_31,True,1920.0,1080.0,False,False,False,1.3763666666666667,0.0003666666666668,False,0.4669999999999996,8.125,False,False,,ok,,normalized_frames/topn_224_gray_jpg/sit/51917__s000000__e000032__b37c31a7c158,33,jpg,224,224,grayscale,1,33,0,32,23.97616914097503,train
doctor,msasl,MS-ASL/videos_MS_ASL_raw/msasl_raw_1kNszi0e9XU.mp4,3400,3469.0,70.0,2.3019999999999925,29.97,msasl_26,True,1280.0,720.0,False,False,False,2.335669002335669,0.0336690023356767,False,0.4669999999999996,8.125,False,False,,ok,,normalized_frames/topn_224_gray_jpg/doctor/msasl_raw_1kNszi0e9XU__s003399__e003468__726693e47858,70,jpg,224,224,grayscale,3400,3469,3399,3468,29.97002997002997,val
father,signingsavvy,kaggle_dataset/videos/14569.mp4,1,48.0,48.0,1.602,29.97,wlasl_11,True,288.0,192.0,False,False,False,1.6016016016016017,0.0003983983983983,False,0.4669999999999996,8.125,False,False,,ok,,normalized_frames/topn_224_gray_jpg/father/14569__s000000__e000047__b1a71587604d,47,jpg,224,224,grayscale,1,48,0,47,29.97,val
what,msasl,MS-ASL/videos_MS_ASL_raw/msasl_raw_rWIDL_GpaJc.mp4,278,405.0,128.0,4.238,29.972,msasl_274,True,1280.0,720.0,False,False,False,4.270652609101828,0.0326526091018273,False,0.4669999999999996,8.125,False,False,,ok,,normalized_frames/topn_224_gray_jpg/what/msasl_raw_rWIDL_GpaJc__s000277__e000404__126d5d33670d,128,jpg,224,224,grayscale,278,405,277,404,29.97002997002997,train
help,signschool,kaggle_dataset/videos/27207.mp4,1,58.0,58.0,1.935,29.97002997002997,wlasl_4,True,1920.0,1080.0,False,False,False,1.9352666666666667,0.0002666666666666,False,0.4669999999999996,8.125,False,False,,ok,,normalized_frames/topn_224_gray_jpg/help/27207__s000000__e000057__945348eca2db,58,jpg,224,224,grayscale,1,58,0,57,29.97002997002997,train
doctor,msasl,MS-ASL/videos_MS_ASL_raw/msasl_raw_P6n_RCPh6Ug.mp4,10,80.0,71.0,2.334,30.0,msasl_29,True,540.0,360.0,False,False,False,2.3666666666666667,0.0326666666666666,False,0.4669999999999996,8.125,False,False,,ok,,normalized_frames/topn_224_gray_jpg/doctor/msasl_raw_P6n_RCPh6Ug__s000009__e000079__7cc7957f51ee,71,jpg,224,224,grayscale,10,80,9,79,30.0,val
father,msasl,MS-ASL/videos_MS_ASL_raw/msasl_raw_ucXplZLMUzY.mp4,1221,1304.0,84.0,2.770000000000003,29.97,msasl_245,True,640.0,360.0,False,False,False,2.8028028028028027,0.0328028028027995,False,0.4669999999999996,8.125,False,False,,ok,,normalized_frames/topn_224_gray_jpg/father/msasl_raw_ucXplZLMUzY__s001220__e001303__3198c0a54b34,84,jpg,224,224,grayscale,1221,1304,1220,1303,29.97002997002997,val
eat,msasl,MS-ASL/videos_MS_ASL_raw/msasl_raw_g59_3vr_NT0.mp4,2181,2305.0,125.0,4.132999999999996,30.0,msasl_163,True,1280.0,720.0,False,False,False,4.166666666666667,0.0336666666666713,False,0.4669999999999996,8.125,False,False,,ok,,normalized_frames/topn_224_gray_jpg/eat/msasl_raw_g59_3vr_NT0__s002180__e002304__7f9104f9ea09,125,jpg,224,224,grayscale,2181,2305,2180,2304,30.0,train
spring,signingsavvy,kaggle_dataset/videos/25850.mp4,1,53.0,53.0,1.768,29.97,wlasl_10,True,288.0,192.0,False,False,False,1.7684351017684352,0.0004351017684351,False,0.4669999999999996,8.125,False,False,,ok,,normalized_frames/topn_224_gray_jpg/spring/25850__s000000__e000052__46822aef8fba,52,jpg,224,224,grayscale,1,53,0,52,29.97,train
cousin,msasl,MS-ASL/videos_MS_ASL_raw/msasl_raw_UXetwN_cI5A.mp4,6472,6552.0,81.0,3.1999999999999886,25.0,msasl_12,True,480.0,360.0,False,False,False,3.24,0.0400000000000115,False,0.4669999999999996,8.125,False,False,,ok,,normalized_frames/topn_224_gray_jpg/cousin/msasl_raw_UXetwN_cI5A__s006471__e006551__59439b831697,81,jpg,224,224,grayscale,6472,6552,6471,6551,25.0,train
orange,msasl,MS-ASL/videos_MS_ASL_raw/msasl_raw_QTbj2GM5ohs.mp4,1869,1984.0,116.0,4.599999999999994,25.0,msasl_94,True,1280.0,720.0,False,False,False,4.64,0.0400000000000053,False,0.4669999999999996,8.125,False,False,,ok,,normalized_frames/topn_224_gray_jpg/orange/msasl_raw_QTbj2GM5ohs__s001868__e001983__c55a5f90138c,116,jpg,224,224,grayscale,1869,1984,1868,1983,25.0,train
school,msasl,MS-ASL/videos_MS_ASL_raw/msasl_raw_xIIGn6cn8BI.mp4,3830,3908.0,79.0,2.6029999999999944,29.97,msasl_138,True,640.0,360.0,False,False,False,2.6359693026359694,0.0329693026359749,False,0.4669999999999996,8.125,False,False,,ok,,normalized_frames/topn_224_gray_jpg/school/msasl_raw_xIIGn6cn8BI__s003829__e003907__3fc5d697c9b8,79,jpg,224,224,grayscale,3830,3908,3829,3907,29.97002997002997,train
school,msasl,MS-ASL/videos_MS_ASL_raw/msasl_raw_TDoqoJDX280.mp4,2585,2735.0,151.0,5.004999999999996,29.97,msasl_124,True,640.0,360.0,False,False,False,5.038371705038372,0.0333717050383759,False,0.4669999999999996,8.125,False,False,,ok,,normalized_frames/topn_224_gray_jpg/school/msasl_raw_TDoqoJDX280__s002584__e002734__27a7dffb2b8d,151,jpg,224,224,grayscale,2585,2735,2584,2734,29.97,train
yes,aslsearch,kaggle_dataset/videos/64300.mp4,1,90.0,90.0,2.97,30.30708210204609,wlasl_41,True,720.0,400.0,False,False,False,2.969602936269604,0.0003970637303969,False,0.4669999999999996,8.125,False,False,,ok,,normalized_frames/topn_224_gray_jpg/yes/64300__s000000__e000089__d4fed44f6da0,90,jpg,224,224,grayscale,1,90,0,89,30.30708210204609,train
doctor,msasl,MS-ASL/videos_MS_ASL_raw/msasl_raw_4AwP2ED0O78.mp4,1356,1406.0,51.0,1.6669999999999945,30.0,msasl_22,True,640.0,360.0,False,False,False,1.7,0.0330000000000054,False,0.4669999999999996,8.125,False,False,,ok,,normalized_frames/topn_224_gray_jpg/doctor/msasl_raw_4AwP2ED0O78__s001355__e001405__865551cf203e,51,jpg,224,224,grayscale,1356,1406,1355,1405,30.0,train
help,msasl,MS-ASL/videos_MS_ASL_raw/msasl_raw_eRZW3DPxDGk.mp4,15277,15314.0,38.0,1.2339999999999804,30.0,msasl_312,True,640.0,360.0,False,False,False,1.2666666666666666,0.0326666666666861,False,0.4669999999999996,8.125,False,False,,ok,,normalized_frames/topn_224_gray_jpg/help/msasl_raw_eRZW3DPxDGk__s015276__e015313__31eb33ec7abc,38,jpg,224,224,grayscale,15277,15314,15276,15313,30.0,train
finish,msasl,MS-ASL/videos_MS_ASL_raw/msasl_raw_L1ocXM_uzLA.mp4,140,270.0,131.0,4.338,29.97,msasl_144,True,480.0,360.0,False,False,False,4.371037704371038,0.0330377043710381,False,0.4669999999999996,8.125,False,False,,ok,,normalized_frames/topn_224_gray_jpg/finish/msasl_raw_L1ocXM_uzLA__s000139__e000269__2e0da0500f70,131,jpg,224,224,grayscale,140,270,139,269,29.97002997002997,train
student,msasl,MS-ASL/videos_MS_ASL_raw/msasl_raw_r9IrbtWrmdg.mp4,0,134.0,135.0,4.471,29.97,msasl_229,True,640.0,360.0,False,False,False,4.504504504504505,0.0335045045045045,False,0.4669999999999996,8.125,False,False,,ok,,normalized_frames/topn_224_gray_jpg/student/msasl_raw_r9IrbtWrmdg__s000000__e000133__af6f1d37bd92,134,jpg,224,224,grayscale,0,134,0,133,29.97002997002997,train
table,msasl,MS-ASL/videos_MS_ASL_raw/msasl_raw_RAtOGNDP0dg.mp4,3266,3328.0,63.0,2.067999999999998,29.97,msasl_124,True,640.0,360.0,False,False,False,2.1021021021021022,0.0341021021021044,False,0.4669999999999996,8.125,False,False,,ok,,normalized_frames/topn_224_gray_jpg/table/msasl_raw_RAtOGNDP0dg__s003265__e003327__21702da3b65f,63,jpg,224,224,grayscale,3266,3328,3265,3327,29.97,train
eat,msasl,MS-ASL/videos_MS_ASL_raw/msasl_raw_FBimL8-ND3E.mp4,6276,6336.0,61.0,2.002000000000009,29.97,msasl_101,True,360.0,360.0,False,False,False,2.035368702035369,0.0333687020353594,False,0.4669999999999996,8.125,False,False,,ok,,normalized_frames/topn_224_gray_jpg/eat/msasl_raw_FBimL8-ND3E__s006275__e006335__ed06e3957b99,61,jpg,224,224,grayscale,6276,6336,6275,6335,29.97002997002997,train
school,msasl,MS-ASL/videos_MS_ASL_raw/msasl_raw_Xt6F1wT394I.mp4,4281,4315.0,35.0,1.1340000000000146,29.97,msasl_286,True,1280.0,720.0,False,False,False,1.1678345011678346,0.03383450116782,False,0.4669999999999996,8.125,False,False,,ok,,normalized_frames/topn_224_gray_jpg/school/msasl_raw_Xt6F1wT394I__s004280__e004314__bce9c6b470b5,35,jpg,224,224,grayscale,4281,4315,4280,4314,29.97002997002997,train
but,msasl,MS-ASL/videos_MS_ASL_raw/msasl_raw_mCjHYreiZ24.mp4,2548,2698.0,151.0,5.004999999999996,29.97,msasl_32,True,480.0,360.0,False,False,False,5.038371705038372,0.0333717050383759,False,0.4669999999999996,8.125,False,False,,ok,,normalized_frames/topn_224_gray_jpg/but/msasl_raw_mCjHYreiZ24__s002547__e002697__a6fd3b85b465,151,jpg,224,224,grayscale,2548,2698,2547,2697,29.97002997002997,train
yes,signingsavvy,kaggle_dataset/videos/64292.mp4,1,48.0,48.0,1.602,29.97,wlasl_10,True,288.0,192.0,False,False,False,1.6016016016016017,0.0003983983983983,False,0.4669999999999996,8.125,False,False,,ok,,normalized_frames/topn_224_gray_jpg/yes/64292__s000000__e000047__4f135141f68d,47,jpg,224,224,grayscale,1,48,0,47,29.97,train
happy,msasl,MS-ASL/videos_MS_ASL_raw/msasl_raw_rIlQQTN2b58.mp4,4203,4291.0,89.0,3.665999999999997,24.003,msasl_125,True,1280.0,720.0,False,False,False,3.707869849602133,0.0418698496021363,False,0.4669999999999996,8.125,False,False,,ok,,normalized_frames/topn_224_gray_jpg/happy/msasl_raw_rIlQQTN2b58__s004202__e004290__cb56febccc7f,89,jpg,224,224,grayscale,4203,4291,4202,4290,24.0,test
eat,msasl,MS-ASL/videos_MS_ASL_raw/msasl_raw_rkQZQhloXuE.mp4,4354,4518.0,165.0,5.473000000000013,29.97,msasl_370,True,640.0,360.0,False,False,False,5.505505505505505,0.0325055055054921,False,0.4669999999999996,8.125,False,False,,ok,,normalized_frames/topn_224_gray_jpg/eat/msasl_raw_rkQZQhloXuE__s004353__e004517__1256c6424dd1,165,jpg,224,224,grayscale,4354,4518,4353,4517,29.97002997002997,train
table,msasl,MS-ASL/videos_MS_ASL_raw/msasl_raw_my4mxg6lXYQ.mp4,2622,2712.0,91.0,3.003,29.97,msasl_124,True,1280.0,720.0,False,False,False,3.0363697030363697,0.0333697030363695,False,0.4669999999999996,8.125,False,False,,ok,,normalized_frames/topn_224_gray_jpg/table/msasl_raw_my4mxg6lXYQ__s002621__e002711__407ce8d95471,91,jpg,224,224,grayscale,2622,2712,2621,2711,29.97002997002997,train
cousin,msasl,MS-ASL/videos_MS_ASL_raw/msasl_raw_uE3IDWh0xnA.mp4,1355,1423.0,69.0,2.2659999999999982,30.0,msasl_34,True,406.0,720.0,False,False,False,2.3,0.0340000000000015,False,0.4669999999999996,8.125,False,False,,ok,,normalized_frames/topn_224_gray_jpg/cousin/msasl_raw_uE3IDWh0xnA__s001354__e001422__5bd442151063,69,jpg,224,224,grayscale,1355,1423,1354,1422,30.0,train
but,msasl,MS-ASL/videos_MS_ASL_raw/msasl_raw_AiozVha_k4o.mp4,9316,9376.0,61.0,2.400000000000034,25.0,msasl_12,True,480.0,360.0,False,False,False,2.44,0.0399999999999658,False,0.4669999999999996,8.125,False,False,,ok,,normalized_frames/topn_224_gray_jpg/but/msasl_raw_AiozVha_k4o__s009315__e009375__8c2e819720d0,61,jpg,224,224,grayscale,9316,9376,9315,9375,25.0,train
sit,msasl,MS-ASL/videos_MS_ASL_raw/msasl_raw_NtMJybyBZEA.mp4,0,53.0,54.0,1.767,30.0,msasl_0,True,320.0,240.0,False,False,False,1.8,0.0330000000000001,False,0.4669999999999996,8.125,False,False,,ok,,normalized_frames/topn_224_gray_jpg/sit/msasl_raw_NtMJybyBZEA__s000000__e000052__ca968bd39f0e,53,jpg,224,224,grayscale,0,53,0,52,30.0,test
orange,msasl,MS-ASL/videos_MS_ASL_raw/msasl_raw_wqDOKXEx24M.mp4,453,515.0,63.0,2.596,23.886,msasl_34,True,480.0,360.0,False,False,False,2.637528259231349,0.0415282592313488,False,0.4669999999999996,8.125,False,False,,ok,,normalized_frames/topn_224_gray_jpg/orange/msasl_raw_wqDOKXEx24M__s000452__e000514__61e7414db960,63,jpg,224,224,grayscale,453,515,452,514,24.0,train
school,msasl,MS-ASL/videos_MS_ASL_raw/msasl_raw_0bIF7jh6lnE.mp4,1804,1854.0,51.0,1.669000000000004,29.97,msasl_125,True,480.0,360.0,False,False,False,1.7017017017017018,0.0327017017016977,False,0.4669999999999996,8.125,False,False,,ok,,normalized_frames/topn_224_gray_jpg/school/msasl_raw_0bIF7jh6lnE__s001803__e001853__52e0932d5628,51,jpg,224,224,grayscale,1804,1854,1803,1853,29.97002997002997,test
student,msasl,MS-ASL/videos_MS_ASL_raw/msasl_raw_IrdTDCpIunA.mp4,2600,2703.0,104.0,3.4369999999999976,29.97,msasl_94,True,1280.0,720.0,False,False,False,3.4701368034701368,0.0331368034701391,False,0.4669999999999996,8.125,False,False,,ok,,normalized_frames/topn_224_gray_jpg/student/msasl_raw_IrdTDCpIunA__s002599__e002702__75e238f21019,104,jpg,224,224,grayscale,2600,2703,2599,2702,29.97002997002997,train
mother,msasl,MS-ASL/videos_MS_ASL_raw/msasl_raw_6UrcyZ-QeiU.mp4,2135,2175.0,41.0,1.3349999999999935,29.97,msasl_205,True,640.0,360.0,False,False,False,1.3680347013680347,0.0330347013680412,False,0.4669999999999996,8.125,False,False,,ok,,normalized_frames/topn_224_gray_jpg/mother/msasl_raw_6UrcyZ-QeiU__s002134__e002174__f93608e0675a,41,jpg,224,224,grayscale,2135,2175,2134,2174,29.97002997002997,train
like,msasl,MS-ASL/videos_MS_ASL_raw/msasl_raw_eN6g-Bezw3M.mp4,0,50.0,51.0,1.667,30.0,msasl_0,True,320.0,240.0,False,False,False,1.7,0.0329999999999999,False,0.4669999999999996,8.125,False,False,,ok,,normalized_frames/topn_224_gray_jpg/like/msasl_raw_eN6g-Bezw3M__s000000__e000049__3a679a5643e4,50,jpg,224,224,grayscale,0,50,0,49,30.0,test
yes,signingsavvy,kaggle_dataset/videos/64291.mp4,1,56.0,56.0,1.869,29.97,wlasl_10,True,288.0,192.0,False,False,False,1.8685352018685355,0.0004647981314647,False,0.4669999999999996,8.125,False,False,,ok,,normalized_frames/topn_224_gray_jpg/yes/64291__s000000__e000055__38641f894dd1,55,jpg,224,224,grayscale,1,56,0,55,29.97,train
help,asldeafined,kaggle_dataset/videos/27209.mp4,1,59.0,59.0,1.966,30.005085607730123,wlasl_17,True,640.0,480.0,False,False,False,1.9663333333333333,0.0003333333333332,False,0.4669999999999996,8.125,False,False,,ok,,normalized_frames/topn_224_gray_jpg/help/27209__s000000__e000058__9be8044fb267,59,jpg,224,224,grayscale,1,59,0,58,30.005085607730123,train
happy,signschool,kaggle_dataset/videos/26526.mp4,1,80.0,80.0,2.669,29.97002997002997,wlasl_46,True,1280.0,720.0,False,False,False,2.6693333333333333,0.0003333333333332,False,0.4669999999999996,8.125,False,False,,ok,,normalized_frames/topn_224_gray_jpg/happy/26526__s000000__e000079__73544d5dd2bd,80,jpg,224,224,grayscale,1,80,0,79,29.97002997002997,train
again,msasl,MS-ASL/videos_MS_ASL_raw/msasl_raw_FMsqLT9Acso.mp4,0,92.0,93.0,3.075,29.917,msasl_38,True,480.0,270.0,False,False,False,3.1086004612761973,0.033600461276197,False,0.4669999999999996,8.125,False,False,,ok,,normalized_frames/topn_224_gray_jpg/again/msasl_raw_FMsqLT9Acso__s000000__e000091__b7431b792446,92,jpg,224,224,grayscale,0,92,0,91,29.97002997002997,train
sit,msasl,MS-ASL/videos_MS_ASL_raw/msasl_raw__LGqHR3FhL8.mp4,5469,5662.0,194.0,6.439999999999998,29.97,msasl_80,True,640.0,360.0,False,False,False,6.4731398064731405,0.0331398064731427,False,0.4669999999999996,8.125,False,False,,ok,,normalized_frames/topn_224_gray_jpg/sit/msasl_raw__LGqHR3FhL8__s005468__e005661__61260c0c2385,194,jpg,224,224,grayscale,5469,5662,5468,5661,29.97002997002997,train
doctor,msasl,MS-ASL/videos_MS_ASL_raw/msasl_raw_XrG6DZ5vOVY.mp4,0,148.0,149.0,5.0,29.6,msasl_2,True,640.0,360.0,False,False,False,5.033783783783783,0.0337837837837833,False,0.4669999999999996,8.125,False,False,,ok,,normalized_frames/topn_224_gray_jpg/doctor/msasl_raw_XrG6DZ5vOVY__s000000__e000147__3d7483525770,148,jpg,224,224,grayscale,0,148,0,147,29.6,train
doctor,msasl,MS-ASL/videos_MS_ASL_raw/msasl_raw_Cv5avR9nEhg.mp4,7323,7393.0,71.0,2.800000000000012,25.0,msasl_12,True,1280.0,720.0,False,False,False,2.84,0.039999999999988,False,0.4669999999999996,8.125,False,False,,ok,,normalized_frames/topn_224_gray_jpg/doctor/msasl_raw_Cv5avR9nEhg__s007322__e007392__0b03c8479cbf,71,jpg,224,224,grayscale,7323,7393,7322,7392,25.0,train
sit,msasl,MS-ASL/videos_MS_ASL_raw/msasl_raw_oXzTnqvjnN8.mp4,1255,1299.0,45.0,1.4669999999999987,30.0,msasl_34,True,1280.0,720.0,False,False,False,1.5,0.0330000000000012,False,0.4669999999999996,8.125,False,False,,ok,,normalized_frames/topn_224_gray_jpg/sit/msasl_raw_oXzTnqvjnN8__s001254__e001298__b23665370a1f,45,jpg,224,224,grayscale,1255,1299,1254,1298,30.0,train
happy,startasl,kaggle_dataset/videos/26525.mp4,1,55.0,55.0,1.835,29.97,wlasl_36,True,736.0,414.0,False,False,False,1.8351685018351689,0.0001685018351686,False,0.4669999999999996,8.125,False,False,,ok,,normalized_frames/topn_224_gray_jpg/happy/26525__s000000__e000054__28f545b78ad9,55,jpg,224,224,grayscale,1,55,0,54,29.97,test
but,msasl,MS-ASL/videos_MS_ASL_raw/msasl_raw_rnr_aY0X0dQ.mp4,2503,2669.0,167.0,5.533999999999992,30.0,msasl_312,True,640.0,360.0,False,False,False,5.566666666666666,0.0326666666666746,False,0.4669999999999996,8.125,False,False,,ok,,normalized_frames/topn_224_gray_jpg/but/msasl_raw_rnr_aY0X0dQ__s002502__e002668__8b95497cf9d8,167,jpg,224,224,grayscale,2503,2669,2502,2668,30.0,train
eat,asldeafined,kaggle_dataset/videos/22746.mp4,1,81.0,81.0,2.7,29.996296753487226,wlasl_21,True,640.0,480.0,False,False,False,2.700333333333333,0.0003333333333328,False,0.4669999999999996,8.125,False,False,,ok,,normalized_frames/topn_224_gray_jpg/eat/22746__s000000__e000080__2995c55086ad,81,jpg,224,224,grayscale,1,81,0,80,29.996296753487226,train
mother,asldeafined,kaggle_dataset/videos/36605.mp4,1,74.0,74.0,2.466,30.00405460197324,wlasl_13,True,640.0,480.0,False,False,False,2.466333333333333,0.0003333333333328,False,0.4669999999999996,8.125,False,False,,ok,,normalized_frames/topn_224_gray_jpg/mother/36605__s000000__e000073__d199e90a70f9,74,jpg,224,224,grayscale,1,74,0,73,30.00405460197324,train
learn,msasl,MS-ASL/videos_MS_ASL_raw/msasl_raw_rWIDL_GpaJc.mp4,3365,3520.0,156.0,5.171999999999997,29.972,msasl_274,True,1280.0,720.0,False,False,False,5.204857867342853,0.0328578673428561,False,0.4669999999999996,8.125,False,False,,ok,,normalized_frames/topn_224_gray_jpg/learn/msasl_raw_rWIDL_GpaJc__s003364__e003519__ca30d1828e2b,156,jpg,224,224,grayscale,3365,3520,3364,3519,29.97002997002997,train
mother,msasl,MS-ASL/videos_MS_ASL_raw/msasl_raw_wlZkTTc_0EU.mp4,0,116.0,117.0,4.64,25.0,msasl_14,True,640.0,360.0,False,False,False,4.68,0.04,False,0.4669999999999996,8.125,False,False,,ok,,normalized_frames/topn_224_gray_jpg/mother/msasl_raw_wlZkTTc_0EU__s000000__e000115__81ffdf1803b6,116,jpg,224,224,grayscale,0,116,0,115,25.0,train
help,asldeafined,kaggle_dataset/videos/01624.mp4,1,113.0,113.0,3.766,30.00265510222144,wlasl_13,True,640.0,480.0,False,False,False,3.766333333333333,0.0003333333333328,False,0.4669999999999996,8.125,False,False,,ok,,normalized_frames/topn_224_gray_jpg/help/01624__s000000__e000112__82d6acf27675,113,jpg,224,224,grayscale,1,113,0,112,30.00265510222144,train
help,msasl,MS-ASL/videos_MS_ASL_raw/msasl_raw_OSpNDIzYRTw.mp4,4262,4342.0,81.0,3.200000000000017,25.0,msasl_77,True,640.0,360.0,False,False,False,3.24,0.0399999999999831,False,0.4669999999999996,8.125,False,False,,ok,,normalized_frames/topn_224_gray_jpg/help/msasl_raw_OSpNDIzYRTw__s004261__e004341__80e31eb3653e,81,jpg,224,224,grayscale,4262,4342,4261,4341,25.0,train
man,msasl,MS-ASL/videos_MS_ASL_raw/msasl_raw_6jjPIk3O0q4.mp4,460,609.0,150.0,4.971,29.97,msasl_32,True,640.0,360.0,False,False,False,5.005005005005005,0.0340050050050049,False,0.4669999999999996,8.125,False,False,,ok,,normalized_frames/topn_224_gray_jpg/man/msasl_raw_6jjPIk3O0q4__s000459__e000608__c9578a587038,150,jpg,224,224,grayscale,460,609,459,608,29.97002997002997,train
like,msasl,MS-ASL/videos_MS_ASL_raw/msasl_raw_EyWuC4JL4Tk.mp4,344,414.0,71.0,2.3360000000000003,29.97,msasl_140,True,1280.0,720.0,False,False,False,2.369035702369036,0.0330357023690353,False,0.4669999999999996,8.125,False,False,,ok,,normalized_frames/topn_224_gray_jpg/like/msasl_raw_EyWuC4JL4Tk__s000343__e000413__a25f021666dc,71,jpg,224,224,grayscale,344,414,343,413,29.97002997002997,train
but,signschool,kaggle_dataset/videos/08425.mp4,1,23.0,23.0,0.959,23.976093402520384,wlasl_4,True,1920.0,1080.0,False,False,False,0.959288888888889,0.000288888888889,False,0.4669999999999996,8.125,False,False,,ok,,normalized_frames/topn_224_gray_jpg/but/08425__s000000__e000022__073c08ffee58,23,jpg,224,224,grayscale,1,23,0,22,23.976093402520384,train
yes,msasl,MS-ASL/videos_MS_ASL_raw/msasl_raw_0bIF7jh6lnE.mp4,3233,3285.0,53.0,1.7349999999999994,29.97,msasl_125,True,480.0,360.0,False,False,False,1.7684351017684352,0.0334351017684357,False,0.4669999999999996,8.125,False,False,,ok,,normalized_frames/topn_224_gray_jpg/yes/msasl_raw_0bIF7jh6lnE__s003232__e003284__33fca22cbe4f,53,jpg,224,224,grayscale,3233,3285,3232,3284,29.97002997002997,test
fish,msasl,MS-ASL/videos_MS_ASL_raw/msasl_raw_UXetwN_cI5A.mp4,10309,10389.0,81.0,3.1999999999999886,25.0,msasl_12,True,480.0,360.0,False,False,False,3.24,0.0400000000000115,False,0.4669999999999996,8.125,False,False,,ok,,normalized_frames/topn_224_gray_jpg/fish/msasl_raw_UXetwN_cI5A__s010308__e010388__b8165aecc699,81,jpg,224,224,grayscale,10309,10389,10308,10388,25.0,train
sit,msasl,MS-ASL/videos_MS_ASL_raw/msasl_raw_YNR1mBwF4BQ.mp4,0,119.0,120.0,3.967,30.0,msasl_135,True,480.0,360.0,False,False,False,4.0,0.0329999999999999,False,0.4669999999999996,8.125,False,False,,ok,,normalized_frames/topn_224_gray_jpg/sit/msasl_raw_YNR1mBwF4BQ__s000000__e000118__39dc8cc63752,119,jpg,224,224,grayscale,0,119,0,118,30.0,train
cousin,msasl,MS-ASL/videos_MS_ASL_raw/msasl_raw_6jjPIk3O0q4.mp4,12214,12332.0,119.0,3.937999999999988,29.97,msasl_32,True,640.0,360.0,False,False,False,3.9706373039706375,0.0326373039706493,False,0.4669999999999996,8.125,False,False,,ok,,normalized_frames/topn_224_gray_jpg/cousin/msasl_raw_6jjPIk3O0q4__s012213__e012331__97888ee031b9,119,jpg,224,224,grayscale,12214,12332,12213,12331,29.97002997002997,train
tired,msasl,MS-ASL/videos_MS_ASL_raw/msasl_raw_iZ6EeQqzZl0.mp4,0,95.0,96.0,3.17,29.97,msasl_0,True,640.0,360.0,False,False,False,3.2032032032032034,0.0332032032032034,False,0.4669999999999996,8.125,False,False,,ok,,normalized_frames/topn_224_gray_jpg/tired/msasl_raw_iZ6EeQqzZl0__s000000__e000094__293ed1aebb98,95,jpg,224,224,grayscale,0,95,0,94,29.97002997002997,test
nice,aslsearch,kaggle_dataset/videos/11042.mp4,1,84.0,84.0,2.769,30.33144977650333,wlasl_12,True,720.0,400.0,False,False,False,2.7694027360694027,0.0004027360694025,False,0.4669999999999996,8.125,False,False,,ok,,normalized_frames/topn_224_gray_jpg/nice/11042__s000000__e000083__2c44bb53f117,84,jpg,224,224,grayscale,1,84,0,83,30.33144977650333,train
father,msasl,MS-ASL/videos_MS_ASL_raw/msasl_raw_75BkNdtDsoQ.mp4,5882,5937.0,56.0,2.1999999999999886,25.0,msasl_77,True,640.0,360.0,False,False,False,2.24,0.0400000000000115,False,0.4669999999999996,8.125,False,False,,ok,,normalized_frames/topn_224_gray_jpg/father/msasl_raw_75BkNdtDsoQ__s005881__e005936__4a79a389cc21,56,jpg,224,224,grayscale,5882,5937,5881,5936,25.0,train
bird,msasl,MS-ASL/videos_MS_ASL_raw/msasl_raw_mJ-GLSd8EHo.mp4,0,45.0,46.0,3.0,15.0,msasl_3,True,480.0,360.0,False,False,False,3.066666666666667,0.0666666666666668,False,0.4669999999999996,8.125,False,False,,ok,,normalized_frames/topn_224_gray_jpg/bird/msasl_raw_mJ-GLSd8EHo__s000000__e000044__a4d4a82d32e2,45,jpg,224,224,grayscale,0,45,0,44,15.0,train
water,msasl,MS-ASL/videos_MS_ASL_raw/msasl_raw_rkQZQhloXuE.mp4,5183,5253.0,71.0,2.3360000000000127,29.97,msasl_370,True,640.0,360.0,False,False,False,2.369035702369036,0.0330357023690228,False,0.4669999999999996,8.125,False,False,,ok,,normalized_frames/topn_224_gray_jpg/water/msasl_raw_rkQZQhloXuE__s005182__e005252__e1937b44901b,71,jpg,224,224,grayscale,5183,5253,5182,5252,29.97002997002997,train
learn,msasl,MS-ASL/videos_MS_ASL_raw/msasl_raw_K4lo0NZDlH8.mp4,8898,8997.0,100.0,3.2999999999999545,30.0,msasl_40,True,568.0,320.0,False,False,False,3.333333333333333,0.0333333333333789,False,0.4669999999999996,8.125,False,False,,ok,,normalized_frames/topn_224_gray_jpg/learn/msasl_raw_K4lo0NZDlH8__s008897__e008996__dba39b4ea50a,100,jpg,224,224,grayscale,8898,8997,8897,8996,30.0,train
but,signingsavvy,kaggle_dataset/videos/08431.mp4,1,30.0,30.0,1.001,29.97,wlasl_11,True,288.0,192.0,False,False,False,1.001001001001001,1.0010010011995971e-06,False,0.4669999999999996,8.125,False,False,,ok,,normalized_frames/topn_224_gray_jpg/but/08431__s000000__e000029__81455b56d8a3,29,jpg,224,224,grayscale,1,30,0,29,29.97,val
father,msasl,MS-ASL/videos_MS_ASL_raw/msasl_raw_KHJjHjG-8JU.mp4,926,1006.0,81.0,2.6690000000000005,29.97,msasl_384,True,640.0,360.0,False,False,False,2.702702702702702,0.0337027027027021,False,0.4669999999999996,8.125,False,False,,ok,,normalized_frames/topn_224_gray_jpg/father/msasl_raw_KHJjHjG-8JU__s000925__e001005__694d3fd843b5,81,jpg,224,224,grayscale,926,1006,925,1005,29.97002997002997,train
sit,msasl,MS-ASL/videos_MS_ASL_raw/msasl_raw_w6PPE2uUA9w.mp4,3190,3288.0,99.0,3.269999999999996,29.97,msasl_203,True,640.0,360.0,False,False,False,3.3033033033033035,0.0333033033033074,False,0.4669999999999996,8.125,False,False,,ok,,normalized_frames/topn_224_gray_jpg/sit/msasl_raw_w6PPE2uUA9w__s003189__e003287__0ab989c99b29,99,jpg,224,224,grayscale,3190,3288,3189,3287,29.97002997002997,train
finish,msasl,MS-ASL/videos_MS_ASL_raw/msasl_raw_kdz5f_PJxDk.mp4,21214,21333.0,120.0,3.971000000000004,29.97,msasl_46,True,640.0,360.0,False,False,False,4.004004004004004,0.0330040040040002,False,0.4669999999999996,8.125,False,False,,ok,,normalized_frames/topn_224_gray_jpg/finish/msasl_raw_kdz5f_PJxDk__s021213__e021332__ecaba3a56c9a,120,jpg,224,224,grayscale,21214,21333,21213,21332,29.97002997002997,train
school,msasl,MS-ASL/videos_MS_ASL_raw/msasl_raw_GLBRC1sVygY.mp4,1985,2092.0,108.0,4.280000000000001,25.0,msasl_94,True,1280.0,720.0,False,False,False,4.32,0.0399999999999991,False,0.4669999999999996,8.125,False,False,,ok,,normalized_frames/topn_224_gray_jpg/school/msasl_raw_GLBRC1sVygY__s001984__e002091__cb305f11cf28,108,jpg,224,224,grayscale,1985,2092,1984,2091,25.0,train
yes,msasl,MS-ASL/videos_MS_ASL_raw/msasl_raw_0bIF7jh6lnE.mp4,3122,3243.0,122.0,4.036999999999992,29.97,msasl_125,True,480.0,360.0,False,False,False,4.070737404070737,0.0337374040707452,False,0.4669999999999996,8.125,False,False,,ok,,normalized_frames/topn_224_gray_jpg/yes/msasl_raw_0bIF7jh6lnE__s003121__e003242__09d9395aa899,122,jpg,224,224,grayscale,3122,3243,3121,3242,29.97002997002997,test
orange,msasl,MS-ASL/videos_MS_ASL_raw/msasl_raw_NAZKMt2NhtU.mp4,873,899.0,27.0,0.8679999999999986,29.97,msasl_95,True,480.0,360.0,False,False,False,0.9009009009009008,0.0329009009009023,False,0.4669999999999996,8.125,False,False,,ok,,normalized_frames/topn_224_gray_jpg/orange/msasl_raw_NAZKMt2NhtU__s000872__e000898__b7957a63b187,27,jpg,224,224,grayscale,873,899,872,898,29.97002997002997,train
finish,msasl,MS-ASL/videos_MS_ASL_raw/msasl_raw_u0XAd3TkGaA.mp4,19404,19553.0,150.0,4.971000000000004,29.97,msasl_46,True,640.0,360.0,False,False,False,5.005005005005005,0.0340050050050013,False,0.4669999999999996,8.125,False,False,,ok,,normalized_frames/topn_224_gray_jpg/finish/msasl_raw_u0XAd3TkGaA__s019403__e019552__dc64226c760e,150,jpg,224,224,grayscale,19404,19553,19403,19552,29.97002997002997,train
table,msasl,MS-ASL/videos_MS_ASL_raw/msasl_raw_kmPYzPuPLWc.mp4,0,87.0,88.0,2.903,29.97,msasl_0,True,640.0,360.0,False,False,False,2.9362696029362696,0.0332696029362695,False,0.4669999999999996,8.125,False,False,,ok,,normalized_frames/topn_224_gray_jpg/table/msasl_raw_kmPYzPuPLWc__s000000__e000086__9818a3407df3,87,jpg,224,224,grayscale,0,87,0,86,29.97002997002997,test
cousin,msasl,MS-ASL/videos_MS_ASL_raw/msasl_raw_Tckw40A23Bc.mp4,2181,2218.0,38.0,1.480000000000004,25.0,msasl_77,True,640.0,360.0,False,False,False,1.52,0.039999999999996,False,0.4669999999999996,8.125,False,False,,ok,,normalized_frames/topn_224_gray_jpg/cousin/msasl_raw_Tckw40A23Bc__s002180__e002217__6e5a19092e19,38,jpg,224,224,grayscale,2181,2218,2180,2217,25.0,train
father,asldeafined,kaggle_dataset/videos/14567.mp4,1,69.0,69.0,2.3,29.995652803941457,wlasl_59,True,640.0,480.0,False,False,False,2.3003333333333336,0.0003333333333337,False,0.4669999999999996,8.125,False,False,,ok,,normalized_frames/topn_224_gray_jpg/father/14567__s000000__e000068__f6465cb1f910,69,jpg,224,224,grayscale,1,69,0,68,29.995652803941457,train
happy,msasl,MS-ASL/videos_MS_ASL_raw/msasl_raw_7bWO4SJ0sv4.mp4,0,43.0,44.0,2.867,15.0,msasl_3,True,480.0,360.0,False,False,False,2.933333333333333,0.0663333333333331,False,0.4669999999999996,8.125,False,False,,ok,,normalized_frames/topn_224_gray_jpg/happy/msasl_raw_7bWO4SJ0sv4__s000000__e000042__12f780c36af3,43,jpg,224,224,grayscale,0,43,0,42,15.0,train
teacher,signingsavvy,kaggle_dataset/videos/57044.mp4,1,57.0,57.0,1.902,29.97,wlasl_11,True,288.0,192.0,False,False,False,1.901901901901902,9.80980980980206e-05,False,0.4669999999999996,8.125,False,False,,ok,,normalized_frames/topn_224_gray_jpg/teacher/57044__s000000__e000056__f2029fd11b9a,56,jpg,224,224,grayscale,1,57,0,56,29.97,val
orange,msasl,MS-ASL/videos_MS_ASL_raw/msasl_raw_B2MuRVFAn6w.mp4,2651,2725.0,75.0,2.9749999999999943,24.871,msasl_6,True,640.0,358.0,False,False,False,3.015560291102087,0.0405602911020928,False,0.4669999999999996,8.125,False,False,,ok,,normalized_frames/topn_224_gray_jpg/orange/msasl_raw_B2MuRVFAn6w__s002650__e002724__4d3a929b5209,75,jpg,224,224,grayscale,2651,2725,2650,2724,25.0,train
table,msasl,MS-ASL/videos_MS_ASL_raw/msasl_raw_4Nh1iFv2BMc.mp4,2329,2463.0,135.0,4.471000000000004,29.97,msasl_72,True,626.0,360.0,False,False,False,4.504504504504505,0.033504504504501,False,0.4669999999999996,8.125,False,False,,ok,,normalized_frames/topn_224_gray_jpg/table/msasl_raw_4Nh1iFv2BMc__s002328__e002462__be0895aeff15,135,jpg,224,224,grayscale,2329,2463,2328,2462,29.97002997002997,train
help,msasl,MS-ASL/videos_MS_ASL_raw/msasl_raw_eRZW3DPxDGk.mp4,15138,15153.0,16.0,0.5,30.0,msasl_312,True,640.0,360.0,False,False,False,0.5333333333333333,0.0333333333333333,False,0.4669999999999996,8.125,False,False,,ok,,normalized_frames/topn_224_gray_jpg/help/msasl_raw_eRZW3DPxDGk__s015137__e015152__0e85c6a56c12,16,jpg,224,224,grayscale,15138,15153,15137,15152,30.0,train
like,msasl,MS-ASL/videos_MS_ASL_raw/msasl_raw_kAnBm2RQb-0.mp4,69,111.0,43.0,1.4009999999999998,29.978,msasl_124,True,1280.0,720.0,False,False,False,1.4343852158249382,0.0333852158249383,False,0.4669999999999996,8.125,False,False,,ok,,normalized_frames/topn_224_gray_jpg/like/msasl_raw_kAnBm2RQb-0__s000068__e000110__5dc0cbd3850f,43,jpg,224,224,grayscale,69,111,68,110,29.97002997002997,train
yes,msasl,MS-ASL/videos_MS_ASL_raw/msasl_raw_rWIDL_GpaJc.mp4,3881,4037.0,157.0,5.204000000000008,29.972,msasl_274,True,1280.0,720.0,False,False,False,5.238222340851461,0.0342223408514534,False,0.4669999999999996,8.125,False,False,,ok,,normalized_frames/topn_224_gray_jpg/yes/msasl_raw_rWIDL_GpaJc__s003880__e004036__8be89366ed5d,157,jpg,224,224,grayscale,3881,4037,3880,4036,29.97002997002997,train
like,spreadthesign,kaggle_dataset/videos/33266.mp4,1,64.0,64.0,2.56,25.0,wlasl_8,True,320.0,240.0,False,False,False,2.56,0.0,False,0.4669999999999996,8.125,False,False,,ok,,normalized_frames/topn_224_gray_jpg/like/33266__s000000__e000063__6c428f650290,64,jpg,224,224,grayscale,1,64,0,63,25.0,train
but,msasl,MS-ASL/videos_MS_ASL_raw/msasl_raw_R_ES8RZua1g.mp4,5745,5842.0,98.0,3.233000000000004,30.0,msasl_40,True,568.0,320.0,False,False,False,3.2666666666666666,0.0336666666666625,False,0.4669999999999996,8.125,False,False,,ok,,normalized_frames/topn_224_gray_jpg/but/msasl_raw_R_ES8RZua1g__s005744__e005841__be145b9da4cc,98,jpg,224,224,grayscale,5745,5842,5744,5841,30.0,train
spring,msasl,MS-ASL/videos_MS_ASL_raw/msasl_raw_9RE2NLd_Sgw.mp4,4578,4759.0,182.0,6.039000000000016,29.97,msasl_94,True,1280.0,720.0,False,False,False,6.072739406072739,0.0337394060727236,False,0.4669999999999996,8.125,False,False,,ok,,normalized_frames/topn_224_gray_jpg/spring/msasl_raw_9RE2NLd_Sgw__s004577__e004758__fdf65cf09a0f,182,jpg,224,224,grayscale,4578,4759,4577,4758,29.97002997002997,train
nice,msasl,MS-ASL/videos_MS_ASL_raw/msasl_raw_u0XAd3TkGaA.mp4,11814,11850.0,37.0,1.200999999999965,29.97,msasl_46,True,640.0,360.0,False,False,False,1.234567901234568,0.033567901234603,False,0.4669999999999996,8.125,False,False,,ok,,normalized_frames/topn_224_gray_jpg/nice/msasl_raw_u0XAd3TkGaA__s011813__e011849__d2ca355991b2,37,jpg,224,224,grayscale,11814,11850,11813,11849,29.97002997002997,train
need,msasl,MS-ASL/videos_MS_ASL_raw/msasl_raw_J2HnODSKTTk.mp4,0,106.0,107.0,3.58,29.609,msasl_2,True,640.0,360.0,False,False,False,3.613766084636428,0.0337660846364276,False,0.4669999999999996,8.125,False,False,,ok,,normalized_frames/topn_224_gray_jpg/need/msasl_raw_J2HnODSKTTk__s000000__e000105__bbb9c1ebcb40,106,jpg,224,224,grayscale,0,106,0,105,29.60900140646976,train
man,msasl,MS-ASL/videos_MS_ASL_raw/msasl_raw_ZHUVt5W8UEk.mp4,2164,2225.0,62.0,2.0360000000000014,29.97,msasl_349,True,640.0,360.0,False,False,False,2.0687354020687354,0.032735402068734,False,0.4669999999999996,8.125,False,False,,ok,,normalized_frames/topn_224_gray_jpg/man/msasl_raw_ZHUVt5W8UEk__s002163__e002224__9951a3a3b05a,62,jpg,224,224,grayscale,2164,2225,2163,2224,29.97002997002997,train
help,msasl,MS-ASL/videos_MS_ASL_raw/msasl_raw_6UrcyZ-QeiU.mp4,1939,1999.0,61.0,2.002000000000009,29.97,msasl_205,True,640.0,360.0,False,False,False,2.035368702035369,0.0333687020353594,False,0.4669999999999996,8.125,False,False,,ok,,normalized_frames/topn_224_gray_jpg/help/msasl_raw_6UrcyZ-QeiU__s001938__e001998__04f8df21a730,61,jpg,224,224,grayscale,1939,1999,1938,1998,29.97002997002997,train
doctor,msasl,MS-ASL/videos_MS_ASL_raw/msasl_raw_TYEae1fcehg.mp4,2368,2516.0,149.0,4.938999999999993,29.97,msasl_124,True,1280.0,720.0,False,False,False,4.971638304971639,0.0326383049716456,False,0.4669999999999996,8.125,False,False,,ok,,normalized_frames/topn_224_gray_jpg/doctor/msasl_raw_TYEae1fcehg__s002367__e002515__70bfb33f1d63,149,jpg,224,224,grayscale,2368,2516,2367,2515,29.97002997002997,train
yes,asldeafined,kaggle_dataset/videos/64288.mp4,1,54.0,54.0,1.8,29.994445473060544,wlasl_15,True,640.0,480.0,False,False,False,1.8003333333333331,0.0003333333333332,False,0.4669999999999996,8.125,False,False,,ok,,normalized_frames/topn_224_gray_jpg/yes/64288__s000000__e000053__81886c5f026e,54,jpg,224,224,grayscale,1,54,0,53,29.994445473060544,train
what,msasl,MS-ASL/videos_MS_ASL_raw/msasl_raw_qk58RD7dz_k.mp4,70,130.0,61.0,2.997,20.017,msasl_2,True,640.0,360.0,False,False,False,3.0474097017535096,0.0504097017535096,False,0.4669999999999996,8.125,False,False,,ok,,normalized_frames/topn_224_gray_jpg/what/msasl_raw_qk58RD7dz_k__s000069__e000129__626730b15a12,61,jpg,224,224,grayscale,70,130,69,129,20.017023023853618,train
bird,msasl,MS-ASL/videos_MS_ASL_raw/msasl_raw_stsGYdklN_k.mp4,752,813.0,62.0,2.035,29.97,msasl_124,True,640.0,360.0,False,False,False,2.0687354020687354,0.0337354020687352,False,0.4669999999999996,8.125,False,False,,ok,,normalized_frames/topn_224_gray_jpg/bird/msasl_raw_stsGYdklN_k__s000751__e000812__ddcd9cecf740,62,jpg,224,224,grayscale,752,813,751,812,29.97,train
again,msasl,MS-ASL/videos_MS_ASL_raw/msasl_raw_FwGL9FjFpYI.mp4,745,866.0,122.0,4.038,29.97,msasl_26,True,1280.0,720.0,False,False,False,4.070737404070737,0.0327374040707368,False,0.4669999999999996,8.125,False,False,,ok,,normalized_frames/topn_224_gray_jpg/again/msasl_raw_FwGL9FjFpYI__s000744__e000865__e45f9473e8eb,122,jpg,224,224,grayscale,745,866,744,865,29.97002997002997,val
what,signschool,kaggle_dataset/videos/62968.mp4,1,43.0,43.0,1.793,23.97606111107669,wlasl_32,True,1920.0,1080.0,False,False,False,1.7934555555555558,0.0004555555555558,False,0.4669999999999996,8.125,False,False,,ok,,normalized_frames/topn_224_gray_jpg/what/62968__s000000__e000042__9fd39a87bbe0,43,jpg,224,224,grayscale,1,43,0,42,23.97606111107669,train
but,msasl,MS-ASL/videos_MS_ASL_raw/msasl_raw_UXetwN_cI5A.mp4,4897,4947.0,51.0,2.0,25.0,msasl_12,True,480.0,360.0,False,False,False,2.04,0.04,False,0.4669999999999996,8.125,False,False,,ok,,normalized_frames/topn_224_gray_jpg/but/msasl_raw_UXetwN_cI5A__s004896__e004946__e6458e368d34,51,jpg,224,224,grayscale,4897,4947,4896,4946,25.0,train
man,msasl,MS-ASL/videos_MS_ASL_raw/msasl_raw_75BkNdtDsoQ.mp4,4428,4530.0,103.0,4.079999999999984,25.0,msasl_77,True,640.0,360.0,False,False,False,4.12,0.040000000000016,False,0.4669999999999996,8.125,False,False,,ok,,normalized_frames/topn_224_gray_jpg/man/msasl_raw_75BkNdtDsoQ__s004427__e004529__f4c909c5d9e8,103,jpg,224,224,grayscale,4428,4530,4427,4529,25.0,train
nice,msasl,MS-ASL/videos_MS_ASL_raw/msasl_raw_owXsDIKq4lk.mp4,2576,2632.0,57.0,1.867999999999995,29.97,msasl_391,True,1280.0,720.0,False,False,False,1.901901901901902,0.0339019019019068,False,0.4669999999999996,8.125,False,False,,ok,,normalized_frames/topn_224_gray_jpg/nice/msasl_raw_owXsDIKq4lk__s002575__e002631__f147dbb3e663,57,jpg,224,224,grayscale,2576,2632,2575,2631,29.97002997002997,train
man,msasl,MS-ASL/videos_MS_ASL_raw/msasl_raw_25ymRY7hbjs.mp4,2836,2974.0,139.0,4.603999999999999,29.97,msasl_72,True,626.0,360.0,False,False,False,4.637971304637971,0.0339713046379719,False,0.4669999999999996,8.125,False,False,,ok,,normalized_frames/topn_224_gray_jpg/man/msasl_raw_25ymRY7hbjs__s002835__e002973__12685fe75084,139,jpg,224,224,grayscale,2836,2974,2835,2973,29.97002997002997,train
water,msasl,MS-ASL/videos_MS_ASL_raw/msasl_raw_e7_zscB_EVw.mp4,0,77.0,78.0,2.569,29.97,msasl_0,True,640.0,360.0,False,False,False,2.6026026026026026,0.0336026026026026,False,0.4669999999999996,8.125,False,False,,ok,,normalized_frames/topn_224_gray_jpg/water/msasl_raw_e7_zscB_EVw__s000000__e000076__b0f2886cf1c1,77,jpg,224,224,grayscale,0,77,0,76,29.97002997002997,test
sit,startasl,kaggle_dataset/videos/09849.mp4,1,81.0,81.0,2.703,29.97002997002997,wlasl_38,True,1280.0,720.0,False,False,False,2.7027,0.0002999999999997,False,0.4669999999999996,8.125,False,False,,ok,,normalized_frames/topn_224_gray_jpg/sit/09849__s000000__e000080__5d1802d3d914,81,jpg,224,224,grayscale,1,81,0,80,29.97002997002997,train
cousin,asldeafined,kaggle_dataset/videos/13635.mp4,1,106.0,106.0,3.533,30.0,wlasl_59,True,640.0,480.0,False,False,False,3.533333333333333,0.0003333333333332,False,0.4669999999999996,8.125,False,False,,ok,,normalized_frames/topn_224_gray_jpg/cousin/13635__s000000__e000105__50b359fbf20e,106,jpg,224,224,grayscale,1,106,0,105,30.0,train
doctor,msasl,MS-ASL/videos_MS_ASL_raw/msasl_raw_Cv5avR9nEhg.mp4,7263,7323.0,61.0,2.400000000000034,25.0,msasl_12,True,1280.0,720.0,False,False,False,2.44,0.0399999999999658,False,0.4669999999999996,8.125,False,False,,ok,,normalized_frames/topn_224_gray_jpg/doctor/msasl_raw_Cv5avR9nEhg__s007262__e007322__9fbfd0512e0b,61,jpg,224,224,grayscale,7263,7323,7262,7322,25.0,train
what,msasl,MS-ASL/videos_MS_ASL_raw/msasl_raw_p36hZJQpLoQ.mp4,1765,1828.0,64.0,2.1019999999999968,29.97,msasl_214,True,1280.0,720.0,False,False,False,2.135468802135469,0.0334688021354723,False,0.4669999999999996,8.125,False,False,,ok,,normalized_frames/topn_224_gray_jpg/what/msasl_raw_p36hZJQpLoQ__s001764__e001827__0b9716788ae5,64,jpg,224,224,grayscale,1765,1828,1764,1827,29.97002997002997,train
like,msasl,MS-ASL/videos_MS_ASL_raw/msasl_raw_c2W6TVd_xh4.mp4,2403,2537.0,135.0,4.470999999999989,29.97,msasl_124,True,640.0,360.0,False,False,False,4.504504504504505,0.0335045045045152,False,0.4669999999999996,8.125,False,False,,ok,,normalized_frames/topn_224_gray_jpg/like/msasl_raw_c2W6TVd_xh4__s002402__e002536__b7faeba1323c,135,jpg,224,224,grayscale,2403,2537,2402,2536,29.97,train
eat,msasl,MS-ASL/videos_MS_ASL_raw/msasl_raw_Gs9zBeSIVIE.mp4,1138,1215.0,78.0,2.5700000000000003,29.97,msasl_286,True,640.0,360.0,False,False,False,2.6026026026026026,0.0326026026026022,False,0.4669999999999996,8.125,False,False,,ok,,normalized_frames/topn_224_gray_jpg/eat/msasl_raw_Gs9zBeSIVIE__s001137__e001214__b4a7474d8ffd,78,jpg,224,224,grayscale,1138,1215,1137,1214,29.97002997002997,train
happy,msasl,MS-ASL/videos_MS_ASL_raw/msasl_raw_CxTSVyM-ij0.mp4,3318,3378.0,61.0,2.001999999999996,29.97,msasl_80,True,640.0,360.0,False,False,False,2.035368702035369,0.0333687020353727,False,0.4669999999999996,8.125,False,False,,ok,,normalized_frames/topn_224_gray_jpg/happy/msasl_raw_CxTSVyM-ij0__s003317__e003377__a472f6aadb0c,61,jpg,224,224,grayscale,3318,3378,3317,3377,29.97002997002997,train
learn,msasl,MS-ASL/videos_MS_ASL_raw/msasl_raw_uPKOwziViaw.mp4,11234,11311.0,78.0,2.569000000000017,29.97,msasl_124,True,1280.0,720.0,False,False,False,2.6026026026026026,0.0336026026025857,False,0.4669999999999996,8.125,False,False,,ok,,normalized_frames/topn_224_gray_jpg/learn/msasl_raw_uPKOwziViaw__s011233__e011310__c69d227374dd,78,jpg,224,224,grayscale,11234,11311,11233,11310,29.97002997002997,train
what,msasl,MS-ASL/videos_MS_ASL_raw/msasl_raw_X7z-Z1kJwp4.mp4,60,110.0,51.0,1.668,29.97,msasl_36,True,480.0,360.0,False,False,False,1.7017017017017018,0.0337017017017018,False,0.4669999999999996,8.125,False,False,,ok,,normalized_frames/topn_224_gray_jpg/what/msasl_raw_X7z-Z1kJwp4__s000059__e000109__bf074f56b576,51,jpg,224,224,grayscale,60,110,59,109,29.97002997002997,train
need,msasl,MS-ASL/videos_MS_ASL_raw/msasl_raw__LGqHR3FhL8.mp4,15547,15637.0,91.0,3.0030000000000427,29.97,msasl_80,True,640.0,360.0,False,False,False,3.0363697030363697,0.0333697030363269,False,0.4669999999999996,8.125,False,False,,ok,,normalized_frames/topn_224_gray_jpg/need/msasl_raw__LGqHR3FhL8__s015546__e015636__712ff82a48b4,91,jpg,224,224,grayscale,15547,15637,15546,15636,29.97002997002997,train
what,msasl,MS-ASL/videos_MS_ASL_raw/msasl_raw_-LB4ENHxcIs.mp4,133,198.0,66.0,2.1690000000000005,29.97,msasl_233,True,640.0,360.0,False,False,False,2.2022022022022023,0.0332022022022018,False,0.4669999999999996,8.125,False,False,,ok,,normalized_frames/topn_224_gray_jpg/what/msasl_raw_-LB4ENHxcIs__s000132__e000197__4a9ba65b59cb,66,jpg,224,224,grayscale,133,198,132,197,29.97002997002997,train
orange,msasl,MS-ASL/videos_MS_ASL_raw/msasl_raw_xEw0KrlJA6Q.mp4,567,646.0,80.0,3.16,25.0,msasl_172,True,640.0,360.0,False,False,False,3.2,0.04,False,0.4669999999999996,8.125,False,False,,ok,,normalized_frames/topn_224_gray_jpg/orange/msasl_raw_xEw0KrlJA6Q__s000566__e000645__47f492ebf404,80,jpg,224,224,grayscale,567,646,566,645,25.0,train
like,msasl,MS-ASL/videos_MS_ASL_raw/msasl_raw_OzkMuzJUdDc.mp4,0,70.0,71.0,4.114,17.016,msasl_2,True,640.0,360.0,False,False,False,4.17254348848143,0.0585434884814297,False,0.4669999999999996,8.125,False,False,,ok,,normalized_frames/topn_224_gray_jpg/like/msasl_raw_OzkMuzJUdDc__s000000__e000069__dfdeae80301f,70,jpg,224,224,grayscale,0,70,0,69,17.016,train
finish,msasl,MS-ASL/videos_MS_ASL_raw/msasl_raw_2nXrJ_7NOgE.mp4,3284,3393.0,110.0,4.359999999999985,25.0,msasl_12,True,1280.0,720.0,False,False,False,4.4,0.0400000000000151,False,0.4669999999999996,8.125,False,False,,ok,,normalized_frames/topn_224_gray_jpg/finish/msasl_raw_2nXrJ_7NOgE__s003283__e003392__bd853078b507,110,jpg,224,224,grayscale,3284,3393,3283,3392,25.0,train
eat,msasl,MS-ASL/videos_MS_ASL_raw/msasl_raw_GmxS5HkNc3o.mp4,2898,3007.0,110.0,3.759,29.0,msasl_407,True,640.0,360.0,False,False,False,3.793103448275862,0.0341034482758622,False,0.4669999999999996,8.125,False,False,,ok,,normalized_frames/topn_224_gray_jpg/eat/msasl_raw_GmxS5HkNc3o__s002897__e003006__8ceb472168f1,110,jpg,224,224,grayscale,2898,3007,2897,3006,29.0,train
eat,msasl,MS-ASL/videos_MS_ASL_raw/msasl_raw_E4LtjQ3gUO0.mp4,250,380.0,131.0,4.341999999999999,29.937,msasl_144,True,480.0,360.0,False,False,False,4.3758559641914685,0.0338559641914697,False,0.4669999999999996,8.125,False,False,,ok,,normalized_frames/topn_224_gray_jpg/eat/msasl_raw_E4LtjQ3gUO0__s000249__e000379__510b90f90166,131,jpg,224,224,grayscale,250,380,249,379,29.97002997002997,train
no,msasl,MS-ASL/videos_MS_ASL_raw/msasl_raw_6XcxbPfP5YQ.mp4,805,896.0,92.0,3.640000000000001,25.0,msasl_94,True,1280.0,720.0,False,False,False,3.68,0.0399999999999991,False,0.4669999999999996,8.125,False,False,,ok,,normalized_frames/topn_224_gray_jpg/no/msasl_raw_6XcxbPfP5YQ__s000804__e000895__f3d1dced5d66,92,jpg,224,224,grayscale,805,896,804,895,25.0,train
tired,msasl,MS-ASL/videos_MS_ASL_raw/msasl_raw_2nXrJ_7NOgE.mp4,975,1105.0,131.0,5.200000000000003,25.0,msasl_12,True,1280.0,720.0,False,False,False,5.24,0.0399999999999973,False,0.4669999999999996,8.125,False,False,,ok,,normalized_frames/topn_224_gray_jpg/tired/msasl_raw_2nXrJ_7NOgE__s000974__e001104__aef11406a6e5,131,jpg,224,224,grayscale,975,1105,974,1104,25.0,train
tired,msasl,MS-ASL/videos_MS_ASL_raw/msasl_raw_hCxSiN-vZS8.mp4,876,943.0,68.0,2.2330000000000005,30.0,msasl_34,True,1280.0,720.0,False,False,False,2.2666666666666666,0.033666666666666,False,0.4669999999999996,8.125,False,False,,ok,,normalized_frames/topn_224_gray_jpg/tired/msasl_raw_hCxSiN-vZS8__s000875__e000942__a8418cb6824a,68,jpg,224,224,grayscale,876,943,875,942,30.0,train
mother,msasl,MS-ASL/videos_MS_ASL_raw/msasl_raw_TwkGS9TjUX8.mp4,960,1020.0,61.0,2.0020000000000024,29.97,msasl_32,True,640.0,360.0,False,False,False,2.035368702035369,0.0333687020353661,False,0.4669999999999996,8.125,False,False,,ok,,normalized_frames/topn_224_gray_jpg/mother/msasl_raw_TwkGS9TjUX8__s000959__e001019__95b3ef604549,61,jpg,224,224,grayscale,960,1020,959,1019,29.97002997002997,train
learn,signingsavvy,kaggle_dataset/videos/32612.mp4,1,33.0,33.0,1.101,29.97,wlasl_11,True,288.0,192.0,False,False,False,1.1011011011011012,0.0001011011011011,False,0.4669999999999996,8.125,False,False,,ok,,normalized_frames/topn_224_gray_jpg/learn/32612__s000000__e000032__79173ba21f8e,33,jpg,224,224,grayscale,1,33,0,32,29.97,val
water,msasl,MS-ASL/videos_MS_ASL_raw/msasl_raw_FNt4N8WFuVY.mp4,16441,16587.0,147.0,6.116999999999962,23.867,msasl_401,True,270.0,360.0,False,False,False,6.159131855700339,0.0421318557003775,False,0.4669999999999996,8.125,False,False,,ok,,normalized_frames/topn_224_gray_jpg/water/msasl_raw_FNt4N8WFuVY__s016440__e016586__840480a98655,147,jpg,224,224,grayscale,16441,16587,16440,16586,24.0,train
learn,msasl,MS-ASL/videos_MS_ASL_raw/msasl_raw_oDDEMBNkB9M.mp4,7682,7748.0,67.0,2.201999999999998,29.97,msasl_345,True,640.0,360.0,False,False,False,2.235568902235569,0.0335689022355709,False,0.4669999999999996,8.125,False,False,,ok,,normalized_frames/topn_224_gray_jpg/learn/msasl_raw_oDDEMBNkB9M__s007681__e007747__a83d7128d276,67,jpg,224,224,grayscale,7682,7748,7681,7747,29.97002997002997,val
eat,msasl,MS-ASL/videos_MS_ASL_raw/msasl_raw_mC0lNJ6iz-s.mp4,31520,31570.0,51.0,1.668999999999869,29.97,msasl_32,True,640.0,360.0,False,False,False,1.7017017017017018,0.0327017017018327,False,0.4669999999999996,8.125,False,False,,ok,,normalized_frames/topn_224_gray_jpg/eat/msasl_raw_mC0lNJ6iz-s__s031519__e031569__975a4e4f1ea8,51,jpg,224,224,grayscale,31520,31570,31519,31569,29.97002997002997,train
like,msasl,MS-ASL/videos_MS_ASL_raw/msasl_raw_nvaS2J5mcEk.mp4,6293,6382.0,90.0,2.969999999999999,29.97,msasl_417,True,202.0,360.0,False,False,False,3.003003003003004,0.0330030030030044,False,0.4669999999999996,8.125,False,False,,ok,,normalized_frames/topn_224_gray_jpg/like/msasl_raw_nvaS2J5mcEk__s006292__e006381__71c3cde96dbb,90,jpg,224,224,grayscale,6293,6382,6292,6381,29.97002997002997,train
doctor,startasl,kaggle_dataset/videos/17015.mp4,1,109.0,109.0,3.637,29.97,wlasl_36,True,736.0,414.0,False,False,False,3.6369703036369705,2.9696363029518835e-05,False,0.4669999999999996,8.125,False,False,,ok,,normalized_frames/topn_224_gray_jpg/doctor/17015__s000000__e000108__150e5278d3f1,109,jpg,224,224,grayscale,1,109,0,108,29.97,test
spring,msasl,MS-ASL/videos_MS_ASL_raw/msasl_raw_KlQ1YBnMyKM.mp4,2013,2065.0,53.0,1.7349999999999994,29.97,msasl_26,True,1280.0,720.0,False,False,False,1.7684351017684352,0.0334351017684357,False,0.4669999999999996,8.125,False,False,,ok,,normalized_frames/topn_224_gray_jpg/spring/msasl_raw_KlQ1YBnMyKM__s002012__e002064__ffa9c1873a07,53,jpg,224,224,grayscale,2013,2065,2012,2064,29.97002997002997,val
school,msasl,MS-ASL/videos_MS_ASL_raw/msasl_raw_K4lo0NZDlH8.mp4,6573,6667.0,95.0,3.1330000000000098,30.0,msasl_40,True,568.0,320.0,False,False,False,3.1666666666666665,0.0336666666666567,False,0.4669999999999996,8.125,False,False,,ok,,normalized_frames/topn_224_gray_jpg/school/msasl_raw_K4lo0NZDlH8__s006572__e006666__8dcc9d10b808,95,jpg,224,224,grayscale,6573,6667,6572,6666,30.0,train
teacher,msasl,MS-ASL/videos_MS_ASL_raw/msasl_raw_KTURNRi-wy0.mp4,3821,3890.0,70.0,2.3019999999999925,29.97,msasl_26,True,1280.0,720.0,False,False,False,2.335669002335669,0.0336690023356767,False,0.4669999999999996,8.125,False,False,,ok,,normalized_frames/topn_224_gray_jpg/teacher/msasl_raw_KTURNRi-wy0__s003820__e003889__c3a937043a8f,70,jpg,224,224,grayscale,3821,3890,3820,3889,29.97002997002997,val
cousin,aslsearch,kaggle_dataset/videos/13648.mp4,1,70.0,70.0,2.302,30.404788475195293,wlasl_41,True,720.0,400.0,False,False,False,2.3022689356022688,0.0002689356022687,False,0.4669999999999996,8.125,False,False,,ok,,normalized_frames/topn_224_gray_jpg/cousin/13648__s000000__e000069__203a29926952,70,jpg,224,224,grayscale,1,70,0,69,30.404788475195293,train
again,msasl,MS-ASL/videos_MS_ASL_raw/msasl_raw_wTNv94AY-yE.mp4,0,74.0,75.0,2.469,29.97,msasl_0,True,1280.0,720.0,False,False,False,2.5025025025025025,0.0335025025025026,False,0.4669999999999996,8.125,False,False,,ok,,normalized_frames/topn_224_gray_jpg/again/msasl_raw_wTNv94AY-yE__s000000__e000073__07a58d9eed46,74,jpg,224,224,grayscale,0,74,0,73,29.97002997002997,test
cousin,msasl,MS-ASL/videos_MS_ASL_raw/msasl_raw_I07uu8vnJYs.mp4,0,79.0,80.0,3.16,25.0,msasl_0,True,480.0,360.0,False,False,False,3.2,0.04,False,0.4669999999999996,8.125,False,False,,ok,,normalized_frames/topn_224_gray_jpg/cousin/msasl_raw_I07uu8vnJYs__s000000__e000078__025c092f284c,79,jpg,224,224,grayscale,0,79,0,78,25.0,test
help,signingsavvy,kaggle_dataset/videos/01627.mp4,1,30.0,30.0,1.001,29.97,wlasl_11,True,288.0,192.0,False,False,False,1.001001001001001,1.0010010011995971e-06,False,0.4669999999999996,8.125,False,False,,ok,,normalized_frames/topn_224_gray_jpg/help/01627__s000000__e000029__fefb85c85027,30,jpg,224,224,grayscale,1,30,0,29,29.97,val
deaf,msasl,MS-ASL/videos_MS_ASL_raw/msasl_raw_kwCfdkhc37c.mp4,1128,1176.0,49.0,1.6000000000000014,30.0,msasl_34,True,406.0,720.0,False,False,False,1.6333333333333333,0.0333333333333318,False,0.4669999999999996,8.125,False,False,,ok,,normalized_frames/topn_224_gray_jpg/deaf/msasl_raw_kwCfdkhc37c__s001127__e001175__0e870feaeeb6,49,jpg,224,224,grayscale,1128,1176,1127,1175,30.0,train
nice,spreadthesign,kaggle_dataset/videos/38282.mp4,1,83.0,83.0,3.32,25.0,wlasl_2,True,320.0,240.0,False,False,False,3.32,0.0,False,0.4669999999999996,8.125,False,False,,ok,,normalized_frames/topn_224_gray_jpg/nice/38282__s000000__e000082__9b7019bfd414,83,jpg,224,224,grayscale,1,83,0,82,25.0,train
learn,msasl,MS-ASL/videos_MS_ASL_raw/msasl_raw_OB1xBzqD8WY.mp4,888,921.0,34.0,1.1010000000000026,29.97,msasl_40,True,640.0,360.0,False,False,False,1.1344678011344678,0.0334678011344651,False,0.4669999999999996,8.125,False,False,,ok,,normalized_frames/topn_224_gray_jpg/learn/msasl_raw_OB1xBzqD8WY__s000887__e000920__042eab6ffa69,34,jpg,224,224,grayscale,888,921,887,920,29.97002997002997,train
deaf,msasl,MS-ASL/videos_MS_ASL_raw/msasl_raw_KTURNRi-wy0.mp4,1461,1510.0,50.0,1.634999999999998,29.97,msasl_26,True,1280.0,720.0,False,False,False,1.6683350016683351,0.0333350016683371,False,0.4669999999999996,8.125,False,False,,ok,,normalized_frames/topn_224_gray_jpg/deaf/msasl_raw_KTURNRi-wy0__s001460__e001509__828529e38eb9,50,jpg,224,224,grayscale,1461,1510,1460,1509,29.97002997002997,val
water,msasl,MS-ASL/videos_MS_ASL_raw/msasl_raw_sQELZPmche8.mp4,426,493.0,68.0,2.2750000000000004,29.441,msasl_140,True,480.0,360.0,False,False,False,2.309704154070854,0.0347041540708534,False,0.4669999999999996,8.125,False,False,,ok,,normalized_frames/topn_224_gray_jpg/water/msasl_raw_sQELZPmche8__s000425__e000492__a48dbcb2929c,68,jpg,224,224,grayscale,426,493,425,492,29.5,train
but,msasl,MS-ASL/videos_MS_ASL_raw/msasl_raw_FKp2hBhdj9k.mp4,1870,1956.0,87.0,2.869,29.97,msasl_286,True,1280.0,720.0,False,False,False,2.902902902902903,0.0339029029029029,False,0.4669999999999996,8.125,False,False,,ok,,normalized_frames/topn_224_gray_jpg/but/msasl_raw_FKp2hBhdj9k__s001869__e001955__f50fa88aea2e,87,jpg,224,224,grayscale,1870,1956,1869,1955,29.97002997002997,train
happy,aslsearch,kaggle_dataset/videos/26537.mp4,1,93.0,93.0,3.07,30.296090174893205,wlasl_12,True,720.0,400.0,False,False,False,3.069703036369703,0.0002969636302969,False,0.4669999999999996,8.125,False,False,,ok,,normalized_frames/topn_224_gray_jpg/happy/26537__s000000__e000092__3e61d4258906,93,jpg,224,224,grayscale,1,93,0,92,30.296090174893205,train
orange,msasl,MS-ASL/videos_MS_ASL_raw/msasl_raw_K1EAxRE0ZaM.mp4,0,87.0,88.0,2.9,30.0,msasl_0,True,640.0,360.0,False,False,False,2.933333333333333,0.0333333333333332,False,0.4669999999999996,8.125,False,False,,ok,,normalized_frames/topn_224_gray_jpg/orange/msasl_raw_K1EAxRE0ZaM__s000000__e000086__a6d58828da2b,87,jpg,224,224,grayscale,0,87,0,86,30.0,test
spring,msasl,MS-ASL/videos_MS_ASL_raw/msasl_raw_dELt8wh_5nA.mp4,8113,8188.0,76.0,3.125,24.002,msasl_125,True,1280.0,720.0,False,False,False,3.1664027997666864,0.0414027997666863,False,0.4669999999999996,8.125,False,False,,ok,,normalized_frames/topn_224_gray_jpg/spring/msasl_raw_dELt8wh_5nA__s008112__e008187__eb34b5afce75,76,jpg,224,224,grayscale,8113,8188,8112,8187,24.0,test
student,msasl,MS-ASL/videos_MS_ASL_raw/msasl_raw_IeH7XYbo0yg.mp4,316,396.0,81.0,2.6689999999999987,29.97,msasl_140,True,1280.0,720.0,False,False,False,2.702702702702702,0.0337027027027039,False,0.4669999999999996,8.125,False,False,,ok,,normalized_frames/topn_224_gray_jpg/student/msasl_raw_IeH7XYbo0yg__s000315__e000395__f6f946fed429,81,jpg,224,224,grayscale,316,396,315,395,29.97002997002997,train
table,msasl,MS-ASL/videos_MS_ASL_raw/msasl_raw_OSpNDIzYRTw.mp4,3224,3274.0,51.0,2.0,25.0,msasl_77,True,640.0,360.0,False,False,False,2.04,0.04,False,0.4669999999999996,8.125,False,False,,ok,,normalized_frames/topn_224_gray_jpg/table/msasl_raw_OSpNDIzYRTw__s003223__e003273__79377a73f868,51,jpg,224,224,grayscale,3224,3274,3223,3273,25.0,train
happy,msasl,MS-ASL/videos_MS_ASL_raw/msasl_raw_fnhiGz4qE_I.mp4,869,916.0,48.0,1.5680000000000014,29.97,msasl_40,True,640.0,360.0,False,False,False,1.6016016016016017,0.0336016016016003,False,0.4669999999999996,8.125,False,False,,ok,,normalized_frames/topn_224_gray_jpg/happy/msasl_raw_fnhiGz4qE_I__s000868__e000915__7b4c650e328f,48,jpg,224,224,grayscale,869,916,868,915,29.97002997002997,train
but,msasl,MS-ASL/videos_MS_ASL_raw/msasl_raw_JHFExZgYdwk.mp4,4199,4307.0,109.0,4.319999999999993,25.0,msasl_12,True,1280.0,720.0,False,False,False,4.36,0.0400000000000071,False,0.4669999999999996,8.125,False,False,,ok,,normalized_frames/topn_224_gray_jpg/but/msasl_raw_JHFExZgYdwk__s004198__e004306__ec8178448388,109,jpg,224,224,grayscale,4199,4307,4198,4306,25.0,train
teacher,msasl,MS-ASL/videos_MS_ASL_raw/msasl_raw_N9tVg829W4c.mp4,150,220.0,71.0,2.333,30.0,msasl_29,True,540.0,360.0,False,False,False,2.3666666666666667,0.0336666666666665,False,0.4669999999999996,8.125,False,False,,ok,,normalized_frames/topn_224_gray_jpg/teacher/msasl_raw_N9tVg829W4c__s000149__e000219__9a68f969074b,71,jpg,224,224,grayscale,150,220,149,219,30.0,val
fish,msasl,MS-ASL/videos_MS_ASL_raw/msasl_raw_3xKLhk4NgCs.mp4,0,64.0,65.0,2.135,29.97,msasl_0,True,640.0,360.0,False,False,False,2.1688355021688355,0.0338355021688356,False,0.4669999999999996,8.125,False,False,,ok,,normalized_frames/topn_224_gray_jpg/fish/msasl_raw_3xKLhk4NgCs__s000000__e000063__c1132b9a9403,64,jpg,224,224,grayscale,0,64,0,63,29.97002997002997,test
deaf,msasl,MS-ASL/videos_MS_ASL_raw/msasl_raw_f7COHRpmVKA.mp4,1569,1718.0,150.0,4.972000000000001,29.97,msasl_32,True,640.0,360.0,False,False,False,5.005005005005005,0.0330050050050036,False,0.4669999999999996,8.125,False,False,,ok,,normalized_frames/topn_224_gray_jpg/deaf/msasl_raw_f7COHRpmVKA__s001568__e001717__da9dd68c8f56,150,jpg,224,224,grayscale,1569,1718,1568,1717,29.97002997002997,train
learn,signschool,kaggle_dataset/videos/32606.mp4,1,46.0,46.0,1.919,23.976093402520384,wlasl_31,True,1920.0,1080.0,False,False,False,1.918577777777778,0.0004222222222221,False,0.4669999999999996,8.125,False,False,,ok,,normalized_frames/topn_224_gray_jpg/learn/32606__s000000__e000045__25f3e4cbe4bc,46,jpg,224,224,grayscale,1,46,0,45,23.976093402520384,train
father,msasl,MS-ASL/videos_MS_ASL_raw/msasl_raw_ZEAiYaeLTZs.mp4,0,110.0,111.0,3.667,30.0,msasl_69,True,480.0,360.0,False,False,False,3.7,0.0330000000000003,False,0.4669999999999996,8.125,False,False,,ok,,normalized_frames/topn_224_gray_jpg/father/msasl_raw_ZEAiYaeLTZs__s000000__e000109__9bc4f55724fc,110,jpg,224,224,grayscale,0,110,0,109,30.0,train
eat,aslsearch,kaggle_dataset/videos/22750.mp4,1,84.0,84.0,2.769,30.33144977650333,wlasl_12,True,720.0,400.0,False,False,False,2.7694027360694027,0.0004027360694025,False,0.4669999999999996,8.125,False,False,,ok,,normalized_frames/topn_224_gray_jpg/eat/22750__s000000__e000083__f3fcb9fc1c54,84,jpg,224,224,grayscale,1,84,0,83,30.33144977650333,train
nice,signschool,kaggle_dataset/videos/11036.mp4,1,79.0,79.0,2.636,29.97002997002997,wlasl_52,True,854.0,480.0,False,False,False,2.6359666666666666,3.333333333355171e-05,False,0.4669999999999996,8.125,False,False,,ok,,normalized_frames/topn_224_gray_jpg/nice/11036__s000000__e000078__acb78f210578,79,jpg,224,224,grayscale,1,79,0,78,29.97002997002997,train
doctor,msasl,MS-ASL/videos_MS_ASL_raw/msasl_raw_xGnOT9Gp0F0.mp4,536,675.0,140.0,5.559999999999999,25.0,msasl_12,True,1280.0,720.0,False,False,False,5.6,0.0400000000000009,False,0.4669999999999996,8.125,False,False,,ok,,normalized_frames/topn_224_gray_jpg/doctor/msasl_raw_xGnOT9Gp0F0__s000535__e000674__8e9856587856,140,jpg,224,224,grayscale,536,675,535,674,25.0,train
no,signschool,kaggle_dataset/videos/38527.mp4,1,46.0,46.0,1.535,29.97002997002997,wlasl_3,True,1920.0,1080.0,False,False,False,1.5348666666666666,0.0001333333333333,False,0.4669999999999996,8.125,False,False,,ok,,normalized_frames/topn_224_gray_jpg/no/38527__s000000__e000045__d58d00450ae2,46,jpg,224,224,grayscale,1,46,0,45,29.97002997002997,train
need,msasl,MS-ASL/videos_MS_ASL_raw/msasl_raw_5S3qaGLdPmE.mp4,3605,3724.0,120.0,3.969999999999999,29.97,msasl_32,True,640.0,360.0,False,False,False,4.004004004004004,0.0340040040040054,False,0.4669999999999996,8.125,False,False,,ok,,normalized_frames/topn_224_gray_jpg/need/msasl_raw_5S3qaGLdPmE__s003604__e003723__84e9c94e3b0c,120,jpg,224,224,grayscale,3605,3724,3604,3723,29.97002997002997,train
sit,msasl,MS-ASL/videos_MS_ASL_raw/msasl_raw_tO6x4rdDNXk.mp4,5038,5128.0,91.0,3.5999999999999943,25.0,msasl_77,True,640.0,360.0,False,False,False,3.64,0.0400000000000058,False,0.4669999999999996,8.125,False,False,,ok,,normalized_frames/topn_224_gray_jpg/sit/msasl_raw_tO6x4rdDNXk__s005037__e005127__0415985e0aa5,91,jpg,224,224,grayscale,5038,5128,5037,5127,25.0,train
water,msasl,MS-ASL/videos_MS_ASL_raw/msasl_raw_3RB642y8sgo.mp4,4625,4821.0,197.0,6.562000000000012,29.868,msasl_230,True,320.0,240.0,False,False,False,6.595687692513727,0.0336876925137152,False,0.4669999999999996,8.125,False,False,,ok,,normalized_frames/topn_224_gray_jpg/water/msasl_raw_3RB642y8sgo__s004624__e004820__3727a4d4ed13,197,jpg,224,224,grayscale,4625,4821,4624,4820,30.0,val
cousin,msasl,MS-ASL/videos_MS_ASL_raw/msasl_raw_KHJjHjG-8JU.mp4,3266,3366.0,101.0,3.3359999999999985,29.97,msasl_384,True,640.0,360.0,False,False,False,3.3700367033700367,0.0340367033700381,False,0.4669999999999996,8.125,False,False,,ok,,normalized_frames/topn_224_gray_jpg/cousin/msasl_raw_KHJjHjG-8JU__s003265__e003365__e681e2513825,101,jpg,224,224,grayscale,3266,3366,3265,3365,29.97002997002997,train
father,startasl,kaggle_dataset/videos/21205.mp4,1,97.0,97.0,3.237,29.97,wlasl_36,True,736.0,414.0,False,False,False,3.2365699032365702,0.0004300967634298,False,0.4669999999999996,8.125,False,False,,ok,,normalized_frames/topn_224_gray_jpg/father/21205__s000000__e000096__cc80d343e07d,97,jpg,224,224,grayscale,1,97,0,96,29.97,test
happy,msasl,MS-ASL/videos_MS_ASL_raw/msasl_raw_CxTSVyM-ij0.mp4,3558,3608.0,51.0,1.6680000000000064,29.97,msasl_80,True,640.0,360.0,False,False,False,1.7017017017017018,0.0337017017016954,False,0.4669999999999996,8.125,False,False,,ok,,normalized_frames/topn_224_gray_jpg/happy/msasl_raw_CxTSVyM-ij0__s003557__e003607__0745f5e0217f,51,jpg,224,224,grayscale,3558,3608,3557,3607,29.97002997002997,train
fish,msasl,MS-ASL/videos_MS_ASL_raw/msasl_raw_jsF87QSfxpg.mp4,20,80.0,61.0,2.069,29.0,msasl_435,True,640.0,360.0,False,False,False,2.103448275862069,0.034448275862069,False,0.4669999999999996,8.125,False,False,,ok,,normalized_frames/topn_224_gray_jpg/fish/msasl_raw_jsF87QSfxpg__s000019__e000079__059819a63222,61,jpg,224,224,grayscale,20,80,19,79,29.0,train
help,aslsignbank,kaggle_dataset/videos/65891.mp4,1,59.0,59.0,2.461,23.97605104054256,wlasl_90,True,656.0,370.0,False,False,False,2.460788888888888,0.0002111111111116,False,0.4669999999999996,8.125,False,False,,ok,,normalized_frames/topn_224_gray_jpg/help/65891__s000000__e000058__9799871d0a36,59,jpg,224,224,grayscale,1,59,0,58,23.976051040542558,train
need,msasl,MS-ASL/videos_MS_ASL_raw/msasl_raw_5LuS-TTg7rA.mp4,1125,1179.0,55.0,1.801000000000002,29.97,msasl_26,True,1280.0,720.0,False,False,False,1.8351685018351689,0.0341685018351667,False,0.4669999999999996,8.125,False,False,,ok,,normalized_frames/topn_224_gray_jpg/need/msasl_raw_5LuS-TTg7rA__s001124__e001178__74a3ff67ee4d,55,jpg,224,224,grayscale,1125,1179,1124,1178,29.97002997002997,val
tired,msasl,MS-ASL/videos_MS_ASL_raw/msasl_raw_nvaS2J5mcEk.mp4,10459,10518.0,60.0,1.967999999999961,29.97,msasl_417,True,202.0,360.0,False,False,False,2.002002002002002,0.0340020020020412,False,0.4669999999999996,8.125,False,False,,ok,,normalized_frames/topn_224_gray_jpg/tired/msasl_raw_nvaS2J5mcEk__s010458__e010517__9116496f22c7,60,jpg,224,224,grayscale,10459,10518,10458,10517,29.97002997002997,train
again,aslsearch,kaggle_dataset/videos/01471.mp4,1,75.0,75.0,2.469,30.37541047851998,wlasl_12,True,720.0,400.0,False,False,False,2.4691024357691025,0.0001024357691026,False,0.4669999999999996,8.125,False,False,,ok,,normalized_frames/topn_224_gray_jpg/again/01471__s000000__e000074__2668b4d66b36,75,jpg,224,224,grayscale,1,75,0,74,30.37541047851998,train
sit,asldeafined,kaggle_dataset/videos/09851.mp4,1,92.0,92.0,3.066,30.00326122404609,wlasl_59,True,640.0,480.0,False,False,False,3.0663333333333336,0.0003333333333337,False,0.4669999999999996,8.125,False,False,,ok,,normalized_frames/topn_224_gray_jpg/sit/09851__s000000__e000091__df8e4ba4d170,92,jpg,224,224,grayscale,1,92,0,91,30.00326122404609,train
finish,msasl,MS-ASL/videos_MS_ASL_raw/msasl_raw_Cv5avR9nEhg.mp4,6225,6295.0,71.0,2.800000000000012,25.0,msasl_12,True,1280.0,720.0,False,False,False,2.84,0.039999999999988,False,0.4669999999999996,8.125,False,False,,ok,,normalized_frames/topn_224_gray_jpg/finish/msasl_raw_Cv5avR9nEhg__s006224__e006294__02b8ce639fb1,71,jpg,224,224,grayscale,6225,6295,6224,6294,25.0,train
eat,aslbrick,kaggle_dataset/videos/69330.mp4,1,81.0,81.0,2.703,29.97002997002997,wlasl_117,True,1280.0,720.0,False,False,False,2.7027,0.0002999999999997,False,0.4669999999999996,8.125,False,False,,ok,,normalized_frames/topn_224_gray_jpg/eat/69330__s000000__e000080__71b5989badea,81,jpg,224,224,grayscale,1,81,0,80,29.97002997002997,train
again,aslsignbank,kaggle_dataset/videos/65032.mp4,1,56.0,56.0,2.336,23.976023976023978,wlasl_88,True,656.0,370.0,False,False,False,2.3356666666666666,0.0003333333333332,False,0.4669999999999996,8.125,False,False,,ok,,normalized_frames/topn_224_gray_jpg/again/65032__s000000__e000055__98d9c99d4594,56,jpg,224,224,grayscale,1,56,0,55,23.976023976023978,val
deaf,msasl,MS-ASL/videos_MS_ASL_raw/msasl_raw_my4mxg6lXYQ.mp4,2221,2281.0,61.0,2.001999999999996,29.97,msasl_124,True,1280.0,720.0,False,False,False,2.035368702035369,0.0333687020353727,False,0.4669999999999996,8.125,False,False,,ok,,normalized_frames/topn_224_gray_jpg/deaf/msasl_raw_my4mxg6lXYQ__s002220__e002280__d0d958fce2a3,61,jpg,224,224,grayscale,2221,2281,2220,2280,29.97002997002997,train
fish,startasl,kaggle_dataset/videos/22115.mp4,1,61.0,61.0,2.035,29.97002997002997,wlasl_38,True,1280.0,720.0,False,False,False,2.0353666666666665,0.0003666666666664,False,0.4669999999999996,8.125,False,False,,ok,,normalized_frames/topn_224_gray_jpg/fish/22115__s000000__e000060__ea7b5f2f2fc1,61,jpg,224,224,grayscale,1,61,0,60,29.97002997002997,train
need,msasl,MS-ASL/videos_MS_ASL_raw/msasl_raw_R_ES8RZua1g.mp4,7415,7603.0,189.0,6.265999999999991,30.0,msasl_40,True,568.0,320.0,False,False,False,6.3,0.0340000000000086,False,0.4669999999999996,8.125,False,False,,ok,,normalized_frames/topn_224_gray_jpg/need/msasl_raw_R_ES8RZua1g__s007414__e007602__8949a46ee537,189,jpg,224,224,grayscale,7415,7603,7414,7602,30.0,train
again,msasl,MS-ASL/videos_MS_ASL_raw/msasl_raw_9bosgmeAAuo.mp4,11210,11260.0,51.0,1.6689999999999827,29.97,msasl_80,True,640.0,360.0,False,False,False,1.7017017017017018,0.032701701701719,False,0.4669999999999996,8.125,False,False,,ok,,normalized_frames/topn_224_gray_jpg/again/msasl_raw_9bosgmeAAuo__s011209__e011259__58c3cddfd550,51,jpg,224,224,grayscale,11210,11260,11209,11259,29.97002997002997,train
fish,msasl,MS-ASL/videos_MS_ASL_raw/msasl_raw_KFSLtsOwZiU.mp4,1493,1611.0,119.0,3.946999999999996,29.897,msasl_34,True,1280.0,720.0,False,False,False,3.980332474830251,0.0333324748302548,False,0.4669999999999996,8.125,False,False,,ok,,normalized_frames/topn_224_gray_jpg/fish/msasl_raw_KFSLtsOwZiU__s001492__e001610__5b75bd812cc3,119,jpg,224,224,grayscale,1493,1611,1492,1610,30.0,train
deaf,msasl,MS-ASL/videos_MS_ASL_raw/msasl_raw_JHFExZgYdwk.mp4,5480,5540.0,61.0,2.4000000000000057,25.0,msasl_12,True,1280.0,720.0,False,False,False,2.44,0.0399999999999942,False,0.4669999999999996,8.125,False,False,,ok,,normalized_frames/topn_224_gray_jpg/deaf/msasl_raw_JHFExZgYdwk__s005479__e005539__563ede7c3ded,61,jpg,224,224,grayscale,5480,5540,5479,5539,25.0,train
but,msasl,MS-ASL/videos_MS_ASL_raw/msasl_raw_rzzunApjSTA.mp4,0,125.0,126.0,5.0,25.0,msasl_14,True,640.0,360.0,False,False,False,5.04,0.04,False,0.4669999999999996,8.125,False,False,,ok,,normalized_frames/topn_224_gray_jpg/but/msasl_raw_rzzunApjSTA__s000000__e000124__6bb3f7a68f66,125,jpg,224,224,grayscale,0,125,0,124,25.0,train
tired,msasl,MS-ASL/videos_MS_ASL_raw/msasl_raw_f7COHRpmVKA.mp4,9333,9482.0,150.0,4.97199999999998,29.97,msasl_32,True,640.0,360.0,False,False,False,5.005005005005005,0.033005005005025,False,0.4669999999999996,8.125,False,False,,ok,,normalized_frames/topn_224_gray_jpg/tired/msasl_raw_f7COHRpmVKA__s009332__e009481__a217ea316e78,150,jpg,224,224,grayscale,9333,9482,9332,9481,29.97002997002997,train
what,msasl,MS-ASL/videos_MS_ASL_raw/msasl_raw_aeZKNdfmbPo.mp4,250,319.0,70.0,2.302,29.97,msasl_144,True,480.0,360.0,False,False,False,2.335669002335669,0.0336690023356691,False,0.4669999999999996,8.125,False,False,,ok,,normalized_frames/topn_224_gray_jpg/what/msasl_raw_aeZKNdfmbPo__s000249__e000318__45a1e2c8d9a7,70,jpg,224,224,grayscale,250,319,249,318,29.97002997002997,train
what,msasl,MS-ASL/videos_MS_ASL_raw/msasl_raw_X7z-Z1kJwp4.mp4,10,60.0,51.0,1.6679999999999997,29.97,msasl_36,True,480.0,360.0,False,False,False,1.7017017017017018,0.033701701701702,False,0.4669999999999996,8.125,False,False,,ok,,normalized_frames/topn_224_gray_jpg/what/msasl_raw_X7z-Z1kJwp4__s000009__e000059__2fe09bd4a9ce,51,jpg,224,224,grayscale,10,60,9,59,29.97002997002997,train
water,msasl,MS-ASL/videos_MS_ASL_raw/msasl_raw_QDlDLqvdApI.mp4,0,94.0,95.0,3.136,29.97,msasl_0,True,640.0,360.0,False,False,False,3.169836503169837,0.0338365031698364,False,0.4669999999999996,8.125,False,False,,ok,,normalized_frames/topn_224_gray_jpg/water/msasl_raw_QDlDLqvdApI__s000000__e000093__37cdd2c5371d,94,jpg,224,224,grayscale,0,94,0,93,29.97002997002997,test
man,startasl,kaggle_dataset/videos/34733.mp4,1,87.0,87.0,2.903,29.97,wlasl_36,True,736.0,414.0,False,False,False,2.902902902902903,9.709709709682102e-05,False,0.4669999999999996,8.125,False,False,,ok,,normalized_frames/topn_224_gray_jpg/man/34733__s000000__e000086__cbb6950031b6,87,jpg,224,224,grayscale,1,87,0,86,29.97,test
sit,msasl,MS-ASL/videos_MS_ASL_raw/msasl_raw_Nu20x79AbjU.mp4,0,123.0,124.0,4.16,29.568,msasl_2,True,640.0,360.0,False,False,False,4.193722943722944,0.0337229437229433,False,0.4669999999999996,8.125,False,False,,ok,,normalized_frames/topn_224_gray_jpg/sit/msasl_raw_Nu20x79AbjU__s000000__e000122__5175f8e8d502,123,jpg,224,224,grayscale,0,123,0,122,29.568083426506355,train
spring,msasl,MS-ASL/videos_MS_ASL_raw/msasl_raw_R-2MXm-JM0Q.mp4,1286,1345.0,60.0,1.9680000000000035,29.97,msasl_90,True,640.0,360.0,False,False,False,2.002002002002002,0.0340020020019986,False,0.4669999999999996,8.125,False,False,,ok,,normalized_frames/topn_224_gray_jpg/spring/msasl_raw_R-2MXm-JM0Q__s001285__e001344__3de27fcd660e,60,jpg,224,224,grayscale,1286,1345,1285,1344,29.97002997002997,val
water,msasl,MS-ASL/videos_MS_ASL_raw/msasl_raw_3zoqSvF0Z2A.mp4,1139,1183.0,45.0,1.466000000000001,30.0,msasl_175,True,568.0,320.0,False,False,False,1.5,0.0339999999999989,False,0.4669999999999996,8.125,False,False,,ok,,normalized_frames/topn_224_gray_jpg/water/msasl_raw_3zoqSvF0Z2A__s001138__e001182__2129eeb5a974,45,jpg,224,224,grayscale,1139,1183,1138,1182,30.0,train
happy,msasl,MS-ASL/videos_MS_ASL_raw/msasl_raw_bX1eJjB3nyA.mp4,6094,6122.0,29.0,0.934999999999974,29.97,msasl_261,True,640.0,360.0,False,False,False,0.9676343009676344,0.0326343009676604,False,0.4669999999999996,8.125,False,False,,ok,,normalized_frames/topn_224_gray_jpg/happy/msasl_raw_bX1eJjB3nyA__s006093__e006121__5ccf5929e566,29,jpg,224,224,grayscale,6094,6122,6093,6121,29.97002997002997,train
tired,msasl,MS-ASL/videos_MS_ASL_raw/msasl_raw_Ayr1bGZ6GPw.mp4,0,73.0,74.0,2.433,30.0,msasl_62,True,640.0,360.0,False,False,False,2.466666666666667,0.0336666666666669,False,0.4669999999999996,8.125,False,False,,ok,,normalized_frames/topn_224_gray_jpg/tired/msasl_raw_Ayr1bGZ6GPw__s000000__e000072__1f324124e39b,73,jpg,224,224,grayscale,0,73,0,72,30.0,train
yes,msasl,MS-ASL/videos_MS_ASL_raw/msasl_raw_owXsDIKq4lk.mp4,4879,4999.0,121.0,4.004000000000019,29.97,msasl_391,True,1280.0,720.0,False,False,False,4.037370704037371,0.0333707040373516,False,0.4669999999999996,8.125,False,False,,ok,,normalized_frames/topn_224_gray_jpg/yes/msasl_raw_owXsDIKq4lk__s004878__e004998__6c42e8934343,121,jpg,224,224,grayscale,4879,4999,4878,4998,29.97002997002997,train
learn,msasl,MS-ASL/videos_MS_ASL_raw/msasl_raw_8OGGZyG8S9g.mp4,14782,14852.0,71.0,2.800000000000068,25.0,msasl_12,True,480.0,360.0,False,False,False,2.84,0.0399999999999316,False,0.4669999999999996,8.125,False,False,,ok,,normalized_frames/topn_224_gray_jpg/learn/msasl_raw_8OGGZyG8S9g__s014781__e014851__b92a91a9589c,71,jpg,224,224,grayscale,14782,14852,14781,14851,25.0,train
orange,msasl,MS-ASL/videos_MS_ASL_raw/msasl_raw_mBfWiymT0N8.mp4,0,115.0,116.0,3.88,29.639,msasl_2,True,640.0,360.0,False,False,False,3.913762272681264,0.0337622726812645,False,0.4669999999999996,8.125,False,False,,ok,,normalized_frames/topn_224_gray_jpg/orange/msasl_raw_mBfWiymT0N8__s000000__e000114__9ea073c8b9c3,115,jpg,224,224,grayscale,0,115,0,114,29.63896672429799,train
water,msasl,MS-ASL/videos_MS_ASL_raw/msasl_raw_gRIcq644uAQ.mp4,11269,11331.0,63.0,2.06899999999996,29.97,msasl_286,True,640.0,360.0,False,False,False,2.1021021021021022,0.0331021021021422,False,0.4669999999999996,8.125,False,False,,ok,,normalized_frames/topn_224_gray_jpg/water/msasl_raw_gRIcq644uAQ__s011268__e011330__6acc22fca968,63,jpg,224,224,grayscale,11269,11331,11268,11330,29.97002997002997,train
eat,msasl,MS-ASL/videos_MS_ASL_raw/msasl_raw_KFSLtsOwZiU.mp4,62,121.0,60.0,1.973,29.897,msasl_34,True,1280.0,720.0,False,False,False,2.006890323443824,0.0338903234438239,False,0.4669999999999996,8.125,False,False,,ok,,normalized_frames/topn_224_gray_jpg/eat/msasl_raw_KFSLtsOwZiU__s000061__e000120__e86837af8bd2,60,jpg,224,224,grayscale,62,121,61,120,30.0,train
doctor,signingsavvy,kaggle_dataset/videos/17019.mp4,1,48.0,48.0,1.602,29.97,wlasl_10,True,288.0,192.0,False,False,False,1.6016016016016017,0.0003983983983983,False,0.4669999999999996,8.125,False,False,,ok,,normalized_frames/topn_224_gray_jpg/doctor/17019__s000000__e000047__666379000114,47,jpg,224,224,grayscale,1,48,0,47,29.97,train
finish,aslsignbank,kaggle_dataset/videos/65721.mp4,1,43.0,43.0,1.793,23.97606111107669,wlasl_94,True,656.0,370.0,False,False,False,1.7934555555555558,0.0004555555555558,False,0.4669999999999996,8.125,False,False,,ok,,normalized_frames/topn_224_gray_jpg/finish/65721__s000000__e000042__3eff27cabb5f,43,jpg,224,224,grayscale,1,43,0,42,23.97606111107669,train
doctor,startasl,kaggle_dataset/videos/17014.mp4,1,88.0,88.0,2.936,29.97,wlasl_36,True,736.0,414.0,False,False,False,2.9362696029362696,0.0002696029362696,False,0.4669999999999996,8.125,False,False,,ok,,normalized_frames/topn_224_gray_jpg/doctor/17014__s000000__e000087__776c920f1a3e,88,jpg,224,224,grayscale,1,88,0,87,29.97,test
nice,msasl,MS-ASL/videos_MS_ASL_raw/msasl_raw_PBDUwwE9BFM.mp4,7620,7704.0,85.0,2.8030000000000257,29.97,msasl_125,True,640.0,352.0,False,False,False,2.836169502836169,0.0331695028361438,False,0.4669999999999996,8.125,False,False,,ok,,normalized_frames/topn_224_gray_jpg/nice/msasl_raw_PBDUwwE9BFM__s007619__e007703__433c18ff2ccb,85,jpg,224,224,grayscale,7620,7704,7619,7703,29.97002997002997,test
sit,signingsavvy,kaggle_dataset/videos/09854.mp4,1,32.0,32.0,1.068,29.97,wlasl_11,True,288.0,192.0,False,False,False,1.0677344010677343,0.0002655989322655,False,0.4669999999999996,8.125,False,False,,ok,,normalized_frames/topn_224_gray_jpg/sit/09854__s000000__e000031__762a985f40be,30,jpg,224,224,grayscale,1,32,0,31,29.97,val
nice,msasl,MS-ASL/videos_MS_ASL_raw/msasl_raw_YasOpK1RNvg.mp4,1809,1968.0,160.0,5.305999999999997,29.97,msasl_124,True,640.0,360.0,False,False,False,5.3386720053386725,0.032672005338675,False,0.4669999999999996,8.125,False,False,,ok,,normalized_frames/topn_224_gray_jpg/nice/msasl_raw_YasOpK1RNvg__s001808__e001967__0bcb4e085e15,160,jpg,224,224,grayscale,1809,1968,1808,1967,29.97,train
spring,msasl,MS-ASL/videos_MS_ASL_raw/msasl_raw__3zof1QE6O4.mp4,1534,1653.0,120.0,3.971000000000004,29.97,msasl_72,True,480.0,360.0,False,False,False,4.004004004004004,0.0330040040040002,False,0.4669999999999996,8.125,False,False,,ok,,normalized_frames/topn_224_gray_jpg/spring/msasl_raw__3zof1QE6O4__s001533__e001652__a7cae1045fac,120,jpg,224,224,grayscale,1534,1653,1533,1652,30.0,train
father,msasl,MS-ASL/videos_MS_ASL_raw/msasl_raw_dtSmDTn3zkk.mp4,1663,1732.0,70.0,2.302,29.97,msasl_80,True,640.0,360.0,False,False,False,2.335669002335669,0.0336690023356691,False,0.4669999999999996,8.125,False,False,,ok,,normalized_frames/topn_224_gray_jpg/father/msasl_raw_dtSmDTn3zkk__s001662__e001731__abb73af67ac0,70,jpg,224,224,grayscale,1663,1732,1662,1731,29.97002997002997,train
happy,msasl,MS-ASL/videos_MS_ASL_raw/msasl_raw_fKjsdtMU3fc.mp4,2427,2509.0,83.0,3.280000000000001,25.0,msasl_77,True,480.0,270.0,False,False,False,3.32,0.0399999999999987,False,0.4669999999999996,8.125,False,False,,ok,,normalized_frames/topn_224_gray_jpg/happy/msasl_raw_fKjsdtMU3fc__s002426__e002508__63df1c1286b6,83,jpg,224,224,grayscale,2427,2509,2426,2508,25.0,train
happy,signingsavvy,kaggle_dataset/videos/26531.mp4,1,64.0,64.0,2.135,29.97,wlasl_10,True,288.0,192.0,False,False,False,2.135468802135469,0.0004688021354692,False,0.4669999999999996,8.125,False,False,,ok,,normalized_frames/topn_224_gray_jpg/happy/26531__s000000__e000063__c379e028c85c,61,jpg,224,224,grayscale,1,64,0,63,29.97,train
eat,msasl,MS-ASL/videos_MS_ASL_raw/msasl_raw_q_p38s5JsXo.mp4,4459,4496.0,38.0,1.4799999999999898,25.0,msasl_12,True,1280.0,720.0,False,False,False,1.52,0.0400000000000102,False,0.4669999999999996,8.125,False,False,,ok,,normalized_frames/topn_224_gray_jpg/eat/msasl_raw_q_p38s5JsXo__s004458__e004495__21d29f3c5ee5,38,jpg,224,224,grayscale,4459,4496,4458,4495,25.0,train
man,msasl,MS-ASL/videos_MS_ASL_raw/msasl_raw_fJVwZyjEa4k.mp4,194,373.0,180.0,5.973,29.97,msasl_41,True,202.0,360.0,False,False,False,6.006006006006007,0.0330060060060066,False,0.4669999999999996,8.125,False,False,,ok,,normalized_frames/topn_224_gray_jpg/man/msasl_raw_fJVwZyjEa4k__s000193__e000372__a3c3c94672f1,180,jpg,224,224,grayscale,194,373,193,372,29.97002997002997,train
need,spreadthesign,kaggle_dataset/videos/37418.mp4,1,80.0,80.0,2.669,29.97,wlasl_56,True,320.0,240.0,False,False,False,2.669336002669336,0.0003360026693361,False,0.4669999999999996,8.125,False,False,,ok,,normalized_frames/topn_224_gray_jpg/need/37418__s000000__e000079__2144318222f7,80,jpg,224,224,grayscale,1,80,0,79,29.97,train
table,msasl,MS-ASL/videos_MS_ASL_raw/msasl_raw_OSpNDIzYRTw.mp4,3274,3354.0,81.0,3.1999999999999886,25.0,msasl_77,True,640.0,360.0,False,False,False,3.24,0.0400000000000115,False,0.4669999999999996,8.125,False,False,,ok,,normalized_frames/topn_224_gray_jpg/table/msasl_raw_OSpNDIzYRTw__s003273__e003353__94e03a6a7903,81,jpg,224,224,grayscale,3274,3354,3273,3353,25.0,train
nice,msasl,MS-ASL/videos_MS_ASL_raw/msasl_raw_oVsuQbfMscM.mp4,197,245.0,49.0,1.6020000000000003,29.97,msasl_124,True,640.0,360.0,False,False,False,1.6349683016349683,0.032968301634968,False,0.4669999999999996,8.125,False,False,,ok,,normalized_frames/topn_224_gray_jpg/nice/msasl_raw_oVsuQbfMscM__s000196__e000244__f3f356c93146,49,jpg,224,224,grayscale,197,245,196,244,29.97,train
deaf,msasl,MS-ASL/videos_MS_ASL_raw/msasl_raw_-LB4ENHxcIs.mp4,2255,2321.0,67.0,2.201999999999998,29.97,msasl_233,True,640.0,360.0,False,False,False,2.235568902235569,0.0335689022355709,False,0.4669999999999996,8.125,False,False,,ok,,normalized_frames/topn_224_gray_jpg/deaf/msasl_raw_-LB4ENHxcIs__s002254__e002320__7be8dc0a50ed,67,jpg,224,224,grayscale,2255,2321,2254,2320,29.97002997002997,train
school,msasl,MS-ASL/videos_MS_ASL_raw/msasl_raw_R_ES8RZua1g.mp4,12618,12728.0,111.0,3.666999999999973,30.0,msasl_40,True,568.0,320.0,False,False,False,3.7,0.033000000000027,False,0.4669999999999996,8.125,False,False,,ok,,normalized_frames/topn_224_gray_jpg/school/msasl_raw_R_ES8RZua1g__s012617__e012727__6aaa5efa499e,111,jpg,224,224,grayscale,12618,12728,12617,12727,30.0,train
nice,msasl,MS-ASL/videos_MS_ASL_raw/msasl_raw_CYLvY25yI9c.mp4,0,42.0,43.0,2.8,15.0,msasl_3,True,480.0,360.0,False,False,False,2.8666666666666667,0.0666666666666668,False,0.4669999999999996,8.125,False,False,,ok,,normalized_frames/topn_224_gray_jpg/nice/msasl_raw_CYLvY25yI9c__s000000__e000041__177ef678b61e,42,jpg,224,224,grayscale,0,42,0,41,14.985014985014985,train
orange,msasl,MS-ASL/videos_MS_ASL_raw/msasl_raw_2VB3WN8adyM.mp4,1511,1596.0,86.0,3.5420000000000016,24.0,msasl_125,True,1280.0,720.0,False,False,False,3.583333333333333,0.0413333333333318,False,0.4669999999999996,8.125,False,False,,ok,,normalized_frames/topn_224_gray_jpg/orange/msasl_raw_2VB3WN8adyM__s001510__e001595__a34726bcb13a,86,jpg,224,224,grayscale,1511,1596,1510,1595,24.00001629882261,test
spring,msasl,MS-ASL/videos_MS_ASL_raw/msasl_raw_BD1aiEB8sK8.mp4,2943,3033.0,91.0,3.003,29.97,msasl_233,True,640.0,360.0,False,False,False,3.0363697030363697,0.0333697030363695,False,0.4669999999999996,8.125,False,False,,ok,,normalized_frames/topn_224_gray_jpg/spring/msasl_raw_BD1aiEB8sK8__s002942__e003032__0c874f518c43,91,jpg,224,224,grayscale,2943,3033,2942,3032,29.97002997002997,train
bird,msasl,MS-ASL/videos_MS_ASL_raw/msasl_raw_h2lAn0iosEo.mp4,91,151.0,61.0,2.026,29.613,msasl_2,True,640.0,360.0,False,False,False,2.0599061223111472,0.0339061223111474,False,0.4669999999999996,8.125,False,False,,ok,,normalized_frames/topn_224_gray_jpg/bird/msasl_raw_h2lAn0iosEo__s000090__e000150__642e5b85594a,61,jpg,224,224,grayscale,91,151,90,150,29.613,train
father,msasl,MS-ASL/videos_MS_ASL_raw/msasl_raw__3uIYCAkNL8.mp4,0,79.0,80.0,2.633,30.0,msasl_0,True,320.0,240.0,False,False,False,2.6666666666666665,0.0336666666666665,False,0.4669999999999996,8.125,False,False,,ok,,normalized_frames/topn_224_gray_jpg/father/msasl_raw__3uIYCAkNL8__s000000__e000078__464fba5f0e82,79,jpg,224,224,grayscale,0,79,0,78,30.0,test
happy,msasl,MS-ASL/videos_MS_ASL_raw/msasl_raw_HUMEcnkvhJU.mp4,12483,12517.0,35.0,1.134999999999991,29.97,msasl_251,True,640.0,360.0,False,False,False,1.1678345011678346,0.0328345011678437,False,0.4669999999999996,8.125,False,False,,ok,,normalized_frames/topn_224_gray_jpg/happy/msasl_raw_HUMEcnkvhJU__s012482__e012516__4b9914586377,35,jpg,224,224,grayscale,12483,12517,12482,12516,29.97002997002997,train
again,msasl,MS-ASL/videos_MS_ASL_raw/msasl_raw_owXsDIKq4lk.mp4,636,779.0,144.0,4.771999999999999,29.97,msasl_391,True,1280.0,720.0,False,False,False,4.804804804804805,0.0328048048048055,False,0.4669999999999996,8.125,False,False,,ok,,normalized_frames/topn_224_gray_jpg/again/msasl_raw_owXsDIKq4lk__s000635__e000778__7c9d241074e5,144,jpg,224,224,grayscale,636,779,635,778,29.97002997002997,train
cousin,signingsavvy,kaggle_dataset/videos/13641.mp4,1,43.0,43.0,1.435,29.97,wlasl_11,True,288.0,192.0,False,False,False,1.4347681014347682,0.0002318985652318,False,0.4669999999999996,8.125,False,False,,ok,,normalized_frames/topn_224_gray_jpg/cousin/13641__s000000__e000042__0efe54734e99,43,jpg,224,224,grayscale,1,43,0,42,29.97,val
water,msasl,MS-ASL/videos_MS_ASL_raw/msasl_raw_jDCw7stJaM4.mp4,3488,3613.0,126.0,4.171000000000007,29.97,msasl_72,True,472.0,360.0,False,False,False,4.2042042042042045,0.0332042042041971,False,0.4669999999999996,8.125,False,False,,ok,,normalized_frames/topn_224_gray_jpg/water/msasl_raw_jDCw7stJaM4__s003487__e003612__08eac94fb131,126,jpg,224,224,grayscale,3488,3613,3487,3612,29.97002997002997,train
nice,msasl,MS-ASL/videos_MS_ASL_raw/msasl_raw_y3Vd7SZ_bp4.mp4,435,475.0,41.0,1.3350000000000009,29.97,msasl_124,True,1280.0,720.0,False,False,False,1.3680347013680347,0.0330347013680338,False,0.4669999999999996,8.125,False,False,,ok,,normalized_frames/topn_224_gray_jpg/nice/msasl_raw_y3Vd7SZ_bp4__s000434__e000474__a46a3683cd37,41,jpg,224,224,grayscale,435,475,434,474,29.97002997002997,train
fish,msasl,MS-ASL/videos_MS_ASL_raw/msasl_raw_gVUwBsPOUjk.mp4,8455,8495.0,41.0,1.3349999999999795,29.97,msasl_80,True,640.0,360.0,False,False,False,1.3680347013680347,0.0330347013680552,False,0.4669999999999996,8.125,False,False,,ok,,normalized_frames/topn_224_gray_jpg/fish/msasl_raw_gVUwBsPOUjk__s008454__e008494__be05fcf7c966,41,jpg,224,224,grayscale,8455,8495,8454,8494,29.97002997002997,train
teacher,msasl,MS-ASL/videos_MS_ASL_raw/msasl_raw_bX1eJjB3nyA.mp4,13238,13281.0,44.0,1.4349999999999454,29.97,msasl_261,True,640.0,360.0,False,False,False,1.4681348014681348,0.0331348014681893,False,0.4669999999999996,8.125,False,False,,ok,,normalized_frames/topn_224_gray_jpg/teacher/msasl_raw_bX1eJjB3nyA__s013237__e013280__6c7fa86f8b80,44,jpg,224,224,grayscale,13238,13281,13237,13280,29.97002997002997,train
sit,msasl,MS-ASL/videos_MS_ASL_raw/msasl_raw_bX1eJjB3nyA.mp4,2003,2090.0,88.0,2.903000000000006,29.97,msasl_261,True,640.0,360.0,False,False,False,2.9362696029362696,0.0332696029362638,False,0.4669999999999996,8.125,False,False,,ok,,normalized_frames/topn_224_gray_jpg/sit/msasl_raw_bX1eJjB3nyA__s002002__e002089__84343124d2a7,88,jpg,224,224,grayscale,2003,2090,2002,2089,29.97002997002997,train
bird,msasl,MS-ASL/videos_MS_ASL_raw/msasl_raw_q38xuZH11jw.mp4,3877,4050.0,174.0,5.766999999999996,30.0,msasl_107,True,568.0,320.0,False,False,False,5.8,0.0330000000000039,False,0.4669999999999996,8.125,False,False,,ok,,normalized_frames/topn_224_gray_jpg/bird/msasl_raw_q38xuZH11jw__s003876__e004049__0dffc7049ee4,174,jpg,224,224,grayscale,3877,4050,3876,4049,30.0,train
tired,msasl,MS-ASL/videos_MS_ASL_raw/msasl_raw_91foGHKuwL0.mp4,8453,8581.0,129.0,4.26600000000002,30.0,msasl_101,True,640.0,360.0,False,False,False,4.3,0.0339999999999793,False,0.4669999999999996,8.125,False,False,,ok,,normalized_frames/topn_224_gray_jpg/tired/msasl_raw_91foGHKuwL0__s008452__e008580__1a862ff66b43,129,jpg,224,224,grayscale,8453,8581,8452,8580,30.0,train
doctor,aslsignbank,kaggle_dataset/videos/65504.mp4,1,48.0,48.0,2.002,23.976023976023978,wlasl_99,True,656.0,370.0,False,False,False,2.002,0.0,False,0.4669999999999996,8.125,False,False,,ok,,normalized_frames/topn_224_gray_jpg/doctor/65504__s000000__e000047__3ddad0b4dbf0,48,jpg,224,224,grayscale,1,48,0,47,23.976023976023978,train
student,msasl,MS-ASL/videos_MS_ASL_raw/msasl_raw_AkGYEiN8vOY.mp4,1247,1383.0,137.0,5.439999999999998,25.0,msasl_172,True,640.0,360.0,False,False,False,5.48,0.0400000000000027,False,0.4669999999999996,8.125,False,False,,ok,,normalized_frames/topn_224_gray_jpg/student/msasl_raw_AkGYEiN8vOY__s001246__e001382__feae877bb6f5,137,jpg,224,224,grayscale,1247,1383,1246,1382,25.0,train
nice,msasl,MS-ASL/videos_MS_ASL_raw/msasl_raw_LPyvlWpL-xk.mp4,3458,3548.0,91.0,3.5999999999999943,25.0,msasl_77,True,640.0,360.0,False,False,False,3.64,0.0400000000000058,False,0.4669999999999996,8.125,False,False,,ok,,normalized_frames/topn_224_gray_jpg/nice/msasl_raw_LPyvlWpL-xk__s003457__e003547__4471b4d9e44b,91,jpg,224,224,grayscale,3458,3548,3457,3547,25.0,train
yes,msasl,MS-ASL/videos_MS_ASL_raw/msasl_raw_mfrGIHTnKvI.mp4,3230,3283.0,54.0,2.204999999999984,24.042,msasl_94,True,640.0,360.0,False,False,False,2.246069378587472,0.0410693785874878,False,0.4669999999999996,8.125,False,False,,ok,,normalized_frames/topn_224_gray_jpg/yes/msasl_raw_mfrGIHTnKvI__s003229__e003282__c687b57d7d63,54,jpg,224,224,grayscale,3230,3283,3229,3282,24.042,train
tired,msasl,MS-ASL/videos_MS_ASL_raw/msasl_raw_ZgUBU0NNEDU.mp4,8270,8360.0,91.0,3.002999999999986,29.97,msasl_26,True,1280.0,720.0,False,False,False,3.0363697030363697,0.0333697030363837,False,0.4669999999999996,8.125,False,False,,ok,,normalized_frames/topn_224_gray_jpg/tired/msasl_raw_ZgUBU0NNEDU__s008269__e008359__6032e36edc54,91,jpg,224,224,grayscale,8270,8360,8269,8359,29.97002997002997,val
help,msasl,MS-ASL/videos_MS_ASL_raw/msasl_raw__ZlZH4b0C44.mp4,315,335.0,21.0,1.3329999999999984,15.0,msasl_388,True,1280.0,720.0,False,False,False,1.4,0.0670000000000015,False,0.4669999999999996,8.125,False,False,,ok,,normalized_frames/topn_224_gray_jpg/help/msasl_raw__ZlZH4b0C44__s000314__e000334__800347fd27aa,21,jpg,224,224,grayscale,315,335,314,334,15.0,train
school,msasl,MS-ASL/videos_MS_ASL_raw/msasl_raw_Tg0ltpSAQrk.mp4,12217,12305.0,89.0,2.933999999999969,30.0,msasl_12,True,1280.0,720.0,False,False,False,2.966666666666667,0.0326666666666977,False,0.4669999999999996,8.125,False,False,,ok,,normalized_frames/topn_224_gray_jpg/school/msasl_raw_Tg0ltpSAQrk__s012216__e012304__2155e97a3f4a,89,jpg,224,224,grayscale,12217,12305,12216,12304,30.0,train
water,signingsavvy,kaggle_dataset/videos/62505.mp4,1,69.0,69.0,2.302,29.97,wlasl_10,True,288.0,192.0,False,False,False,2.3023023023023024,0.0003023023023023,False,0.4669999999999996,8.125,False,False,,ok,,normalized_frames/topn_224_gray_jpg/water/62505__s000000__e000068__71968e521a57,68,jpg,224,224,grayscale,1,69,0,68,29.97,train
sit,msasl,MS-ASL/videos_MS_ASL_raw/msasl_raw_tO6x4rdDNXk.mp4,5128,5228.0,101.0,4.0,25.0,msasl_77,True,640.0,360.0,False,False,False,4.04,0.04,False,0.4669999999999996,8.125,False,False,,ok,,normalized_frames/topn_224_gray_jpg/sit/msasl_raw_tO6x4rdDNXk__s005127__e005227__18f433446d86,101,jpg,224,224,grayscale,5128,5228,5127,5227,25.0,train
fish,msasl,MS-ASL/videos_MS_ASL_raw/msasl_raw_xCQmc-1g9fM.mp4,0,78.0,79.0,2.603,29.97,msasl_0,True,1280.0,720.0,False,False,False,2.6359693026359694,0.0329693026359692,False,0.4669999999999996,8.125,False,False,,ok,,normalized_frames/topn_224_gray_jpg/fish/msasl_raw_xCQmc-1g9fM__s000000__e000077__1e425fd417fe,78,jpg,224,224,grayscale,0,78,0,77,29.97002997002997,test
doctor,msasl,MS-ASL/videos_MS_ASL_raw/msasl_raw_sErq0TJMKEo.mp4,8855,8959.0,105.0,3.470000000000028,29.97,msasl_72,True,472.0,360.0,False,False,False,3.503503503503504,0.0335035035034754,False,0.4669999999999996,8.125,False,False,,ok,,normalized_frames/topn_224_gray_jpg/doctor/msasl_raw_sErq0TJMKEo__s008854__e008958__f5d382a7e4aa,105,jpg,224,224,grayscale,8855,8959,8854,8958,29.97002997002997,train
nice,msasl,MS-ASL/videos_MS_ASL_raw/msasl_raw_IMF7K2ClfQc.mp4,5075,5135.0,61.0,2.001999999999981,29.97,msasl_247,True,640.0,360.0,False,False,False,2.035368702035369,0.0333687020353874,False,0.4669999999999996,8.125,False,False,,ok,,normalized_frames/topn_224_gray_jpg/nice/msasl_raw_IMF7K2ClfQc__s005074__e005134__94cb527670f1,61,jpg,224,224,grayscale,5075,5135,5074,5134,29.97002997002997,train
orange,msasl,MS-ASL/videos_MS_ASL_raw/msasl_raw_xEw0KrlJA6Q.mp4,570,649.0,80.0,3.16,25.0,msasl_172,True,640.0,360.0,False,False,False,3.2,0.04,False,0.4669999999999996,8.125,False,False,,ok,,normalized_frames/topn_224_gray_jpg/orange/msasl_raw_xEw0KrlJA6Q__s000569__e000648__3c60a47d6a30,80,jpg,224,224,grayscale,570,649,569,648,25.0,train
eat,msasl,MS-ASL/videos_MS_ASL_raw/msasl_raw_FNt4N8WFuVY.mp4,8654,8824.0,171.0,7.122999999999991,23.867,msasl_401,True,270.0,360.0,False,False,False,7.164704403569782,0.0417044035697911,False,0.4669999999999996,8.125,False,False,,ok,,normalized_frames/topn_224_gray_jpg/eat/msasl_raw_FNt4N8WFuVY__s008653__e008823__7dc7dd2f066f,171,jpg,224,224,grayscale,8654,8824,8653,8823,24.0,train
table,signschool,kaggle_dataset/videos/56557.mp4,1,39.0,39.0,1.627,23.97606491980656,wlasl_4,True,1920.0,1080.0,False,False,False,1.6266222222222215,0.0003777777777784,False,0.4669999999999996,8.125,False,False,,ok,,normalized_frames/topn_224_gray_jpg/table/56557__s000000__e000038__6bae71f2b48f,39,jpg,224,224,grayscale,1,39,0,38,23.976064919806557,train
help,msasl,MS-ASL/videos_MS_ASL_raw/msasl_raw_rkQZQhloXuE.mp4,4166,4348.0,183.0,6.072000000000003,29.97,msasl_370,True,640.0,360.0,False,False,False,6.106106106106107,0.0341061061061038,False,0.4669999999999996,8.125,False,False,,ok,,normalized_frames/topn_224_gray_jpg/help/msasl_raw_rkQZQhloXuE__s004165__e004347__7c5e66ef7afd,183,jpg,224,224,grayscale,4166,4348,4165,4347,29.97002997002997,train
again,asldeafined,kaggle_dataset/videos/47302.mp4,1,70.0,70.0,2.333,30.0,wlasl_13,True,640.0,480.0,False,False,False,2.333333333333333,0.0003333333333332,False,0.4669999999999996,8.125,False,False,,ok,,normalized_frames/topn_224_gray_jpg/again/47302__s000000__e000069__61d40df5f294,70,jpg,224,224,grayscale,1,70,0,69,30.0,train
again,msasl,MS-ASL/videos_MS_ASL_raw/msasl_raw_XlydB3y9Uec.mp4,2967,3055.0,89.0,2.936000000000007,29.97,msasl_124,True,1280.0,720.0,False,False,False,2.9696363029696364,0.0336363029696293,False,0.4669999999999996,8.125,False,False,,ok,,normalized_frames/topn_224_gray_jpg/again/msasl_raw_XlydB3y9Uec__s002966__e003054__91ee14492333,89,jpg,224,224,grayscale,2967,3055,2966,3054,29.97002997002997,train
doctor,msasl,MS-ASL/videos_MS_ASL_raw/msasl_raw_1kNszi0e9XU.mp4,3320,3380.0,61.0,2.001999999999996,29.97,msasl_26,True,1280.0,720.0,False,False,False,2.035368702035369,0.0333687020353727,False,0.4669999999999996,8.125,False,False,,ok,,normalized_frames/topn_224_gray_jpg/doctor/msasl_raw_1kNszi0e9XU__s003319__e003379__a3af6e18496b,61,jpg,224,224,grayscale,3320,3380,3319,3379,29.97002997002997,val
school,msasl,MS-ASL/videos_MS_ASL_raw/msasl_raw_PsLiyUyrqds.mp4,90,140.0,51.0,1.6870000000000005,29.637,msasl_2,True,640.0,360.0,False,False,False,1.7208219455410467,0.0338219455410462,False,0.4669999999999996,8.125,False,False,,ok,,normalized_frames/topn_224_gray_jpg/school/msasl_raw_PsLiyUyrqds__s000089__e000139__addf3d4afe6d,51,jpg,224,224,grayscale,90,140,89,139,29.637,train
teacher,msasl,MS-ASL/videos_MS_ASL_raw/msasl_raw_9JAG32jKZms.mp4,0,55.0,56.0,1.833,30.0,msasl_0,True,320.0,240.0,False,False,False,1.8666666666666667,0.0336666666666667,False,0.4669999999999996,8.125,False,False,,ok,,normalized_frames/topn_224_gray_jpg/teacher/msasl_raw_9JAG32jKZms__s000000__e000054__5c777aedaa27,55,jpg,224,224,grayscale,0,55,0,54,30.0,test
learn,msasl,MS-ASL/videos_MS_ASL_raw/msasl_raw_l6p_qjqrSps.mp4,0,73.0,74.0,2.433,30.0,msasl_0,True,320.0,240.0,False,False,False,2.466666666666667,0.0336666666666669,False,0.4669999999999996,8.125,False,False,,ok,,normalized_frames/topn_224_gray_jpg/learn/msasl_raw_l6p_qjqrSps__s000000__e000072__96aee2981e32,73,jpg,224,224,grayscale,0,73,0,72,30.0,test
eat,msasl,MS-ASL/videos_MS_ASL_raw/msasl_raw_9AYysHe14jg.mp4,0,52.0,53.0,1.735,29.97,msasl_316,True,540.0,360.0,False,False,False,1.7684351017684352,0.0334351017684351,False,0.4669999999999996,8.125,False,False,,ok,,normalized_frames/topn_224_gray_jpg/eat/msasl_raw_9AYysHe14jg__s000000__e000051__a87b439b33a9,52,jpg,224,224,grayscale,0,52,0,51,29.97002997002997,val
yes,msasl,MS-ASL/videos_MS_ASL_raw/msasl_raw_yG09SQB0Hds.mp4,2210,2249.0,40.0,1.3020000000000067,29.97,msasl_160,True,640.0,360.0,False,False,False,1.334668001334668,0.0326680013346614,False,0.4669999999999996,8.125,False,False,,ok,,normalized_frames/topn_224_gray_jpg/yes/msasl_raw_yG09SQB0Hds__s002209__e002248__0132f847ba18,40,jpg,224,224,grayscale,2210,2249,2209,2248,29.97002997002997,train
cousin,startasl,kaggle_dataset/videos/13631.mp4,1,71.0,71.0,2.369,29.97002997002997,wlasl_38,True,1280.0,720.0,False,False,False,2.3690333333333333,3.333333333310762e-05,False,0.4669999999999996,8.125,False,False,,ok,,normalized_frames/topn_224_gray_jpg/cousin/13631__s000000__e000070__357ca552e60e,71,jpg,224,224,grayscale,1,71,0,70,29.97002997002997,train
mother,msasl,MS-ASL/videos_MS_ASL_raw/msasl_raw_bY0-Nd_XvmE.mp4,0,114.0,115.0,3.8,30.0,msasl_69,True,480.0,360.0,False,False,False,3.8333333333333335,0.0333333333333336,False,0.4669999999999996,8.125,False,False,,ok,,normalized_frames/topn_224_gray_jpg/mother/msasl_raw_bY0-Nd_XvmE__s000000__e000113__67d0b82db3ce,114,jpg,224,224,grayscale,0,114,0,113,30.0,train
again,msasl,MS-ASL/videos_MS_ASL_raw/msasl_raw_R_ES8RZua1g.mp4,15371,15426.0,56.0,1.833000000000084,30.0,msasl_40,True,568.0,320.0,False,False,False,1.8666666666666667,0.0336666666665828,False,0.4669999999999996,8.125,False,False,,ok,,normalized_frames/topn_224_gray_jpg/again/msasl_raw_R_ES8RZua1g__s015370__e015425__5cfaccd48cd0,56,jpg,224,224,grayscale,15371,15426,15370,15425,30.0,train
sit,msasl,MS-ASL/videos_MS_ASL_raw/msasl_raw_uqo6MehUxOA.mp4,0,129.0,130.0,4.35,29.656,msasl_2,True,640.0,360.0,False,False,False,4.383598597248449,0.0335985972484493,False,0.4669999999999996,8.125,False,False,,ok,,normalized_frames/topn_224_gray_jpg/sit/msasl_raw_uqo6MehUxOA__s000000__e000128__faf074bb9272,129,jpg,224,224,grayscale,0,129,0,128,29.656,train
fish,msasl,MS-ASL/videos_MS_ASL_raw/msasl_raw_1E8k8gI_xYk.mp4,3500,3582.0,83.0,2.73599999999999,29.97,msasl_359,True,640.0,360.0,False,False,False,2.7694361027694363,0.0334361027694463,False,0.4669999999999996,8.125,False,False,,ok,,normalized_frames/topn_224_gray_jpg/fish/msasl_raw_1E8k8gI_xYk__s003499__e003581__7cb485c938b6,83,jpg,224,224,grayscale,3500,3582,3499,3581,29.97002997002997,train
water,msasl,MS-ASL/videos_MS_ASL_raw/msasl_raw_IMF7K2ClfQc.mp4,767,827.0,61.0,2.0020000000000024,29.97,msasl_247,True,640.0,360.0,False,False,False,2.035368702035369,0.0333687020353661,False,0.4669999999999996,8.125,False,False,,ok,,normalized_frames/topn_224_gray_jpg/water/msasl_raw_IMF7K2ClfQc__s000766__e000826__18dd91ac8ac5,61,jpg,224,224,grayscale,767,827,766,826,29.97002997002997,train
man,startasl,kaggle_dataset/videos/34734.mp4,1,97.0,97.0,3.237,29.97,wlasl_36,True,736.0,414.0,False,False,False,3.2365699032365702,0.0004300967634298,False,0.4669999999999996,8.125,False,False,,ok,,normalized_frames/topn_224_gray_jpg/man/34734__s000000__e000096__20982c8e93fc,97,jpg,224,224,grayscale,1,97,0,96,29.97,test
help,msasl,MS-ASL/videos_MS_ASL_raw/msasl_raw_bX1eJjB3nyA.mp4,7640,7679.0,40.0,1.302000000000021,29.97,msasl_261,True,640.0,360.0,False,False,False,1.334668001334668,0.0326680013346472,False,0.4669999999999996,8.125,False,False,,ok,,normalized_frames/topn_224_gray_jpg/help/msasl_raw_bX1eJjB3nyA__s007639__e007678__dcdb626475ea,40,jpg,224,224,grayscale,7640,7679,7639,7678,29.97002997002997,train
need,msasl,MS-ASL/videos_MS_ASL_raw/msasl_raw_UoITyyziLOw.mp4,5904,6068.0,165.0,5.47199999999998,29.97,msasl_160,True,640.0,360.0,False,False,False,5.505505505505505,0.0335055055055253,False,0.4669999999999996,8.125,False,False,,ok,,normalized_frames/topn_224_gray_jpg/need/msasl_raw_UoITyyziLOw__s005903__e006067__74d5a0f3d10c,165,jpg,224,224,grayscale,5904,6068,5903,6067,29.970090947933837,train
like,msasl,MS-ASL/videos_MS_ASL_raw/msasl_raw_SbXfT74yfDI.mp4,0,89.0,90.0,2.97,29.97,msasl_229,True,640.0,360.0,False,False,False,3.003003003003004,0.033003003003003,False,0.4669999999999996,8.125,False,False,,ok,,normalized_frames/topn_224_gray_jpg/like/msasl_raw_SbXfT74yfDI__s000000__e000088__23996e8e2fe6,89,jpg,224,224,grayscale,0,89,0,88,29.97002997002997,train
learn,msasl,MS-ASL/videos_MS_ASL_raw/msasl_raw_9bosgmeAAuo.mp4,726,796.0,71.0,2.3359999999999985,29.97,msasl_80,True,640.0,360.0,False,False,False,2.369035702369036,0.033035702369037,False,0.4669999999999996,8.125,False,False,,ok,,normalized_frames/topn_224_gray_jpg/learn/msasl_raw_9bosgmeAAuo__s000725__e000795__00d5a7b8ee83,71,jpg,224,224,grayscale,726,796,725,795,29.97002997002997,train
no,msasl,MS-ASL/videos_MS_ASL_raw/msasl_raw_mfrGIHTnKvI.mp4,3285,3345.0,61.0,2.4960000000000093,24.042,msasl_94,True,640.0,360.0,False,False,False,2.537226520256218,0.0412265202562087,False,0.4669999999999996,8.125,False,False,,ok,,normalized_frames/topn_224_gray_jpg/no/msasl_raw_mfrGIHTnKvI__s003284__e003344__943b8022a961,61,jpg,224,224,grayscale,3285,3345,3284,3344,24.042,train
help,msasl,MS-ASL/videos_MS_ASL_raw/msasl_raw_Vintf-DLWq0.mp4,1113,1136.0,24.0,0.7700000000000031,29.878,msasl_41,True,202.0,360.0,False,False,False,0.8032666175781511,0.0332666175781479,False,0.4669999999999996,8.125,False,False,,ok,,normalized_frames/topn_224_gray_jpg/help/msasl_raw_Vintf-DLWq0__s001112__e001135__bbec203948a6,24,jpg,224,224,grayscale,1113,1136,1112,1135,30.0,train
no,msasl,MS-ASL/videos_MS_ASL_raw/msasl_raw_0bIF7jh6lnE.mp4,3361,3400.0,40.0,1.3020000000000067,29.97,msasl_125,True,480.0,360.0,False,False,False,1.334668001334668,0.0326680013346614,False,0.4669999999999996,8.125,False,False,,ok,,normalized_frames/topn_224_gray_jpg/no/msasl_raw_0bIF7jh6lnE__s003360__e003399__bd865ca92944,40,jpg,224,224,grayscale,3361,3400,3360,3399,29.97002997002997,test
deaf,msasl,MS-ASL/videos_MS_ASL_raw/msasl_raw_KTURNRi-wy0.mp4,1187,1269.0,83.0,2.735999999999997,29.97,msasl_26,True,1280.0,720.0,False,False,False,2.7694361027694363,0.0334361027694392,False,0.4669999999999996,8.125,False,False,,ok,,normalized_frames/topn_224_gray_jpg/deaf/msasl_raw_KTURNRi-wy0__s001186__e001268__19ffbfad42a6,83,jpg,224,224,grayscale,1187,1269,1186,1268,29.97002997002997,val
again,msasl,MS-ASL/videos_MS_ASL_raw/msasl_raw_WxY7E9P46DM.mp4,9054,9225.0,172.0,5.942000000000007,28.78,msasl_394,True,1080.0,720.0,False,False,False,5.9763724808895065,0.0343724808894991,False,0.4669999999999996,8.125,False,False,,ok,,normalized_frames/topn_224_gray_jpg/again/msasl_raw_WxY7E9P46DM__s009053__e009224__51a1f0480136,172,jpg,224,224,grayscale,9054,9225,9053,9224,28.78,train
eat,msasl,MS-ASL/videos_MS_ASL_raw/msasl_raw_CDvezLz5yVM.mp4,0,114.0,115.0,3.85,29.612,msasl_2,True,640.0,360.0,False,False,False,3.883560718627584,0.0335607186275837,False,0.4669999999999996,8.125,False,False,,ok,,normalized_frames/topn_224_gray_jpg/eat/msasl_raw_CDvezLz5yVM__s000000__e000113__73b4f32a92a2,114,jpg,224,224,grayscale,0,114,0,113,29.612,train
happy,msasl,MS-ASL/videos_MS_ASL_raw/msasl_raw_CxTSVyM-ij0.mp4,3468,3538.0,71.0,2.335000000000008,29.97,msasl_80,True,640.0,360.0,False,False,False,2.369035702369036,0.0340357023690276,False,0.4669999999999996,8.125,False,False,,ok,,normalized_frames/topn_224_gray_jpg/happy/msasl_raw_CxTSVyM-ij0__s003467__e003537__28c29b823be6,71,jpg,224,224,grayscale,3468,3538,3467,3537,29.97002997002997,train
again,signschool,kaggle_dataset/videos/01462.mp4,1,42.0,42.0,1.752,23.97610001458863,wlasl_27,True,1920.0,1080.0,False,False,False,1.7517444444444443,0.0002555555555554,False,0.4669999999999996,8.125,False,False,,ok,,normalized_frames/topn_224_gray_jpg/again/01462__s000000__e000041__1be153379f49,42,jpg,224,224,grayscale,1,42,0,41,23.97610001458863,train
bird,signingsavvy,kaggle_dataset/videos/10400.mp4,1,65.0,65.0,2.169,29.97,wlasl_10,True,288.0,192.0,False,False,False,2.1688355021688355,0.0001644978311645,False,0.4669999999999996,8.125,False,False,,ok,,normalized_frames/topn_224_gray_jpg/bird/10400__s000000__e000064__79b495df2ff6,64,jpg,224,224,grayscale,1,65,0,64,29.97,train
eat,msasl,MS-ASL/videos_MS_ASL_raw/msasl_raw_hUrfB8bikfw.mp4,2778,2799.0,22.0,0.7000000000000028,29.97,msasl_124,True,640.0,360.0,False,False,False,0.7340674007340674,0.0340674007340645,False,0.4669999999999996,8.125,False,False,,ok,,normalized_frames/topn_224_gray_jpg/eat/msasl_raw_hUrfB8bikfw__s002777__e002798__7453044fb7f8,22,jpg,224,224,grayscale,2778,2799,2777,2798,29.97,train
bird,aslsearch,kaggle_dataset/videos/10412.mp4,1,88.0,88.0,2.903,30.314831204956377,wlasl_12,True,720.0,400.0,False,False,False,2.9028695362028696,0.0001304637971304,False,0.4669999999999996,8.125,False,False,,ok,,normalized_frames/topn_224_gray_jpg/bird/10412__s000000__e000087__d486e27a7c84,88,jpg,224,224,grayscale,1,88,0,87,30.314831204956377,train
tired,msasl,MS-ASL/videos_MS_ASL_raw/msasl_raw_dMZ-SCl7nA4.mp4,5527,5599.0,73.0,2.401999999999987,29.97,msasl_286,True,1280.0,720.0,False,False,False,2.4357691024357693,0.0337691024357824,False,0.4669999999999996,8.125,False,False,,ok,,normalized_frames/topn_224_gray_jpg/tired/msasl_raw_dMZ-SCl7nA4__s005526__e005598__e1831d5189b9,73,jpg,224,224,grayscale,5527,5599,5526,5598,29.97002997002997,train
cousin,signschool,kaggle_dataset/videos/13633.mp4,1,94.0,94.0,3.136,29.97002997002997,wlasl_60,True,854.0,480.0,False,False,False,3.1364666666666667,0.0004666666666666,False,0.4669999999999996,8.125,False,False,,ok,,normalized_frames/topn_224_gray_jpg/cousin/13633__s000000__e000093__af12035599bf,94,jpg,224,224,grayscale,1,94,0,93,29.97002997002997,train
but,msasl,MS-ASL/videos_MS_ASL_raw/msasl_raw_iPVMxOaLm18.mp4,0,56.0,57.0,1.869,29.97,msasl_173,True,636.0,360.0,False,False,False,1.901901901901902,0.0329019019019019,False,0.4669999999999996,8.125,False,False,,ok,,normalized_frames/topn_224_gray_jpg/but/msasl_raw_iPVMxOaLm18__s000000__e000055__8df229abcae1,56,jpg,224,224,grayscale,0,56,0,55,29.97002997002997,train
no,msasl,MS-ASL/videos_MS_ASL_raw/msasl_raw_RMUydgQr9TE.mp4,674,742.0,69.0,2.2689999999999984,29.97,msasl_26,True,1280.0,720.0,False,False,False,2.3023023023023024,0.033302302302304,False,0.4669999999999996,8.125,False,False,,ok,,normalized_frames/topn_224_gray_jpg/no/msasl_raw_RMUydgQr9TE__s000673__e000741__d38f9f9537e4,69,jpg,224,224,grayscale,674,742,673,741,29.97002997002997,val
student,msasl,MS-ASL/videos_MS_ASL_raw/msasl_raw_bX1eJjB3nyA.mp4,13638,13726.0,89.0,2.935999999999978,29.97,msasl_261,True,640.0,360.0,False,False,False,2.9696363029696364,0.0336363029696582,False,0.4669999999999996,8.125,False,False,,ok,,normalized_frames/topn_224_gray_jpg/student/msasl_raw_bX1eJjB3nyA__s013637__e013725__8b5131e0bba3,89,jpg,224,224,grayscale,13638,13726,13637,13725,29.97002997002997,train
man,msasl,MS-ASL/videos_MS_ASL_raw/msasl_raw_0bIF7jh6lnE.mp4,919,981.0,63.0,2.0689999999999955,29.97,msasl_125,True,480.0,360.0,False,False,False,2.1021021021021022,0.0331021021021067,False,0.4669999999999996,8.125,False,False,,ok,,normalized_frames/topn_224_gray_jpg/man/msasl_raw_0bIF7jh6lnE__s000918__e000980__2a1944cefbd3,63,jpg,224,224,grayscale,919,981,918,980,29.97002997002997,test
bird,msasl,MS-ASL/videos_MS_ASL_raw/msasl_raw_mj1QB3wY84w.mp4,781,811.0,31.0,1.0009999999999977,29.97,msasl_22,True,640.0,360.0,False,False,False,1.0343677010343677,0.03336770103437,False,0.4669999999999996,8.125,False,False,,ok,,normalized_frames/topn_224_gray_jpg/bird/msasl_raw_mj1QB3wY84w__s000780__e000810__cb527020e1e7,31,jpg,224,224,grayscale,781,811,780,810,29.97002997002997,train
mother,aslsearch,kaggle_dataset/videos/36946.mp4,1,94.0,94.0,3.103,30.29258379122356,wlasl_41,True,720.0,400.0,False,False,False,3.1030697364030697,6.973640306950912e-05,False,0.4669999999999996,8.125,False,False,,ok,,normalized_frames/topn_224_gray_jpg/mother/36946__s000000__e000093__5a3ae49b7e34,94,jpg,224,224,grayscale,1,94,0,93,30.29258379122356,train
teacher,msasl,MS-ASL/videos_MS_ASL_raw/msasl_raw_0bIF7jh6lnE.mp4,1293,1376.0,84.0,2.769999999999996,29.97,msasl_125,True,480.0,360.0,False,False,False,2.8028028028028027,0.0328028028028066,False,0.4669999999999996,8.125,False,False,,ok,,normalized_frames/topn_224_gray_jpg/teacher/msasl_raw_0bIF7jh6lnE__s001292__e001375__fa598d127231,84,jpg,224,224,grayscale,1293,1376,1292,1375,29.97002997002997,test
nice,msasl,MS-ASL/videos_MS_ASL_raw/msasl_raw_sErq0TJMKEo.mp4,8995,9093.0,99.0,3.2700000000000387,29.97,msasl_72,True,472.0,360.0,False,False,False,3.3033033033033035,0.0333033033032648,False,0.4669999999999996,8.125,False,False,,ok,,normalized_frames/topn_224_gray_jpg/nice/msasl_raw_sErq0TJMKEo__s008994__e009092__2f8e9be1cf3e,99,jpg,224,224,grayscale,8995,9093,8994,9092,29.97002997002997,train
mother,signingsavvy,kaggle_dataset/videos/36606.mp4,1,39.0,39.0,1.301,29.97,wlasl_11,True,288.0,192.0,False,False,False,1.3013013013013013,0.0003013013013013,False,0.4669999999999996,8.125,False,False,,ok,,normalized_frames/topn_224_gray_jpg/mother/36606__s000000__e000038__7e91f3f022e3,38,jpg,224,224,grayscale,1,39,0,38,29.97,val
again,signingsavvy,kaggle_dataset/videos/01466.mp4,1,49.0,49.0,1.635,29.97,wlasl_11,True,288.0,192.0,False,False,False,1.6349683016349683,3.1698365031695985e-05,False,0.4669999999999996,8.125,False,False,,ok,,normalized_frames/topn_224_gray_jpg/again/01466__s000000__e000048__8dc330d25390,49,jpg,224,224,grayscale,1,49,0,48,29.97,val
teacher,asldeafined,kaggle_dataset/videos/57042.mp4,1,72.0,72.0,2.4,29.99583391195668,wlasl_15,True,640.0,480.0,False,False,False,2.4003333333333328,0.0003333333333328,False,0.4669999999999996,8.125,False,False,,ok,,normalized_frames/topn_224_gray_jpg/teacher/57042__s000000__e000071__884aaa5f0ba7,72,jpg,224,224,grayscale,1,72,0,71,29.995833911956677,train
fish,msasl,MS-ASL/videos_MS_ASL_raw/msasl_raw_cF6XScPZDsE.mp4,9632,9781.0,150.0,4.971000000000004,29.97,msasl_32,True,640.0,360.0,False,False,False,5.005005005005005,0.0340050050050013,False,0.4669999999999996,8.125,False,False,,ok,,normalized_frames/topn_224_gray_jpg/fish/msasl_raw_cF6XScPZDsE__s009631__e009780__f1704f155b0b,150,jpg,224,224,grayscale,9632,9781,9631,9780,29.97002997002997,train
deaf,msasl,MS-ASL/videos_MS_ASL_raw/msasl_raw_sP4e9vRUCYM.mp4,0,73.0,74.0,2.436,29.97,msasl_0,True,1280.0,720.0,False,False,False,2.469135802469136,0.0331358024691361,False,0.4669999999999996,8.125,False,False,,ok,,normalized_frames/topn_224_gray_jpg/deaf/msasl_raw_sP4e9vRUCYM__s000000__e000072__a7b85010943d,73,jpg,224,224,grayscale,0,73,0,72,29.97002997002997,test
nice,msasl,MS-ASL/videos_MS_ASL_raw/msasl_raw_2PeTh4Ym048.mp4,0,98.0,99.0,3.27,29.97,msasl_0,True,1280.0,720.0,False,False,False,3.3033033033033035,0.0333033033033034,False,0.4669999999999996,8.125,False,False,,ok,,normalized_frames/topn_224_gray_jpg/nice/msasl_raw_2PeTh4Ym048__s000000__e000097__bffe10882abc,98,jpg,224,224,grayscale,0,98,0,97,29.97002997002997,test
sit,msasl,MS-ASL/videos_MS_ASL_raw/msasl_raw_xIIGn6cn8BI.mp4,419,470.0,52.0,1.7010000000000003,29.97,msasl_138,True,640.0,360.0,False,False,False,1.7350684017350684,0.034068401735068,False,0.4669999999999996,8.125,False,False,,ok,,normalized_frames/topn_224_gray_jpg/sit/msasl_raw_xIIGn6cn8BI__s000418__e000469__9b97548a9fcc,52,jpg,224,224,grayscale,419,470,418,469,29.97002997002997,train
table,msasl,MS-ASL/videos_MS_ASL_raw/msasl_raw_OSpNDIzYRTw.mp4,3354,3434.0,81.0,3.200000000000017,25.0,msasl_77,True,640.0,360.0,False,False,False,3.24,0.0399999999999831,False,0.4669999999999996,8.125,False,False,,ok,,normalized_frames/topn_224_gray_jpg/table/msasl_raw_OSpNDIzYRTw__s003353__e003433__c63853250186,81,jpg,224,224,grayscale,3354,3434,3353,3433,25.0,train
fish,msasl,MS-ASL/videos_MS_ASL_raw/msasl_raw_kvJR02Idm-U.mp4,0,44.0,45.0,2.933,15.0,msasl_3,True,480.0,360.0,False,False,False,3.0,0.0670000000000001,False,0.4669999999999996,8.125,False,False,,ok,,normalized_frames/topn_224_gray_jpg/fish/msasl_raw_kvJR02Idm-U__s000000__e000043__7367d23d0fde,44,jpg,224,224,grayscale,0,44,0,43,14.985014985014985,train
spring,msasl,MS-ASL/videos_MS_ASL_raw/msasl_raw_SC9lyDxbwUE.mp4,718,837.0,120.0,3.971,29.97,msasl_18,True,640.0,360.0,False,False,False,4.004004004004004,0.0330040040040042,False,0.4669999999999996,8.125,False,False,,ok,,normalized_frames/topn_224_gray_jpg/spring/msasl_raw_SC9lyDxbwUE__s000717__e000836__4be16b5806dc,120,jpg,224,224,grayscale,718,837,717,836,29.97002997002997,train
help,aslsearch,kaggle_dataset/videos/27221.mp4,1,77.0,77.0,2.536,30.364741641337385,wlasl_12,True,720.0,400.0,False,False,False,2.535835835835836,0.0001641641641643,False,0.4669999999999996,8.125,False,False,,ok,,normalized_frames/topn_224_gray_jpg/help/27221__s000000__e000076__a487fe871bfe,77,jpg,224,224,grayscale,1,77,0,76,30.364741641337385,train
finish,msasl,MS-ASL/videos_MS_ASL_raw/msasl_raw_6HuiEGvr8Zg.mp4,0,119.0,120.0,4.013,29.651,msasl_2,True,640.0,360.0,False,False,False,4.047081042797882,0.0340810427978821,False,0.4669999999999996,8.125,False,False,,ok,,normalized_frames/topn_224_gray_jpg/finish/msasl_raw_6HuiEGvr8Zg__s000000__e000118__1876fe670b91,119,jpg,224,224,grayscale,0,119,0,118,29.65116279069768,train
nice,msasl,MS-ASL/videos_MS_ASL_raw/msasl_raw_t3jDMiQI5uQ.mp4,1424,1542.0,119.0,3.9369999999999976,29.97,msasl_26,True,1280.0,720.0,False,False,False,3.9706373039706375,0.0336373039706399,False,0.4669999999999996,8.125,False,False,,ok,,normalized_frames/topn_224_gray_jpg/nice/msasl_raw_t3jDMiQI5uQ__s001423__e001541__3782e5c9ea07,119,jpg,224,224,grayscale,1424,1542,1423,1541,29.97002997002997,val
man,msasl,MS-ASL/videos_MS_ASL_raw/msasl_raw_ckNZidesfIA.mp4,3822,3890.0,69.0,2.2689999999999912,29.97,msasl_286,True,640.0,360.0,False,False,False,2.3023023023023024,0.0333023023023111,False,0.4669999999999996,8.125,False,False,,ok,,normalized_frames/topn_224_gray_jpg/man/msasl_raw_ckNZidesfIA__s003821__e003889__7440177bdfba,69,jpg,224,224,grayscale,3822,3890,3821,3889,29.97002997002997,train
teacher,msasl,MS-ASL/videos_MS_ASL_raw/msasl_raw_HYK7P7Cm_aY.mp4,75,182.0,108.0,3.5710000000000006,29.97,msasl_36,True,480.0,360.0,False,False,False,3.603603603603604,0.032603603603603,False,0.4669999999999996,8.125,False,False,,ok,,normalized_frames/topn_224_gray_jpg/teacher/msasl_raw_HYK7P7Cm_aY__s000074__e000181__0138e20a8335,108,jpg,224,224,grayscale,75,182,74,181,29.97002997002997,train
nice,msasl,MS-ASL/videos_MS_ASL_raw/msasl_raw_mC0lNJ6iz-s.mp4,33695,33844.0,150.0,4.971000000000004,29.97,msasl_32,True,640.0,360.0,False,False,False,5.005005005005005,0.0340050050050013,False,0.4669999999999996,8.125,False,False,,ok,,normalized_frames/topn_224_gray_jpg/nice/msasl_raw_mC0lNJ6iz-s__s033694__e033843__90374ffc7a65,150,jpg,224,224,grayscale,33695,33844,33694,33843,29.97002997002997,train
water,msasl,MS-ASL/videos_MS_ASL_raw/msasl_raw_qAF88xW4xPY.mp4,2168,2279.0,112.0,3.704000000000008,29.97,msasl_95,True,636.0,360.0,False,False,False,3.737070403737071,0.0330704037370623,False,0.4669999999999996,8.125,False,False,,ok,,normalized_frames/topn_224_gray_jpg/water/msasl_raw_qAF88xW4xPY__s002167__e002278__c079a3df5f33,112,jpg,224,224,grayscale,2168,2279,2167,2278,29.97002997002997,train
bird,msasl,MS-ASL/videos_MS_ASL_raw/msasl_raw_E3ILIbZqcKY.mp4,3321,3410.0,90.0,2.968999999999994,29.97,msasl_18,True,640.0,360.0,False,False,False,3.003003003003004,0.0340030030030091,False,0.4669999999999996,8.125,False,False,,ok,,normalized_frames/topn_224_gray_jpg/bird/msasl_raw_E3ILIbZqcKY__s003320__e003409__da4081cb3a4b,90,jpg,224,224,grayscale,3321,3410,3320,3409,29.97002997002997,train
no,spreadthesign,kaggle_dataset/videos/38524.mp4,1,80.0,80.0,2.669,29.97,wlasl_56,True,320.0,240.0,False,False,False,2.669336002669336,0.0003360026693361,False,0.4669999999999996,8.125,False,False,,ok,,normalized_frames/topn_224_gray_jpg/no/38524__s000000__e000079__574caee303d7,80,jpg,224,224,grayscale,1,80,0,79,29.97,train
bird,msasl,MS-ASL/videos_MS_ASL_raw/msasl_raw_VktVoccubws.mp4,0,92.0,93.0,3.111,29.577,msasl_2,True,640.0,360.0,False,False,False,3.144335125266254,0.0333351252662539,False,0.4669999999999996,8.125,False,False,,ok,,normalized_frames/topn_224_gray_jpg/bird/msasl_raw_VktVoccubws__s000000__e000091__5b65fe524d1c,92,jpg,224,224,grayscale,0,92,0,91,29.577,train
learn,msasl,MS-ASL/videos_MS_ASL_raw/msasl_raw_-LB4ENHxcIs.mp4,2785,2849.0,65.0,2.135999999999996,29.97,msasl_233,True,640.0,360.0,False,False,False,2.1688355021688355,0.0328355021688393,False,0.4669999999999996,8.125,False,False,,ok,,normalized_frames/topn_224_gray_jpg/learn/msasl_raw_-LB4ENHxcIs__s002784__e002848__50cf6a8d7a35,65,jpg,224,224,grayscale,2785,2849,2784,2848,29.97002997002997,train
yes,aslbrick,kaggle_dataset/videos/69546.mp4,1,72.0,72.0,2.402,29.97002997002997,wlasl_118,True,1280.0,720.0,False,False,False,2.4024,0.0003999999999999,False,0.4669999999999996,8.125,False,False,,ok,,normalized_frames/topn_224_gray_jpg/yes/69546__s000000__e000071__d9966aa494bf,72,jpg,224,224,grayscale,1,72,0,71,29.97002997002997,val
cousin,msasl,MS-ASL/videos_MS_ASL_raw/msasl_raw_KHJjHjG-8JU.mp4,3386,3486.0,101.0,3.3359999999999985,29.97,msasl_384,True,640.0,360.0,False,False,False,3.3700367033700367,0.0340367033700381,False,0.4669999999999996,8.125,False,False,,ok,,normalized_frames/topn_224_gray_jpg/cousin/msasl_raw_KHJjHjG-8JU__s003385__e003485__c927ce28cd82,101,jpg,224,224,grayscale,3386,3486,3385,3485,29.97002997002997,train
doctor,msasl,MS-ASL/videos_MS_ASL_raw/msasl_raw_bgSFhvA2bUE.mp4,150,290.0,141.0,4.677,29.938,msasl_144,True,480.0,360.0,False,False,False,4.709733449128199,0.0327334491281989,False,0.4669999999999996,8.125,False,False,,ok,,normalized_frames/topn_224_gray_jpg/doctor/msasl_raw_bgSFhvA2bUE__s000149__e000289__cef4aa8212d9,141,jpg,224,224,grayscale,150,290,149,289,30.001599232368463,train
learn,msasl,MS-ASL/videos_MS_ASL_raw/msasl_raw_c49qWjgFtRI.mp4,3378,3528.0,151.0,5.0,30.0,msasl_101,True,640.0,360.0,False,False,False,5.033333333333333,0.0333333333333332,False,0.4669999999999996,8.125,False,False,,ok,,normalized_frames/topn_224_gray_jpg/learn/msasl_raw_c49qWjgFtRI__s003377__e003527__0a38fc8089e0,151,jpg,224,224,grayscale,3378,3528,3377,3527,30.0,train
eat,msasl,MS-ASL/videos_MS_ASL_raw/msasl_raw_PvzBgEcEPew.mp4,594,634.0,41.0,1.599999999999998,25.0,msasl_77,True,640.0,360.0,False,False,False,1.64,0.0400000000000018,False,0.4669999999999996,8.125,False,False,,ok,,normalized_frames/topn_224_gray_jpg/eat/msasl_raw_PvzBgEcEPew__s000593__e000633__60a693f3f29d,41,jpg,224,224,grayscale,594,634,593,633,25.0,train
fish,msasl,MS-ASL/videos_MS_ASL_raw/msasl_raw_hUrfB8bikfw.mp4,2581,2609.0,29.0,0.9350000000000024,29.97,msasl_124,True,640.0,360.0,False,False,False,0.9676343009676344,0.0326343009676319,False,0.4669999999999996,8.125,False,False,,ok,,normalized_frames/topn_224_gray_jpg/fish/msasl_raw_hUrfB8bikfw__s002580__e002608__05bb40c24943,29,jpg,224,224,grayscale,2581,2609,2580,2608,29.97,train
nice,msasl,MS-ASL/videos_MS_ASL_raw/msasl_raw_FwGL9FjFpYI.mp4,8216,8328.0,113.0,3.7369999999999663,29.97,msasl_26,True,1280.0,720.0,False,False,False,3.770437103770437,0.033437103770471,False,0.4669999999999996,8.125,False,False,,ok,,normalized_frames/topn_224_gray_jpg/nice/msasl_raw_FwGL9FjFpYI__s008215__e008327__993aa1261005,113,jpg,224,224,grayscale,8216,8328,8215,8327,29.97002997002997,val
need,signschool,kaggle_dataset/videos/51288.mp4,1,56.0,56.0,2.336,23.976023976023978,wlasl_27,True,1920.0,1080.0,False,False,False,2.3356666666666666,0.0003333333333332,False,0.4669999999999996,8.125,False,False,,ok,,normalized_frames/topn_224_gray_jpg/need/51288__s000000__e000055__224ebc6cd433,56,jpg,224,224,grayscale,1,56,0,55,23.976023976023978,train
cousin,msasl,MS-ASL/videos_MS_ASL_raw/msasl_raw_UXetwN_cI5A.mp4,6612,6692.0,81.0,3.1999999999999886,25.0,msasl_12,True,480.0,360.0,False,False,False,3.24,0.0400000000000115,False,0.4669999999999996,8.125,False,False,,ok,,normalized_frames/topn_224_gray_jpg/cousin/msasl_raw_UXetwN_cI5A__s006611__e006691__d33cc5809f6c,81,jpg,224,224,grayscale,6612,6692,6611,6691,25.0,train
school,msasl,MS-ASL/videos_MS_ASL_raw/msasl_raw_0NBoO3rpd7g.mp4,0,44.0,45.0,1.467,30.0,msasl_62,True,640.0,360.0,False,False,False,1.5,0.0329999999999999,False,0.4669999999999996,8.125,False,False,,ok,,normalized_frames/topn_224_gray_jpg/school/msasl_raw_0NBoO3rpd7g__s000000__e000043__3717f217a565,44,jpg,224,224,grayscale,0,44,0,43,30.0,train
school,msasl,MS-ASL/videos_MS_ASL_raw/msasl_raw_rkQZQhloXuE.mp4,2029,2089.0,61.0,2.002000000000009,29.97,msasl_370,True,640.0,360.0,False,False,False,2.035368702035369,0.0333687020353594,False,0.4669999999999996,8.125,False,False,,ok,,normalized_frames/topn_224_gray_jpg/school/msasl_raw_rkQZQhloXuE__s002028__e002088__7eaa86df44d5,61,jpg,224,224,grayscale,2029,2089,2028,2088,29.97002997002997,train
bird,spreadthesign,kaggle_dataset/videos/06331.mp4,1,63.0,63.0,2.52,25.0,wlasl_2,True,320.0,240.0,False,False,False,2.52,0.0,False,0.4669999999999996,8.125,False,False,,ok,,normalized_frames/topn_224_gray_jpg/bird/06331__s000000__e000062__bf4f60b208a3,63,jpg,224,224,grayscale,1,63,0,62,25.0,train
no,msasl,MS-ASL/videos_MS_ASL_raw/msasl_raw_rnr_aY0X0dQ.mp4,12327,12361.0,35.0,1.1330000000000382,30.0,msasl_312,True,640.0,360.0,False,False,False,1.1666666666666667,0.0336666666666285,False,0.4669999999999996,8.125,False,False,,ok,,normalized_frames/topn_224_gray_jpg/no/msasl_raw_rnr_aY0X0dQ__s012326__e012360__886799f0e692,35,jpg,224,224,grayscale,12327,12361,12326,12360,30.0,train
again,msasl,MS-ASL/videos_MS_ASL_raw/msasl_raw_xbVVThaez2g.mp4,369,423.0,55.0,1.799999999999999,30.0,msasl_34,True,1280.0,720.0,False,False,False,1.8333333333333333,0.0333333333333343,False,0.4669999999999996,8.125,False,False,,ok,,normalized_frames/topn_224_gray_jpg/again/msasl_raw_xbVVThaez2g__s000368__e000422__064c19468f1f,55,jpg,224,224,grayscale,369,423,368,422,30.0,train
like,msasl,MS-ASL/videos_MS_ASL_raw/msasl_raw_0qeMFifNqC4.mp4,0,90.0,91.0,3.0,30.0,msasl_87,True,1280.0,720.0,False,False,False,3.033333333333333,0.0333333333333332,False,0.4669999999999996,8.125,False,False,,ok,,normalized_frames/topn_224_gray_jpg/like/msasl_raw_0qeMFifNqC4__s000000__e000089__f27b59acd1f9,90,jpg,224,224,grayscale,0,90,0,89,30.0,train
but,msasl,MS-ASL/videos_MS_ASL_raw/msasl_raw_EunD6JXshgY.mp4,0,83.0,84.0,2.769,29.97,msasl_0,True,640.0,360.0,False,False,False,2.8028028028028027,0.0338028028028025,False,0.4669999999999996,8.125,False,False,,ok,,normalized_frames/topn_224_gray_jpg/but/msasl_raw_EunD6JXshgY__s000000__e000082__725c86549000,83,jpg,224,224,grayscale,0,83,0,82,29.97002997002997,test
cousin,msasl,MS-ASL/videos_MS_ASL_raw/msasl_raw_JYF-AfMbUNw.mp4,2887,2986.0,100.0,3.3029999999999973,29.97,msasl_125,True,640.0,352.0,False,False,False,3.3366700033366703,0.033670003336673,False,0.4669999999999996,8.125,False,False,,ok,,normalized_frames/topn_224_gray_jpg/cousin/msasl_raw_JYF-AfMbUNw__s002886__e002985__6972d9e920ec,100,jpg,224,224,grayscale,2887,2986,2886,2985,29.97002997002997,test
nice,startasl,kaggle_dataset/videos/38283.mp4,1,64.0,64.0,2.135,29.97002997002997,wlasl_38,True,1280.0,720.0,False,False,False,2.135466666666667,0.000466666666667,False,0.4669999999999996,8.125,False,False,,ok,,normalized_frames/topn_224_gray_jpg/nice/38283__s000000__e000063__b8a2ac3bd6aa,64,jpg,224,224,grayscale,1,64,0,63,29.97002997002997,train
bird,aslbrick,kaggle_dataset/videos/69233.mp4,1,84.0,84.0,2.803,29.97002997002997,wlasl_115,True,1920.0,1080.0,False,False,False,2.8028,0.0001999999999999,False,0.4669999999999996,8.125,False,False,,ok,,normalized_frames/topn_224_gray_jpg/bird/69233__s000000__e000083__12f91370c6a5,84,jpg,224,224,grayscale,1,84,0,83,29.97002997002997,train
spring,msasl,MS-ASL/videos_MS_ASL_raw/msasl_raw_mpza-o6YaZc.mp4,70,140.0,71.0,2.3350000000000004,29.97,msasl_36,True,480.0,360.0,False,False,False,2.369035702369036,0.0340357023690351,False,0.4669999999999996,8.125,False,False,,ok,,normalized_frames/topn_224_gray_jpg/spring/msasl_raw_mpza-o6YaZc__s000069__e000139__47d7f8d4aa02,71,jpg,224,224,grayscale,70,140,69,139,29.97002997002997,train
fish,signschool,kaggle_dataset/videos/22116.mp4,1,30.0,30.0,1.251,23.97613043014954,wlasl_32,True,1920.0,1080.0,False,False,False,1.2512444444444446,0.0002444444444447,False,0.4669999999999996,8.125,False,False,,ok,,normalized_frames/topn_224_gray_jpg/fish/22116__s000000__e000029__29842e00d285,30,jpg,224,224,grayscale,1,30,0,29,23.97613043014954,train
bird,msasl,MS-ASL/videos_MS_ASL_raw/msasl_raw_DiKUdUzxRmk.mp4,2274,2347.0,74.0,2.435999999999993,29.97,msasl_286,True,1280.0,720.0,False,False,False,2.469135802469136,0.0331358024691432,False,0.4669999999999996,8.125,False,False,,ok,,normalized_frames/topn_224_gray_jpg/bird/msasl_raw_DiKUdUzxRmk__s002273__e002346__3e457dd31aa2,74,jpg,224,224,grayscale,2274,2347,2273,2346,29.97002997002997,train
school,spreadthesign,kaggle_dataset/videos/49595.mp4,1,95.0,95.0,3.17,29.97,wlasl_63,True,320.0,240.0,False,False,False,3.169836503169837,0.0001634968301633,False,0.4669999999999996,8.125,False,False,,ok,,normalized_frames/topn_224_gray_jpg/school/49595__s000000__e000094__55a063b6d2b1,95,jpg,224,224,grayscale,1,95,0,94,29.97,train
fish,msasl,MS-ASL/videos_MS_ASL_raw/msasl_raw_u0XAd3TkGaA.mp4,34483,34631.0,149.0,4.9379999999998745,29.97,msasl_46,True,640.0,360.0,False,False,False,4.971638304971639,0.0336383049717641,False,0.4669999999999996,8.125,False,False,,ok,,normalized_frames/topn_224_gray_jpg/fish/msasl_raw_u0XAd3TkGaA__s034482__e034630__f6d734c299ac,149,jpg,224,224,grayscale,34483,34631,34482,34630,29.97002997002997,train
student,asldeafined,kaggle_dataset/videos/55340.mp4,1,78.0,78.0,2.6,29.996154339187285,wlasl_13,True,640.0,480.0,False,False,False,2.6003333333333334,0.0003333333333332,False,0.4669999999999996,8.125,False,False,,ok,,normalized_frames/topn_224_gray_jpg/student/55340__s000000__e000077__093e2a0fe914,78,jpg,224,224,grayscale,1,78,0,77,29.996154339187285,train
eat,msasl,MS-ASL/videos_MS_ASL_raw/msasl_raw_mC0lNJ6iz-s.mp4,31580,31624.0,45.0,1.4679999999998472,29.97,msasl_32,True,640.0,360.0,False,False,False,1.5015015015015016,0.0335015015016544,False,0.4669999999999996,8.125,False,False,,ok,,normalized_frames/topn_224_gray_jpg/eat/msasl_raw_mC0lNJ6iz-s__s031579__e031623__2593098d1f2f,45,jpg,224,224,grayscale,31580,31624,31579,31623,29.97002997002997,train
need,msasl,MS-ASL/videos_MS_ASL_raw/msasl_raw__LGqHR3FhL8.mp4,15467,15527.0,61.0,2.0019999999999527,29.97,msasl_80,True,640.0,360.0,False,False,False,2.035368702035369,0.0333687020354158,False,0.4669999999999996,8.125,False,False,,ok,,normalized_frames/topn_224_gray_jpg/need/msasl_raw__LGqHR3FhL8__s015466__e015526__c3cbadb27728,61,jpg,224,224,grayscale,15467,15527,15466,15526,29.97002997002997,train
cousin,msasl,MS-ASL/videos_MS_ASL_raw/msasl_raw_UXetwN_cI5A.mp4,6755,6835.0,81.0,3.1999999999999886,25.0,msasl_12,True,480.0,360.0,False,False,False,3.24,0.0400000000000115,False,0.4669999999999996,8.125,False,False,,ok,,normalized_frames/topn_224_gray_jpg/cousin/msasl_raw_UXetwN_cI5A__s006754__e006834__b6a849889e55,81,jpg,224,224,grayscale,6755,6835,6754,6834,25.0,train
but,msasl,MS-ASL/videos_MS_ASL_raw/msasl_raw_dMZ-SCl7nA4.mp4,7227,7294.0,68.0,2.2350000000000136,29.97,msasl_286,True,1280.0,720.0,False,False,False,2.2689356022689355,0.0339356022689218,False,0.4669999999999996,8.125,False,False,,ok,,normalized_frames/topn_224_gray_jpg/but/msasl_raw_dMZ-SCl7nA4__s007226__e007293__c2dfe78ac12f,68,jpg,224,224,grayscale,7227,7294,7226,7293,29.97002997002997,train
man,msasl,MS-ASL/videos_MS_ASL_raw/msasl_raw_BEKUHzwnVO8.mp4,6456,6516.0,61.0,2.002000000000009,29.97,msasl_80,True,640.0,360.0,False,False,False,2.035368702035369,0.0333687020353594,False,0.4669999999999996,8.125,False,False,,ok,,normalized_frames/topn_224_gray_jpg/man/msasl_raw_BEKUHzwnVO8__s006455__e006515__482022b5fd04,61,jpg,224,224,grayscale,6456,6516,6455,6515,29.97002997002997,train
but,msasl,MS-ASL/videos_MS_ASL_raw/msasl_raw_UXetwN_cI5A.mp4,5057,5117.0,61.0,2.4000000000000057,25.0,msasl_12,True,480.0,360.0,False,False,False,2.44,0.0399999999999942,False,0.4669999999999996,8.125,False,False,,ok,,normalized_frames/topn_224_gray_jpg/but/msasl_raw_UXetwN_cI5A__s005056__e005116__183e9e15a9b0,61,jpg,224,224,grayscale,5057,5117,5056,5116,25.0,train
bird,msasl,MS-ASL/videos_MS_ASL_raw/msasl_raw_UXetwN_cI5A.mp4,3089,3169.0,81.0,3.200000000000003,25.0,msasl_12,True,480.0,360.0,False,False,False,3.24,0.0399999999999973,False,0.4669999999999996,8.125,False,False,,ok,,normalized_frames/topn_224_gray_jpg/bird/msasl_raw_UXetwN_cI5A__s003088__e003168__16c0d6d93918,81,jpg,224,224,grayscale,3089,3169,3088,3168,25.0,train
table,asldeafined,kaggle_dataset/videos/56558.mp4,1,102.0,102.0,3.4,29.99705911185178,wlasl_13,True,640.0,480.0,False,False,False,3.400333333333333,0.0003333333333332,False,0.4669999999999996,8.125,False,False,,ok,,normalized_frames/topn_224_gray_jpg/table/56558__s000000__e000101__98af14e8669a,102,jpg,224,224,grayscale,1,102,0,101,29.99705911185178,train
bird,signingsavvy,kaggle_dataset/videos/06337.mp4,1,65.0,65.0,2.169,29.97,wlasl_10,True,288.0,192.0,False,False,False,2.1688355021688355,0.0001644978311645,False,0.4669999999999996,8.125,False,False,,ok,,normalized_frames/topn_224_gray_jpg/bird/06337__s000000__e000064__ebcdbadf1c07,64,jpg,224,224,grayscale,1,65,0,64,29.97,train
spring,spreadthesign,kaggle_dataset/videos/25844.mp4,1,74.0,74.0,2.96,25.0,wlasl_37,True,320.0,240.0,False,False,False,2.96,0.0,False,0.4669999999999996,8.125,False,False,,ok,,normalized_frames/topn_224_gray_jpg/spring/25844__s000000__e000073__fb5f6860a885,74,jpg,224,224,grayscale,1,74,0,73,25.0,train
fish,msasl,MS-ASL/videos_MS_ASL_raw/msasl_raw_qzjVxb4dACY.mp4,1733,1805.0,73.0,2.4029999999999987,29.97,msasl_26,True,1280.0,720.0,False,False,False,2.4357691024357693,0.0327691024357705,False,0.4669999999999996,8.125,False,False,,ok,,normalized_frames/topn_224_gray_jpg/fish/msasl_raw_qzjVxb4dACY__s001732__e001804__9c7ea09308d9,73,jpg,224,224,grayscale,1733,1805,1732,1804,29.97002997002997,val
spring,msasl,MS-ASL/videos_MS_ASL_raw/msasl_raw_mOgZGklBGZQ.mp4,2142,2228.0,87.0,2.8699999999999903,29.97,msasl_84,True,640.0,360.0,False,False,False,2.902902902902903,0.0329029029029128,False,0.4669999999999996,8.125,False,False,,ok,,normalized_frames/topn_224_gray_jpg/spring/msasl_raw_mOgZGklBGZQ__s002141__e002227__dd82ba234c86,87,jpg,224,224,grayscale,2142,2228,2141,2227,29.97002997002997,train
finish,msasl,MS-ASL/videos_MS_ASL_raw/msasl_raw_f7tZegTJCWo.mp4,438,509.0,72.0,2.9579999999999984,24.004,msasl_125,True,1280.0,720.0,False,False,False,2.9995000833194467,0.0415000833194483,False,0.4669999999999996,8.125,False,False,,ok,,normalized_frames/topn_224_gray_jpg/finish/msasl_raw_f7tZegTJCWo__s000437__e000508__3b508a850965,72,jpg,224,224,grayscale,438,509,437,508,24.0,test
cousin,asldeafined,kaggle_dataset/videos/13636.mp4,1,131.0,131.0,4.367,30.0,wlasl_59,True,640.0,480.0,False,False,False,4.366666666666666,0.0003333333333337,False,0.4669999999999996,8.125,False,False,,ok,,normalized_frames/topn_224_gray_jpg/cousin/13636__s000000__e000130__6c096685484c,131,jpg,224,224,grayscale,1,131,0,130,30.0,train
deaf,msasl,MS-ASL/videos_MS_ASL_raw/msasl_raw_nvaS2J5mcEk.mp4,1768,1827.0,60.0,1.9690000000000007,29.97,msasl_417,True,202.0,360.0,False,False,False,2.002002002002002,0.0330020020020014,False,0.4669999999999996,8.125,False,False,,ok,,normalized_frames/topn_224_gray_jpg/deaf/msasl_raw_nvaS2J5mcEk__s001767__e001826__03f2849ba0f4,60,jpg,224,224,grayscale,1768,1827,1767,1826,29.97002997002997,train
doctor,msasl,MS-ASL/videos_MS_ASL_raw/msasl_raw_G77ZoILMYw4.mp4,2409,2496.0,88.0,2.903000000000006,29.97,msasl_9,True,640.0,360.0,False,False,False,2.9362696029362696,0.0332696029362638,False,0.4669999999999996,8.125,False,False,,ok,,normalized_frames/topn_224_gray_jpg/doctor/msasl_raw_G77ZoILMYw4__s002408__e002495__f8588ed3ac5d,88,jpg,224,224,grayscale,2409,2496,2408,2495,29.97002997002997,train
finish,msasl,MS-ASL/videos_MS_ASL_raw/msasl_raw_DZEs6UDnPHA.mp4,21141,21178.0,38.0,1.2340000000000373,29.97,msasl_32,True,640.0,360.0,False,False,False,1.267934601267935,0.0339346012678973,False,0.4669999999999996,8.125,False,False,,ok,,normalized_frames/topn_224_gray_jpg/finish/msasl_raw_DZEs6UDnPHA__s021140__e021177__c1243806fe93,38,jpg,224,224,grayscale,21141,21178,21140,21177,29.97002997002997,train
orange,msasl,MS-ASL/videos_MS_ASL_raw/msasl_raw_bqB9rqJ0w7k.mp4,0,45.0,46.0,1.8,25.0,msasl_0,True,480.0,360.0,False,False,False,1.84,0.04,False,0.4669999999999996,8.125,False,False,,ok,,normalized_frames/topn_224_gray_jpg/orange/msasl_raw_bqB9rqJ0w7k__s000000__e000044__999720054b02,45,jpg,224,224,grayscale,0,45,0,44,25.0,test
mother,signingsavvy,kaggle_dataset/videos/36937.mp4,1,46.0,46.0,1.535,29.97,wlasl_11,True,288.0,192.0,False,False,False,1.5348682015348682,0.0001317984651316,False,0.4669999999999996,8.125,False,False,,ok,,normalized_frames/topn_224_gray_jpg/mother/36937__s000000__e000045__54dba6f0483b,45,jpg,224,224,grayscale,1,46,0,45,29.97,val
eat,msasl,MS-ASL/videos_MS_ASL_raw/msasl_raw_sErq0TJMKEo.mp4,3858,3981.0,124.0,4.103999999999985,29.97,msasl_72,True,472.0,360.0,False,False,False,4.137470804137471,0.0334708041374858,False,0.4669999999999996,8.125,False,False,,ok,,normalized_frames/topn_224_gray_jpg/eat/msasl_raw_sErq0TJMKEo__s003857__e003980__17c62ee0e779,124,jpg,224,224,grayscale,3858,3981,3857,3980,29.97002997002997,train
nice,signschool,kaggle_dataset/videos/11035.mp4,1,43.0,43.0,1.435,29.97002997002997,wlasl_6,True,1920.0,1080.0,False,False,False,1.4347666666666667,0.0002333333333333,False,0.4669999999999996,8.125,False,False,,ok,,normalized_frames/topn_224_gray_jpg/nice/11035__s000000__e000042__39494035ca4a,43,jpg,224,224,grayscale,1,43,0,42,29.97002997002997,train
mother,msasl,MS-ASL/videos_MS_ASL_raw/msasl_raw_psspxdbtM3k.mp4,357,402.0,46.0,1.5009999999999994,29.97,msasl_140,True,1280.0,720.0,False,False,False,1.5348682015348682,0.0338682015348688,False,0.4669999999999996,8.125,False,False,,ok,,normalized_frames/topn_224_gray_jpg/mother/msasl_raw_psspxdbtM3k__s000356__e000401__cfd88ba75201,46,jpg,224,224,grayscale,357,402,356,401,29.97002997002997,train
bird,msasl,MS-ASL/videos_MS_ASL_raw/msasl_raw_CmKYKBQuHf4.mp4,1614,1705.0,92.0,3.0360000000000014,29.97,msasl_80,True,640.0,360.0,False,False,False,3.0697364030697365,0.0337364030697351,False,0.4669999999999996,8.125,False,False,,ok,,normalized_frames/topn_224_gray_jpg/bird/msasl_raw_CmKYKBQuHf4__s001613__e001704__fc81c49bcb62,92,jpg,224,224,grayscale,1614,1705,1613,1704,29.97002997002997,train
sit,msasl,MS-ASL/videos_MS_ASL_raw/msasl_raw_4Nh1iFv2BMc.mp4,2514,2670.0,157.0,5.204999999999998,29.97,msasl_72,True,626.0,360.0,False,False,False,5.238571905238572,0.0335719052385741,False,0.4669999999999996,8.125,False,False,,ok,,normalized_frames/topn_224_gray_jpg/sit/msasl_raw_4Nh1iFv2BMc__s002513__e002669__e4c07be1580c,157,jpg,224,224,grayscale,2514,2670,2513,2669,29.97002997002997,train
yes,msasl,MS-ASL/videos_MS_ASL_raw/msasl_raw_TDoqoJDX280.mp4,3716,3906.0,191.0,6.339000000000013,29.97,msasl_124,True,640.0,360.0,False,False,False,6.37303970637304,0.0340397063730266,False,0.4669999999999996,8.125,False,False,,ok,,normalized_frames/topn_224_gray_jpg/yes/msasl_raw_TDoqoJDX280__s003715__e003905__df473a8231a8,191,jpg,224,224,grayscale,3716,3906,3715,3905,29.97,train
like,msasl,MS-ASL/videos_MS_ASL_raw/msasl_raw_rVBv13texI0.mp4,0,138.0,139.0,4.605,29.97,msasl_62,True,640.0,360.0,False,False,False,4.637971304637971,0.0329713046379707,False,0.4669999999999996,8.125,False,False,,ok,,normalized_frames/topn_224_gray_jpg/like/msasl_raw_rVBv13texI0__s000000__e000137__7595dbd415fd,138,jpg,224,224,grayscale,0,138,0,137,29.97002997002997,train
no,msasl,MS-ASL/videos_MS_ASL_raw/msasl_raw_RMUydgQr9TE.mp4,799,843.0,45.0,1.468,29.97,msasl_26,True,1280.0,720.0,False,False,False,1.5015015015015016,0.0335015015015016,False,0.4669999999999996,8.125,False,False,,ok,,normalized_frames/topn_224_gray_jpg/no/msasl_raw_RMUydgQr9TE__s000798__e000842__8f937a6e5d92,45,jpg,224,224,grayscale,799,843,798,842,29.97002997002997,val
no,msasl,MS-ASL/videos_MS_ASL_raw/msasl_raw_rkQZQhloXuE.mp4,7951,8039.0,89.0,2.937000000000012,29.97,msasl_370,True,640.0,360.0,False,False,False,2.9696363029696364,0.0326363029696246,False,0.4669999999999996,8.125,False,False,,ok,,normalized_frames/topn_224_gray_jpg/no/msasl_raw_rkQZQhloXuE__s007950__e008038__f2636fa3c8b6,89,jpg,224,224,grayscale,7951,8039,7950,8038,29.97002997002997,train
father,msasl,MS-ASL/videos_MS_ASL_raw/msasl_raw_ckNZidesfIA.mp4,163,298.0,136.0,4.504,29.97,msasl_286,True,640.0,360.0,False,False,False,4.537871204537871,0.0338712045378715,False,0.4669999999999996,8.125,False,False,,ok,,normalized_frames/topn_224_gray_jpg/father/msasl_raw_ckNZidesfIA__s000162__e000297__67aed0b8f41f,136,jpg,224,224,grayscale,163,298,162,297,29.97002997002997,train
bird,msasl,MS-ASL/videos_MS_ASL_raw/msasl_raw_sUC-XDC5TvA.mp4,1908,1963.0,56.0,1.8349999999999933,29.97,msasl_26,True,1280.0,720.0,False,False,False,1.8685352018685355,0.0335352018685419,False,0.4669999999999996,8.125,False,False,,ok,,normalized_frames/topn_224_gray_jpg/bird/msasl_raw_sUC-XDC5TvA__s001907__e001962__4316a380615a,56,jpg,224,224,grayscale,1908,1963,1907,1962,29.97002997002997,val
father,signingsavvy,kaggle_dataset/videos/14568.mp4,1,30.0,30.0,1.001,29.97,wlasl_11,True,288.0,192.0,False,False,False,1.001001001001001,1.0010010011995971e-06,False,0.4669999999999996,8.125,False,False,,ok,,normalized_frames/topn_224_gray_jpg/father/14568__s000000__e000029__3a91c6c41c1a,28,jpg,224,224,grayscale,1,30,0,29,29.97,val
bird,msasl,MS-ASL/videos_MS_ASL_raw/msasl_raw_Pszo0ZVIcUA.mp4,0,67.0,68.0,2.236,29.97,msasl_0,True,640.0,360.0,False,False,False,2.2689356022689355,0.0329356022689353,False,0.4669999999999996,8.125,False,False,,ok,,normalized_frames/topn_224_gray_jpg/bird/msasl_raw_Pszo0ZVIcUA__s000000__e000066__76b174047ef4,67,jpg,224,224,grayscale,0,67,0,66,29.97002997002997,test
tired,msasl,MS-ASL/videos_MS_ASL_raw/msasl_raw_CxTSVyM-ij0.mp4,7840,7935.0,96.0,3.1689999999999827,29.97,msasl_80,True,640.0,360.0,False,False,False,3.2032032032032034,0.0342032032032206,False,0.4669999999999996,8.125,False,False,,ok,,normalized_frames/topn_224_gray_jpg/tired/msasl_raw_CxTSVyM-ij0__s007839__e007934__29ae7a1efea9,96,jpg,224,224,grayscale,7840,7935,7839,7934,29.97002997002997,train
school,msasl,MS-ASL/videos_MS_ASL_raw/msasl_raw_EFTKM2dMkBE.mp4,1169,1243.0,75.0,3.0829999999999984,24.003,msasl_125,True,1280.0,720.0,False,False,False,3.1246094238220223,0.0416094238220239,False,0.4669999999999996,8.125,False,False,,ok,,normalized_frames/topn_224_gray_jpg/school/msasl_raw_EFTKM2dMkBE__s001168__e001242__441497be0b04,75,jpg,224,224,grayscale,1169,1243,1168,1242,24.0,test
deaf,msasl,MS-ASL/videos_MS_ASL_raw/msasl_raw_YTRcwXhX4gc.mp4,0,58.0,59.0,1.933,30.0,msasl_0,True,320.0,240.0,False,False,False,1.9666666666666663,0.0336666666666665,False,0.4669999999999996,8.125,False,False,,ok,,normalized_frames/topn_224_gray_jpg/deaf/msasl_raw_YTRcwXhX4gc__s000000__e000057__0432ff664f8a,58,jpg,224,224,grayscale,0,58,0,57,30.0,test
water,aslsignbank,kaggle_dataset/videos/66752.mp4,1,49.0,49.0,2.044,23.976121739981405,wlasl_100,True,656.0,370.0,False,False,False,2.0437000000000003,0.0002999999999997,False,0.4669999999999996,8.125,False,False,,ok,,normalized_frames/topn_224_gray_jpg/water/66752__s000000__e000048__5b289260e094,49,jpg,224,224,grayscale,1,49,0,48,23.976121739981405,val
doctor,msasl,MS-ASL/videos_MS_ASL_raw/msasl_raw_EFTKM2dMkBE.mp4,4809,5004.0,196.0,8.123999999999995,24.003,msasl_125,True,1280.0,720.0,False,False,False,8.165645960921552,0.0416459609215564,False,0.4669999999999996,8.125,False,False,,ok,,normalized_frames/topn_224_gray_jpg/doctor/msasl_raw_EFTKM2dMkBE__s004808__e005003__660e2ebb162f,196,jpg,224,224,grayscale,4809,5004,4808,5003,24.0,test
what,msasl,MS-ASL/videos_MS_ASL_raw/msasl_raw_4Nh1iFv2BMc.mp4,6450,6596.0,147.0,4.871999999999986,29.97,msasl_72,True,626.0,360.0,False,False,False,4.904904904904905,0.0329049049049192,False,0.4669999999999996,8.125,False,False,,ok,,normalized_frames/topn_224_gray_jpg/what/msasl_raw_4Nh1iFv2BMc__s006449__e006595__100fcf95e8dd,147,jpg,224,224,grayscale,6450,6596,6449,6595,29.97002997002997,train
teacher,asldeafined,kaggle_dataset/videos/57041.mp4,1,98.0,98.0,3.266,30.00306153689152,wlasl_13,True,640.0,480.0,False,False,False,3.2663333333333333,0.0003333333333332,False,0.4669999999999996,8.125,False,False,,ok,,normalized_frames/topn_224_gray_jpg/teacher/57041__s000000__e000097__1e95039d3242,98,jpg,224,224,grayscale,1,98,0,97,30.00306153689152,train
table,msasl,MS-ASL/videos_MS_ASL_raw/msasl_raw_GLBRC1sVygY.mp4,527,640.0,114.0,4.520000000000003,25.0,msasl_94,True,1280.0,720.0,False,False,False,4.56,0.0399999999999964,False,0.4669999999999996,8.125,False,False,,ok,,normalized_frames/topn_224_gray_jpg/table/msasl_raw_GLBRC1sVygY__s000526__e000639__acf3306098e9,114,jpg,224,224,grayscale,527,640,526,639,25.0,train
mother,msasl,MS-ASL/videos_MS_ASL_raw/msasl_raw_6UrcyZ-QeiU.mp4,2505,2555.0,51.0,1.6679999999999922,29.97,msasl_205,True,640.0,360.0,False,False,False,1.7017017017017018,0.0337017017017096,False,0.4669999999999996,8.125,False,False,,ok,,normalized_frames/topn_224_gray_jpg/mother/msasl_raw_6UrcyZ-QeiU__s002504__e002554__a0d119c04736,51,jpg,224,224,grayscale,2505,2555,2504,2554,29.97002997002997,train
man,aslsignbank,kaggle_dataset/videos/66099.mp4,1,60.0,60.0,2.502,23.976023976023978,wlasl_97,True,656.0,370.0,False,False,False,2.5025,0.0005000000000001,False,0.4669999999999996,8.125,False,False,,ok,,normalized_frames/topn_224_gray_jpg/man/66099__s000000__e000059__85c2567bfce9,60,jpg,224,224,grayscale,1,60,0,59,23.976023976023978,train
like,msasl,MS-ASL/videos_MS_ASL_raw/msasl_raw_UoITyyziLOw.mp4,5473,5558.0,86.0,2.8359999999999843,29.97,msasl_160,True,640.0,360.0,False,False,False,2.8695362028695364,0.033536202869552,False,0.4669999999999996,8.125,False,False,,ok,,normalized_frames/topn_224_gray_jpg/like/msasl_raw_UoITyyziLOw__s005472__e005557__1c8eaad79c80,86,jpg,224,224,grayscale,5473,5558,5472,5557,29.970090947933837,train
father,aslbrick,kaggle_dataset/videos/69289.mp4,1,86.0,86.0,2.87,29.97002997002997,wlasl_118,True,1280.0,720.0,False,False,False,2.869533333333333,0.0004666666666666,False,0.4669999999999996,8.125,False,False,,ok,,normalized_frames/topn_224_gray_jpg/father/69289__s000000__e000085__c29030241bbb,86,jpg,224,224,grayscale,1,86,0,85,29.97002997002997,val
deaf,msasl,MS-ASL/videos_MS_ASL_raw/msasl_raw_MDQQ9WZNwcc.mp4,5278,5308.0,31.0,1.0010000000000048,29.97,msasl_126,True,640.0,360.0,False,False,False,1.0343677010343677,0.0333677010343629,False,0.4669999999999996,8.125,False,False,,ok,,normalized_frames/topn_224_gray_jpg/deaf/msasl_raw_MDQQ9WZNwcc__s005277__e005307__e1021cd20599,31,jpg,224,224,grayscale,5278,5308,5277,5307,29.97002997002997,train
table,msasl,MS-ASL/videos_MS_ASL_raw/msasl_raw_P3tBJESDamE.mp4,6014,6064.0,51.0,2.085000000000008,23.976,msasl_94,True,1280.0,720.0,False,False,False,2.127127127127128,0.0421271271271193,False,0.4669999999999996,8.125,False,False,,ok,,normalized_frames/topn_224_gray_jpg/table/msasl_raw_P3tBJESDamE__s006013__e006063__3d99a7b6cc5b,51,jpg,224,224,grayscale,6014,6064,6013,6063,23.976023976023978,train
deaf,signschool,kaggle_dataset/videos/14886.mp4,1,38.0,38.0,1.268,29.97002997002997,wlasl_4,True,1280.0,720.0,False,False,False,1.2679333333333334,6.666666666665932e-05,False,0.4669999999999996,8.125,False,False,,ok,,normalized_frames/topn_224_gray_jpg/deaf/14886__s000000__e000037__4bf6846663b2,38,jpg,224,224,grayscale,1,38,0,37,29.97002997002997,train
doctor,msasl,MS-ASL/videos_MS_ASL_raw/msasl_raw_1bj72qXSy8c.mp4,3876,3995.0,120.0,4.957999999999998,24.002,msasl_125,True,1280.0,720.0,False,False,False,4.999583368052663,0.041583368052664,False,0.4669999999999996,8.125,False,False,,ok,,normalized_frames/topn_224_gray_jpg/doctor/msasl_raw_1bj72qXSy8c__s003875__e003994__27220076b906,120,jpg,224,224,grayscale,3876,3995,3875,3994,24.0,test
orange,msasl,MS-ASL/videos_MS_ASL_raw/msasl_raw_He0k3ddd67A.mp4,9684,9749.0,66.0,2.708000000000027,24.0,msasl_125,True,640.0,360.0,False,False,False,2.75,0.0419999999999731,False,0.4669999999999996,8.125,False,False,,ok,,normalized_frames/topn_224_gray_jpg/orange/msasl_raw_He0k3ddd67A__s009683__e009748__7f2d31a236ac,66,jpg,224,224,grayscale,9684,9749,9683,9748,24.0,test
nice,msasl,MS-ASL/videos_MS_ASL_raw/msasl_raw_NOZSXL8Z_Q4.mp4,6205,6294.0,90.0,2.969999999999999,29.97,msasl_18,True,640.0,360.0,False,False,False,3.003003003003004,0.0330030030030044,False,0.4669999999999996,8.125,False,False,,ok,,normalized_frames/topn_224_gray_jpg/nice/msasl_raw_NOZSXL8Z_Q4__s006204__e006293__fcdea4670675,90,jpg,224,224,grayscale,6205,6294,6204,6293,29.97002997002997,train
but,aslsignbank,kaggle_dataset/videos/65278.mp4,1,60.0,60.0,2.502,23.976023976023978,wlasl_90,True,656.0,370.0,False,False,False,2.5025,0.0005000000000001,False,0.4669999999999996,8.125,False,False,,ok,,normalized_frames/topn_224_gray_jpg/but/65278__s000000__e000059__b00d8abec244,60,jpg,224,224,grayscale,1,60,0,59,23.976023976023978,train
student,startasl,kaggle_dataset/videos/55339.mp4,1,67.0,67.0,2.236,29.97,wlasl_36,True,736.0,414.0,False,False,False,2.235568902235569,0.000431097764431,False,0.4669999999999996,8.125,False,False,,ok,,normalized_frames/topn_224_gray_jpg/student/55339__s000000__e000066__f45ddcb8f7df,67,jpg,224,224,grayscale,1,67,0,66,29.97,test
learn,msasl,MS-ASL/videos_MS_ASL_raw/msasl_raw_OB1xBzqD8WY.mp4,990,1028.0,39.0,1.268000000000001,29.97,msasl_40,True,640.0,360.0,False,False,False,1.3013013013013013,0.0333013013013003,False,0.4669999999999996,8.125,False,False,,ok,,normalized_frames/topn_224_gray_jpg/learn/msasl_raw_OB1xBzqD8WY__s000989__e001027__243000f2cd5b,39,jpg,224,224,grayscale,990,1028,989,1027,29.97002997002997,train
deaf,msasl,MS-ASL/videos_MS_ASL_raw/msasl_raw_kZuJalsv_z0.mp4,979,1077.0,99.0,3.266999999999996,30.0,msasl_163,True,1280.0,720.0,False,False,False,3.3,0.0330000000000039,False,0.4669999999999996,8.125,False,False,,ok,,normalized_frames/topn_224_gray_jpg/deaf/msasl_raw_kZuJalsv_z0__s000978__e001076__c2a2ba62eda4,99,jpg,224,224,grayscale,979,1077,978,1076,30.0,train
sit,msasl,MS-ASL/videos_MS_ASL_raw/msasl_raw_0bIF7jh6lnE.mp4,4455,4504.0,50.0,1.633999999999986,29.97,msasl_125,True,480.0,360.0,False,False,False,1.6683350016683351,0.0343350016683492,False,0.4669999999999996,8.125,False,False,,ok,,normalized_frames/topn_224_gray_jpg/sit/msasl_raw_0bIF7jh6lnE__s004454__e004503__78cb0e678a44,50,jpg,224,224,grayscale,4455,4504,4454,4503,29.97002997002997,test
sit,msasl,MS-ASL/videos_MS_ASL_raw/msasl_raw_2_A9CkSFTXo.mp4,190,310.0,121.0,4.009,29.928,msasl_144,True,480.0,360.0,False,False,False,4.043036621224272,0.0340366212242715,False,0.4669999999999996,8.125,False,False,,ok,,normalized_frames/topn_224_gray_jpg/sit/msasl_raw_2_A9CkSFTXo__s000189__e000309__5cd2dc33243c,121,jpg,224,224,grayscale,190,310,189,309,29.97027741083223,train
bird,msasl,MS-ASL/videos_MS_ASL_raw/msasl_raw_mj1QB3wY84w.mp4,721,771.0,51.0,1.6690000000000005,29.97,msasl_22,True,640.0,360.0,False,False,False,1.7017017017017018,0.0327017017017012,False,0.4669999999999996,8.125,False,False,,ok,,normalized_frames/topn_224_gray_jpg/bird/msasl_raw_mj1QB3wY84w__s000720__e000770__3237e222f0d0,51,jpg,224,224,grayscale,721,771,720,770,29.97002997002997,train
bird,msasl,MS-ASL/videos_MS_ASL_raw/msasl_raw_gRIcq644uAQ.mp4,8615,8705.0,91.0,3.002999999999986,29.97,msasl_286,True,640.0,360.0,False,False,False,3.0363697030363697,0.0333697030363837,False,0.4669999999999996,8.125,False,False,,ok,,normalized_frames/topn_224_gray_jpg/bird/msasl_raw_gRIcq644uAQ__s008614__e008704__06ab4a7c85c1,91,jpg,224,224,grayscale,8615,8705,8614,8704,29.97002997002997,train
school,msasl,MS-ASL/videos_MS_ASL_raw/msasl_raw_P3tBJESDamE.mp4,5756,5930.0,175.0,7.257000000000005,23.976,msasl_94,True,1280.0,720.0,False,False,False,7.298965632298966,0.041965632298961,False,0.4669999999999996,8.125,False,False,,ok,,normalized_frames/topn_224_gray_jpg/school/msasl_raw_P3tBJESDamE__s005755__e005929__7b72741b9597,175,jpg,224,224,grayscale,5756,5930,5755,5929,23.976023976023978,train
again,msasl,MS-ASL/videos_MS_ASL_raw/msasl_raw_VAQRVGl4b_I.mp4,300,440.0,141.0,4.670999999999999,29.97,msasl_144,True,480.0,360.0,False,False,False,4.704704704704705,0.0337047047047054,False,0.4669999999999996,8.125,False,False,,ok,,normalized_frames/topn_224_gray_jpg/again/msasl_raw_VAQRVGl4b_I__s000299__e000439__f04617442602,141,jpg,224,224,grayscale,300,440,299,439,29.97002997002997,train
man,msasl,MS-ASL/videos_MS_ASL_raw/msasl_raw_sUC-XDC5TvA.mp4,636,699.0,64.0,2.1020000000000003,29.97,msasl_26,True,1280.0,720.0,False,False,False,2.135468802135469,0.0334688021354687,False,0.4669999999999996,8.125,False,False,,ok,,normalized_frames/topn_224_gray_jpg/man/msasl_raw_sUC-XDC5TvA__s000635__e000698__c3bc835e2c2c,64,jpg,224,224,grayscale,636,699,635,698,29.97002997002997,val
sit,msasl,MS-ASL/videos_MS_ASL_raw/msasl_raw_2VB3WN8adyM.mp4,8199,8289.0,91.0,3.75,24.0,msasl_125,True,1280.0,720.0,False,False,False,3.7916666666666665,0.0416666666666665,False,0.4669999999999996,8.125,False,False,,ok,,normalized_frames/topn_224_gray_jpg/sit/msasl_raw_2VB3WN8adyM__s008198__e008288__4989f18997d6,91,jpg,224,224,grayscale,8199,8289,8198,8288,24.00001629882261,test
table,startasl,kaggle_dataset/videos/56556.mp4,1,72.0,72.0,2.402,29.97002997002997,wlasl_38,True,1280.0,720.0,False,False,False,2.4024,0.0003999999999999,False,0.4669999999999996,8.125,False,False,,ok,,normalized_frames/topn_224_gray_jpg/table/56556__s000000__e000071__94ca455c6e20,72,jpg,224,224,grayscale,1,72,0,71,29.97002997002997,train
finish,msasl,MS-ASL/videos_MS_ASL_raw/msasl_raw_bq-HmgjGzmw.mp4,9189,9331.0,143.0,4.738,29.97,msasl_72,True,626.0,360.0,False,False,False,4.771438104771439,0.033438104771438,False,0.4669999999999996,8.125,False,False,,ok,,normalized_frames/topn_224_gray_jpg/finish/msasl_raw_bq-HmgjGzmw__s009188__e009330__b83ca1317412,143,jpg,224,224,grayscale,9189,9331,9188,9330,29.97002997002997,train
finish,msasl,MS-ASL/videos_MS_ASL_raw/msasl_raw_a9aoS1DL93k.mp4,2558,2617.0,60.0,1.968999999999994,29.97,msasl_46,True,640.0,360.0,False,False,False,2.002002002002002,0.033002002002008,False,0.4669999999999996,8.125,False,False,,ok,,normalized_frames/topn_224_gray_jpg/finish/msasl_raw_a9aoS1DL93k__s002557__e002616__bc9f7bd02cdb,60,jpg,224,224,grayscale,2558,2617,2557,2616,29.97002997002997,train
man,msasl,MS-ASL/videos_MS_ASL_raw/msasl_raw_rnr_aY0X0dQ.mp4,10159,10261.0,103.0,3.400000000000034,30.0,msasl_312,True,640.0,360.0,False,False,False,3.433333333333333,0.033333333333299,False,0.4669999999999996,8.125,False,False,,ok,,normalized_frames/topn_224_gray_jpg/man/msasl_raw_rnr_aY0X0dQ__s010158__e010260__d8185de87a42,103,jpg,224,224,grayscale,10159,10261,10158,10260,30.0,train
like,msasl,MS-ASL/videos_MS_ASL_raw/msasl_raw_mCjHYreiZ24.mp4,13480,13628.0,149.0,4.937999999999988,29.97,msasl_32,True,480.0,360.0,False,False,False,4.971638304971639,0.0336383049716504,False,0.4669999999999996,8.125,False,False,,ok,,normalized_frames/topn_224_gray_jpg/like/msasl_raw_mCjHYreiZ24__s013479__e013627__a4c6f2ed2a54,149,jpg,224,224,grayscale,13480,13628,13479,13627,29.97002997002997,train
school,msasl,MS-ASL/videos_MS_ASL_raw/msasl_raw_PsLiyUyrqds.mp4,20,80.0,61.0,2.024,29.637,msasl_2,True,640.0,360.0,False,False,False,2.058238013294193,0.034238013294193,False,0.4669999999999996,8.125,False,False,,ok,,normalized_frames/topn_224_gray_jpg/school/msasl_raw_PsLiyUyrqds__s000019__e000079__3df5ce07f04c,61,jpg,224,224,grayscale,20,80,19,79,29.637,train
spring,msasl,MS-ASL/videos_MS_ASL_raw/msasl_raw_RffIEzlN5Yo.mp4,11715,11813.0,99.0,3.266999999999996,30.0,msasl_107,True,568.0,320.0,False,False,False,3.3,0.0330000000000039,False,0.4669999999999996,8.125,False,False,,ok,,normalized_frames/topn_224_gray_jpg/spring/msasl_raw_RffIEzlN5Yo__s011714__e011812__c45571597cd3,99,jpg,224,224,grayscale,11715,11813,11714,11812,30.0,train
again,asldeafined,kaggle_dataset/videos/01463.mp4,1,106.0,106.0,3.533,30.0,wlasl_13,True,640.0,480.0,False,False,False,3.533333333333333,0.0003333333333332,False,0.4669999999999996,8.125,False,False,,ok,,normalized_frames/topn_224_gray_jpg/again/01463__s000000__e000105__9380a084f89f,106,jpg,224,224,grayscale,1,106,0,105,30.0,train
table,msasl,MS-ASL/videos_MS_ASL_raw/msasl_raw_lSGqVZBYv5g.mp4,160,250.0,91.0,3.003,29.97,msasl_36,True,480.0,360.0,False,False,False,3.0363697030363697,0.0333697030363695,False,0.4669999999999996,8.125,False,False,,ok,,normalized_frames/topn_224_gray_jpg/table/msasl_raw_lSGqVZBYv5g__s000159__e000249__326839888ca1,91,jpg,224,224,grayscale,160,250,159,249,29.97002997002997,train
spring,msasl,MS-ASL/videos_MS_ASL_raw/msasl_raw_mpza-o6YaZc.mp4,230,290.0,61.0,2.002,29.97,msasl_36,True,480.0,360.0,False,False,False,2.035368702035369,0.0333687020353687,False,0.4669999999999996,8.125,False,False,,ok,,normalized_frames/topn_224_gray_jpg/spring/msasl_raw_mpza-o6YaZc__s000229__e000289__41fd507bb911,61,jpg,224,224,grayscale,230,290,229,289,29.97002997002997,train
bird,msasl,MS-ASL/videos_MS_ASL_raw/msasl_raw_1ZEAGpAH284.mp4,0,147.0,148.0,4.905,29.97,msasl_0,True,640.0,360.0,False,False,False,4.938271604938272,0.0332716049382719,False,0.4669999999999996,8.125,False,False,,ok,,normalized_frames/topn_224_gray_jpg/bird/msasl_raw_1ZEAGpAH284__s000000__e000146__7d72175bfa96,147,jpg,224,224,grayscale,0,147,0,146,29.97002997002997,test
bird,msasl,MS-ASL/videos_MS_ASL_raw/msasl_raw_bD4LFI4DIh0.mp4,0,142.0,143.0,4.733,30.0,msasl_69,True,480.0,360.0,False,False,False,4.766666666666667,0.0336666666666669,False,0.4669999999999996,8.125,False,False,,ok,,normalized_frames/topn_224_gray_jpg/bird/msasl_raw_bD4LFI4DIh0__s000000__e000141__3dd7d8c77d3a,142,jpg,224,224,grayscale,0,142,0,141,30.0,train
no,msasl,MS-ASL/videos_MS_ASL_raw/msasl_raw_Ks26De5YvSg.mp4,0,85.0,86.0,2.833,30.0,msasl_0,True,320.0,240.0,False,False,False,2.8666666666666667,0.0336666666666665,False,0.4669999999999996,8.125,False,False,,ok,,normalized_frames/topn_224_gray_jpg/no/msasl_raw_Ks26De5YvSg__s000000__e000084__feaab6c42fd1,85,jpg,224,224,grayscale,0,85,0,84,30.0,test
bird,msasl,MS-ASL/videos_MS_ASL_raw/msasl_raw_jcnSKdZFr-M.mp4,619,708.0,90.0,2.969999999999999,29.97,msasl_124,True,1280.0,720.0,False,False,False,3.003003003003004,0.0330030030030044,False,0.4669999999999996,8.125,False,False,,ok,,normalized_frames/topn_224_gray_jpg/bird/msasl_raw_jcnSKdZFr-M__s000618__e000707__e9acedb9b8a5,90,jpg,224,224,grayscale,619,708,618,707,29.97002997002997,train
finish,msasl,MS-ASL/videos_MS_ASL_raw/msasl_raw_v3ncKPr_8ro.mp4,0,49.0,50.0,1.635,29.97,msasl_0,True,1280.0,720.0,False,False,False,1.6683350016683351,0.0333350016683351,False,0.4669999999999996,8.125,False,False,,ok,,normalized_frames/topn_224_gray_jpg/finish/msasl_raw_v3ncKPr_8ro__s000000__e000048__f9c0a77f055b,49,jpg,224,224,grayscale,0,49,0,48,29.97002997002997,test
orange,msasl,MS-ASL/videos_MS_ASL_raw/msasl_raw_4iWzK-kKmIU.mp4,150,350.0,201.0,6.682,29.932,msasl_144,True,480.0,360.0,False,False,False,6.715221167980757,0.0332211679807565,False,0.4669999999999996,8.125,False,False,,ok,,normalized_frames/topn_224_gray_jpg/orange/msasl_raw_4iWzK-kKmIU__s000149__e000349__6b6a55851d1c,201,jpg,224,224,grayscale,150,350,149,349,29.97002997002997,train
learn,msasl,MS-ASL/videos_MS_ASL_raw/msasl_raw_vcrTUbE1NoY.mp4,689,754.0,66.0,2.168000000000003,29.97,msasl_286,True,960.0,720.0,False,False,False,2.2022022022022023,0.0342022022021994,False,0.4669999999999996,8.125,False,False,,ok,,normalized_frames/topn_224_gray_jpg/learn/msasl_raw_vcrTUbE1NoY__s000688__e000753__b6cefd0e0c2d,66,jpg,224,224,grayscale,689,754,688,753,29.97002997002997,train
what,msasl,MS-ASL/videos_MS_ASL_raw/msasl_raw_2VB3WN8adyM.mp4,3812,3898.0,87.0,3.584000000000003,24.0,msasl_125,True,1280.0,720.0,False,False,False,3.625,0.0409999999999968,False,0.4669999999999996,8.125,False,False,,ok,,normalized_frames/topn_224_gray_jpg/what/msasl_raw_2VB3WN8adyM__s003811__e003897__fb264de21f7f,87,jpg,224,224,grayscale,3812,3898,3811,3897,24.00001629882261,test
father,signschool,kaggle_dataset/videos/21207.mp4,1,79.0,79.0,2.636,29.97002997002997,wlasl_52,True,640.0,360.0,False,False,False,2.6359666666666666,3.333333333355171e-05,False,0.4669999999999996,8.125,False,False,,ok,,normalized_frames/topn_224_gray_jpg/father/21207__s000000__e000078__e8920ce0d4bf,79,jpg,224,224,grayscale,1,79,0,78,29.97002997002997,train
man,msasl,MS-ASL/videos_MS_ASL_raw/msasl_raw_R7lrMcuLnhY.mp4,0,107.0,108.0,6.216,17.215,msasl_2,True,640.0,360.0,False,False,False,6.273598605866977,0.0575986058669766,False,0.4669999999999996,8.125,False,False,,ok,,normalized_frames/topn_224_gray_jpg/man/msasl_raw_R7lrMcuLnhY__s000000__e000106__4a4ee2a52c83,107,jpg,224,224,grayscale,0,107,0,106,17.214996682149966,train
need,asldeafined,kaggle_dataset/videos/51289.mp4,1,89.0,89.0,2.966,30.00337116529948,wlasl_13,True,640.0,480.0,False,False,False,2.9663333333333326,0.0003333333333324,False,0.4669999999999996,8.125,False,False,,ok,,normalized_frames/topn_224_gray_jpg/need/51289__s000000__e000088__8f19bd694a0b,89,jpg,224,224,grayscale,1,89,0,88,30.003371165299477,train
help,signingsavvy,kaggle_dataset/videos/27214.mp4,1,53.0,53.0,1.768,29.97,wlasl_11,True,288.0,192.0,False,False,False,1.7684351017684352,0.0004351017684351,False,0.4669999999999996,8.125,False,False,,ok,,normalized_frames/topn_224_gray_jpg/help/27214__s000000__e000052__8b17b08ffc88,53,jpg,224,224,grayscale,1,53,0,52,29.97,val
mother,signschool,kaggle_dataset/videos/36932.mp4,1,75.0,75.0,2.502,29.97002997002997,wlasl_52,True,640.0,360.0,False,False,False,2.5025,0.0005000000000001,False,0.4669999999999996,8.125,False,False,,ok,,normalized_frames/topn_224_gray_jpg/mother/36932__s000000__e000074__4cd3e4741c15,75,jpg,224,224,grayscale,1,75,0,74,29.97002997002997,train
no,asldeafined,kaggle_dataset/videos/38529.mp4,1,107.0,107.0,3.566,30.002804000373867,wlasl_13,True,640.0,480.0,False,False,False,3.566333333333333,0.0003333333333332,False,0.4669999999999996,8.125,False,False,,ok,,normalized_frames/topn_224_gray_jpg/no/38529__s000000__e000106__5c621069a527,107,jpg,224,224,grayscale,1,107,0,106,30.002804000373867,train
table,msasl,MS-ASL/videos_MS_ASL_raw/msasl_raw_SiTBL7DYzZQ.mp4,436,524.0,89.0,3.52,25.0,msasl_94,True,1280.0,720.0,False,False,False,3.56,0.04,False,0.4669999999999996,8.125,False,False,,ok,,normalized_frames/topn_224_gray_jpg/table/msasl_raw_SiTBL7DYzZQ__s000435__e000523__a2f4caa9a40d,89,jpg,224,224,grayscale,436,524,435,523,25.0,train
student,msasl,MS-ASL/videos_MS_ASL_raw/msasl_raw_8O2MPzffkAc.mp4,0,68.0,69.0,2.267,30.0,msasl_0,True,320.0,240.0,False,False,False,2.3,0.0329999999999999,False,0.4669999999999996,8.125,False,False,,ok,,normalized_frames/topn_224_gray_jpg/student/msasl_raw_8O2MPzffkAc__s000000__e000067__841304a933d7,68,jpg,224,224,grayscale,0,68,0,67,30.0,test
spring,elementalasl,kaggle_dataset/videos/43078.mp4,1,190.0,190.0,7.917,24.0,wlasl_19,True,320.0,180.0,False,False,False,7.916666666666667,0.0003333333333328,False,0.4669999999999996,8.125,False,False,,ok,,normalized_frames/topn_224_gray_jpg/spring/43078__s000000__e000189__b6613b6d01ec,190,jpg,224,224,grayscale,1,190,0,189,24.0,train
father,msasl,MS-ASL/videos_MS_ASL_raw/msasl_raw_0s7TWj-mHgI.mp4,0,102.0,103.0,4.08,25.0,msasl_14,True,640.0,360.0,False,False,False,4.12,0.04,False,0.4669999999999996,8.125,False,False,,ok,,normalized_frames/topn_224_gray_jpg/father/msasl_raw_0s7TWj-mHgI__s000000__e000101__c0133ee697fe,102,jpg,224,224,grayscale,0,102,0,101,25.0,train
teacher,msasl,MS-ASL/videos_MS_ASL_raw/msasl_raw_BEKUHzwnVO8.mp4,6036,6156.0,121.0,4.003999999999991,29.97,msasl_80,True,640.0,360.0,False,False,False,4.037370704037371,0.03337070403738,False,0.4669999999999996,8.125,False,False,,ok,,normalized_frames/topn_224_gray_jpg/teacher/msasl_raw_BEKUHzwnVO8__s006035__e006155__1869a0363576,121,jpg,224,224,grayscale,6036,6156,6035,6155,29.97002997002997,train
orange,msasl,MS-ASL/videos_MS_ASL_raw/msasl_raw_Zjg2IfknuHE.mp4,3233,3415.0,183.0,7.280000000000001,25.0,msasl_77,True,480.0,270.0,False,False,False,7.32,0.0399999999999991,False,0.4669999999999996,8.125,False,False,,ok,,normalized_frames/topn_224_gray_jpg/orange/msasl_raw_Zjg2IfknuHE__s003232__e003414__1fcc05da0a26,183,jpg,224,224,grayscale,3233,3415,3232,3414,25.0,train
student,msasl,MS-ASL/videos_MS_ASL_raw/msasl_raw_xIIGn6cn8BI.mp4,4263,4334.0,72.0,2.369,29.97,msasl_138,True,640.0,360.0,False,False,False,2.4024024024024024,0.0334024024024022,False,0.4669999999999996,8.125,False,False,,ok,,normalized_frames/topn_224_gray_jpg/student/msasl_raw_xIIGn6cn8BI__s004262__e004333__3a87e73e0715,72,jpg,224,224,grayscale,4263,4334,4262,4333,29.97002997002997,train
bird,msasl,MS-ASL/videos_MS_ASL_raw/msasl_raw_KFSLtsOwZiU.mp4,865,944.0,80.0,2.6419999999999995,29.897,msasl_34,True,1280.0,720.0,False,False,False,2.675853764591765,0.0338537645917655,False,0.4669999999999996,8.125,False,False,,ok,,normalized_frames/topn_224_gray_jpg/bird/msasl_raw_KFSLtsOwZiU__s000864__e000943__a2d76e77452d,80,jpg,224,224,grayscale,865,944,864,943,30.0,train
help,msasl,MS-ASL/videos_MS_ASL_raw/msasl_raw_1MF1tmcW8SE.mp4,0,129.0,130.0,4.35,29.657,msasl_2,True,640.0,360.0,False,False,False,4.383450787335199,0.033450787335199,False,0.4669999999999996,8.125,False,False,,ok,,normalized_frames/topn_224_gray_jpg/help/msasl_raw_1MF1tmcW8SE__s000000__e000128__8f94a177ea9c,129,jpg,224,224,grayscale,0,129,0,128,29.657,train
spring,msasl,MS-ASL/videos_MS_ASL_raw/msasl_raw_fzroOSp32S4.mp4,6213,6357.0,145.0,4.805000000000007,29.97,msasl_94,True,1280.0,720.0,False,False,False,4.838171504838171,0.0331715048381644,False,0.4669999999999996,8.125,False,False,,ok,,normalized_frames/topn_224_gray_jpg/spring/msasl_raw_fzroOSp32S4__s006212__e006356__58935b4910ac,145,jpg,224,224,grayscale,6213,6357,6212,6356,29.97002997002997,train
no,msasl,MS-ASL/videos_MS_ASL_raw/msasl_raw_MDQQ9WZNwcc.mp4,3709,3800.0,92.0,3.0360000000000014,29.97,msasl_126,True,640.0,360.0,False,False,False,3.0697364030697365,0.0337364030697351,False,0.4669999999999996,8.125,False,False,,ok,,normalized_frames/topn_224_gray_jpg/no/msasl_raw_MDQQ9WZNwcc__s003708__e003799__87cef0830007,92,jpg,224,224,grayscale,3709,3800,3708,3799,29.97002997002997,train
learn,msasl,MS-ASL/videos_MS_ASL_raw/msasl_raw_BEKUHzwnVO8.mp4,5064,5176.0,113.0,3.7369999999999934,29.97,msasl_80,True,640.0,360.0,False,False,False,3.770437103770437,0.0334371037704439,False,0.4669999999999996,8.125,False,False,,ok,,normalized_frames/topn_224_gray_jpg/learn/msasl_raw_BEKUHzwnVO8__s005063__e005175__ada3959e2eab,113,jpg,224,224,grayscale,5064,5176,5063,5175,29.97002997002997,train
student,msasl,MS-ASL/videos_MS_ASL_raw/msasl_raw_P3tBJESDamE.mp4,1128,1198.0,71.0,2.9200000000000017,23.976,msasl_94,True,1280.0,720.0,False,False,False,2.9612946279612946,0.0412946279612929,False,0.4669999999999996,8.125,False,False,,ok,,normalized_frames/topn_224_gray_jpg/student/msasl_raw_P3tBJESDamE__s001127__e001197__8f91246fd914,71,jpg,224,224,grayscale,1128,1198,1127,1197,23.976023976023978,train
mother,msasl,MS-ASL/videos_MS_ASL_raw/msasl_raw_yzl_Ez0ZB9Q.mp4,1321,1350.0,30.0,0.9680000000000036,29.97,msasl_97,True,480.0,360.0,False,False,False,1.001001001001001,0.0330010010009974,False,0.4669999999999996,8.125,False,False,,ok,,normalized_frames/topn_224_gray_jpg/mother/msasl_raw_yzl_Ez0ZB9Q__s001320__e001349__9b2e4dd1fa54,30,jpg,224,224,grayscale,1321,1350,1320,1349,29.97002997002997,train
teacher,msasl,MS-ASL/videos_MS_ASL_raw/msasl_raw_BEKUHzwnVO8.mp4,6176,6296.0,121.0,4.003999999999991,29.97,msasl_80,True,640.0,360.0,False,False,False,4.037370704037371,0.03337070403738,False,0.4669999999999996,8.125,False,False,,ok,,normalized_frames/topn_224_gray_jpg/teacher/msasl_raw_BEKUHzwnVO8__s006175__e006295__a84f39942980,121,jpg,224,224,grayscale,6176,6296,6175,6295,29.97002997002997,train
sit,signingsavvy,kaggle_dataset/videos/51921.mp4,1,32.0,32.0,1.068,29.97,wlasl_11,True,288.0,192.0,False,False,False,1.0677344010677343,0.0002655989322655,False,0.4669999999999996,8.125,False,False,,ok,,normalized_frames/topn_224_gray_jpg/sit/51921__s000000__e000031__b67fa00ecf01,29,jpg,224,224,grayscale,1,32,0,31,29.97,val
bird,msasl,MS-ASL/videos_MS_ASL_raw/msasl_raw_Qd1x1kUwhpQ.mp4,8215,8275.0,61.0,2.3999999999999773,25.0,msasl_12,True,480.0,360.0,False,False,False,2.44,0.0400000000000226,False,0.4669999999999996,8.125,False,False,,ok,,normalized_frames/topn_224_gray_jpg/bird/msasl_raw_Qd1x1kUwhpQ__s008214__e008274__9de59454fc4a,61,jpg,224,224,grayscale,8215,8275,8214,8274,25.0,train
doctor,msasl,MS-ASL/videos_MS_ASL_raw/msasl_raw_Xt6F1wT394I.mp4,4611,4698.0,88.0,2.902999999999992,29.97,msasl_286,True,1280.0,720.0,False,False,False,2.9362696029362696,0.0332696029362775,False,0.4669999999999996,8.125,False,False,,ok,,normalized_frames/topn_224_gray_jpg/doctor/msasl_raw_Xt6F1wT394I__s004610__e004697__2ea6e8810ded,88,jpg,224,224,grayscale,4611,4698,4610,4697,29.97002997002997,train
mother,msasl,MS-ASL/videos_MS_ASL_raw/msasl_raw_HUMEcnkvhJU.mp4,19964,20054.0,91.0,3.0030000000000427,29.97,msasl_251,True,640.0,360.0,False,False,False,3.0363697030363697,0.0333697030363269,False,0.4669999999999996,8.125,False,False,,ok,,normalized_frames/topn_224_gray_jpg/mother/msasl_raw_HUMEcnkvhJU__s019963__e020053__076c5426ecef,91,jpg,224,224,grayscale,19964,20054,19963,20053,29.97002997002997,train
man,msasl,MS-ASL/videos_MS_ASL_raw/msasl_raw_vcrTUbE1NoY.mp4,150,230.0,81.0,2.6690000000000005,29.97,msasl_286,True,960.0,720.0,False,False,False,2.702702702702702,0.0337027027027021,False,0.4669999999999996,8.125,False,False,,ok,,normalized_frames/topn_224_gray_jpg/man/msasl_raw_vcrTUbE1NoY__s000149__e000229__38b3e9fe0534,81,jpg,224,224,grayscale,150,230,149,229,29.97002997002997,train
school,msasl,MS-ASL/videos_MS_ASL_raw/msasl_raw_mC0lNJ6iz-s.mp4,16746,16895.0,150.0,4.97199999999998,29.97,msasl_32,True,640.0,360.0,False,False,False,5.005005005005005,0.033005005005025,False,0.4669999999999996,8.125,False,False,,ok,,normalized_frames/topn_224_gray_jpg/school/msasl_raw_mC0lNJ6iz-s__s016745__e016894__ebeea19da205,150,jpg,224,224,grayscale,16746,16895,16745,16894,29.97002997002997,train
deaf,msasl,MS-ASL/videos_MS_ASL_raw/msasl_raw_vcrTUbE1NoY.mp4,309,384.0,76.0,2.503,29.97,msasl_286,True,960.0,720.0,False,False,False,2.5358692025358693,0.0328692025358692,False,0.4669999999999996,8.125,False,False,,ok,,normalized_frames/topn_224_gray_jpg/deaf/msasl_raw_vcrTUbE1NoY__s000308__e000383__95ec83654eff,76,jpg,224,224,grayscale,309,384,308,383,29.97002997002997,train
deaf,msasl,MS-ASL/videos_MS_ASL_raw/msasl_raw_27djXV1qAss.mp4,0,59.0,60.0,1.967,30.0,msasl_62,True,640.0,360.0,False,False,False,2.0,0.0329999999999999,False,0.4669999999999996,8.125,False,False,,ok,,normalized_frames/topn_224_gray_jpg/deaf/msasl_raw_27djXV1qAss__s000000__e000058__3c886208f35e,59,jpg,224,224,grayscale,0,59,0,58,29.516129032258064,train
but,msasl,MS-ASL/videos_MS_ASL_raw/msasl_raw_fNg_sJ9f8EI.mp4,8290,8409.0,120.0,3.9699999999999696,29.97,msasl_32,True,640.0,360.0,False,False,False,4.004004004004004,0.0340040040040348,False,0.4669999999999996,8.125,False,False,,ok,,normalized_frames/topn_224_gray_jpg/but/msasl_raw_fNg_sJ9f8EI__s008289__e008408__57c88aecb7b5,120,jpg,224,224,grayscale,8290,8409,8289,8408,29.97002997002997,train
water,msasl,MS-ASL/videos_MS_ASL_raw/msasl_raw_M_dyoVFFzuU.mp4,2989,3036.0,48.0,1.5679999999999978,29.97,msasl_26,True,1280.0,720.0,False,False,False,1.6016016016016017,0.0336016016016038,False,0.4669999999999996,8.125,False,False,,ok,,normalized_frames/topn_224_gray_jpg/water/msasl_raw_M_dyoVFFzuU__s002988__e003035__fe329db35ef5,48,jpg,224,224,grayscale,2989,3036,2988,3035,29.97002997002997,val
eat,msasl,MS-ASL/videos_MS_ASL_raw/msasl_raw_Qwdfx2_vzwc.mp4,321,403.0,83.0,2.735999999999999,29.97,msasl_140,True,1280.0,720.0,False,False,False,2.7694361027694363,0.0334361027694374,False,0.4669999999999996,8.125,False,False,,ok,,normalized_frames/topn_224_gray_jpg/eat/msasl_raw_Qwdfx2_vzwc__s000320__e000402__c8d007b4487e,83,jpg,224,224,grayscale,321,403,320,402,29.97002997002997,train
table,msasl,MS-ASL/videos_MS_ASL_raw/msasl_raw_Zv3oNQQS8Wg.mp4,0,48.0,49.0,1.602,29.97,msasl_144,True,480.0,360.0,False,False,False,1.6349683016349683,0.0329683016349682,False,0.4669999999999996,8.125,False,False,,ok,,normalized_frames/topn_224_gray_jpg/table/msasl_raw_Zv3oNQQS8Wg__s000000__e000047__777203ca6cce,48,jpg,224,224,grayscale,0,48,0,47,29.97002997002997,train
but,aslsignbank,kaggle_dataset/videos/65480.mp4,1,40.0,40.0,1.668,23.976023976023978,wlasl_99,True,656.0,370.0,False,False,False,1.6683333333333332,0.0003333333333332,False,0.4669999999999996,8.125,False,False,,ok,,normalized_frames/topn_224_gray_jpg/but/65480__s000000__e000039__79cbe26dcfd6,40,jpg,224,224,grayscale,1,40,0,39,23.976023976023978,train
spring,msasl,MS-ASL/videos_MS_ASL_raw/msasl_raw_BzW5Uy29n8c.mp4,0,94.0,95.0,3.136,29.97,msasl_0,True,640.0,360.0,False,False,False,3.169836503169837,0.0338365031698364,False,0.4669999999999996,8.125,False,False,,ok,,normalized_frames/topn_224_gray_jpg/spring/msasl_raw_BzW5Uy29n8c__s000000__e000093__fb24a268aaec,94,jpg,224,224,grayscale,0,94,0,93,29.97002997002997,test
spring,msasl,MS-ASL/videos_MS_ASL_raw/msasl_raw_mpza-o6YaZc.mp4,10,70.0,61.0,2.002,29.97,msasl_36,True,480.0,360.0,False,False,False,2.035368702035369,0.0333687020353687,False,0.4669999999999996,8.125,False,False,,ok,,normalized_frames/topn_224_gray_jpg/spring/msasl_raw_mpza-o6YaZc__s000009__e000069__6e1dc6f84cc6,61,jpg,224,224,grayscale,10,70,9,69,29.97002997002997,train
deaf,msasl,MS-ASL/videos_MS_ASL_raw/msasl_raw_0bIF7jh6lnE.mp4,373,421.0,49.0,1.6010000000000009,29.97,msasl_125,True,480.0,360.0,False,False,False,1.6349683016349683,0.0339683016349674,False,0.4669999999999996,8.125,False,False,,ok,,normalized_frames/topn_224_gray_jpg/deaf/msasl_raw_0bIF7jh6lnE__s000372__e000420__272d0082bbf0,49,jpg,224,224,grayscale,373,421,372,420,29.97002997002997,test
yes,msasl,MS-ASL/videos_MS_ASL_raw/msasl_raw_E0nkn4JtHgU.mp4,240,360.0,121.0,4.004000000000001,29.97,msasl_144,True,480.0,360.0,False,False,False,4.037370704037371,0.0333707040373694,False,0.4669999999999996,8.125,False,False,,ok,,normalized_frames/topn_224_gray_jpg/yes/msasl_raw_E0nkn4JtHgU__s000239__e000359__0aeeca95e2db,121,jpg,224,224,grayscale,240,360,239,359,29.97002997002997,train
student,msasl,MS-ASL/videos_MS_ASL_raw/msasl_raw_FwGL9FjFpYI.mp4,6881,7014.0,134.0,4.437999999999988,29.97,msasl_26,True,1280.0,720.0,False,False,False,4.471137804471138,0.0331378044711501,False,0.4669999999999996,8.125,False,False,,ok,,normalized_frames/topn_224_gray_jpg/student/msasl_raw_FwGL9FjFpYI__s006880__e007013__ccc01157da85,134,jpg,224,224,grayscale,6881,7014,6880,7013,29.97002997002997,val
orange,aslsearch,kaggle_dataset/videos/40130.mp4,1,91.0,91.0,3.003,30.303336703741152,wlasl_12,True,720.0,400.0,False,False,False,3.0029696363029696,3.03636970304666e-05,False,0.4669999999999996,8.125,False,False,,ok,,normalized_frames/topn_224_gray_jpg/orange/40130__s000000__e000090__ff86f9cf19e5,91,jpg,224,224,grayscale,1,91,0,90,30.303336703741152,train
again,msasl,MS-ASL/videos_MS_ASL_raw/msasl_raw_2Tgl8gxz_HA.mp4,3056,3115.0,60.0,1.968999999999994,29.97,msasl_124,True,1280.0,720.0,False,False,False,2.002002002002002,0.033002002002008,False,0.4669999999999996,8.125,False,False,,ok,,normalized_frames/topn_224_gray_jpg/again/msasl_raw_2Tgl8gxz_HA__s003055__e003114__60099dc1a0c7,60,jpg,224,224,grayscale,3056,3115,3055,3114,29.97002997002997,train
finish,msasl,MS-ASL/videos_MS_ASL_raw/msasl_raw_K4lo0NZDlH8.mp4,12591,12651.0,61.0,2.0,30.0,msasl_40,True,568.0,320.0,False,False,False,2.033333333333333,0.0333333333333332,False,0.4669999999999996,8.125,False,False,,ok,,normalized_frames/topn_224_gray_jpg/finish/msasl_raw_K4lo0NZDlH8__s012590__e012650__28fb2292cc44,61,jpg,224,224,grayscale,12591,12651,12590,12650,30.0,train
tired,msasl,MS-ASL/videos_MS_ASL_raw/msasl_raw_kZuJalsv_z0.mp4,4410,4506.0,97.0,3.1999999999999886,30.0,msasl_163,True,1280.0,720.0,False,False,False,3.2333333333333334,0.0333333333333447,False,0.4669999999999996,8.125,False,False,,ok,,normalized_frames/topn_224_gray_jpg/tired/msasl_raw_kZuJalsv_z0__s004409__e004505__57236f32194f,97,jpg,224,224,grayscale,4410,4506,4409,4505,30.0,train
water,msasl,MS-ASL/videos_MS_ASL_raw/msasl_raw_HHX-yrm-DMk.mp4,0,84.0,85.0,3.363,24.975,msasl_87,True,1280.0,720.0,False,False,False,3.403403403403403,0.040403403403403,False,0.4669999999999996,8.125,False,False,,ok,,normalized_frames/topn_224_gray_jpg/water/msasl_raw_HHX-yrm-DMk__s000000__e000083__d7648ff4fd79,68,jpg,224,224,grayscale,0,84,0,83,20.0,train
like,aslsearch,kaggle_dataset/videos/33285.mp4,1,102.0,102.0,3.37,30.26703234685492,wlasl_12,True,720.0,400.0,False,False,False,3.3700033366700035,3.336670003406539e-06,False,0.4669999999999996,8.125,False,False,,ok,,normalized_frames/topn_224_gray_jpg/like/33285__s000000__e000101__af97446b272e,102,jpg,224,224,grayscale,1,102,0,101,30.26703234685492,train
deaf,msasl,MS-ASL/videos_MS_ASL_raw/msasl_raw_Qvn5RGyb0po.mp4,0,107.0,108.0,4.274,25.033,msasl_87,True,1280.0,720.0,False,False,False,4.314305117245236,0.0403051172452357,False,0.4669999999999996,8.125,False,False,,ok,,normalized_frames/topn_224_gray_jpg/deaf/msasl_raw_Qvn5RGyb0po__s000000__e000106__2fb61e65a053,86,jpg,224,224,grayscale,0,107,0,106,20.0,train
need,msasl,MS-ASL/videos_MS_ASL_raw/msasl_raw_Xt6F1wT394I.mp4,3339,3397.0,59.0,1.9359999999999928,29.97,msasl_286,True,1280.0,720.0,False,False,False,1.968635301968636,0.0326353019686425,False,0.4669999999999996,8.125,False,False,,ok,,normalized_frames/topn_224_gray_jpg/need/msasl_raw_Xt6F1wT394I__s003338__e003396__eefcf97214b0,59,jpg,224,224,grayscale,3339,3397,3338,3396,29.97002997002997,train
happy,signingsavvy,kaggle_dataset/videos/26530.mp4,1,66.0,66.0,2.202,29.97,wlasl_10,True,288.0,192.0,False,False,False,2.2022022022022023,0.0002022022022023,False,0.4669999999999996,8.125,False,False,,ok,,normalized_frames/topn_224_gray_jpg/happy/26530__s000000__e000065__187b2441eff1,65,jpg,224,224,grayscale,1,66,0,65,29.97,train
father,asldeafined,kaggle_dataset/videos/21209.mp4,1,85.0,85.0,2.833,30.0,wlasl_21,True,640.0,480.0,False,False,False,2.833333333333333,0.0003333333333332,False,0.4669999999999996,8.125,False,False,,ok,,normalized_frames/topn_224_gray_jpg/father/21209__s000000__e000084__fd4d1e75a2ad,85,jpg,224,224,grayscale,1,85,0,84,30.0,train
student,msasl,MS-ASL/videos_MS_ASL_raw/msasl_raw_8OGGZyG8S9g.mp4,25769,25839.0,71.0,2.7999999999999545,25.0,msasl_12,True,480.0,360.0,False,False,False,2.84,0.0400000000000453,False,0.4669999999999996,8.125,False,False,,ok,,normalized_frames/topn_224_gray_jpg/student/msasl_raw_8OGGZyG8S9g__s025768__e025838__8ef8266d307b,71,jpg,224,224,grayscale,25769,25839,25768,25838,25.0,train
student,msasl,MS-ASL/videos_MS_ASL_raw/msasl_raw_EFTKM2dMkBE.mp4,734,814.0,81.0,3.3329999999999984,24.003,msasl_125,True,1280.0,720.0,False,False,False,3.374578177727784,0.0415781777277857,False,0.4669999999999996,8.125,False,False,,ok,,normalized_frames/topn_224_gray_jpg/student/msasl_raw_EFTKM2dMkBE__s000733__e000813__54ab4a5af45c,81,jpg,224,224,grayscale,734,814,733,813,24.0,test
happy,msasl,MS-ASL/videos_MS_ASL_raw/msasl_raw_m5H0ypryFRM.mp4,0,68.0,69.0,2.72,25.0,msasl_5,True,640.0,360.0,False,False,False,2.76,0.0399999999999995,False,0.4669999999999996,8.125,False,False,,ok,,normalized_frames/topn_224_gray_jpg/happy/msasl_raw_m5H0ypryFRM__s000000__e000067__a8a793b4ad58,68,jpg,224,224,grayscale,0,68,0,67,25.0,train
need,msasl,MS-ASL/videos_MS_ASL_raw/msasl_raw_-hzoIOWYJac.mp4,1322,1386.0,65.0,2.1410000000000053,29.887,msasl_34,True,1280.0,720.0,False,False,False,2.174858634188778,0.0338586341887725,False,0.4669999999999996,8.125,False,False,,ok,,normalized_frames/topn_224_gray_jpg/need/msasl_raw_-hzoIOWYJac__s001321__e001385__8f989849b845,65,jpg,224,224,grayscale,1322,1386,1321,1385,30.0,train
need,spreadthesign,kaggle_dataset/videos/51287.mp4,1,101.0,101.0,4.04,25.0,wlasl_2,True,320.0,240.0,False,False,False,4.04,0.0,False,0.4669999999999996,8.125,False,False,,ok,,normalized_frames/topn_224_gray_jpg/need/51287__s000000__e000100__b45c9934e1df,101,jpg,224,224,grayscale,1,101,0,100,25.0,train
teacher,msasl,MS-ASL/videos_MS_ASL_raw/msasl_raw_CrUCwJklAUA.mp4,0,83.0,84.0,2.769,29.97,msasl_0,True,1280.0,720.0,False,False,False,2.8028028028028027,0.0338028028028025,False,0.4669999999999996,8.125,False,False,,ok,,normalized_frames/topn_224_gray_jpg/teacher/msasl_raw_CrUCwJklAUA__s000000__e000082__8b7987305118,83,jpg,224,224,grayscale,0,83,0,82,29.97002997002997,test
no,msasl,MS-ASL/videos_MS_ASL_raw/msasl_raw_FNt4N8WFuVY.mp4,3916,4023.0,108.0,4.482999999999976,23.867,msasl_401,True,270.0,360.0,False,False,False,4.525076465412494,0.042076465412518,False,0.4669999999999996,8.125,False,False,,ok,,normalized_frames/topn_224_gray_jpg/no/msasl_raw_FNt4N8WFuVY__s003915__e004022__d00e98e3b37f,108,jpg,224,224,grayscale,3916,4023,3915,4022,24.0,train
finish,msasl,MS-ASL/videos_MS_ASL_raw/msasl_raw_L1ocXM_uzLA.mp4,50,140.0,91.0,3.003,29.97,msasl_144,True,480.0,360.0,False,False,False,3.0363697030363697,0.0333697030363695,False,0.4669999999999996,8.125,False,False,,ok,,normalized_frames/topn_224_gray_jpg/finish/msasl_raw_L1ocXM_uzLA__s000049__e000139__13c36cf8d083,91,jpg,224,224,grayscale,50,140,49,139,29.97002997002997,train
like,msasl,MS-ASL/videos_MS_ASL_raw/msasl_raw_kAnBm2RQb-0.mp4,191,281.0,91.0,3.003,29.978,msasl_124,True,1280.0,720.0,False,False,False,3.035559410234172,0.0325594102341715,False,0.4669999999999996,8.125,False,False,,ok,,normalized_frames/topn_224_gray_jpg/like/msasl_raw_kAnBm2RQb-0__s000190__e000280__dbb10a09f998,91,jpg,224,224,grayscale,191,281,190,280,29.97002997002997,train
orange,aslsearch,kaggle_dataset/videos/40129.mp4,1,91.0,91.0,3.003,30.303336703741152,wlasl_12,True,720.0,400.0,False,False,False,3.0029696363029696,3.03636970304666e-05,False,0.4669999999999996,8.125,False,False,,ok,,normalized_frames/topn_224_gray_jpg/orange/40129__s000000__e000090__c3282df4e207,91,jpg,224,224,grayscale,1,91,0,90,30.303336703741152,train
water,msasl,MS-ASL/videos_MS_ASL_raw/msasl_raw_m49LzvNVTgc.mp4,238,307.0,70.0,2.303,29.97,msasl_144,True,480.0,360.0,False,False,False,2.335669002335669,0.0326690023356692,False,0.4669999999999996,8.125,False,False,,ok,,normalized_frames/topn_224_gray_jpg/water/msasl_raw_m49LzvNVTgc__s000237__e000306__2f0e4a3fe280,70,jpg,224,224,grayscale,238,307,237,306,29.97002997002997,train
but,msasl,MS-ASL/videos_MS_ASL_raw/msasl_raw_cFlUlLhRbTE.mp4,0,47.0,48.0,1.568,29.97,msasl_143,True,636.0,360.0,False,False,False,1.6016016016016017,0.0336016016016016,False,0.4669999999999996,8.125,False,False,,ok,,normalized_frames/topn_224_gray_jpg/but/msasl_raw_cFlUlLhRbTE__s000000__e000046__08bea52e94ec,47,jpg,224,224,grayscale,0,47,0,46,29.97002997002997,train
nice,msasl,MS-ASL/videos_MS_ASL_raw/msasl_raw_rkQZQhloXuE.mp4,1609,1669.0,61.0,2.0020000000000024,29.97,msasl_370,True,640.0,360.0,False,False,False,2.035368702035369,0.0333687020353661,False,0.4669999999999996,8.125,False,False,,ok,,normalized_frames/topn_224_gray_jpg/nice/msasl_raw_rkQZQhloXuE__s001608__e001668__f24ebc483c2d,61,jpg,224,224,grayscale,1609,1669,1608,1668,29.97002997002997,train
fish,aslsignbank,kaggle_dataset/videos/65731.mp4,1,43.0,43.0,1.793,23.97606111107669,wlasl_94,True,656.0,370.0,False,False,False,1.7934555555555558,0.0004555555555558,False,0.4669999999999996,8.125,False,False,,ok,,normalized_frames/topn_224_gray_jpg/fish/65731__s000000__e000042__0fcacaf0b2aa,43,jpg,224,224,grayscale,1,43,0,42,23.97606111107669,train
need,spreadthesign,kaggle_dataset/videos/37881.mp4,1,103.0,103.0,4.12,25.0,wlasl_0,True,320.0,240.0,False,False,False,4.12,0.0,False,0.4669999999999996,8.125,False,False,,ok,,normalized_frames/topn_224_gray_jpg/need/37881__s000000__e000102__6f2e42bc3231,103,jpg,224,224,grayscale,1,103,0,102,25.0,train
student,startasl,kaggle_dataset/videos/55338.mp4,1,69.0,69.0,2.302,29.97,wlasl_36,True,736.0,414.0,False,False,False,2.3023023023023024,0.0003023023023023,False,0.4669999999999996,8.125,False,False,,ok,,normalized_frames/topn_224_gray_jpg/student/55338__s000000__e000068__175fcefeafc7,69,jpg,224,224,grayscale,1,69,0,68,29.97,test
like,msasl,MS-ASL/videos_MS_ASL_raw/msasl_raw_GqF8lSxalYo.mp4,340,450.0,111.0,3.67,29.97,msasl_144,True,480.0,360.0,False,False,False,3.703703703703704,0.0337037037037037,False,0.4669999999999996,8.125,False,False,,ok,,normalized_frames/topn_224_gray_jpg/like/msasl_raw_GqF8lSxalYo__s000339__e000449__824e662bc835,111,jpg,224,224,grayscale,340,450,339,449,29.97002997002997,train
water,msasl,MS-ASL/videos_MS_ASL_raw/msasl_raw_rkQZQhloXuE.mp4,5103,5163.0,61.0,2.001999999999981,29.97,msasl_370,True,640.0,360.0,False,False,False,2.035368702035369,0.0333687020353874,False,0.4669999999999996,8.125,False,False,,ok,,normalized_frames/topn_224_gray_jpg/water/msasl_raw_rkQZQhloXuE__s005102__e005162__6a1dfecb9e9e,61,jpg,224,224,grayscale,5103,5163,5102,5162,29.97002997002997,train
need,asldeafined,kaggle_dataset/videos/37427.mp4,1,76.0,76.0,2.533,30.0,wlasl_13,True,640.0,480.0,False,False,False,2.533333333333333,0.0003333333333332,False,0.4669999999999996,8.125,False,False,,ok,,normalized_frames/topn_224_gray_jpg/need/37427__s000000__e000075__1c9d26aab7dd,76,jpg,224,224,grayscale,1,76,0,75,30.0,train
like,msasl,MS-ASL/videos_MS_ASL_raw/msasl_raw_FNt4N8WFuVY.mp4,19122,19235.0,114.0,4.734000000000037,23.867,msasl_401,True,270.0,360.0,False,False,False,4.776469602379855,0.0424696023798176,False,0.4669999999999996,8.125,False,False,,ok,,normalized_frames/topn_224_gray_jpg/like/msasl_raw_FNt4N8WFuVY__s019121__e019234__ec2859cfde86,114,jpg,224,224,grayscale,19122,19235,19121,19234,24.0,train
fish,msasl,MS-ASL/videos_MS_ASL_raw/msasl_raw_sUC-XDC5TvA.mp4,2528,2606.0,79.0,2.6029999999999944,29.97,msasl_26,True,1280.0,720.0,False,False,False,2.6359693026359694,0.0329693026359749,False,0.4669999999999996,8.125,False,False,,ok,,normalized_frames/topn_224_gray_jpg/fish/msasl_raw_sUC-XDC5TvA__s002527__e002605__6df1502da2ee,79,jpg,224,224,grayscale,2528,2606,2527,2605,29.97002997002997,val
cousin,msasl,MS-ASL/videos_MS_ASL_raw/msasl_raw_Tckw40A23Bc.mp4,2025,2174.0,150.0,5.959999999999994,25.0,msasl_77,True,640.0,360.0,False,False,False,6.0,0.0400000000000062,False,0.4669999999999996,8.125,False,False,,ok,,normalized_frames/topn_224_gray_jpg/cousin/msasl_raw_Tckw40A23Bc__s002024__e002173__1ac053b73f85,150,jpg,224,224,grayscale,2025,2174,2024,2173,25.0,train
what,signschool,kaggle_dataset/videos/62967.mp4,1,26.0,26.0,0.868,29.97002997002997,wlasl_39,True,1920.0,1080.0,False,False,False,0.8675333333333334,0.0004666666666666,False,0.4669999999999996,8.125,False,False,,ok,,normalized_frames/topn_224_gray_jpg/what/62967__s000000__e000025__056ec205103a,26,jpg,224,224,grayscale,1,26,0,25,29.97002997002997,train
learn,msasl,MS-ASL/videos_MS_ASL_raw/msasl_raw_FwGL9FjFpYI.mp4,6759,6879.0,121.0,4.003999999999991,29.97,msasl_26,True,1280.0,720.0,False,False,False,4.037370704037371,0.03337070403738,False,0.4669999999999996,8.125,False,False,,ok,,normalized_frames/topn_224_gray_jpg/learn/msasl_raw_FwGL9FjFpYI__s006758__e006878__7e1fec0149c3,121,jpg,224,224,grayscale,6759,6879,6758,6878,29.97002997002997,val
water,msasl,MS-ASL/videos_MS_ASL_raw/msasl_raw_CmKYKBQuHf4.mp4,6569,6649.0,81.0,2.6689999999999827,29.97,msasl_80,True,640.0,360.0,False,False,False,2.702702702702702,0.0337027027027199,False,0.4669999999999996,8.125,False,False,,ok,,normalized_frames/topn_224_gray_jpg/water/msasl_raw_CmKYKBQuHf4__s006568__e006648__30a2954da56c,81,jpg,224,224,grayscale,6569,6649,6568,6648,29.97002997002997,train
spring,startasl,kaggle_dataset/videos/43079.mp4,1,56.0,56.0,1.869,29.97002997002997,wlasl_38,True,1280.0,720.0,False,False,False,1.8685333333333327,0.0004666666666666,False,0.4669999999999996,8.125,False,False,,ok,,normalized_frames/topn_224_gray_jpg/spring/43079__s000000__e000055__c794c4ac4834,56,jpg,224,224,grayscale,1,56,0,55,29.97002997002997,train
student,aslbrick,kaggle_dataset/videos/69494.mp4,1,93.0,93.0,3.103,29.97002997002997,wlasl_115,True,1280.0,720.0,False,False,False,3.1031,9.999999999976694e-05,False,0.4669999999999996,8.125,False,False,,ok,,normalized_frames/topn_224_gray_jpg/student/69494__s000000__e000092__f05eaf04eb4e,93,jpg,224,224,grayscale,1,93,0,92,29.97002997002997,train
orange,msasl,MS-ASL/videos_MS_ASL_raw/msasl_raw_K8c-np9zNT8.mp4,18088,18195.0,108.0,4.279999999999973,25.0,msasl_12,True,480.0,360.0,False,False,False,4.32,0.0400000000000275,False,0.4669999999999996,8.125,False,False,,ok,,normalized_frames/topn_224_gray_jpg/orange/msasl_raw_K8c-np9zNT8__s018087__e018194__f897d6a78d43,108,jpg,224,224,grayscale,18088,18195,18087,18194,25.0,train
yes,msasl,MS-ASL/videos_MS_ASL_raw/msasl_raw_RMUydgQr9TE.mp4,568,636.0,69.0,2.2689999999999984,29.97,msasl_26,True,1280.0,720.0,False,False,False,2.3023023023023024,0.033302302302304,False,0.4669999999999996,8.125,False,False,,ok,,normalized_frames/topn_224_gray_jpg/yes/msasl_raw_RMUydgQr9TE__s000567__e000635__b022f43a2110,69,jpg,224,224,grayscale,568,636,567,635,29.97002997002997,val
again,msasl,MS-ASL/videos_MS_ASL_raw/msasl_raw_34NJUhpwrBc.mp4,0,121.0,122.0,7.085,17.078,msasl_2,True,640.0,360.0,False,False,False,7.143693640941563,0.0586936409415628,False,0.4669999999999996,8.125,False,False,,ok,,normalized_frames/topn_224_gray_jpg/again/msasl_raw_34NJUhpwrBc__s000000__e000120__3e916caba5a9,121,jpg,224,224,grayscale,0,121,0,120,17.078,train
eat,msasl,MS-ASL/videos_MS_ASL_raw/msasl_raw_eeHS78JyN70.mp4,3118,3208.0,91.0,3.003,29.97,msasl_80,True,640.0,360.0,False,False,False,3.0363697030363697,0.0333697030363695,False,0.4669999999999996,8.125,False,False,,ok,,normalized_frames/topn_224_gray_jpg/eat/msasl_raw_eeHS78JyN70__s003117__e003207__87dd4c348b40,91,jpg,224,224,grayscale,3118,3208,3117,3207,29.97002997002997,train
learn,msasl,MS-ASL/videos_MS_ASL_raw/msasl_raw_rnr_aY0X0dQ.mp4,9412,9547.0,136.0,4.5,30.0,msasl_312,True,640.0,360.0,False,False,False,4.533333333333333,0.0333333333333332,False,0.4669999999999996,8.125,False,False,,ok,,normalized_frames/topn_224_gray_jpg/learn/msasl_raw_rnr_aY0X0dQ__s009411__e009546__4f5330a435a6,136,jpg,224,224,grayscale,9412,9547,9411,9546,30.0,train
tired,msasl,MS-ASL/videos_MS_ASL_raw/msasl_raw__ZlZH4b0C44.mp4,917,946.0,30.0,1.9339999999999973,15.0,msasl_388,True,1280.0,720.0,False,False,False,2.0,0.0660000000000027,False,0.4669999999999996,8.125,False,False,,ok,,normalized_frames/topn_224_gray_jpg/tired/msasl_raw__ZlZH4b0C44__s000916__e000945__b804ad83adce,30,jpg,224,224,grayscale,917,946,916,945,15.0,train
eat,msasl,MS-ASL/videos_MS_ASL_raw/msasl_raw_rkQZQhloXuE.mp4,4635,4695.0,61.0,2.0010000000000048,29.97,msasl_370,True,640.0,360.0,False,False,False,2.035368702035369,0.0343687020353637,False,0.4669999999999996,8.125,False,False,,ok,,normalized_frames/topn_224_gray_jpg/eat/msasl_raw_rkQZQhloXuE__s004634__e004694__08f11aa665b2,61,jpg,224,224,grayscale,4635,4695,4634,4694,29.97002997002997,train
nice,msasl,MS-ASL/videos_MS_ASL_raw/msasl_raw_nvaS2J5mcEk.mp4,7552,7581.0,30.0,0.9679999999999892,29.97,msasl_417,True,202.0,360.0,False,False,False,1.001001001001001,0.0330010010010118,False,0.4669999999999996,8.125,False,False,,ok,,normalized_frames/topn_224_gray_jpg/nice/msasl_raw_nvaS2J5mcEk__s007551__e007580__b5ff5c0bddb1,30,jpg,224,224,grayscale,7552,7581,7551,7580,29.97002997002997,train
man,msasl,MS-ASL/videos_MS_ASL_raw/msasl_raw_1E8k8gI_xYk.mp4,210,305.0,96.0,3.17,29.97,msasl_359,True,640.0,360.0,False,False,False,3.2032032032032034,0.0332032032032034,False,0.4669999999999996,8.125,False,False,,ok,,normalized_frames/topn_224_gray_jpg/man/msasl_raw_1E8k8gI_xYk__s000209__e000304__0992b346d3d7,96,jpg,224,224,grayscale,210,305,209,304,29.97002997002997,train
like,msasl,MS-ASL/videos_MS_ASL_raw/msasl_raw_q_p38s5JsXo.mp4,3696,3783.0,88.0,3.4799999999999898,25.0,msasl_12,True,1280.0,720.0,False,False,False,3.52,0.0400000000000102,False,0.4669999999999996,8.125,False,False,,ok,,normalized_frames/topn_224_gray_jpg/like/msasl_raw_q_p38s5JsXo__s003695__e003782__dfa9bb2b7213,88,jpg,224,224,grayscale,3696,3783,3695,3782,25.0,train
nice,msasl,MS-ASL/videos_MS_ASL_raw/msasl_raw_HUMEcnkvhJU.mp4,22384,22422.0,39.0,1.268000000000029,29.97,msasl_251,True,640.0,360.0,False,False,False,1.3013013013013013,0.0333013013012721,False,0.4669999999999996,8.125,False,False,,ok,,normalized_frames/topn_224_gray_jpg/nice/msasl_raw_HUMEcnkvhJU__s022383__e022421__c50500a741fc,39,jpg,224,224,grayscale,22384,22422,22383,22421,29.97002997002997,train
spring,msasl,MS-ASL/videos_MS_ASL_raw/msasl_raw_n0PdKty8WRA.mp4,5728,5821.0,94.0,3.0999999999999943,30.0,msasl_163,True,1280.0,720.0,False,False,False,3.1333333333333333,0.0333333333333389,False,0.4669999999999996,8.125,False,False,,ok,,normalized_frames/topn_224_gray_jpg/spring/msasl_raw_n0PdKty8WRA__s005727__e005820__bc94510e7c85,94,jpg,224,224,grayscale,5728,5821,5727,5820,30.0,train
table,msasl,MS-ASL/videos_MS_ASL_raw/msasl_raw_xPb8AD1rON0.mp4,1603,1661.0,59.0,1.9349999999999952,29.973,msasl_124,True,1280.0,720.0,False,False,False,1.9684382611016584,0.033438261101663,False,0.4669999999999996,8.125,False,False,,ok,,normalized_frames/topn_224_gray_jpg/table/msasl_raw_xPb8AD1rON0__s001602__e001660__edb1089716ea,59,jpg,224,224,grayscale,1603,1661,1602,1660,29.97002997002997,train
spring,msasl,MS-ASL/videos_MS_ASL_raw/msasl_raw_tJ2SbVaNdCo.mp4,1136,1285.0,150.0,4.9709999999999965,29.97,msasl_32,True,640.0,360.0,False,False,False,5.005005005005005,0.0340050050050084,False,0.4669999999999996,8.125,False,False,,ok,,normalized_frames/topn_224_gray_jpg/spring/msasl_raw_tJ2SbVaNdCo__s001135__e001284__d6f9b2afb197,150,jpg,224,224,grayscale,1136,1285,1135,1284,29.9700321284967,train
tired,msasl,MS-ASL/videos_MS_ASL_raw/msasl_raw_LPyvlWpL-xk.mp4,7257,7452.0,196.0,7.800000000000011,25.0,msasl_77,True,640.0,360.0,False,False,False,7.84,0.0399999999999884,False,0.4669999999999996,8.125,False,False,,ok,,normalized_frames/topn_224_gray_jpg/tired/msasl_raw_LPyvlWpL-xk__s007256__e007451__8e36f827c05c,196,jpg,224,224,grayscale,7257,7452,7256,7451,25.0,train
teacher,msasl,MS-ASL/videos_MS_ASL_raw/msasl_raw_-DZaI_yoNac.mp4,0,92.0,93.0,3.075,29.917,msasl_229,True,480.0,270.0,False,False,False,3.1086004612761973,0.033600461276197,False,0.4669999999999996,8.125,False,False,,ok,,normalized_frames/topn_224_gray_jpg/teacher/msasl_raw_-DZaI_yoNac__s000000__e000091__1b40080fd7a4,92,jpg,224,224,grayscale,0,92,0,91,29.97002997002997,train
need,msasl,MS-ASL/videos_MS_ASL_raw/msasl_raw_UXetwN_cI5A.mp4,23555,23625.0,71.0,2.7999999999999545,25.0,msasl_12,True,480.0,360.0,False,False,False,2.84,0.0400000000000453,False,0.4669999999999996,8.125,False,False,,ok,,normalized_frames/topn_224_gray_jpg/need/msasl_raw_UXetwN_cI5A__s023554__e023624__1a18d4f38d5b,71,jpg,224,224,grayscale,23555,23625,23554,23624,25.0,train
bird,msasl,MS-ASL/videos_MS_ASL_raw/msasl_raw_UXetwN_cI5A.mp4,2899,2979.0,81.0,3.200000000000003,25.0,msasl_12,True,480.0,360.0,False,False,False,3.24,0.0399999999999973,False,0.4669999999999996,8.125,False,False,,ok,,normalized_frames/topn_224_gray_jpg/bird/msasl_raw_UXetwN_cI5A__s002898__e002978__81bf1a97970c,81,jpg,224,224,grayscale,2899,2979,2898,2978,25.0,train
mother,aslsignbank,kaggle_dataset/videos/66147.mp4,1,66.0,66.0,2.753,23.97607236414568,wlasl_97,True,656.0,370.0,False,False,False,2.7527444444444447,0.0002555555555554,False,0.4669999999999996,8.125,False,False,,ok,,normalized_frames/topn_224_gray_jpg/mother/66147__s000000__e000065__c96e8e61fb75,66,jpg,224,224,grayscale,1,66,0,65,23.97607236414568,train
tired,msasl,MS-ASL/videos_MS_ASL_raw/msasl_raw_bX1eJjB3nyA.mp4,6574,6602.0,29.0,0.9350000000000024,29.97,msasl_261,True,640.0,360.0,False,False,False,0.9676343009676344,0.0326343009676319,False,0.4669999999999996,8.125,False,False,,ok,,normalized_frames/topn_224_gray_jpg/tired/msasl_raw_bX1eJjB3nyA__s006573__e006601__8efea03bcb35,29,jpg,224,224,grayscale,6574,6602,6573,6601,29.97002997002997,train
learn,msasl,MS-ASL/videos_MS_ASL_raw/msasl_raw_OB1xBzqD8WY.mp4,840,880.0,41.0,1.3350000000000009,29.97,msasl_40,True,640.0,360.0,False,False,False,1.3680347013680347,0.0330347013680338,False,0.4669999999999996,8.125,False,False,,ok,,normalized_frames/topn_224_gray_jpg/learn/msasl_raw_OB1xBzqD8WY__s000839__e000879__fc903d8b8caa,41,jpg,224,224,grayscale,840,880,839,879,29.97002997002997,train
spring,msasl,MS-ASL/videos_MS_ASL_raw/msasl_raw_ohjqddcHd3M.mp4,807,881.0,75.0,2.469000000000001,29.97,msasl_90,True,640.0,360.0,False,False,False,2.5025025025025025,0.0335025025025013,False,0.4669999999999996,8.125,False,False,,ok,,normalized_frames/topn_224_gray_jpg/spring/msasl_raw_ohjqddcHd3M__s000806__e000880__96546b636419,75,jpg,224,224,grayscale,807,881,806,880,29.99912026040292,val
bird,aslsignbank,kaggle_dataset/videos/65349.mp4,1,90.0,90.0,3.003,29.97002997002997,wlasl_95,True,656.0,370.0,False,False,False,3.003,0.0,False,0.4669999999999996,8.125,False,False,,ok,,normalized_frames/topn_224_gray_jpg/bird/65349__s000000__e000089__b8021f6062f8,90,jpg,224,224,grayscale,1,90,0,89,29.97002997002997,train
but,msasl,MS-ASL/videos_MS_ASL_raw/msasl_raw_rWIDL_GpaJc.mp4,1604,1664.0,61.0,2.0009999999999977,29.972,msasl_274,True,1280.0,720.0,False,False,False,2.03523288402509,0.0342328840250925,False,0.4669999999999996,8.125,False,False,,ok,,normalized_frames/topn_224_gray_jpg/but/msasl_raw_rWIDL_GpaJc__s001603__e001663__9d2ee721e876,61,jpg,224,224,grayscale,1604,1664,1603,1663,29.97002997002997,train
nice,msasl,MS-ASL/videos_MS_ASL_raw/msasl_raw_RWYus9H4YrQ.mp4,4264,4335.0,72.0,2.8400000000000034,25.0,msasl_12,True,480.0,360.0,False,False,False,2.88,0.0399999999999964,False,0.4669999999999996,8.125,False,False,,ok,,normalized_frames/topn_224_gray_jpg/nice/msasl_raw_RWYus9H4YrQ__s004263__e004334__4509ca29e365,72,jpg,224,224,grayscale,4264,4335,4263,4334,25.0,train
teacher,msasl,MS-ASL/videos_MS_ASL_raw/msasl_raw_xu9VvX1Vbck.mp4,0,112.0,113.0,3.733,30.0,msasl_112,True,640.0,360.0,False,False,False,3.7666666666666666,0.0336666666666665,False,0.4669999999999996,8.125,False,False,,ok,,normalized_frames/topn_224_gray_jpg/teacher/msasl_raw_xu9VvX1Vbck__s000000__e000111__34b9f9bd63f7,58,jpg,224,224,grayscale,0,112,0,111,15.080789946140037,train
mother,msasl,MS-ASL/videos_MS_ASL_raw/msasl_raw_6UrcyZ-QeiU.mp4,2425,2485.0,61.0,2.001999999999996,29.97,msasl_205,True,640.0,360.0,False,False,False,2.035368702035369,0.0333687020353727,False,0.4669999999999996,8.125,False,False,,ok,,normalized_frames/topn_224_gray_jpg/mother/msasl_raw_6UrcyZ-QeiU__s002424__e002484__e43f5f448ced,61,jpg,224,224,grayscale,2425,2485,2424,2484,29.97002997002997,train
fish,msasl,MS-ASL/videos_MS_ASL_raw/msasl_raw_E3ILIbZqcKY.mp4,3689,3778.0,90.0,2.968999999999994,29.97,msasl_18,True,640.0,360.0,False,False,False,3.003003003003004,0.0340030030030091,False,0.4669999999999996,8.125,False,False,,ok,,normalized_frames/topn_224_gray_jpg/fish/msasl_raw_E3ILIbZqcKY__s003688__e003777__7b8bb8d7cc12,90,jpg,224,224,grayscale,3689,3778,3688,3777,29.97002997002997,train
yes,spreadthesign,kaggle_dataset/videos/64280.mp4,1,63.0,63.0,2.102,29.97002997002997,wlasl_28,True,320.0,240.0,False,False,False,2.1021,0.0001000000000002,False,0.4669999999999996,8.125,False,False,,ok,,normalized_frames/topn_224_gray_jpg/yes/64280__s000000__e000062__2efaf3eb00e7,63,jpg,224,224,grayscale,1,63,0,62,29.97002997002997,train
eat,msasl,MS-ASL/videos_MS_ASL_raw/msasl_raw_qAF88xW4xPY.mp4,1741,1766.0,26.0,0.8350000000000009,29.97,msasl_95,True,636.0,360.0,False,False,False,0.8675342008675342,0.0325342008675333,False,0.4669999999999996,8.125,False,False,,ok,,normalized_frames/topn_224_gray_jpg/eat/msasl_raw_qAF88xW4xPY__s001740__e001765__2b9c018537f1,26,jpg,224,224,grayscale,1741,1766,1740,1765,29.97002997002997,train
eat,startasl,kaggle_dataset/videos/22744.mp4,1,64.0,64.0,2.135,29.97,wlasl_36,True,736.0,414.0,False,False,False,2.135468802135469,0.0004688021354692,False,0.4669999999999996,8.125,False,False,,ok,,normalized_frames/topn_224_gray_jpg/eat/22744__s000000__e000063__eac58d93bdcd,64,jpg,224,224,grayscale,1,64,0,63,29.97,test
no,msasl,MS-ASL/videos_MS_ASL_raw/msasl_raw_0bIF7jh6lnE.mp4,3384,3437.0,54.0,1.768000000000001,29.97,msasl_125,True,480.0,360.0,False,False,False,1.8018018018018016,0.0338018018018009,False,0.4669999999999996,8.125,False,False,,ok,,normalized_frames/topn_224_gray_jpg/no/msasl_raw_0bIF7jh6lnE__s003383__e003436__559a4523ffb4,54,jpg,224,224,grayscale,3384,3437,3383,3436,29.97002997002997,test
need,msasl,MS-ASL/videos_MS_ASL_raw/msasl_raw_Cv5avR9nEhg.mp4,6767,6837.0,71.0,2.800000000000012,25.0,msasl_12,True,1280.0,720.0,False,False,False,2.84,0.039999999999988,False,0.4669999999999996,8.125,False,False,,ok,,normalized_frames/topn_224_gray_jpg/need/msasl_raw_Cv5avR9nEhg__s006766__e006836__4b40f6018c5b,71,jpg,224,224,grayscale,6767,6837,6766,6836,25.0,train
mother,msasl,MS-ASL/videos_MS_ASL_raw/msasl_raw_p0pH9V0frOs.mp4,80,230.0,151.0,5.012,29.929,msasl_144,True,480.0,360.0,False,False,False,5.045273814694778,0.0332738146947786,False,0.4669999999999996,8.125,False,False,,ok,,normalized_frames/topn_224_gray_jpg/mother/msasl_raw_p0pH9V0frOs__s000079__e000229__8cdadcbe192c,151,jpg,224,224,grayscale,80,230,79,229,30.011752854264607,train
what,msasl,MS-ASL/videos_MS_ASL_raw/msasl_raw_aeZKNdfmbPo.mp4,120,240.0,121.0,4.004,29.97,msasl_144,True,480.0,360.0,False,False,False,4.037370704037371,0.0333707040373711,False,0.4669999999999996,8.125,False,False,,ok,,normalized_frames/topn_224_gray_jpg/what/msasl_raw_aeZKNdfmbPo__s000119__e000239__80f9b636bce5,121,jpg,224,224,grayscale,120,240,119,239,29.97002997002997,train
finish,msasl,MS-ASL/videos_MS_ASL_raw/msasl_raw_yG09SQB0Hds.mp4,3677,3706.0,30.0,0.9680000000000036,29.97,msasl_160,True,640.0,360.0,False,False,False,1.001001001001001,0.0330010010009974,False,0.4669999999999996,8.125,False,False,,ok,,normalized_frames/topn_224_gray_jpg/finish/msasl_raw_yG09SQB0Hds__s003676__e003705__ee112cfb935c,30,jpg,224,224,grayscale,3677,3706,3676,3705,29.97002997002997,train
school,msasl,MS-ASL/videos_MS_ASL_raw/msasl_raw_CJcFBjT7fkc.mp4,1274,1316.0,43.0,1.402000000000001,29.97,msasl_26,True,1280.0,720.0,False,False,False,1.4347681014347682,0.0327681014347671,False,0.4669999999999996,8.125,False,False,,ok,,normalized_frames/topn_224_gray_jpg/school/msasl_raw_CJcFBjT7fkc__s001273__e001315__c2aae78eac27,43,jpg,224,224,grayscale,1274,1316,1273,1315,29.97002997002997,val
help,spreadthesign,kaggle_dataset/videos/01622.mp4,1,50.0,50.0,2.0,25.0,wlasl_23,True,320.0,240.0,False,False,False,2.0,0.0,False,0.4669999999999996,8.125,False,False,,ok,,normalized_frames/topn_224_gray_jpg/help/01622__s000000__e000049__3243c117b546,50,jpg,224,224,grayscale,1,50,0,49,25.0,train
cousin,msasl,MS-ASL/videos_MS_ASL_raw/msasl_raw_-_0i3qAEM1E.mp4,0,80.0,81.0,2.667,30.0,msasl_62,True,640.0,360.0,False,False,False,2.7,0.0330000000000003,False,0.4669999999999996,8.125,False,False,,ok,,normalized_frames/topn_224_gray_jpg/cousin/msasl_raw_-_0i3qAEM1E__s000000__e000079__31ac34a9ed4f,80,jpg,224,224,grayscale,0,80,0,79,30.0,train
again,msasl,MS-ASL/videos_MS_ASL_raw/msasl_raw_2VB3WN8adyM.mp4,10240,10334.0,95.0,3.9160000000000537,24.0,msasl_125,True,1280.0,720.0,False,False,False,3.9583333333333335,0.0423333333332798,False,0.4669999999999996,8.125,False,False,,ok,,normalized_frames/topn_224_gray_jpg/again/msasl_raw_2VB3WN8adyM__s010239__e010333__d6715d58b021,95,jpg,224,224,grayscale,10240,10334,10239,10333,24.00001629882261,test
like,msasl,MS-ASL/videos_MS_ASL_raw/msasl_raw_TwkGS9TjUX8.mp4,12673,12723.0,51.0,1.6680000000000064,29.97,msasl_32,True,640.0,360.0,False,False,False,1.7017017017017018,0.0337017017016954,False,0.4669999999999996,8.125,False,False,,ok,,normalized_frames/topn_224_gray_jpg/like/msasl_raw_TwkGS9TjUX8__s012672__e012722__6659167db33a,51,jpg,224,224,grayscale,12673,12723,12672,12722,29.97002997002997,train
bird,msasl,MS-ASL/videos_MS_ASL_raw/msasl_raw_KRrKqGEGdMg.mp4,19026,19145.0,120.0,3.971000000000004,29.97,msasl_32,True,640.0,360.0,False,False,False,4.004004004004004,0.0330040040040002,False,0.4669999999999996,8.125,False,False,,ok,,normalized_frames/topn_224_gray_jpg/bird/msasl_raw_KRrKqGEGdMg__s019025__e019144__e79c42368625,120,jpg,224,224,grayscale,19026,19145,19025,19144,29.97002997002997,train
yes,msasl,MS-ASL/videos_MS_ASL_raw/msasl_raw_gpNDuOwyW7Q.mp4,0,119.0,120.0,3.971,29.97,msasl_38,True,640.0,360.0,False,False,False,4.004004004004004,0.0330040040040042,False,0.4669999999999996,8.125,False,False,,ok,,normalized_frames/topn_224_gray_jpg/yes/msasl_raw_gpNDuOwyW7Q__s000000__e000118__aca5f3b44093,119,jpg,224,224,grayscale,0,119,0,118,29.97002997002997,train
need,msasl,MS-ASL/videos_MS_ASL_raw/msasl_raw_fKjsdtMU3fc.mp4,7282,7440.0,159.0,6.32000000000005,25.0,msasl_77,True,480.0,270.0,False,False,False,6.36,0.0399999999999503,False,0.4669999999999996,8.125,False,False,,ok,,normalized_frames/topn_224_gray_jpg/need/msasl_raw_fKjsdtMU3fc__s007281__e007439__15302a575940,159,jpg,224,224,grayscale,7282,7440,7281,7439,25.0,train
teacher,msasl,MS-ASL/videos_MS_ASL_raw/msasl_raw_FwGL9FjFpYI.mp4,10867,10977.0,111.0,3.670000000000016,29.97,msasl_26,True,1280.0,720.0,False,False,False,3.703703703703704,0.0337037037036878,False,0.4669999999999996,8.125,False,False,,ok,,normalized_frames/topn_224_gray_jpg/teacher/msasl_raw_FwGL9FjFpYI__s010866__e010976__e76f63a3620f,111,jpg,224,224,grayscale,10867,10977,10866,10976,29.97002997002997,val
spring,msasl,MS-ASL/videos_MS_ASL_raw/msasl_raw__qRft6V2XC0.mp4,1967,2058.0,92.0,3.036999999999992,29.97,msasl_203,True,640.0,360.0,False,False,False,3.0697364030697365,0.0327364030697445,False,0.4669999999999996,8.125,False,False,,ok,,normalized_frames/topn_224_gray_jpg/spring/msasl_raw__qRft6V2XC0__s001966__e002057__a953ef7054a1,92,jpg,224,224,grayscale,1967,2058,1966,2057,29.97002997002997,train
yes,msasl,MS-ASL/videos_MS_ASL_raw/msasl_raw_V9nSkd0Oib4.mp4,0,62.0,63.0,2.067,30.0,msasl_0,True,320.0,240.0,False,False,False,2.1,0.0329999999999999,False,0.4669999999999996,8.125,False,False,,ok,,normalized_frames/topn_224_gray_jpg/yes/msasl_raw_V9nSkd0Oib4__s000000__e000061__bc7f34483b2e,62,jpg,224,224,grayscale,0,62,0,61,30.0,test
fish,asldeafined,kaggle_dataset/videos/22117.mp4,1,78.0,78.0,2.6,29.996154339187285,wlasl_21,True,640.0,480.0,False,False,False,2.6003333333333334,0.0003333333333332,False,0.4669999999999996,8.125,False,False,,ok,,normalized_frames/topn_224_gray_jpg/fish/22117__s000000__e000077__3381a296b392,78,jpg,224,224,grayscale,1,78,0,77,29.996154339187285,train
eat,msasl,MS-ASL/videos_MS_ASL_raw/msasl_raw_6UrcyZ-QeiU.mp4,728,883.0,156.0,5.172000000000001,29.97,msasl_205,True,640.0,360.0,False,False,False,5.205205205205205,0.0332052052052045,False,0.4669999999999996,8.125,False,False,,ok,,normalized_frames/topn_224_gray_jpg/eat/msasl_raw_6UrcyZ-QeiU__s000727__e000882__fbf1d9f7a83f,156,jpg,224,224,grayscale,728,883,727,882,29.97002997002997,train
again,msasl,MS-ASL/videos_MS_ASL_raw/msasl_raw_TDoqoJDX280.mp4,190,327.0,138.0,4.571,29.97,msasl_124,True,640.0,360.0,False,False,False,4.604604604604605,0.033604604604605,False,0.4669999999999996,8.125,False,False,,ok,,normalized_frames/topn_224_gray_jpg/again/msasl_raw_TDoqoJDX280__s000189__e000326__17bc9b5b7c69,138,jpg,224,224,grayscale,190,327,189,326,29.97,train
orange,msasl,MS-ASL/videos_MS_ASL_raw/msasl_raw_fNg_sJ9f8EI.mp4,2725,2844.0,120.0,3.970999999999989,29.97,msasl_32,True,640.0,360.0,False,False,False,4.004004004004004,0.0330040040040153,False,0.4669999999999996,8.125,False,False,,ok,,normalized_frames/topn_224_gray_jpg/orange/msasl_raw_fNg_sJ9f8EI__s002724__e002843__86ace8fee274,120,jpg,224,224,grayscale,2725,2844,2724,2843,29.97002997002997,train
water,msasl,MS-ASL/videos_MS_ASL_raw/msasl_raw_ax2UGtA8h3E.mp4,1696,1770.0,75.0,2.468999999999994,29.97,msasl_97,True,480.0,360.0,False,False,False,2.5025025025025025,0.0335025025025084,False,0.4669999999999996,8.125,False,False,,ok,,normalized_frames/topn_224_gray_jpg/water/msasl_raw_ax2UGtA8h3E__s001695__e001769__4987a944c793,75,jpg,224,224,grayscale,1696,1770,1695,1769,29.97002997002997,train
nice,msasl,MS-ASL/videos_MS_ASL_raw/msasl_raw_xO0FZwvScOI.mp4,0,108.0,109.0,5.75,18.781,msasl_2,True,640.0,360.0,False,False,False,5.803737820137373,0.053737820137373,False,0.4669999999999996,8.125,False,False,,ok,,normalized_frames/topn_224_gray_jpg/nice/msasl_raw_xO0FZwvScOI__s000000__e000107__851c048a8d54,108,jpg,224,224,grayscale,0,108,0,107,18.781014519389817,train
cousin,aslsignbank,kaggle_dataset/videos/65415.mp4,1,70.0,70.0,2.92,23.976069599104893,wlasl_102,True,656.0,370.0,False,False,False,2.919577777777778,0.0004222222222218,False,0.4669999999999996,8.125,False,False,,ok,,normalized_frames/topn_224_gray_jpg/cousin/65415__s000000__e000069__b1b982f43697,70,jpg,224,224,grayscale,1,70,0,69,23.976069599104893,train
need,msasl,MS-ASL/videos_MS_ASL_raw/msasl_raw_1v-MqrbC5Js.mp4,2258,2319.0,62.0,2.0349999999999966,29.97,msasl_26,True,1280.0,720.0,False,False,False,2.0687354020687354,0.0337354020687388,False,0.4669999999999996,8.125,False,False,,ok,,normalized_frames/topn_224_gray_jpg/need/msasl_raw_1v-MqrbC5Js__s002257__e002318__5cff7c8021ce,62,jpg,224,224,grayscale,2258,2319,2257,2318,29.97002997002997,val
finish,signingsavvy,kaggle_dataset/videos/21949.mp4,1,45.0,45.0,1.502,29.97,wlasl_10,True,288.0,192.0,False,False,False,1.5015015015015016,0.0004984984984983,False,0.4669999999999996,8.125,False,False,,ok,,normalized_frames/topn_224_gray_jpg/finish/21949__s000000__e000044__950fa6ddb723,44,jpg,224,224,grayscale,1,45,0,44,29.97,train
nice,msasl,MS-ASL/videos_MS_ASL_raw/msasl_raw_pt8VPByKR58.mp4,0,101.0,102.0,3.37,29.97,msasl_62,True,640.0,360.0,False,False,False,3.4034034034034035,0.0334034034034034,False,0.4669999999999996,8.125,False,False,,ok,,normalized_frames/topn_224_gray_jpg/nice/msasl_raw_pt8VPByKR58__s000000__e000100__54b7b801d31b,101,jpg,224,224,grayscale,0,101,0,100,29.97002997002997,train
no,msasl,MS-ASL/videos_MS_ASL_raw/msasl_raw_FBimL8-ND3E.mp4,1852,1896.0,45.0,1.4679999999999964,29.97,msasl_101,True,360.0,360.0,False,False,False,1.5015015015015016,0.0335015015015052,False,0.4669999999999996,8.125,False,False,,ok,,normalized_frames/topn_224_gray_jpg/no/msasl_raw_FBimL8-ND3E__s001851__e001895__7f4af649fb70,45,jpg,224,224,grayscale,1852,1896,1851,1895,29.97002997002997,train
happy,msasl,MS-ASL/videos_MS_ASL_raw/msasl_raw_FwGL9FjFpYI.mp4,4833,4910.0,78.0,2.569000000000017,29.97,msasl_26,True,1280.0,720.0,False,False,False,2.6026026026026026,0.0336026026025857,False,0.4669999999999996,8.125,False,False,,ok,,normalized_frames/topn_224_gray_jpg/happy/msasl_raw_FwGL9FjFpYI__s004832__e004909__d4cba96fa65f,78,jpg,224,224,grayscale,4833,4910,4832,4909,29.97002997002997,val
like,msasl,MS-ASL/videos_MS_ASL_raw/msasl_raw_xIIGn6cn8BI.mp4,2569,2627.0,59.0,1.9350000000000025,29.97,msasl_138,True,640.0,360.0,False,False,False,1.968635301968636,0.0336353019686328,False,0.4669999999999996,8.125,False,False,,ok,,normalized_frames/topn_224_gray_jpg/like/msasl_raw_xIIGn6cn8BI__s002568__e002626__89f258736bfe,59,jpg,224,224,grayscale,2569,2627,2568,2626,29.97002997002997,train
learn,msasl,MS-ASL/videos_MS_ASL_raw/msasl_raw_mfrGIHTnKvI.mp4,2604,2660.0,57.0,2.3299999999999983,24.042,msasl_94,True,640.0,360.0,False,False,False,2.3708510107312204,0.0408510107312221,False,0.4669999999999996,8.125,False,False,,ok,,normalized_frames/topn_224_gray_jpg/learn/msasl_raw_mfrGIHTnKvI__s002603__e002659__3e91bf33ea95,57,jpg,224,224,grayscale,2604,2660,2603,2659,24.042,train
deaf,msasl,MS-ASL/videos_MS_ASL_raw/msasl_raw_MDQQ9WZNwcc.mp4,5211,5261.0,51.0,1.6680000000000064,29.97,msasl_126,True,640.0,360.0,False,False,False,1.7017017017017018,0.0337017017016954,False,0.4669999999999996,8.125,False,False,,ok,,normalized_frames/topn_224_gray_jpg/deaf/msasl_raw_MDQQ9WZNwcc__s005210__e005260__3218b1e19ca6,51,jpg,224,224,grayscale,5211,5261,5210,5260,29.97002997002997,train
like,msasl,MS-ASL/videos_MS_ASL_raw/msasl_raw_R_ES8RZua1g.mp4,7093,7152.0,60.0,1.967000000000013,30.0,msasl_40,True,568.0,320.0,False,False,False,2.0,0.032999999999987,False,0.4669999999999996,8.125,False,False,,ok,,normalized_frames/topn_224_gray_jpg/like/msasl_raw_R_ES8RZua1g__s007092__e007151__bbf61e5cea55,60,jpg,224,224,grayscale,7093,7152,7092,7151,30.0,train
sit,msasl,MS-ASL/videos_MS_ASL_raw/msasl_raw_iWJgaNo9Z04.mp4,2817,2862.0,46.0,1.5010000000000048,29.97,msasl_26,True,1280.0,720.0,False,False,False,1.5348682015348682,0.0338682015348634,False,0.4669999999999996,8.125,False,False,,ok,,normalized_frames/topn_224_gray_jpg/sit/msasl_raw_iWJgaNo9Z04__s002816__e002861__5dbcaf19a465,46,jpg,224,224,grayscale,2817,2862,2816,2861,29.97002997002997,val
table,msasl,MS-ASL/videos_MS_ASL_raw/msasl_raw_pc0-gVEETVg.mp4,5807,5923.0,117.0,3.871000000000009,29.97,msasl_72,True,626.0,360.0,False,False,False,3.903903903903904,0.0329039039038949,False,0.4669999999999996,8.125,False,False,,ok,,normalized_frames/topn_224_gray_jpg/table/msasl_raw_pc0-gVEETVg__s005806__e005922__f7b5d06840ec,117,jpg,224,224,grayscale,5807,5923,5806,5922,29.97002997002997,train
nice,msasl,MS-ASL/videos_MS_ASL_raw/msasl_raw_RWYus9H4YrQ.mp4,4465,4534.0,70.0,2.76000000000002,25.0,msasl_12,True,480.0,360.0,False,False,False,2.8,0.0399999999999796,False,0.4669999999999996,8.125,False,False,,ok,,normalized_frames/topn_224_gray_jpg/nice/msasl_raw_RWYus9H4YrQ__s004464__e004533__651214c301df,70,jpg,224,224,grayscale,4465,4534,4464,4533,25.0,train
orange,msasl,MS-ASL/videos_MS_ASL_raw/msasl_raw_5Sb-YjNphkY.mp4,3492,3692.0,201.0,8.0,25.0,msasl_77,True,480.0,270.0,False,False,False,8.04,0.0399999999999991,False,0.4669999999999996,8.125,False,False,,ok,,normalized_frames/topn_224_gray_jpg/orange/msasl_raw_5Sb-YjNphkY__s003491__e003691__640462b1c251,201,jpg,224,224,grayscale,3492,3692,3491,3691,25.0,train
bird,signschool,kaggle_dataset/videos/06333.mp4,1,36.0,36.0,1.501,23.976023976023978,wlasl_32,True,1920.0,1080.0,False,False,False,1.5014999999999998,0.0004999999999999,False,0.4669999999999996,8.125,False,False,,ok,,normalized_frames/topn_224_gray_jpg/bird/06333__s000000__e000035__e4e28386aa04,36,jpg,224,224,grayscale,1,36,0,35,23.976023976023978,train
spring,spreadthesign,kaggle_dataset/videos/54116.mp4,1,103.0,103.0,3.437,29.97,wlasl_63,True,320.0,240.0,False,False,False,3.4367701034367704,0.0002298965632294,False,0.4669999999999996,8.125,False,False,,ok,,normalized_frames/topn_224_gray_jpg/spring/54116__s000000__e000102__0e01296a2bf6,103,jpg,224,224,grayscale,1,103,0,102,29.97,train
happy,msasl,MS-ASL/videos_MS_ASL_raw/msasl_raw_rkQZQhloXuE.mp4,8880,8940.0,61.0,2.002000000000009,29.97,msasl_370,True,640.0,360.0,False,False,False,2.035368702035369,0.0333687020353594,False,0.4669999999999996,8.125,False,False,,ok,,normalized_frames/topn_224_gray_jpg/happy/msasl_raw_rkQZQhloXuE__s008879__e008939__6aafea0f17d1,61,jpg,224,224,grayscale,8880,8940,8879,8939,29.97002997002997,train
need,msasl,MS-ASL/videos_MS_ASL_raw/msasl_raw_CSj7IScvZnE.mp4,4888,5004.0,117.0,3.871000000000009,29.97,msasl_72,True,626.0,360.0,False,False,False,3.903903903903904,0.0329039039038949,False,0.4669999999999996,8.125,False,False,,ok,,normalized_frames/topn_224_gray_jpg/need/msasl_raw_CSj7IScvZnE__s004887__e005003__4c9696132ad4,117,jpg,224,224,grayscale,4888,5004,4887,5003,29.97002997002997,train
nice,msasl,MS-ASL/videos_MS_ASL_raw/msasl_raw_p67ss5Yhjbk.mp4,0,74.0,75.0,2.469,29.97,msasl_96,True,636.0,360.0,False,False,False,2.5025025025025025,0.0335025025025026,False,0.4669999999999996,8.125,False,False,,ok,,normalized_frames/topn_224_gray_jpg/nice/msasl_raw_p67ss5Yhjbk__s000000__e000073__748f4ff31bab,74,jpg,224,224,grayscale,0,74,0,73,29.97002997002997,train
orange,aslsignbank,kaggle_dataset/videos/66246.mp4,1,64.0,64.0,2.135,29.97002997002997,wlasl_107,True,656.0,370.0,False,False,False,2.135466666666667,0.000466666666667,False,0.4669999999999996,8.125,False,False,,ok,,normalized_frames/topn_224_gray_jpg/orange/66246__s000000__e000063__0b3f21bc50d0,64,jpg,224,224,grayscale,1,64,0,63,29.97002997002997,val
school,msasl,MS-ASL/videos_MS_ASL_raw/msasl_raw_mC0lNJ6iz-s.mp4,5268,5417.0,150.0,4.971000000000004,29.97,msasl_32,True,640.0,360.0,False,False,False,5.005005005005005,0.0340050050050013,False,0.4669999999999996,8.125,False,False,,ok,,normalized_frames/topn_224_gray_jpg/school/msasl_raw_mC0lNJ6iz-s__s005267__e005416__9444b688f34c,150,jpg,224,224,grayscale,5268,5417,5267,5416,29.97002997002997,train
sit,msasl,MS-ASL/videos_MS_ASL_raw/msasl_raw_P3tBJESDamE.mp4,6190,6331.0,142.0,5.879999999999996,23.976,msasl_94,True,1280.0,720.0,False,False,False,5.922589255922589,0.0425892559225928,False,0.4669999999999996,8.125,False,False,,ok,,normalized_frames/topn_224_gray_jpg/sit/msasl_raw_P3tBJESDamE__s006189__e006330__413d19b25be2,142,jpg,224,224,grayscale,6190,6331,6189,6330,23.976023976023978,train
need,msasl,MS-ASL/videos_MS_ASL_raw/msasl_raw_XDH2QGZpMT4.mp4,0,62.0,63.0,2.067,30.0,msasl_0,True,320.0,240.0,False,False,False,2.1,0.0329999999999999,False,0.4669999999999996,8.125,False,False,,ok,,normalized_frames/topn_224_gray_jpg/need/msasl_raw_XDH2QGZpMT4__s000000__e000061__4e04fd5fee55,62,jpg,224,224,grayscale,0,62,0,61,30.0,test
teacher,aslsearch,kaggle_dataset/videos/57051.mp4,1,92.0,92.0,3.036,30.299673622787065,wlasl_12,True,720.0,400.0,False,False,False,3.036336336336336,0.000336336336336,False,0.4669999999999996,8.125,False,False,,ok,,normalized_frames/topn_224_gray_jpg/teacher/57051__s000000__e000091__ea9ce2fba3fc,92,jpg,224,224,grayscale,1,92,0,91,30.299673622787065,train
mother,msasl,MS-ASL/videos_MS_ASL_raw/msasl_raw_dtSmDTn3zkk.mp4,1029,1220.0,192.0,6.3729999999999976,29.97,msasl_80,True,640.0,360.0,False,False,False,6.406406406406407,0.0334064064064092,False,0.4669999999999996,8.125,False,False,,ok,,normalized_frames/topn_224_gray_jpg/mother/msasl_raw_dtSmDTn3zkk__s001028__e001219__e393e7937d02,192,jpg,224,224,grayscale,1029,1220,1028,1219,29.97002997002997,train
like,msasl,MS-ASL/videos_MS_ASL_raw/msasl_raw_TwkGS9TjUX8.mp4,12680,12730.0,51.0,1.6689999999999827,29.97,msasl_32,True,640.0,360.0,False,False,False,1.7017017017017018,0.032701701701719,False,0.4669999999999996,8.125,False,False,,ok,,normalized_frames/topn_224_gray_jpg/like/msasl_raw_TwkGS9TjUX8__s012679__e012729__3d3a1836881c,51,jpg,224,224,grayscale,12680,12730,12679,12729,29.97002997002997,train
like,msasl,MS-ASL/videos_MS_ASL_raw/msasl_raw_qK3SqANZheA.mp4,0,79.0,80.0,2.636,29.97,msasl_0,True,1280.0,720.0,False,False,False,2.669336002669336,0.0333360026693361,False,0.4669999999999996,8.125,False,False,,ok,,normalized_frames/topn_224_gray_jpg/like/msasl_raw_qK3SqANZheA__s000000__e000078__ac80305fe3f0,79,jpg,224,224,grayscale,0,79,0,78,29.97002997002997,test
finish,msasl,MS-ASL/videos_MS_ASL_raw/msasl_raw_5S3qaGLdPmE.mp4,3289,3408.0,120.0,3.971000000000004,29.97,msasl_32,True,640.0,360.0,False,False,False,4.004004004004004,0.0330040040040002,False,0.4669999999999996,8.125,False,False,,ok,,normalized_frames/topn_224_gray_jpg/finish/msasl_raw_5S3qaGLdPmE__s003288__e003407__875109805ac8,120,jpg,224,224,grayscale,3289,3408,3288,3407,29.97002997002997,train
deaf,signschool,kaggle_dataset/videos/14883.mp4,1,24.0,24.0,0.801,29.97002997002997,wlasl_45,True,1920.0,1080.0,False,False,False,0.8008000000000001,0.0001999999999999,False,0.4669999999999996,8.125,False,False,,ok,,normalized_frames/topn_224_gray_jpg/deaf/14883__s000000__e000023__3fc506bf0ea5,24,jpg,224,224,grayscale,1,24,0,23,29.97002997002997,train
bird,msasl,MS-ASL/videos_MS_ASL_raw/msasl_raw_jDCw7stJaM4.mp4,883,1000.0,118.0,3.903999999999997,29.97,msasl_72,True,472.0,360.0,False,False,False,3.937270603937271,0.0332706039372738,False,0.4669999999999996,8.125,False,False,,ok,,normalized_frames/topn_224_gray_jpg/bird/msasl_raw_jDCw7stJaM4__s000882__e000999__b543bf82ce9c,118,jpg,224,224,grayscale,883,1000,882,999,29.97002997002997,train
finish,msasl,MS-ASL/videos_MS_ASL_raw/msasl_raw_mC0lNJ6iz-s.mp4,34392,34492.0,101.0,3.336999999999989,29.97,msasl_32,True,640.0,360.0,False,False,False,3.3700367033700367,0.0330367033700476,False,0.4669999999999996,8.125,False,False,,ok,,normalized_frames/topn_224_gray_jpg/finish/msasl_raw_mC0lNJ6iz-s__s034391__e034491__c798d4a19d99,101,jpg,224,224,grayscale,34392,34492,34391,34491,29.97002997002997,train
father,msasl,MS-ASL/videos_MS_ASL_raw/msasl_raw_TwkGS9TjUX8.mp4,5127,5306.0,180.0,5.973000000000013,29.97,msasl_32,True,640.0,360.0,False,False,False,6.006006006006007,0.0330060060059933,False,0.4669999999999996,8.125,False,False,,ok,,normalized_frames/topn_224_gray_jpg/father/msasl_raw_TwkGS9TjUX8__s005126__e005305__0cb04e863e7c,180,jpg,224,224,grayscale,5127,5306,5126,5305,29.97002997002997,train
cousin,msasl,MS-ASL/videos_MS_ASL_raw/msasl_raw_TwkGS9TjUX8.mp4,15129,15307.0,179.0,5.940000000000055,29.97,msasl_32,True,640.0,360.0,False,False,False,5.972639305972639,0.0326393059725846,False,0.4669999999999996,8.125,False,False,,ok,,normalized_frames/topn_224_gray_jpg/cousin/msasl_raw_TwkGS9TjUX8__s015128__e015306__ab3f6b3c7b35,179,jpg,224,224,grayscale,15129,15307,15128,15306,29.97002997002997,train
no,startasl,kaggle_dataset/videos/38525.mp4,1,65.0,65.0,2.169,29.97,wlasl_36,True,736.0,414.0,False,False,False,2.1688355021688355,0.0001644978311645,False,0.4669999999999996,8.125,False,False,,ok,,normalized_frames/topn_224_gray_jpg/no/38525__s000000__e000064__42e6429cd785,65,jpg,224,224,grayscale,1,65,0,64,29.97,test
tired,msasl,MS-ASL/videos_MS_ASL_raw/msasl_raw_FwGL9FjFpYI.mp4,11101,11242.0,142.0,4.704999999999984,29.97,msasl_26,True,1280.0,720.0,False,False,False,4.738071404738071,0.0330714047380871,False,0.4669999999999996,8.125,False,False,,ok,,normalized_frames/topn_224_gray_jpg/tired/msasl_raw_FwGL9FjFpYI__s011100__e011241__927afe591b16,142,jpg,224,224,grayscale,11101,11242,11100,11241,29.97002997002997,val
spring,msasl,MS-ASL/videos_MS_ASL_raw/msasl_raw_6mlDhqbk9KQ.mp4,0,68.0,69.0,2.267,30.0,msasl_62,True,640.0,360.0,False,False,False,2.3,0.0329999999999999,False,0.4669999999999996,8.125,False,False,,ok,,normalized_frames/topn_224_gray_jpg/spring/msasl_raw_6mlDhqbk9KQ__s000000__e000067__f06141f7a1ab,68,jpg,224,224,grayscale,0,68,0,67,30.0,train
yes,signingsavvy,kaggle_dataset/videos/64293.mp4,1,54.0,54.0,1.802,29.97,wlasl_10,True,288.0,192.0,False,False,False,1.8018018018018016,0.0001981981981982,False,0.4669999999999996,8.125,False,False,,ok,,normalized_frames/topn_224_gray_jpg/yes/64293__s000000__e000053__847549560e27,53,jpg,224,224,grayscale,1,54,0,53,29.97,train
happy,signingsavvy,kaggle_dataset/videos/26532.mp4,1,70.0,70.0,2.336,29.97,wlasl_10,True,288.0,192.0,False,False,False,2.335669002335669,0.0003309976643306,False,0.4669999999999996,8.125,False,False,,ok,,normalized_frames/topn_224_gray_jpg/happy/26532__s000000__e000069__993bc484376a,69,jpg,224,224,grayscale,1,70,0,69,29.97,train
bird,msasl,MS-ASL/videos_MS_ASL_raw/msasl_raw_Bibgy-yjgYE.mp4,0,58.0,59.0,2.32,25.0,msasl_0,True,1280.0,720.0,False,False,False,2.36,0.04,False,0.4669999999999996,8.125,False,False,,ok,,normalized_frames/topn_224_gray_jpg/bird/msasl_raw_Bibgy-yjgYE__s000000__e000057__6fae58b16e58,58,jpg,224,224,grayscale,0,58,0,57,25.0,test
need,aslsearch,kaggle_dataset/videos/37432.mp4,1,83.0,83.0,2.736,30.33585775436286,wlasl_41,True,720.0,400.0,False,False,False,2.736036036036036,3.603603603563599e-05,False,0.4669999999999996,8.125,False,False,,ok,,normalized_frames/topn_224_gray_jpg/need/37432__s000000__e000082__f99c92929e15,83,jpg,224,224,grayscale,1,83,0,82,30.33585775436286,train
spring,msasl,MS-ASL/videos_MS_ASL_raw/msasl_raw_K8c-np9zNT8.mp4,21989,22152.0,164.0,6.520000000000096,25.0,msasl_12,True,480.0,360.0,False,False,False,6.56,0.0399999999999032,False,0.4669999999999996,8.125,False,False,,ok,,normalized_frames/topn_224_gray_jpg/spring/msasl_raw_K8c-np9zNT8__s021988__e022151__d13c5f93f9ab,164,jpg,224,224,grayscale,21989,22152,21988,22151,25.0,train
what,aslsearch,kaggle_dataset/videos/62987.mp4,1,97.0,97.0,3.203,30.282502942738983,wlasl_12,True,720.0,400.0,False,False,False,3.20316983650317,0.0001698365031703,False,0.4669999999999996,8.125,False,False,,ok,,normalized_frames/topn_224_gray_jpg/what/62987__s000000__e000096__f0bbf695de81,97,jpg,224,224,grayscale,1,97,0,96,30.282502942738983,train
doctor,msasl,MS-ASL/videos_MS_ASL_raw/msasl_raw_8hBFgtJOZaE.mp4,8225,8295.0,71.0,2.800000000000012,25.0,msasl_12,True,480.0,360.0,False,False,False,2.84,0.039999999999988,False,0.4669999999999996,8.125,False,False,,ok,,normalized_frames/topn_224_gray_jpg/doctor/msasl_raw_8hBFgtJOZaE__s008224__e008294__e10c0f8fd686,71,jpg,224,224,grayscale,8225,8295,8224,8294,25.0,train
again,msasl,MS-ASL/videos_MS_ASL_raw/msasl_raw_HUMEcnkvhJU.mp4,2900,2950.0,51.0,1.668999999999997,29.97,msasl_251,True,640.0,360.0,False,False,False,1.7017017017017018,0.0327017017017048,False,0.4669999999999996,8.125,False,False,,ok,,normalized_frames/topn_224_gray_jpg/again/msasl_raw_HUMEcnkvhJU__s002899__e002949__fd7857e9ac2a,51,jpg,224,224,grayscale,2900,2950,2899,2949,29.97002997002997,train
learn,msasl,MS-ASL/videos_MS_ASL_raw/msasl_raw_8OGGZyG8S9g.mp4,14892,14962.0,71.0,2.800000000000068,25.0,msasl_12,True,480.0,360.0,False,False,False,2.84,0.0399999999999316,False,0.4669999999999996,8.125,False,False,,ok,,normalized_frames/topn_224_gray_jpg/learn/msasl_raw_8OGGZyG8S9g__s014891__e014961__cbad2c89ddbd,71,jpg,224,224,grayscale,14892,14962,14891,14961,25.0,train
yes,msasl,MS-ASL/videos_MS_ASL_raw/msasl_raw_bX1eJjB3nyA.mp4,4333,4394.0,62.0,2.0349999999999966,29.97,msasl_261,True,640.0,360.0,False,False,False,2.0687354020687354,0.0337354020687388,False,0.4669999999999996,8.125,False,False,,ok,,normalized_frames/topn_224_gray_jpg/yes/msasl_raw_bX1eJjB3nyA__s004332__e004393__96d3faac9521,62,jpg,224,224,grayscale,4333,4394,4332,4393,29.97002997002997,train
teacher,msasl,MS-ASL/videos_MS_ASL_raw/msasl_raw_HYK7P7Cm_aY.mp4,15,65.0,51.0,1.668,29.97,msasl_36,True,480.0,360.0,False,False,False,1.7017017017017018,0.0337017017017018,False,0.4669999999999996,8.125,False,False,,ok,,normalized_frames/topn_224_gray_jpg/teacher/msasl_raw_HYK7P7Cm_aY__s000014__e000064__4a13257175e4,51,jpg,224,224,grayscale,15,65,14,64,29.97002997002997,train
nice,msasl,MS-ASL/videos_MS_ASL_raw/msasl_raw_kwCfdkhc37c.mp4,963,1008.0,46.0,1.5,30.0,msasl_34,True,406.0,720.0,False,False,False,1.5333333333333334,0.0333333333333334,False,0.4669999999999996,8.125,False,False,,ok,,normalized_frames/topn_224_gray_jpg/nice/msasl_raw_kwCfdkhc37c__s000962__e001007__a8d62b0e1f1d,46,jpg,224,224,grayscale,963,1008,962,1007,30.0,train
student,msasl,MS-ASL/videos_MS_ASL_raw/msasl_raw_0E3YmyCR6EY.mp4,0,49.0,50.0,1.635,29.97,msasl_0,True,1280.0,720.0,False,False,False,1.6683350016683351,0.0333350016683351,False,0.4669999999999996,8.125,False,False,,ok,,normalized_frames/topn_224_gray_jpg/student/msasl_raw_0E3YmyCR6EY__s000000__e000048__5b82e5d1653c,49,jpg,224,224,grayscale,0,49,0,48,29.97002997002997,test
like,msasl,MS-ASL/videos_MS_ASL_raw/msasl_raw_GqF8lSxalYo.mp4,100,210.0,111.0,3.67,29.97,msasl_144,True,480.0,360.0,False,False,False,3.703703703703704,0.0337037037037037,False,0.4669999999999996,8.125,False,False,,ok,,normalized_frames/topn_224_gray_jpg/like/msasl_raw_GqF8lSxalYo__s000099__e000209__21518d736876,111,jpg,224,224,grayscale,100,210,99,209,29.97002997002997,train
cousin,msasl,MS-ASL/videos_MS_ASL_raw/msasl_raw_1E8k8gI_xYk.mp4,2224,2294.0,71.0,2.335000000000008,29.97,msasl_359,True,640.0,360.0,False,False,False,2.369035702369036,0.0340357023690276,False,0.4669999999999996,8.125,False,False,,ok,,normalized_frames/topn_224_gray_jpg/cousin/msasl_raw_1E8k8gI_xYk__s002223__e002293__aa6995b032ef,71,jpg,224,224,grayscale,2224,2294,2223,2293,29.97002997002997,train
need,signschool,kaggle_dataset/videos/37425.mp4,1,45.0,45.0,1.502,29.97002997002997,wlasl_4,True,1920.0,1080.0,False,False,False,1.5015,0.0004999999999999,False,0.4669999999999996,8.125,False,False,,ok,,normalized_frames/topn_224_gray_jpg/need/37425__s000000__e000044__a8e124982043,45,jpg,224,224,grayscale,1,45,0,44,29.97002997002997,train
finish,msasl,MS-ASL/videos_MS_ASL_raw/msasl_raw_IMF7K2ClfQc.mp4,4225,4403.0,179.0,5.939000000000021,29.97,msasl_247,True,640.0,360.0,False,False,False,5.972639305972639,0.0336393059726178,False,0.4669999999999996,8.125,False,False,,ok,,normalized_frames/topn_224_gray_jpg/finish/msasl_raw_IMF7K2ClfQc__s004224__e004402__0f1418318f43,179,jpg,224,224,grayscale,4225,4403,4224,4402,29.97002997002997,train
learn,msasl,MS-ASL/videos_MS_ASL_raw/msasl_raw_DOZJOFHs75s.mp4,2574,2667.0,94.0,3.1030000000000086,29.97,msasl_95,True,480.0,360.0,False,False,False,3.1364698031364697,0.033469803136461,False,0.4669999999999996,8.125,False,False,,ok,,normalized_frames/topn_224_gray_jpg/learn/msasl_raw_DOZJOFHs75s__s002573__e002666__f95a7ab09633,94,jpg,224,224,grayscale,2574,2667,2573,2666,29.97002997002997,train
man,aslsearch,kaggle_dataset/videos/34746.mp4,1,81.0,81.0,2.669,30.345004312553908,wlasl_41,True,720.0,400.0,False,False,False,2.6693026359693026,0.0003026359693025,False,0.4669999999999996,8.125,False,False,,ok,,normalized_frames/topn_224_gray_jpg/man/34746__s000000__e000080__eab53ba0aaa6,81,jpg,224,224,grayscale,1,81,0,80,30.345004312553908,train
tired,msasl,MS-ASL/videos_MS_ASL_raw/msasl_raw_ZgUBU0NNEDU.mp4,8490,8550.0,61.0,2.002000000000009,29.97,msasl_26,True,1280.0,720.0,False,False,False,2.035368702035369,0.0333687020353594,False,0.4669999999999996,8.125,False,False,,ok,,normalized_frames/topn_224_gray_jpg/tired/msasl_raw_ZgUBU0NNEDU__s008489__e008549__1db0888df89e,61,jpg,224,224,grayscale,8490,8550,8489,8549,29.97002997002997,val
like,msasl,MS-ASL/videos_MS_ASL_raw/msasl_raw_ZG4u7LDCN8A.mp4,3678,3829.0,152.0,6.039999999999992,25.0,msasl_172,True,640.0,360.0,False,False,False,6.08,0.040000000000008,False,0.4669999999999996,8.125,False,False,,ok,,normalized_frames/topn_224_gray_jpg/like/msasl_raw_ZG4u7LDCN8A__s003677__e003828__eabb1202e163,152,jpg,224,224,grayscale,3678,3829,3677,3828,25.0,train
father,msasl,MS-ASL/videos_MS_ASL_raw/msasl_raw_1E8k8gI_xYk.mp4,1054,1158.0,105.0,3.470000000000006,29.97,msasl_359,True,640.0,360.0,False,False,False,3.503503503503504,0.0335035035034976,False,0.4669999999999996,8.125,False,False,,ok,,normalized_frames/topn_224_gray_jpg/father/msasl_raw_1E8k8gI_xYk__s001053__e001157__5aedec04277d,105,jpg,224,224,grayscale,1054,1158,1053,1157,29.97002997002997,train
orange,signschool,kaggle_dataset/videos/40117.mp4,1,38.0,38.0,1.268,29.97002997002997,wlasl_39,True,1920.0,1080.0,False,False,False,1.2679333333333334,6.666666666665932e-05,False,0.4669999999999996,8.125,False,False,,ok,,normalized_frames/topn_224_gray_jpg/orange/40117__s000000__e000037__85e9c489ee16,38,jpg,224,224,grayscale,1,38,0,37,29.97002997002997,train
mother,msasl,MS-ASL/videos_MS_ASL_raw/msasl_raw_yzl_Ez0ZB9Q.mp4,1292,1319.0,28.0,0.9010000000000034,29.97,msasl_97,True,480.0,360.0,False,False,False,0.9342676009342676,0.0332676009342642,False,0.4669999999999996,8.125,False,False,,ok,,normalized_frames/topn_224_gray_jpg/mother/msasl_raw_yzl_Ez0ZB9Q__s001291__e001318__e24048ae2df9,28,jpg,224,224,grayscale,1292,1319,1291,1318,29.97002997002997,train
help,msasl,MS-ASL/videos_MS_ASL_raw/msasl_raw_6UrcyZ-QeiU.mp4,2019,2069.0,51.0,1.668999999999997,29.97,msasl_205,True,640.0,360.0,False,False,False,1.7017017017017018,0.0327017017017048,False,0.4669999999999996,8.125,False,False,,ok,,normalized_frames/topn_224_gray_jpg/help/msasl_raw_6UrcyZ-QeiU__s002018__e002068__42c46b38f85c,51,jpg,224,224,grayscale,2019,2069,2018,2068,29.97002997002997,train
but,asldeafined,kaggle_dataset/videos/16195.mp4,1,61.0,61.0,2.033,30.0,wlasl_59,True,640.0,480.0,False,False,False,2.033333333333333,0.0003333333333332,False,0.4669999999999996,8.125,False,False,,ok,,normalized_frames/topn_224_gray_jpg/but/16195__s000000__e000060__6efcfabd06fc,61,jpg,224,224,grayscale,1,61,0,60,30.0,train
father,msasl,MS-ASL/videos_MS_ASL_raw/msasl_raw_Ag5VPvAe8PA.mp4,1432,1551.0,120.0,3.971000000000004,29.97,msasl_18,True,640.0,360.0,False,False,False,4.004004004004004,0.0330040040040002,False,0.4669999999999996,8.125,False,False,,ok,,normalized_frames/topn_224_gray_jpg/father/msasl_raw_Ag5VPvAe8PA__s001431__e001550__cbe1339624cd,120,jpg,224,224,grayscale,1432,1551,1431,1550,29.97002997002997,train
what,msasl,MS-ASL/videos_MS_ASL_raw/msasl_raw_FKp2hBhdj9k.mp4,952,1020.0,69.0,2.2689999999999984,29.97,msasl_286,True,1280.0,720.0,False,False,False,2.3023023023023024,0.033302302302304,False,0.4669999999999996,8.125,False,False,,ok,,normalized_frames/topn_224_gray_jpg/what/msasl_raw_FKp2hBhdj9k__s000951__e001019__d7ca5e4441cc,69,jpg,224,224,grayscale,952,1020,951,1019,29.97002997002997,train
nice,msasl,MS-ASL/videos_MS_ASL_raw/msasl_raw_BEKUHzwnVO8.mp4,14250,14438.0,189.0,6.272999999999968,29.97,msasl_80,True,640.0,360.0,False,False,False,6.306306306306307,0.033306306306339,False,0.4669999999999996,8.125,False,False,,ok,,normalized_frames/topn_224_gray_jpg/nice/msasl_raw_BEKUHzwnVO8__s014249__e014437__2ad9f9fde576,189,jpg,224,224,grayscale,14250,14438,14249,14437,29.97002997002997,train
help,aslsignbank,kaggle_dataset/videos/65890.mp4,1,59.0,59.0,2.461,23.97605104054256,wlasl_90,True,656.0,370.0,False,False,False,2.460788888888888,0.0002111111111116,False,0.4669999999999996,8.125,False,False,,ok,,normalized_frames/topn_224_gray_jpg/help/65890__s000000__e000058__66fd512a1f93,59,jpg,224,224,grayscale,1,59,0,58,23.976051040542558,train
what,msasl,MS-ASL/videos_MS_ASL_raw/msasl_raw_9RE2NLd_Sgw.mp4,2847,2998.0,152.0,5.037999999999997,29.97,msasl_94,True,1280.0,720.0,False,False,False,5.071738405071739,0.0337384050717419,False,0.4669999999999996,8.125,False,False,,ok,,normalized_frames/topn_224_gray_jpg/what/msasl_raw_9RE2NLd_Sgw__s002846__e002997__a9777d6af7da,152,jpg,224,224,grayscale,2847,2998,2846,2997,29.97002997002997,train
bird,msasl,MS-ASL/videos_MS_ASL_raw/msasl_raw_stsGYdklN_k.mp4,830,857.0,28.0,0.9009999999999998,29.97,msasl_124,True,640.0,360.0,False,False,False,0.9342676009342676,0.0332676009342678,False,0.4669999999999996,8.125,False,False,,ok,,normalized_frames/topn_224_gray_jpg/bird/msasl_raw_stsGYdklN_k__s000829__e000856__96f49e9f0a6e,28,jpg,224,224,grayscale,830,857,829,856,29.97,train
mother,msasl,MS-ASL/videos_MS_ASL_raw/msasl_raw_qysriDtUS5o.mp4,486,528.0,43.0,1.751999999999999,23.976,msasl_73,True,640.0,360.0,False,False,False,1.7934601267934602,0.0414601267934613,False,0.4669999999999996,8.125,False,False,,ok,,normalized_frames/topn_224_gray_jpg/mother/msasl_raw_qysriDtUS5o__s000485__e000527__0ded86107849,43,jpg,224,224,grayscale,486,528,485,527,23.976023976023978,train
spring,msasl,MS-ASL/videos_MS_ASL_raw/msasl_raw__qRft6V2XC0.mp4,214,254.0,41.0,1.335,29.97,msasl_203,True,640.0,360.0,False,False,False,1.3680347013680347,0.0330347013680347,False,0.4669999999999996,8.125,False,False,,ok,,normalized_frames/topn_224_gray_jpg/spring/msasl_raw__qRft6V2XC0__s000213__e000253__e4d9cb8281fd,41,jpg,224,224,grayscale,214,254,213,253,29.97002997002997,train
what,msasl,MS-ASL/videos_MS_ASL_raw/msasl_raw_owXsDIKq4lk.mp4,3946,4038.0,93.0,3.0700000000000216,29.97,msasl_391,True,1280.0,720.0,False,False,False,3.103103103103104,0.0331031031030817,False,0.4669999999999996,8.125,False,False,,ok,,normalized_frames/topn_224_gray_jpg/what/msasl_raw_owXsDIKq4lk__s003945__e004037__4d9e11c92257,93,jpg,224,224,grayscale,3946,4038,3945,4037,29.97002997002997,train
like,signingsavvy,kaggle_dataset/videos/33273.mp4,1,38.0,38.0,1.268,29.97,wlasl_11,True,288.0,192.0,False,False,False,1.267934601267935,6.539873206534708e-05,False,0.4669999999999996,8.125,False,False,,ok,,normalized_frames/topn_224_gray_jpg/like/33273__s000000__e000037__f59e752fb81c,36,jpg,224,224,grayscale,1,38,0,37,29.97,val
fish,aslbrick,kaggle_dataset/videos/69325.mp4,1,94.0,94.0,3.136,29.97002997002997,wlasl_116,True,1280.0,720.0,False,False,False,3.1364666666666667,0.0004666666666666,False,0.4669999999999996,8.125,False,False,,ok,,normalized_frames/topn_224_gray_jpg/fish/69325__s000000__e000093__6731d7487ab7,94,jpg,224,224,grayscale,1,94,0,93,29.97002997002997,train
again,msasl,MS-ASL/videos_MS_ASL_raw/msasl_raw_UI5KLVn8JKI.mp4,1664,1691.0,28.0,0.9010000000000034,29.97,msasl_124,True,640.0,360.0,False,False,False,0.9342676009342676,0.0332676009342642,False,0.4669999999999996,8.125,False,False,,ok,,normalized_frames/topn_224_gray_jpg/again/msasl_raw_UI5KLVn8JKI__s001663__e001690__066463066645,28,jpg,224,224,grayscale,1664,1691,1663,1690,29.97,train
father,msasl,MS-ASL/videos_MS_ASL_raw/msasl_raw_3zoqSvF0Z2A.mp4,2254,2299.0,46.0,1.5,30.0,msasl_175,True,568.0,320.0,False,False,False,1.5333333333333334,0.0333333333333334,False,0.4669999999999996,8.125,False,False,,ok,,normalized_frames/topn_224_gray_jpg/father/msasl_raw_3zoqSvF0Z2A__s002253__e002298__be972cafffc1,46,jpg,224,224,grayscale,2254,2299,2253,2298,30.0,train
doctor,msasl,MS-ASL/videos_MS_ASL_raw/msasl_raw_2nXrJ_7NOgE.mp4,3795,3928.0,134.0,5.319999999999993,25.0,msasl_12,True,1280.0,720.0,False,False,False,5.36,0.0400000000000071,False,0.4669999999999996,8.125,False,False,,ok,,normalized_frames/topn_224_gray_jpg/doctor/msasl_raw_2nXrJ_7NOgE__s003794__e003927__694689b98547,134,jpg,224,224,grayscale,3795,3928,3794,3927,25.0,train
orange,msasl,MS-ASL/videos_MS_ASL_raw/msasl_raw_Wt4p6qWgR1k.mp4,0,61.0,62.0,2.035,29.97,msasl_0,True,640.0,360.0,False,False,False,2.0687354020687354,0.0337354020687352,False,0.4669999999999996,8.125,False,False,,ok,,normalized_frames/topn_224_gray_jpg/orange/msasl_raw_Wt4p6qWgR1k__s000000__e000060__6b373b2adc7e,61,jpg,224,224,grayscale,0,61,0,60,29.97002997002997,test
learn,msasl,MS-ASL/videos_MS_ASL_raw/msasl_raw_afwqCG7GmrQ.mp4,235,298.0,64.0,2.1019999999999994,29.97,msasl_140,True,1280.0,720.0,False,False,False,2.135468802135469,0.0334688021354696,False,0.4669999999999996,8.125,False,False,,ok,,normalized_frames/topn_224_gray_jpg/learn/msasl_raw_afwqCG7GmrQ__s000234__e000297__bf891547de19,64,jpg,224,224,grayscale,235,298,234,297,29.97002997002997,train
table,msasl,MS-ASL/videos_MS_ASL_raw/msasl_raw_Zv3oNQQS8Wg.mp4,148,252.0,105.0,3.47,29.97,msasl_144,True,480.0,360.0,False,False,False,3.503503503503504,0.0335035035035033,False,0.4669999999999996,8.125,False,False,,ok,,normalized_frames/topn_224_gray_jpg/table/msasl_raw_Zv3oNQQS8Wg__s000147__e000251__b040f771455b,105,jpg,224,224,grayscale,148,252,147,251,29.97002997002997,train
water,startasl,kaggle_dataset/videos/62501.mp4,1,66.0,66.0,2.202,29.97,wlasl_36,True,736.0,414.0,False,False,False,2.2022022022022023,0.0002022022022023,False,0.4669999999999996,8.125,False,False,,ok,,normalized_frames/topn_224_gray_jpg/water/62501__s000000__e000065__6776c59fd775,66,jpg,224,224,grayscale,1,66,0,65,29.97,test
learn,msasl,MS-ASL/videos_MS_ASL_raw/msasl_raw_FwrpfdqyEDo.mp4,0,117.0,118.0,4.674,25.03,msasl_87,True,1280.0,720.0,False,False,False,4.714342788653616,0.0403427886536151,False,0.4669999999999996,8.125,False,False,,ok,,normalized_frames/topn_224_gray_jpg/learn/msasl_raw_FwrpfdqyEDo__s000000__e000116__e024a17da76a,93,jpg,224,224,grayscale,0,117,0,116,20.0,train
mother,msasl,MS-ASL/videos_MS_ASL_raw/msasl_raw_BEKUHzwnVO8.mp4,7542,7683.0,142.0,4.704999999999984,29.97,msasl_80,True,640.0,360.0,False,False,False,4.738071404738071,0.0330714047380871,False,0.4669999999999996,8.125,False,False,,ok,,normalized_frames/topn_224_gray_jpg/mother/msasl_raw_BEKUHzwnVO8__s007541__e007682__441467e7f6ad,142,jpg,224,224,grayscale,7542,7683,7541,7682,29.97002997002997,train
but,signschool,kaggle_dataset/videos/16194.mp4,1,23.0,23.0,0.959,23.976093402520384,wlasl_4,True,1920.0,1080.0,False,False,False,0.959288888888889,0.000288888888889,False,0.4669999999999996,8.125,False,False,,ok,,normalized_frames/topn_224_gray_jpg/but/16194__s000000__e000022__2c518949ba87,23,jpg,224,224,grayscale,1,23,0,22,23.976093402520384,train
need,msasl,MS-ASL/videos_MS_ASL_raw/msasl_raw_4Nh1iFv2BMc.mp4,6648,6789.0,142.0,4.704000000000008,29.97,msasl_72,True,626.0,360.0,False,False,False,4.738071404738071,0.0340714047380634,False,0.4669999999999996,8.125,False,False,,ok,,normalized_frames/topn_224_gray_jpg/need/msasl_raw_4Nh1iFv2BMc__s006647__e006788__bb8154a44f20,142,jpg,224,224,grayscale,6648,6789,6647,6788,29.97002997002997,train
what,spreadthesign,kaggle_dataset/videos/62964.mp4,1,91.0,91.0,3.036,29.97,wlasl_42,True,320.0,240.0,False,False,False,3.0363697030363697,0.0003697030363696,False,0.4669999999999996,8.125,False,False,,ok,,normalized_frames/topn_224_gray_jpg/what/62964__s000000__e000090__078bbc45b757,91,jpg,224,224,grayscale,1,91,0,90,29.97,train
deaf,msasl,MS-ASL/videos_MS_ASL_raw/msasl_raw_KTURNRi-wy0.mp4,1355,1428.0,74.0,2.436,29.97,msasl_26,True,1280.0,720.0,False,False,False,2.469135802469136,0.0331358024691361,False,0.4669999999999996,8.125,False,False,,ok,,normalized_frames/topn_224_gray_jpg/deaf/msasl_raw_KTURNRi-wy0__s001354__e001427__049ce2239c54,74,jpg,224,224,grayscale,1355,1428,1354,1427,29.97002997002997,val
eat,msasl,MS-ASL/videos_MS_ASL_raw/msasl_raw_my4mxg6lXYQ.mp4,3037,3122.0,86.0,2.8360000000000127,29.97,msasl_124,True,1280.0,720.0,False,False,False,2.8695362028695364,0.0335362028695236,False,0.4669999999999996,8.125,False,False,,ok,,normalized_frames/topn_224_gray_jpg/eat/msasl_raw_my4mxg6lXYQ__s003036__e003121__4f22566acbc1,86,jpg,224,224,grayscale,3037,3122,3036,3121,29.97002997002997,train
what,aslsearch,kaggle_dataset/videos/62988.mp4,1,87.0,87.0,2.87,30.318840916754844,wlasl_12,True,720.0,400.0,False,False,False,2.869502836169503,0.0004971638304969,False,0.4669999999999996,8.125,False,False,,ok,,normalized_frames/topn_224_gray_jpg/what/62988__s000000__e000086__cebedb34065f,87,jpg,224,224,grayscale,1,87,0,86,30.318840916754844,train
no,signingsavvy,kaggle_dataset/videos/38534.mp4,1,53.0,53.0,1.768,29.97,wlasl_11,True,288.0,192.0,False,False,False,1.7684351017684352,0.0004351017684351,False,0.4669999999999996,8.125,False,False,,ok,,normalized_frames/topn_224_gray_jpg/no/38534__s000000__e000052__c9fbb1a823e9,53,jpg,224,224,grayscale,1,53,0,52,29.97,val
fish,msasl,MS-ASL/videos_MS_ASL_raw/msasl_raw_UXetwN_cI5A.mp4,10189,10249.0,61.0,2.3999999999999773,25.0,msasl_12,True,480.0,360.0,False,False,False,2.44,0.0400000000000226,False,0.4669999999999996,8.125,False,False,,ok,,normalized_frames/topn_224_gray_jpg/fish/msasl_raw_UXetwN_cI5A__s010188__e010248__5869990170ee,61,jpg,224,224,grayscale,10189,10249,10188,10248,25.0,train
no,msasl,MS-ASL/videos_MS_ASL_raw/msasl_raw_TDoqoJDX280.mp4,1972,2135.0,164.0,5.438999999999993,29.97,msasl_124,True,640.0,360.0,False,False,False,5.472138805472139,0.0331388054721459,False,0.4669999999999996,8.125,False,False,,ok,,normalized_frames/topn_224_gray_jpg/no/msasl_raw_TDoqoJDX280__s001971__e002134__83f9a79700df,164,jpg,224,224,grayscale,1972,2135,1971,2134,29.97,train
man,msasl,MS-ASL/videos_MS_ASL_raw/msasl_raw_jD_YbAqxNe4.mp4,10,80.0,71.0,2.335,29.97,msasl_96,True,636.0,360.0,False,False,False,2.369035702369036,0.0340357023690356,False,0.4669999999999996,8.125,False,False,,ok,,normalized_frames/topn_224_gray_jpg/man/msasl_raw_jD_YbAqxNe4__s000009__e000079__22e786a1f416,71,jpg,224,224,grayscale,10,80,9,79,29.97002997002997,train
teacher,startasl,kaggle_dataset/videos/57039.mp4,1,68.0,68.0,2.269,29.97,wlasl_36,True,736.0,414.0,False,False,False,2.2689356022689355,6.439773106459157e-05,False,0.4669999999999996,8.125,False,False,,ok,,normalized_frames/topn_224_gray_jpg/teacher/57039__s000000__e000067__f9a91d746379,68,jpg,224,224,grayscale,1,68,0,67,29.97,test
man,aslsignbank,kaggle_dataset/videos/66098.mp4,1,69.0,69.0,2.878,23.976093402520384,wlasl_97,True,656.0,370.0,False,False,False,2.877866666666667,0.0001333333333333,False,0.4669999999999996,8.125,False,False,,ok,,normalized_frames/topn_224_gray_jpg/man/66098__s000000__e000068__735c1f8c25cb,69,jpg,224,224,grayscale,1,69,0,68,23.976093402520384,train
sit,msasl,MS-ASL/videos_MS_ASL_raw/msasl_raw_-hzoIOWYJac.mp4,2001,2061.0,61.0,2.0080000000000098,29.887,msasl_34,True,1280.0,720.0,False,False,False,2.0410211797771605,0.0330211797771506,False,0.4669999999999996,8.125,False,False,,ok,,normalized_frames/topn_224_gray_jpg/sit/msasl_raw_-hzoIOWYJac__s002000__e002060__dfa177850991,61,jpg,224,224,grayscale,2001,2061,2000,2060,30.0,train
yes,msasl,MS-ASL/videos_MS_ASL_raw/msasl_raw_g59_3vr_NT0.mp4,7840,7961.0,122.0,4.033999999999992,30.0,msasl_163,True,1280.0,720.0,False,False,False,4.066666666666666,0.0326666666666746,False,0.4669999999999996,8.125,False,False,,ok,,normalized_frames/topn_224_gray_jpg/yes/msasl_raw_g59_3vr_NT0__s007839__e007960__6e8a48acf527,122,jpg,224,224,grayscale,7840,7961,7839,7960,30.0,train
fish,msasl,MS-ASL/videos_MS_ASL_raw/msasl_raw_hUrfB8bikfw.mp4,2673,2730.0,58.0,1.902000000000001,29.97,msasl_124,True,640.0,360.0,False,False,False,1.9352686019352687,0.0332686019352677,False,0.4669999999999996,8.125,False,False,,ok,,normalized_frames/topn_224_gray_jpg/fish/msasl_raw_hUrfB8bikfw__s002672__e002729__f5cdc52e5919,58,jpg,224,224,grayscale,2673,2730,2672,2729,29.97,train
again,msasl,MS-ASL/videos_MS_ASL_raw/msasl_raw_uPKOwziViaw.mp4,675,872.0,198.0,6.573,29.97,msasl_124,True,1280.0,720.0,False,False,False,6.606606606606607,0.0336066066066065,False,0.4669999999999996,8.125,False,False,,ok,,normalized_frames/topn_224_gray_jpg/again/msasl_raw_uPKOwziViaw__s000674__e000871__802ad16f3f5e,198,jpg,224,224,grayscale,675,872,674,871,29.97002997002997,train
eat,msasl,MS-ASL/videos_MS_ASL_raw/msasl_raw_rkQZQhloXuE.mp4,4552,4605.0,54.0,1.7690000000000057,29.97,msasl_370,True,640.0,360.0,False,False,False,1.8018018018018016,0.0328018018017961,False,0.4669999999999996,8.125,False,False,,ok,,normalized_frames/topn_224_gray_jpg/eat/msasl_raw_rkQZQhloXuE__s004551__e004604__ad7ec22d83b4,54,jpg,224,224,grayscale,4552,4605,4551,4604,29.97002997002997,train
teacher,msasl,MS-ASL/videos_MS_ASL_raw/msasl_raw_f7COHRpmVKA.mp4,434,583.0,150.0,4.972,29.97,msasl_32,True,640.0,360.0,False,False,False,5.005005005005005,0.0330050050050045,False,0.4669999999999996,8.125,False,False,,ok,,normalized_frames/topn_224_gray_jpg/teacher/msasl_raw_f7COHRpmVKA__s000433__e000582__c2dda207ff73,150,jpg,224,224,grayscale,434,583,433,582,29.97002997002997,train
eat,msasl,MS-ASL/videos_MS_ASL_raw/msasl_raw_6UrcyZ-QeiU.mp4,1169,1298.0,130.0,4.304000000000002,29.97,msasl_205,True,640.0,360.0,False,False,False,4.337671004337671,0.0336710043376689,False,0.4669999999999996,8.125,False,False,,ok,,normalized_frames/topn_224_gray_jpg/eat/msasl_raw_6UrcyZ-QeiU__s001168__e001297__02bef0f194c2,130,jpg,224,224,grayscale,1169,1298,1168,1297,29.97002997002997,train
father,msasl,MS-ASL/videos_MS_ASL_raw/msasl_raw_ktkz1BUzs48.mp4,703,749.0,47.0,1.535,29.97,msasl_26,True,1280.0,720.0,False,False,False,1.5682349015682349,0.0332349015682349,False,0.4669999999999996,8.125,False,False,,ok,,normalized_frames/topn_224_gray_jpg/father/msasl_raw_ktkz1BUzs48__s000702__e000748__71e47067a58f,47,jpg,224,224,grayscale,703,749,702,748,29.97002997002997,val
finish,msasl,MS-ASL/videos_MS_ASL_raw/msasl_raw_Vintf-DLWq0.mp4,672,694.0,23.0,0.7370000000000019,29.878,msasl_41,True,202.0,360.0,False,False,False,0.7697971751790615,0.0327971751790596,False,0.4669999999999996,8.125,False,False,,ok,,normalized_frames/topn_224_gray_jpg/finish/msasl_raw_Vintf-DLWq0__s000671__e000693__fc3f83d0de9b,23,jpg,224,224,grayscale,672,694,671,693,30.0,train
deaf,asldeafined,kaggle_dataset/videos/14887.mp4,1,62.0,62.0,2.066,30.00483949024036,wlasl_59,True,640.0,480.0,False,False,False,2.0663333333333336,0.0003333333333337,False,0.4669999999999996,8.125,False,False,,ok,,normalized_frames/topn_224_gray_jpg/deaf/14887__s000000__e000061__beadd6812120,62,jpg,224,224,grayscale,1,62,0,61,30.00483949024036,train
need,msasl,MS-ASL/videos_MS_ASL_raw/msasl_raw_7b4vSYwKgok.mp4,1831,1869.0,39.0,1.266999999999996,30.0,msasl_34,True,1280.0,720.0,False,False,False,1.3,0.0330000000000041,False,0.4669999999999996,8.125,False,False,,ok,,normalized_frames/topn_224_gray_jpg/need/msasl_raw_7b4vSYwKgok__s001830__e001868__00405b84312a,39,jpg,224,224,grayscale,1831,1869,1830,1868,30.0,train
student,msasl,MS-ASL/videos_MS_ASL_raw/msasl_raw_BEKUHzwnVO8.mp4,5297,5419.0,123.0,4.070999999999998,29.97,msasl_80,True,640.0,360.0,False,False,False,4.104104104104104,0.0331041041041064,False,0.4669999999999996,8.125,False,False,,ok,,normalized_frames/topn_224_gray_jpg/student/msasl_raw_BEKUHzwnVO8__s005296__e005418__d9fef5432981,123,jpg,224,224,grayscale,5297,5419,5296,5418,29.97002997002997,train
no,msasl,MS-ASL/videos_MS_ASL_raw/msasl_raw_iHR2uV-Uxc8.mp4,9766,9788.0,23.0,0.7340000000000373,29.97,msasl_349,True,640.0,360.0,False,False,False,0.7674341007674341,0.0334341007673968,False,0.4669999999999996,8.125,False,False,,ok,,normalized_frames/topn_224_gray_jpg/no/msasl_raw_iHR2uV-Uxc8__s009765__e009787__a6ac96566424,23,jpg,224,224,grayscale,9766,9788,9765,9787,29.97002997002997,train
yes,msasl,MS-ASL/videos_MS_ASL_raw/msasl_raw_p8OYydc3WQM.mp4,2432,2558.0,127.0,4.204000000000008,29.97,msasl_262,True,640.0,360.0,False,False,False,4.237570904237571,0.0335709042375631,False,0.4669999999999996,8.125,False,False,,ok,,normalized_frames/topn_224_gray_jpg/yes/msasl_raw_p8OYydc3WQM__s002431__e002557__e513ec52b684,127,jpg,224,224,grayscale,2432,2558,2431,2557,29.97002997002997,train
bird,msasl,MS-ASL/videos_MS_ASL_raw/msasl_raw_o9GSFqvikro.mp4,0,142.0,143.0,4.738,29.97,msasl_316,True,540.0,360.0,False,False,False,4.771438104771439,0.033438104771438,False,0.4669999999999996,8.125,False,False,,ok,,normalized_frames/topn_224_gray_jpg/bird/msasl_raw_o9GSFqvikro__s000000__e000141__8935b91e084d,142,jpg,224,224,grayscale,0,142,0,141,29.97002997002997,val
no,msasl,MS-ASL/videos_MS_ASL_raw/msasl_raw_rkQZQhloXuE.mp4,7877,7947.0,71.0,2.3360000000000127,29.97,msasl_370,True,640.0,360.0,False,False,False,2.369035702369036,0.0330357023690228,False,0.4669999999999996,8.125,False,False,,ok,,normalized_frames/topn_224_gray_jpg/no/msasl_raw_rkQZQhloXuE__s007876__e007946__2bae558e5bd6,71,jpg,224,224,grayscale,7877,7947,7876,7946,29.97002997002997,train
orange,msasl,MS-ASL/videos_MS_ASL_raw/msasl_raw_ptIbdZNuwR0.mp4,14,47.0,34.0,1.101,29.97,msasl_109,True,640.0,360.0,False,False,False,1.1344678011344678,0.0334678011344677,False,0.4669999999999996,8.125,False,False,,ok,,normalized_frames/topn_224_gray_jpg/orange/msasl_raw_ptIbdZNuwR0__s000013__e000046__15cf911a292c,34,jpg,224,224,grayscale,14,47,13,46,29.97002997002997,train
orange,msasl,MS-ASL/videos_MS_ASL_raw/msasl_raw_qATuIbBufYQ.mp4,743,814.0,72.0,2.369,29.97,msasl_26,True,1280.0,720.0,False,False,False,2.4024024024024024,0.0334024024024022,False,0.4669999999999996,8.125,False,False,,ok,,normalized_frames/topn_224_gray_jpg/orange/msasl_raw_qATuIbBufYQ__s000742__e000813__f85551309229,72,jpg,224,224,grayscale,743,814,742,813,29.97002997002997,val
learn,msasl,MS-ASL/videos_MS_ASL_raw/msasl_raw_c49qWjgFtRI.mp4,3624,3674.0,51.0,1.6670000000000016,30.0,msasl_101,True,640.0,360.0,False,False,False,1.7,0.0329999999999983,False,0.4669999999999996,8.125,False,False,,ok,,normalized_frames/topn_224_gray_jpg/learn/msasl_raw_c49qWjgFtRI__s003623__e003673__62fbfe71259e,51,jpg,224,224,grayscale,3624,3674,3623,3673,30.0,train
tired,msasl,MS-ASL/videos_MS_ASL_raw/msasl_raw_PBDUwwE9BFM.mp4,2243,2347.0,105.0,3.471000000000004,29.97,msasl_125,True,640.0,352.0,False,False,False,3.503503503503504,0.0325035035034995,False,0.4669999999999996,8.125,False,False,,ok,,normalized_frames/topn_224_gray_jpg/tired/msasl_raw_PBDUwwE9BFM__s002242__e002346__5a805161c6f6,105,jpg,224,224,grayscale,2243,2347,2242,2346,29.97002997002997,test
no,msasl,MS-ASL/videos_MS_ASL_raw/msasl_raw_rTykxVBxc00.mp4,0,51.0,52.0,1.7,30.0,msasl_62,True,640.0,360.0,False,False,False,1.7333333333333334,0.0333333333333334,False,0.4669999999999996,8.125,False,False,,ok,,normalized_frames/topn_224_gray_jpg/no/msasl_raw_rTykxVBxc00__s000000__e000050__728e08c2c9c0,51,jpg,224,224,grayscale,0,51,0,50,30.0,train
but,msasl,MS-ASL/videos_MS_ASL_raw/msasl_raw_sUC-XDC5TvA.mp4,3567,3625.0,59.0,1.934999999999988,29.97,msasl_26,True,1280.0,720.0,False,False,False,1.968635301968636,0.0336353019686472,False,0.4669999999999996,8.125,False,False,,ok,,normalized_frames/topn_224_gray_jpg/but/msasl_raw_sUC-XDC5TvA__s003566__e003624__d7c5313389b5,59,jpg,224,224,grayscale,3567,3625,3566,3624,29.97002997002997,val
orange,spreadthesign,kaggle_dataset/videos/40115.mp4,1,84.0,84.0,3.36,25.0,wlasl_2,True,320.0,240.0,False,False,False,3.36,0.0,False,0.4669999999999996,8.125,False,False,,ok,,normalized_frames/topn_224_gray_jpg/orange/40115__s000000__e000083__8f621509a6ec,84,jpg,224,224,grayscale,1,84,0,83,25.0,train
teacher,msasl,MS-ASL/videos_MS_ASL_raw/msasl_raw_0bIF7jh6lnE.mp4,1250,1291.0,42.0,1.368000000000002,29.97,msasl_125,True,480.0,360.0,False,False,False,1.4014014014014011,0.0334014014013992,False,0.4669999999999996,8.125,False,False,,ok,,normalized_frames/topn_224_gray_jpg/teacher/msasl_raw_0bIF7jh6lnE__s001249__e001290__e03313fd6c68,42,jpg,224,224,grayscale,1250,1291,1249,1290,29.97002997002997,test
yes,signschool,kaggle_dataset/videos/64283.mp4,1,22.0,22.0,0.918,23.97616914097503,wlasl_4,True,1920.0,1080.0,False,False,False,0.9175777777777776,0.0004222222222223,False,0.4669999999999996,8.125,False,False,,ok,,normalized_frames/topn_224_gray_jpg/yes/64283__s000000__e000021__9c153c81ed45,22,jpg,224,224,grayscale,1,22,0,21,23.97616914097503,train
man,msasl,MS-ASL/videos_MS_ASL_raw/msasl_raw_3RB642y8sgo.mp4,10188,10338.0,151.0,5.021999999999991,29.868,msasl_230,True,320.0,240.0,False,False,False,5.055577875987679,0.0335778759876879,False,0.4669999999999996,8.125,False,False,,ok,,normalized_frames/topn_224_gray_jpg/man/msasl_raw_3RB642y8sgo__s010187__e010337__eb0d91e9180a,151,jpg,224,224,grayscale,10188,10338,10187,10337,30.0,val
happy,msasl,MS-ASL/videos_MS_ASL_raw/msasl_raw_HUMEcnkvhJU.mp4,12565,12607.0,43.0,1.4019999999999868,29.97,msasl_251,True,640.0,360.0,False,False,False,1.4347681014347682,0.0327681014347813,False,0.4669999999999996,8.125,False,False,,ok,,normalized_frames/topn_224_gray_jpg/happy/msasl_raw_HUMEcnkvhJU__s012564__e012606__58af21bfa0f5,43,jpg,224,224,grayscale,12565,12607,12564,12606,29.97002997002997,train
learn,spreadthesign,kaggle_dataset/videos/32604.mp4,1,70.0,70.0,2.8,25.0,wlasl_8,True,320.0,240.0,False,False,False,2.8,0.0,False,0.4669999999999996,8.125,False,False,,ok,,normalized_frames/topn_224_gray_jpg/learn/32604__s000000__e000069__e67db38f3ee8,70,jpg,224,224,grayscale,1,70,0,69,25.0,train
table,signschool,kaggle_dataset/videos/15774.mp4,1,39.0,39.0,1.627,23.97606491980656,wlasl_4,True,1920.0,1080.0,False,False,False,1.6266222222222215,0.0003777777777784,False,0.4669999999999996,8.125,False,False,,ok,,normalized_frames/topn_224_gray_jpg/table/15774__s000000__e000038__86dfd7d58a8e,39,jpg,224,224,grayscale,1,39,0,38,23.976064919806557,train
finish,msasl,MS-ASL/videos_MS_ASL_raw/msasl_raw_GmxS5HkNc3o.mp4,1704,1817.0,114.0,3.896000000000001,29.0,msasl_407,True,640.0,360.0,False,False,False,3.931034482758621,0.0350344827586197,False,0.4669999999999996,8.125,False,False,,ok,,normalized_frames/topn_224_gray_jpg/finish/msasl_raw_GmxS5HkNc3o__s001703__e001816__e8893311e20f,114,jpg,224,224,grayscale,1704,1817,1703,1816,29.0,train
happy,msasl,MS-ASL/videos_MS_ASL_raw/msasl_raw_fnhiGz4qE_I.mp4,924,965.0,42.0,1.3679999999999986,29.97,msasl_40,True,640.0,360.0,False,False,False,1.4014014014014011,0.0334014014014028,False,0.4669999999999996,8.125,False,False,,ok,,normalized_frames/topn_224_gray_jpg/happy/msasl_raw_fnhiGz4qE_I__s000923__e000964__26d185678c4f,42,jpg,224,224,grayscale,924,965,923,964,29.97002997002997,train
school,msasl,MS-ASL/videos_MS_ASL_raw/msasl_raw_o8vR5ZtYFFs.mp4,0,37.0,38.0,2.467,15.0,msasl_3,True,480.0,360.0,False,False,False,2.533333333333333,0.0663333333333331,False,0.4669999999999996,8.125,False,False,,ok,,normalized_frames/topn_224_gray_jpg/school/msasl_raw_o8vR5ZtYFFs__s000000__e000036__7a1fed7aaf97,37,jpg,224,224,grayscale,0,37,0,36,14.985014985014985,train
school,msasl,MS-ASL/videos_MS_ASL_raw/msasl_raw_hjS0dQDgbjo.mp4,1276,1410.0,135.0,4.4709999999999965,29.97,msasl_72,True,626.0,360.0,False,False,False,4.504504504504505,0.0335045045045081,False,0.4669999999999996,8.125,False,False,,ok,,normalized_frames/topn_224_gray_jpg/school/msasl_raw_hjS0dQDgbjo__s001275__e001409__74ae3fb167df,135,jpg,224,224,grayscale,1276,1410,1275,1409,29.97002997002997,train
man,msasl,MS-ASL/videos_MS_ASL_raw/msasl_raw_uE3IDWh0xnA.mp4,819,872.0,54.0,1.7669999999999997,30.0,msasl_34,True,406.0,720.0,False,False,False,1.8,0.0330000000000003,False,0.4669999999999996,8.125,False,False,,ok,,normalized_frames/topn_224_gray_jpg/man/msasl_raw_uE3IDWh0xnA__s000818__e000871__d29ef0ec6f80,54,jpg,224,224,grayscale,819,872,818,871,30.0,train
fish,msasl,MS-ASL/videos_MS_ASL_raw/msasl_raw_mj1QB3wY84w.mp4,1554,1731.0,178.0,5.906000000000006,29.97,msasl_22,True,640.0,360.0,False,False,False,5.939272605939273,0.0332726059392669,False,0.4669999999999996,8.125,False,False,,ok,,normalized_frames/topn_224_gray_jpg/fish/msasl_raw_mj1QB3wY84w__s001553__e001730__76786dfcfa3a,178,jpg,224,224,grayscale,1554,1731,1553,1730,29.97002997002997,train
help,msasl,MS-ASL/videos_MS_ASL_raw/msasl_raw_yG09SQB0Hds.mp4,2439,2498.0,60.0,1.968999999999994,29.97,msasl_160,True,640.0,360.0,False,False,False,2.002002002002002,0.033002002002008,False,0.4669999999999996,8.125,False,False,,ok,,normalized_frames/topn_224_gray_jpg/help/msasl_raw_yG09SQB0Hds__s002438__e002497__d4d1286c86ed,60,jpg,224,224,grayscale,2439,2498,2438,2497,29.97002997002997,train
sit,spreadthesign,kaggle_dataset/videos/09848.mp4,1,96.0,96.0,3.84,25.0,wlasl_0,True,320.0,240.0,False,False,False,3.84,0.0,False,0.4669999999999996,8.125,False,False,,ok,,normalized_frames/topn_224_gray_jpg/sit/09848__s000000__e000095__6c14a5f0f4e6,96,jpg,224,224,grayscale,1,96,0,95,25.0,train
tired,msasl,MS-ASL/videos_MS_ASL_raw/msasl_raw_k-AZCZlPECE.mp4,274,416.0,143.0,4.742000000000001,29.94,msasl_144,True,480.0,360.0,False,False,False,4.776219104876419,0.0342191048764179,False,0.4669999999999996,8.125,False,False,,ok,,normalized_frames/topn_224_gray_jpg/tired/msasl_raw_k-AZCZlPECE__s000273__e000415__3d6c257df423,143,jpg,224,224,grayscale,274,416,273,415,29.97002997002997,train
school,msasl,MS-ASL/videos_MS_ASL_raw/msasl_raw_xIIGn6cn8BI.mp4,11,92.0,82.0,2.703,29.97,msasl_138,True,640.0,360.0,False,False,False,2.736069402736069,0.0330694027360696,False,0.4669999999999996,8.125,False,False,,ok,,normalized_frames/topn_224_gray_jpg/school/msasl_raw_xIIGn6cn8BI__s000010__e000091__34ef6ab32c0e,82,jpg,224,224,grayscale,11,92,10,91,29.97002997002997,train
man,msasl,MS-ASL/videos_MS_ASL_raw/msasl_raw_3RB642y8sgo.mp4,10378,10438.0,61.0,2.0090000000000146,29.868,msasl_230,True,320.0,240.0,False,False,False,2.042319539306281,0.0333195393062664,False,0.4669999999999996,8.125,False,False,,ok,,normalized_frames/topn_224_gray_jpg/man/msasl_raw_3RB642y8sgo__s010377__e010437__7d45593ee19d,61,jpg,224,224,grayscale,10378,10438,10377,10437,30.0,val
but,aslsearch,kaggle_dataset/videos/16203.mp4,1,89.0,89.0,2.936,30.31091262400709,wlasl_12,True,720.0,400.0,False,False,False,2.936236236236236,0.000236236236236,False,0.4669999999999996,8.125,False,False,,ok,,normalized_frames/topn_224_gray_jpg/but/16203__s000000__e000088__c02df74421c0,89,jpg,224,224,grayscale,1,89,0,88,30.31091262400709,train
like,msasl,MS-ASL/videos_MS_ASL_raw/msasl_raw_CxTSVyM-ij0.mp4,8994,9044.0,51.0,1.6679999999999495,29.97,msasl_80,True,640.0,360.0,False,False,False,1.7017017017017018,0.0337017017017522,False,0.4669999999999996,8.125,False,False,,ok,,normalized_frames/topn_224_gray_jpg/like/msasl_raw_CxTSVyM-ij0__s008993__e009043__457dc686600e,51,jpg,224,224,grayscale,8994,9044,8993,9043,29.97002997002997,train
orange,msasl,MS-ASL/videos_MS_ASL_raw/msasl_raw_xEw0KrlJA6Q.mp4,596,619.0,24.0,0.9200000000000016,25.0,msasl_172,True,640.0,360.0,False,False,False,0.96,0.0399999999999983,False,0.4669999999999996,8.125,False,False,,ok,,normalized_frames/topn_224_gray_jpg/orange/msasl_raw_xEw0KrlJA6Q__s000595__e000618__9469c0ad3e20,24,jpg,224,224,grayscale,596,619,595,618,25.0,train
mother,msasl,MS-ASL/videos_MS_ASL_raw/msasl_raw_UXetwN_cI5A.mp4,18581,18661.0,81.0,3.200000000000045,25.0,msasl_12,True,480.0,360.0,False,False,False,3.24,0.0399999999999551,False,0.4669999999999996,8.125,False,False,,ok,,normalized_frames/topn_224_gray_jpg/mother/msasl_raw_UXetwN_cI5A__s018580__e018660__39d8a6863836,81,jpg,224,224,grayscale,18581,18661,18580,18660,25.0,train
but,elementalasl,kaggle_dataset/videos/16191.mp4,1,107.0,107.0,4.458,24.0,wlasl_19,True,320.0,180.0,False,False,False,4.458333333333333,0.0003333333333328,False,0.4669999999999996,8.125,False,False,,ok,,normalized_frames/topn_224_gray_jpg/but/16191__s000000__e000106__9a9efdc844be,107,jpg,224,224,grayscale,1,107,0,106,24.0,train
learn,aslsignbank,kaggle_dataset/videos/66024.mp4,1,63.0,63.0,2.628,23.976049322158605,wlasl_90,True,656.0,370.0,False,False,False,2.627622222222222,0.000377777777778,False,0.4669999999999996,8.125,False,False,,ok,,normalized_frames/topn_224_gray_jpg/learn/66024__s000000__e000062__353f2500984f,63,jpg,224,224,grayscale,1,63,0,62,23.976049322158605,train
what,msasl,MS-ASL/videos_MS_ASL_raw/msasl_raw_sSdQWC7mUZc.mp4,0,59.0,60.0,1.969,29.97,msasl_0,True,1280.0,720.0,False,False,False,2.002002002002002,0.033002002002002,False,0.4669999999999996,8.125,False,False,,ok,,normalized_frames/topn_224_gray_jpg/what/msasl_raw_sSdQWC7mUZc__s000000__e000058__0fb0b9d37586,59,jpg,224,224,grayscale,0,59,0,58,29.97002997002997,test
help,msasl,MS-ASL/videos_MS_ASL_raw/msasl_raw__LGqHR3FhL8.mp4,6152,6202.0,51.0,1.6680000000000064,29.97,msasl_80,True,640.0,360.0,False,False,False,1.7017017017017018,0.0337017017016954,False,0.4669999999999996,8.125,False,False,,ok,,normalized_frames/topn_224_gray_jpg/help/msasl_raw__LGqHR3FhL8__s006151__e006201__fe62958690e2,51,jpg,224,224,grayscale,6152,6202,6151,6201,29.97002997002997,train
eat,msasl,MS-ASL/videos_MS_ASL_raw/msasl_raw_lsjFBdE3X7M.mp4,0,77.0,78.0,2.567,30.0,msasl_87,True,1280.0,720.0,False,False,False,2.6,0.0329999999999999,False,0.4669999999999996,8.125,False,False,,ok,,normalized_frames/topn_224_gray_jpg/eat/msasl_raw_lsjFBdE3X7M__s000000__e000076__c9f8a3e8ec9a,77,jpg,224,224,grayscale,0,77,0,76,30.0,train
deaf,startasl,kaggle_dataset/videos/14882.mp4,1,108.0,108.0,3.604,29.97,wlasl_36,True,736.0,414.0,False,False,False,3.603603603603604,0.0003963963963964,False,0.4669999999999996,8.125,False,False,,ok,,normalized_frames/topn_224_gray_jpg/deaf/14882__s000000__e000107__ea3f531d8b1a,108,jpg,224,224,grayscale,1,108,0,107,29.97,test
learn,aslsearch,kaggle_dataset/videos/32616.mp4,1,83.0,83.0,2.736,30.33585775436286,wlasl_12,True,720.0,400.0,False,False,False,2.736036036036036,3.603603603563599e-05,False,0.4669999999999996,8.125,False,False,,ok,,normalized_frames/topn_224_gray_jpg/learn/32616__s000000__e000082__a679fad70939,83,jpg,224,224,grayscale,1,83,0,82,30.33585775436286,train
nice,msasl,MS-ASL/videos_MS_ASL_raw/msasl_raw_3aXS3keR8oY.mp4,0,92.0,93.0,3.075,29.917,msasl_38,True,480.0,270.0,False,False,False,3.1086004612761973,0.033600461276197,False,0.4669999999999996,8.125,False,False,,ok,,normalized_frames/topn_224_gray_jpg/nice/msasl_raw_3aXS3keR8oY__s000000__e000091__bf78d287e62d,92,jpg,224,224,grayscale,0,92,0,91,29.97002997002997,train
mother,msasl,MS-ASL/videos_MS_ASL_raw/msasl_raw_6UrcyZ-QeiU.mp4,2355,2405.0,51.0,1.6680000000000064,29.97,msasl_205,True,640.0,360.0,False,False,False,1.7017017017017018,0.0337017017016954,False,0.4669999999999996,8.125,False,False,,ok,,normalized_frames/topn_224_gray_jpg/mother/msasl_raw_6UrcyZ-QeiU__s002354__e002404__143927ad05f9,51,jpg,224,224,grayscale,2355,2405,2354,2404,29.97002997002997,train
mother,startasl,kaggle_dataset/videos/36930.mp4,1,68.0,68.0,2.269,29.97,wlasl_36,True,736.0,414.0,False,False,False,2.2689356022689355,6.439773106459157e-05,False,0.4669999999999996,8.125,False,False,,ok,,normalized_frames/topn_224_gray_jpg/mother/36930__s000000__e000067__3e2c616e86d5,68,jpg,224,224,grayscale,1,68,0,67,29.97,test
again,signingsavvy,kaggle_dataset/videos/47305.mp4,1,49.0,49.0,1.635,29.97,wlasl_11,True,288.0,192.0,False,False,False,1.6349683016349683,3.1698365031695985e-05,False,0.4669999999999996,8.125,False,False,,ok,,normalized_frames/topn_224_gray_jpg/again/47305__s000000__e000048__9e8648c71d7e,49,jpg,224,224,grayscale,1,49,0,48,29.97,val
tired,msasl,MS-ASL/videos_MS_ASL_raw/msasl_raw_TBSr8a78eiQ.mp4,83,153.0,71.0,2.3640000000000003,29.617,msasl_2,True,640.0,360.0,False,False,False,2.397271837120573,0.0332718371205724,False,0.4669999999999996,8.125,False,False,,ok,,normalized_frames/topn_224_gray_jpg/tired/msasl_raw_TBSr8a78eiQ__s000082__e000152__d2b432df2b2b,71,jpg,224,224,grayscale,83,153,82,152,29.61703777131286,train
no,aslsearch,kaggle_dataset/videos/38544.mp4,1,83.0,83.0,2.736,30.33585775436286,wlasl_41,True,720.0,400.0,False,False,False,2.736036036036036,3.603603603563599e-05,False,0.4669999999999996,8.125,False,False,,ok,,normalized_frames/topn_224_gray_jpg/no/38544__s000000__e000082__3f745151d1ed,83,jpg,224,224,grayscale,1,83,0,82,30.33585775436286,train
need,msasl,MS-ASL/videos_MS_ASL_raw/msasl_raw_OSpNDIzYRTw.mp4,9779,9879.0,101.0,4.0,25.0,msasl_77,True,640.0,360.0,False,False,False,4.04,0.04,False,0.4669999999999996,8.125,False,False,,ok,,normalized_frames/topn_224_gray_jpg/need/msasl_raw_OSpNDIzYRTw__s009778__e009878__6c155283f2c1,101,jpg,224,224,grayscale,9779,9879,9778,9878,25.0,train
man,msasl,MS-ASL/videos_MS_ASL_raw/msasl_raw_nB6mLyUzfcY.mp4,0,107.0,108.0,3.567,30.0,msasl_62,True,640.0,360.0,False,False,False,3.6,0.0329999999999999,False,0.4669999999999996,8.125,False,False,,ok,,normalized_frames/topn_224_gray_jpg/man/msasl_raw_nB6mLyUzfcY__s000000__e000106__7355844746eb,107,jpg,224,224,grayscale,0,107,0,106,30.0,train
spring,aslsearch,kaggle_dataset/videos/54124.mp4,1,74.0,74.0,2.436,30.380964122796204,wlasl_12,True,720.0,400.0,False,False,False,2.435735735735736,0.0002642642642642,False,0.4669999999999996,8.125,False,False,,ok,,normalized_frames/topn_224_gray_jpg/spring/54124__s000000__e000073__27373986f80e,74,jpg,224,224,grayscale,1,74,0,73,30.380964122796204,train
yes,startasl,kaggle_dataset/videos/64281.mp4,1,71.0,71.0,2.369,29.97,wlasl_36,True,736.0,414.0,False,False,False,2.369035702369036,3.570236903538415e-05,False,0.4669999999999996,8.125,False,False,,ok,,normalized_frames/topn_224_gray_jpg/yes/64281__s000000__e000070__84b42f927d0d,71,jpg,224,224,grayscale,1,71,0,70,29.97,test
again,aslsearch,kaggle_dataset/videos/47307.mp4,1,75.0,75.0,2.469,30.37541047851998,wlasl_12,True,720.0,400.0,False,False,False,2.4691024357691025,0.0001024357691026,False,0.4669999999999996,8.125,False,False,,ok,,normalized_frames/topn_224_gray_jpg/again/47307__s000000__e000074__40fab11d1b7e,75,jpg,224,224,grayscale,1,75,0,74,30.37541047851998,train
no,msasl,MS-ASL/videos_MS_ASL_raw/msasl_raw_DOZJOFHs75s.mp4,1192,1267.0,76.0,2.503,29.97,msasl_95,True,480.0,360.0,False,False,False,2.5358692025358693,0.0328692025358692,False,0.4669999999999996,8.125,False,False,,ok,,normalized_frames/topn_224_gray_jpg/no/msasl_raw_DOZJOFHs75s__s001191__e001266__b8986a218c66,76,jpg,224,224,grayscale,1192,1267,1191,1266,29.97002997002997,train
teacher,msasl,MS-ASL/videos_MS_ASL_raw/msasl_raw_0bIF7jh6lnE.mp4,1392,1466.0,75.0,2.469999999999999,29.97,msasl_125,True,480.0,360.0,False,False,False,2.5025025025025025,0.0325025025025036,False,0.4669999999999996,8.125,False,False,,ok,,normalized_frames/topn_224_gray_jpg/teacher/msasl_raw_0bIF7jh6lnE__s001391__e001465__640ef58b32fb,75,jpg,224,224,grayscale,1392,1466,1391,1465,29.97002997002997,test
deaf,signingsavvy,kaggle_dataset/videos/14894.mp4,1,42.0,42.0,1.401,29.97,wlasl_10,True,288.0,192.0,False,False,False,1.4014014014014011,0.0004014014014013,False,0.4669999999999996,8.125,False,False,,ok,,normalized_frames/topn_224_gray_jpg/deaf/14894__s000000__e000041__e541c5a7500b,39,jpg,224,224,grayscale,1,42,0,41,29.97,train
teacher,signingsavvy,kaggle_dataset/videos/57045.mp4,1,51.0,51.0,1.702,29.97,wlasl_11,True,288.0,192.0,False,False,False,1.7017017017017018,0.0002982982982981,False,0.4669999999999996,8.125,False,False,,ok,,normalized_frames/topn_224_gray_jpg/teacher/57045__s000000__e000050__1196710d1e12,50,jpg,224,224,grayscale,1,51,0,50,29.97,val
water,msasl,MS-ASL/videos_MS_ASL_raw/msasl_raw_FUHOIo_8o9w.mp4,231,350.0,120.0,3.9700000000000006,29.97,msasl_18,True,640.0,360.0,False,False,False,4.004004004004004,0.0340040040040037,False,0.4669999999999996,8.125,False,False,,ok,,normalized_frames/topn_224_gray_jpg/water/msasl_raw_FUHOIo_8o9w__s000230__e000349__6fcb61f1b334,120,jpg,224,224,grayscale,231,350,230,349,29.97002997002997,train
finish,msasl,MS-ASL/videos_MS_ASL_raw/msasl_raw_7xQE2N0z7gM.mp4,0,83.0,84.0,2.769,29.97,msasl_0,True,640.0,360.0,False,False,False,2.8028028028028027,0.0338028028028025,False,0.4669999999999996,8.125,False,False,,ok,,normalized_frames/topn_224_gray_jpg/finish/msasl_raw_7xQE2N0z7gM__s000000__e000082__b653a45049fa,83,jpg,224,224,grayscale,0,83,0,82,29.97002997002997,test
no,msasl,MS-ASL/videos_MS_ASL_raw/msasl_raw_DOZJOFHs75s.mp4,1142,1190.0,49.0,1.6010000000000062,29.97,msasl_95,True,480.0,360.0,False,False,False,1.6349683016349683,0.0339683016349621,False,0.4669999999999996,8.125,False,False,,ok,,normalized_frames/topn_224_gray_jpg/no/msasl_raw_DOZJOFHs75s__s001141__e001189__3d78cb4faeb6,49,jpg,224,224,grayscale,1142,1190,1141,1189,29.97002997002997,train
orange,msasl,MS-ASL/videos_MS_ASL_raw/msasl_raw_9RE2NLd_Sgw.mp4,438,622.0,185.0,6.139000000000001,29.97,msasl_94,True,1280.0,720.0,False,False,False,6.172839506172839,0.0338395061728382,False,0.4669999999999996,8.125,False,False,,ok,,normalized_frames/topn_224_gray_jpg/orange/msasl_raw_9RE2NLd_Sgw__s000437__e000621__12426208414d,185,jpg,224,224,grayscale,438,622,437,621,29.97002997002997,train
mother,msasl,MS-ASL/videos_MS_ASL_raw/msasl_raw_KRrKqGEGdMg.mp4,16050,16150.0,101.0,3.336999999999989,29.97,msasl_32,True,640.0,360.0,False,False,False,3.3700367033700367,0.0330367033700476,False,0.4669999999999996,8.125,False,False,,ok,,normalized_frames/topn_224_gray_jpg/mother/msasl_raw_KRrKqGEGdMg__s016049__e016149__36a5885a3d14,101,jpg,224,224,grayscale,16050,16150,16049,16149,29.97002997002997,train
tired,msasl,MS-ASL/videos_MS_ASL_raw/msasl_raw_CxTSVyM-ij0.mp4,7750,7830.0,81.0,2.66900000000004,29.97,msasl_80,True,640.0,360.0,False,False,False,2.702702702702702,0.0337027027026626,False,0.4669999999999996,8.125,False,False,,ok,,normalized_frames/topn_224_gray_jpg/tired/msasl_raw_CxTSVyM-ij0__s007749__e007829__be963ce13770,81,jpg,224,224,grayscale,7750,7830,7749,7829,29.97002997002997,train
doctor,msasl,MS-ASL/videos_MS_ASL_raw/msasl_raw_eeHS78JyN70.mp4,16321,16401.0,81.0,2.669999999999959,29.97,msasl_80,True,640.0,360.0,False,False,False,2.702702702702702,0.0327027027027435,False,0.4669999999999996,8.125,False,False,,ok,,normalized_frames/topn_224_gray_jpg/doctor/msasl_raw_eeHS78JyN70__s016320__e016400__973bcc4fbd69,81,jpg,224,224,grayscale,16321,16401,16320,16400,29.97002997002997,train
student,msasl,MS-ASL/videos_MS_ASL_raw/msasl_raw_my4mxg6lXYQ.mp4,11948,11998.0,51.0,1.6680000000000064,29.97,msasl_124,True,1280.0,720.0,False,False,False,1.7017017017017018,0.0337017017016954,False,0.4669999999999996,8.125,False,False,,ok,,normalized_frames/topn_224_gray_jpg/student/msasl_raw_my4mxg6lXYQ__s011947__e011997__db3fca4dd4cb,51,jpg,224,224,grayscale,11948,11998,11947,11997,29.97002997002997,train
doctor,msasl,MS-ASL/videos_MS_ASL_raw/msasl_raw_7klDf0ZSN_M.mp4,1322,1365.0,44.0,1.439,29.889,msasl_34,True,1280.0,720.0,False,False,False,1.4721134865669645,0.0331134865669644,False,0.4669999999999996,8.125,False,False,,ok,,normalized_frames/topn_224_gray_jpg/doctor/msasl_raw_7klDf0ZSN_M__s001321__e001364__005f619269a5,44,jpg,224,224,grayscale,1322,1365,1321,1364,30.0,train
but,msasl,MS-ASL/videos_MS_ASL_raw/msasl_raw_HUMEcnkvhJU.mp4,7132,7172.0,41.0,1.335000000000008,29.97,msasl_251,True,640.0,360.0,False,False,False,1.3680347013680347,0.0330347013680267,False,0.4669999999999996,8.125,False,False,,ok,,normalized_frames/topn_224_gray_jpg/but/msasl_raw_HUMEcnkvhJU__s007131__e007171__7fb17cc3bd75,41,jpg,224,224,grayscale,7132,7172,7131,7171,29.97002997002997,train
school,msasl,MS-ASL/videos_MS_ASL_raw/msasl_raw_FwGL9FjFpYI.mp4,9564,9703.0,140.0,4.637999999999977,29.97,msasl_26,True,1280.0,720.0,False,False,False,4.671338004671338,0.0333380046713616,False,0.4669999999999996,8.125,False,False,,ok,,normalized_frames/topn_224_gray_jpg/school/msasl_raw_FwGL9FjFpYI__s009563__e009702__0dd7e77b8852,140,jpg,224,224,grayscale,9564,9703,9563,9702,29.97002997002997,val
spring,aslbrick,kaggle_dataset/videos/69354.mp4,1,109.0,109.0,3.637,29.97002997002997,wlasl_115,True,1280.0,720.0,False,False,False,3.636966666666667,3.333333333310762e-05,False,0.4669999999999996,8.125,False,False,,ok,,normalized_frames/topn_224_gray_jpg/spring/69354__s000000__e000108__8ee867cc868b,109,jpg,224,224,grayscale,1,109,0,108,29.97002997002997,train
happy,msasl,MS-ASL/videos_MS_ASL_raw/msasl_raw_CxTSVyM-ij0.mp4,3628,3670.0,43.0,1.402000000000001,29.97,msasl_80,True,640.0,360.0,False,False,False,1.4347681014347682,0.0327681014347671,False,0.4669999999999996,8.125,False,False,,ok,,normalized_frames/topn_224_gray_jpg/happy/msasl_raw_CxTSVyM-ij0__s003627__e003669__415cf5cb6ca8,43,jpg,224,224,grayscale,3628,3670,3627,3669,29.97002997002997,train
again,spreadthesign,kaggle_dataset/videos/47300.mp4,1,83.0,83.0,2.769,29.97002997002997,wlasl_2,True,320.0,240.0,False,False,False,2.769433333333333,0.000433333333333,False,0.4669999999999996,8.125,False,False,,ok,,normalized_frames/topn_224_gray_jpg/again/47300__s000000__e000082__62a0fd0f704d,83,jpg,224,224,grayscale,1,83,0,82,29.97002997002997,train
student,msasl,MS-ASL/videos_MS_ASL_raw/msasl_raw_Rajw-g-59j4.mp4,64,177.0,114.0,3.771,29.97,msasl_36,True,480.0,360.0,False,False,False,3.803803803803804,0.0328038038038038,False,0.4669999999999996,8.125,False,False,,ok,,normalized_frames/topn_224_gray_jpg/student/msasl_raw_Rajw-g-59j4__s000063__e000176__acaea935b8c3,114,jpg,224,224,grayscale,64,177,63,176,29.97002997002997,train
like,msasl,MS-ASL/videos_MS_ASL_raw/msasl_raw_KRrKqGEGdMg.mp4,9630,9779.0,150.0,4.97199999999998,29.97,msasl_32,True,640.0,360.0,False,False,False,5.005005005005005,0.033005005005025,False,0.4669999999999996,8.125,False,False,,ok,,normalized_frames/topn_224_gray_jpg/like/msasl_raw_KRrKqGEGdMg__s009629__e009778__0f88f82b7115,150,jpg,224,224,grayscale,9630,9779,9629,9778,29.97002997002997,train
mother,msasl,MS-ASL/videos_MS_ASL_raw/msasl_raw_V6fbyDlMwBQ.mp4,0,110.0,111.0,3.667,30.0,msasl_62,True,640.0,360.0,False,False,False,3.7,0.0330000000000003,False,0.4669999999999996,8.125,False,False,,ok,,normalized_frames/topn_224_gray_jpg/mother/msasl_raw_V6fbyDlMwBQ__s000000__e000109__2d4f07cc20e1,110,jpg,224,224,grayscale,0,110,0,109,30.0,train
school,msasl,MS-ASL/videos_MS_ASL_raw/msasl_raw_VSj7grt16uM.mp4,0,62.0,63.0,2.067,30.0,msasl_0,True,320.0,240.0,False,False,False,2.1,0.0329999999999999,False,0.4669999999999996,8.125,False,False,,ok,,normalized_frames/topn_224_gray_jpg/school/msasl_raw_VSj7grt16uM__s000000__e000061__1482e8288673,62,jpg,224,224,grayscale,0,62,0,61,30.0,test
sit,msasl,MS-ASL/videos_MS_ASL_raw/msasl_raw_NOZSXL8Z_Q4.mp4,5517,5636.0,120.0,3.971000000000004,29.97,msasl_18,True,640.0,360.0,False,False,False,4.004004004004004,0.0330040040040002,False,0.4669999999999996,8.125,False,False,,ok,,normalized_frames/topn_224_gray_jpg/sit/msasl_raw_NOZSXL8Z_Q4__s005516__e005635__47d48224a55c,120,jpg,224,224,grayscale,5517,5636,5516,5635,29.97002997002997,train
finish,msasl,MS-ASL/videos_MS_ASL_raw/msasl_raw_rkQZQhloXuE.mp4,6056,6106.0,51.0,1.6680000000000064,29.97,msasl_370,True,640.0,360.0,False,False,False,1.7017017017017018,0.0337017017016954,False,0.4669999999999996,8.125,False,False,,ok,,normalized_frames/topn_224_gray_jpg/finish/msasl_raw_rkQZQhloXuE__s006055__e006105__25ec8718f6fe,51,jpg,224,224,grayscale,6056,6106,6055,6105,29.97002997002997,train
nice,msasl,MS-ASL/videos_MS_ASL_raw/msasl_raw_HUMEcnkvhJU.mp4,22438,22489.0,52.0,1.7019999999999982,29.97,msasl_251,True,640.0,360.0,False,False,False,1.7350684017350684,0.0330684017350701,False,0.4669999999999996,8.125,False,False,,ok,,normalized_frames/topn_224_gray_jpg/nice/msasl_raw_HUMEcnkvhJU__s022437__e022488__72d48b015972,52,jpg,224,224,grayscale,22438,22489,22437,22488,29.97002997002997,train
help,startasl,kaggle_dataset/videos/27206.mp4,1,71.0,71.0,2.369,29.97,wlasl_36,True,736.0,414.0,False,False,False,2.369035702369036,3.570236903538415e-05,False,0.4669999999999996,8.125,False,False,,ok,,normalized_frames/topn_224_gray_jpg/help/27206__s000000__e000070__13223cb950b9,71,jpg,224,224,grayscale,1,71,0,70,29.97,test
father,msasl,MS-ASL/videos_MS_ASL_raw/msasl_raw_6UrcyZ-QeiU.mp4,2897,2947.0,51.0,1.668999999999997,29.97,msasl_205,True,640.0,360.0,False,False,False,1.7017017017017018,0.0327017017017048,False,0.4669999999999996,8.125,False,False,,ok,,normalized_frames/topn_224_gray_jpg/father/msasl_raw_6UrcyZ-QeiU__s002896__e002946__b69ff1aee52d,51,jpg,224,224,grayscale,2897,2947,2896,2946,29.97002997002997,train
fish,msasl,MS-ASL/videos_MS_ASL_raw/msasl_raw_vE4RFGPqGqY.mp4,3109,3181.0,73.0,2.4000000000000057,30.0,msasl_445,True,568.0,320.0,False,False,False,2.433333333333333,0.0333333333333274,False,0.4669999999999996,8.125,False,False,,ok,,normalized_frames/topn_224_gray_jpg/fish/msasl_raw_vE4RFGPqGqY__s003108__e003180__9eae774b66da,73,jpg,224,224,grayscale,3109,3181,3108,3180,30.0,train
eat,aslbrick,kaggle_dataset/videos/69307.mp4,1,61.0,61.0,2.035,29.97002997002997,wlasl_118,True,1280.0,720.0,False,False,False,2.0353666666666665,0.0003666666666664,False,0.4669999999999996,8.125,False,False,,ok,,normalized_frames/topn_224_gray_jpg/eat/69307__s000000__e000060__26b6cfc8f901,61,jpg,224,224,grayscale,1,61,0,60,29.97002997002997,val
again,msasl,MS-ASL/videos_MS_ASL_raw/msasl_raw_Fz1I_Ssr3AE.mp4,8543,8583.0,41.0,1.599999999999966,25.0,msasl_77,True,640.0,360.0,False,False,False,1.64,0.040000000000034,False,0.4669999999999996,8.125,False,False,,ok,,normalized_frames/topn_224_gray_jpg/again/msasl_raw_Fz1I_Ssr3AE__s008542__e008582__95ed0f7377c2,41,jpg,224,224,grayscale,8543,8583,8542,8582,25.0,train
learn,msasl,MS-ASL/videos_MS_ASL_raw/msasl_raw_Z7xpMMsLLsc.mp4,0,88.0,89.0,5.116,17.202,msasl_2,True,640.0,360.0,False,False,False,5.173816998023485,0.057816998023485,False,0.4669999999999996,8.125,False,False,,ok,,normalized_frames/topn_224_gray_jpg/learn/msasl_raw_Z7xpMMsLLsc__s000000__e000087__e1ee3a316e0e,88,jpg,224,224,grayscale,0,88,0,87,17.20201957293463,train
again,msasl,MS-ASL/videos_MS_ASL_raw/msasl_raw_HUMEcnkvhJU.mp4,2860,2900.0,41.0,1.3340000000000032,29.97,msasl_251,True,640.0,360.0,False,False,False,1.3680347013680347,0.0340347013680315,False,0.4669999999999996,8.125,False,False,,ok,,normalized_frames/topn_224_gray_jpg/again/msasl_raw_HUMEcnkvhJU__s002859__e002899__33350a7d0e2d,41,jpg,224,224,grayscale,2860,2900,2859,2899,29.97002997002997,train
need,msasl,MS-ASL/videos_MS_ASL_raw/msasl_raw__LGqHR3FhL8.mp4,14893,14963.0,71.0,2.3349999999999795,29.97,msasl_80,True,640.0,360.0,False,False,False,2.369035702369036,0.034035702369056,False,0.4669999999999996,8.125,False,False,,ok,,normalized_frames/topn_224_gray_jpg/need/msasl_raw__LGqHR3FhL8__s014892__e014962__1da667784b3e,71,jpg,224,224,grayscale,14893,14963,14892,14962,29.97002997002997,train
mother,msasl,MS-ASL/videos_MS_ASL_raw/msasl_raw_wv5nc3pbyK0.mp4,223,303.0,81.0,3.2,25.0,msasl_94,True,1280.0,720.0,False,False,False,3.24,0.04,False,0.4669999999999996,8.125,False,False,,ok,,normalized_frames/topn_224_gray_jpg/mother/msasl_raw_wv5nc3pbyK0__s000222__e000302__69ac2dad7204,81,jpg,224,224,grayscale,223,303,222,302,25.0,train
tired,msasl,MS-ASL/videos_MS_ASL_raw/msasl_raw_eeHS78JyN70.mp4,21886,21966.0,81.0,2.6689999999999827,29.97,msasl_80,True,640.0,360.0,False,False,False,2.702702702702702,0.0337027027027199,False,0.4669999999999996,8.125,False,False,,ok,,normalized_frames/topn_224_gray_jpg/tired/msasl_raw_eeHS78JyN70__s021885__e021965__e6d9d1a0f121,81,jpg,224,224,grayscale,21886,21966,21885,21965,29.97002997002997,train
father,msasl,MS-ASL/videos_MS_ASL_raw/msasl_raw_XUg1eKl65p4.mp4,604,742.0,139.0,4.605,29.97,msasl_124,True,1280.0,720.0,False,False,False,4.637971304637971,0.0329713046379707,False,0.4669999999999996,8.125,False,False,,ok,,normalized_frames/topn_224_gray_jpg/father/msasl_raw_XUg1eKl65p4__s000603__e000741__a0d9a54d2a68,139,jpg,224,224,grayscale,604,742,603,741,29.97002997002997,train
need,signschool,kaggle_dataset/videos/37421.mp4,1,36.0,36.0,1.201,29.97002997002997,wlasl_39,True,1920.0,1080.0,False,False,False,1.2012,0.0001999999999999,False,0.4669999999999996,8.125,False,False,,ok,,normalized_frames/topn_224_gray_jpg/need/37421__s000000__e000035__65ddd058cc79,36,jpg,224,224,grayscale,1,36,0,35,29.97002997002997,train
fish,msasl,MS-ASL/videos_MS_ASL_raw/msasl_raw_rIlQQTN2b58.mp4,6458,6547.0,90.0,3.708000000000027,24.003,msasl_125,True,1280.0,720.0,False,False,False,3.749531308586427,0.0415313085863999,False,0.4669999999999996,8.125,False,False,,ok,,normalized_frames/topn_224_gray_jpg/fish/msasl_raw_rIlQQTN2b58__s006457__e006546__5d650a595954,90,jpg,224,224,grayscale,6458,6547,6457,6546,24.0,test
man,aslbrick,kaggle_dataset/videos/69395.mp4,1,76.0,76.0,2.536,29.97002997002997,wlasl_116,True,1280.0,720.0,False,False,False,2.5358666666666667,0.0001333333333333,False,0.4669999999999996,8.125,False,False,,ok,,normalized_frames/topn_224_gray_jpg/man/69395__s000000__e000075__d671b349a10d,76,jpg,224,224,grayscale,1,76,0,75,29.97002997002997,train
orange,msasl,MS-ASL/videos_MS_ASL_raw/msasl_raw_kyLNqzXq8IA.mp4,1343,1448.0,106.0,3.503,29.97,msasl_246,True,640.0,360.0,False,False,False,3.5368702035368704,0.0338702035368703,False,0.4669999999999996,8.125,False,False,,ok,,normalized_frames/topn_224_gray_jpg/orange/msasl_raw_kyLNqzXq8IA__s001342__e001447__ff3638bc46f9,106,jpg,224,224,grayscale,1343,1448,1342,1447,29.97002997002997,train
sit,msasl,MS-ASL/videos_MS_ASL_raw/msasl_raw_nHnqAu_1K-c.mp4,1738,1828.0,91.0,3.0,30.0,msasl_101,True,640.0,360.0,False,False,False,3.033333333333333,0.0333333333333332,False,0.4669999999999996,8.125,False,False,,ok,,normalized_frames/topn_224_gray_jpg/sit/msasl_raw_nHnqAu_1K-c__s001737__e001827__35877c786951,91,jpg,224,224,grayscale,1738,1828,1737,1827,30.0,train
deaf,msasl,MS-ASL/videos_MS_ASL_raw/msasl_raw_WxY7E9P46DM.mp4,8655,8812.0,158.0,5.454999999999984,28.78,msasl_394,True,1080.0,720.0,False,False,False,5.489923558026407,0.0349235580264233,False,0.4669999999999996,8.125,False,False,,ok,,normalized_frames/topn_224_gray_jpg/deaf/msasl_raw_WxY7E9P46DM__s008654__e008811__c419e2f76cf5,158,jpg,224,224,grayscale,8655,8812,8654,8811,28.78,train
school,msasl,MS-ASL/videos_MS_ASL_raw/msasl_raw_rkQZQhloXuE.mp4,1939,2009.0,71.0,2.3360000000000127,29.97,msasl_370,True,640.0,360.0,False,False,False,2.369035702369036,0.0330357023690228,False,0.4669999999999996,8.125,False,False,,ok,,normalized_frames/topn_224_gray_jpg/school/msasl_raw_rkQZQhloXuE__s001938__e002008__fc586e130274,71,jpg,224,224,grayscale,1939,2009,1938,2008,29.97002997002997,train
man,msasl,MS-ASL/videos_MS_ASL_raw/msasl_raw_f9JY4PsddkM.mp4,0,83.0,84.0,3.462,23.976,msasl_0,True,480.0,360.0,False,False,False,3.503503503503504,0.0415035035035034,False,0.4669999999999996,8.125,False,False,,ok,,normalized_frames/topn_224_gray_jpg/man/msasl_raw_f9JY4PsddkM__s000000__e000082__1268df38788a,83,jpg,224,224,grayscale,0,83,0,82,23.976023976023978,test
finish,msasl,MS-ASL/videos_MS_ASL_raw/msasl_raw_qzjVxb4dACY.mp4,620,691.0,72.0,2.369,29.97,msasl_26,True,1280.0,720.0,False,False,False,2.4024024024024024,0.0334024024024022,False,0.4669999999999996,8.125,False,False,,ok,,normalized_frames/topn_224_gray_jpg/finish/msasl_raw_qzjVxb4dACY__s000619__e000690__44241cdc0d13,72,jpg,224,224,grayscale,620,691,619,690,29.97002997002997,val
but,msasl,MS-ASL/videos_MS_ASL_raw/msasl_raw_hFt3V1idFc4.mp4,749,843.0,95.0,3.1359999999999992,29.97,msasl_26,True,1280.0,720.0,False,False,False,3.169836503169837,0.0338365031698373,False,0.4669999999999996,8.125,False,False,,ok,,normalized_frames/topn_224_gray_jpg/but/msasl_raw_hFt3V1idFc4__s000748__e000842__98d27b49655e,95,jpg,224,224,grayscale,749,843,748,842,29.97002997002997,val
nice,msasl,MS-ASL/videos_MS_ASL_raw/msasl_raw_owXsDIKq4lk.mp4,2535,2568.0,34.0,1.1010000000000133,29.97,msasl_391,True,1280.0,720.0,False,False,False,1.1344678011344678,0.0334678011344544,False,0.4669999999999996,8.125,False,False,,ok,,normalized_frames/topn_224_gray_jpg/nice/msasl_raw_owXsDIKq4lk__s002534__e002567__e3feb621a044,34,jpg,224,224,grayscale,2535,2568,2534,2567,29.97002997002997,train
mother,msasl,MS-ASL/videos_MS_ASL_raw/msasl_raw_JYF-AfMbUNw.mp4,437,531.0,95.0,3.1370000000000005,29.97,msasl_125,True,640.0,352.0,False,False,False,3.169836503169837,0.0328365031698361,False,0.4669999999999996,8.125,False,False,,ok,,normalized_frames/topn_224_gray_jpg/mother/msasl_raw_JYF-AfMbUNw__s000436__e000530__80f9deaefd87,95,jpg,224,224,grayscale,437,531,436,530,29.97002997002997,test
help,msasl,MS-ASL/videos_MS_ASL_raw/msasl_raw_eRZW3DPxDGk.mp4,15086,15157.0,72.0,2.365999999999985,30.0,msasl_312,True,640.0,360.0,False,False,False,2.4,0.0340000000000149,False,0.4669999999999996,8.125,False,False,,ok,,normalized_frames/topn_224_gray_jpg/help/msasl_raw_eRZW3DPxDGk__s015085__e015156__b6dbc8857fed,72,jpg,224,224,grayscale,15086,15157,15085,15156,30.0,train
learn,msasl,MS-ASL/videos_MS_ASL_raw/msasl_raw_n-b2NMAwk28.mp4,0,104.0,105.0,3.467,30.0,msasl_135,True,480.0,360.0,False,False,False,3.5,0.0329999999999999,False,0.4669999999999996,8.125,False,False,,ok,,normalized_frames/topn_224_gray_jpg/learn/msasl_raw_n-b2NMAwk28__s000000__e000103__f59b62755445,104,jpg,224,224,grayscale,0,104,0,103,30.0,train
happy,msasl,MS-ASL/videos_MS_ASL_raw/msasl_raw_QBwuhvz8LAk.mp4,0,70.0,71.0,2.416,28.971,msasl_243,True,406.0,720.0,False,False,False,2.450726588657623,0.0347265886576231,False,0.4669999999999996,8.125,False,False,,ok,,normalized_frames/topn_224_gray_jpg/happy/msasl_raw_QBwuhvz8LAk__s000000__e000069__ff278a788ed6,70,jpg,224,224,grayscale,0,70,0,69,28.97102897102897,train
what,msasl,MS-ASL/videos_MS_ASL_raw/msasl_raw_4Nh1iFv2BMc.mp4,6250,6398.0,149.0,4.937999999999988,29.97,msasl_72,True,626.0,360.0,False,False,False,4.971638304971639,0.0336383049716504,False,0.4669999999999996,8.125,False,False,,ok,,normalized_frames/topn_224_gray_jpg/what/msasl_raw_4Nh1iFv2BMc__s006249__e006397__7b3e1f4bde38,149,jpg,224,224,grayscale,6250,6398,6249,6397,29.97002997002997,train
again,msasl,MS-ASL/videos_MS_ASL_raw/msasl_raw_hjS0dQDgbjo.mp4,4240,4338.0,99.0,3.2700000000000102,29.97,msasl_72,True,626.0,360.0,False,False,False,3.3033033033033035,0.0333033033032932,False,0.4669999999999996,8.125,False,False,,ok,,normalized_frames/topn_224_gray_jpg/again/msasl_raw_hjS0dQDgbjo__s004239__e004337__ed70dcc22817,99,jpg,224,224,grayscale,4240,4338,4239,4337,29.97002997002997,train
but,msasl,MS-ASL/videos_MS_ASL_raw/msasl_raw_3zoqSvF0Z2A.mp4,1266,1326.0,61.0,2.0,30.0,msasl_175,True,568.0,320.0,False,False,False,2.033333333333333,0.0333333333333332,False,0.4669999999999996,8.125,False,False,,ok,,normalized_frames/topn_224_gray_jpg/but/msasl_raw_3zoqSvF0Z2A__s001265__e001325__eb4a1f742649,61,jpg,224,224,grayscale,1266,1326,1265,1325,30.0,train
student,msasl,MS-ASL/videos_MS_ASL_raw/msasl_raw_Rajw-g-59j4.mp4,278,343.0,66.0,2.1690000000000005,29.97,msasl_36,True,480.0,360.0,False,False,False,2.2022022022022023,0.0332022022022018,False,0.4669999999999996,8.125,False,False,,ok,,normalized_frames/topn_224_gray_jpg/student/msasl_raw_Rajw-g-59j4__s000277__e000342__9ee86d001e96,66,jpg,224,224,grayscale,278,343,277,342,29.97002997002997,train
yes,msasl,MS-ASL/videos_MS_ASL_raw/msasl_raw_yq5jgmkYOBo.mp4,0,62.0,63.0,2.067,30.0,msasl_62,True,640.0,360.0,False,False,False,2.1,0.0329999999999999,False,0.4669999999999996,8.125,False,False,,ok,,normalized_frames/topn_224_gray_jpg/yes/msasl_raw_yq5jgmkYOBo__s000000__e000061__986014a9132a,62,jpg,224,224,grayscale,0,62,0,61,30.0,train
nice,asldeafined,kaggle_dataset/videos/38285.mp4,1,96.0,96.0,3.2,29.99687532548693,wlasl_13,True,640.0,480.0,False,False,False,3.200333333333333,0.0003333333333332,False,0.4669999999999996,8.125,False,False,,ok,,normalized_frames/topn_224_gray_jpg/nice/38285__s000000__e000095__a064068aa9a8,96,jpg,224,224,grayscale,1,96,0,95,29.99687532548693,train
nice,signingsavvy,kaggle_dataset/videos/38287.mp4,1,29.0,29.0,0.968,29.97,wlasl_11,True,288.0,192.0,False,False,False,0.9676343009676344,0.0003656990323656,False,0.4669999999999996,8.125,False,False,,ok,,normalized_frames/topn_224_gray_jpg/nice/38287__s000000__e000028__cda1cf116168,28,jpg,224,224,grayscale,1,29,0,28,29.97,val
yes,msasl,MS-ASL/videos_MS_ASL_raw/msasl_raw_rkQZQhloXuE.mp4,7707,7777.0,71.0,2.3360000000000127,29.97,msasl_370,True,640.0,360.0,False,False,False,2.369035702369036,0.0330357023690228,False,0.4669999999999996,8.125,False,False,,ok,,normalized_frames/topn_224_gray_jpg/yes/msasl_raw_rkQZQhloXuE__s007706__e007776__bcc24b99c19f,71,jpg,224,224,grayscale,7707,7777,7706,7776,29.97002997002997,train
cousin,msasl,MS-ASL/videos_MS_ASL_raw/msasl_raw_9oISD6M-shc.mp4,120,230.0,111.0,3.670000000000001,29.97,msasl_144,True,480.0,360.0,False,False,False,3.703703703703704,0.0337037037037029,False,0.4669999999999996,8.125,False,False,,ok,,normalized_frames/topn_224_gray_jpg/cousin/msasl_raw_9oISD6M-shc__s000119__e000229__b1a18130d1b4,111,jpg,224,224,grayscale,120,230,119,229,29.97002997002997,train
school,msasl,MS-ASL/videos_MS_ASL_raw/msasl_raw_0bIF7jh6lnE.mp4,1734,1794.0,61.0,2.0020000000000024,29.97,msasl_125,True,480.0,360.0,False,False,False,2.035368702035369,0.0333687020353661,False,0.4669999999999996,8.125,False,False,,ok,,normalized_frames/topn_224_gray_jpg/school/msasl_raw_0bIF7jh6lnE__s001733__e001793__8144f1a929fa,61,jpg,224,224,grayscale,1734,1794,1733,1793,29.97002997002997,test
no,aslsignbank,kaggle_dataset/videos/66183.mp4,1,68.0,68.0,2.269,29.97002997002997,wlasl_102,True,656.0,370.0,False,False,False,2.268933333333333,6.666666666665932e-05,False,0.4669999999999996,8.125,False,False,,ok,,normalized_frames/topn_224_gray_jpg/no/66183__s000000__e000067__7c4f3b67f94a,68,jpg,224,224,grayscale,1,68,0,67,29.97002997002997,train
yes,msasl,MS-ASL/videos_MS_ASL_raw/msasl_raw_DOZJOFHs75s.mp4,1030,1070.0,41.0,1.333999999999996,29.97,msasl_95,True,480.0,360.0,False,False,False,1.3680347013680347,0.0340347013680386,False,0.4669999999999996,8.125,False,False,,ok,,normalized_frames/topn_224_gray_jpg/yes/msasl_raw_DOZJOFHs75s__s001029__e001069__3e2eef8949c9,41,jpg,224,224,grayscale,1030,1070,1029,1069,29.97002997002997,train
table,msasl,MS-ASL/videos_MS_ASL_raw/msasl_raw_UjiCWH8PSvM.mp4,185,250.0,66.0,2.1690000000000005,29.97,msasl_140,True,1280.0,720.0,False,False,False,2.2022022022022023,0.0332022022022018,False,0.4669999999999996,8.125,False,False,,ok,,normalized_frames/topn_224_gray_jpg/table/msasl_raw_UjiCWH8PSvM__s000184__e000249__98aa8f7fa990,66,jpg,224,224,grayscale,185,250,184,249,29.97002997002997,train
help,aslsignbank,kaggle_dataset/videos/65889.mp4,1,62.0,62.0,2.586,23.97607548596669,wlasl_90,True,656.0,370.0,False,False,False,2.585911111111112,8.888888888858304e-05,False,0.4669999999999996,8.125,False,False,,ok,,normalized_frames/topn_224_gray_jpg/help/65889__s000000__e000061__57ec671f9255,62,jpg,224,224,grayscale,1,62,0,61,23.97607548596669,train
cousin,msasl,MS-ASL/videos_MS_ASL_raw/msasl_raw_yzl_Ez0ZB9Q.mp4,1141,1197.0,57.0,1.869,29.97,msasl_97,True,480.0,360.0,False,False,False,1.901901901901902,0.0329019019019019,False,0.4669999999999996,8.125,False,False,,ok,,normalized_frames/topn_224_gray_jpg/cousin/msasl_raw_yzl_Ez0ZB9Q__s001140__e001196__64988e9a06c7,57,jpg,224,224,grayscale,1141,1197,1140,1196,29.97002997002997,train
doctor,msasl,MS-ASL/videos_MS_ASL_raw/msasl_raw_iR6M4P6XqB0.mp4,684,774.0,91.0,3.003,29.97,msasl_438,True,640.0,360.0,False,False,False,3.0363697030363697,0.0333697030363695,False,0.4669999999999996,8.125,False,False,,ok,,normalized_frames/topn_224_gray_jpg/doctor/msasl_raw_iR6M4P6XqB0__s000683__e000773__e565f5b0d05d,91,jpg,224,224,grayscale,684,774,683,773,29.97002997002997,train
finish,spreadthesign,kaggle_dataset/videos/21941.mp4,1,56.0,56.0,2.24,25.0,wlasl_37,True,320.0,240.0,False,False,False,2.24,0.0,False,0.4669999999999996,8.125,False,False,,ok,,normalized_frames/topn_224_gray_jpg/finish/21941__s000000__e000055__abc240670b0f,56,jpg,224,224,grayscale,1,56,0,55,25.0,train
what,msasl,MS-ASL/videos_MS_ASL_raw/msasl_raw_Ag5VPvAe8PA.mp4,7339,7457.0,119.0,3.937000000000012,29.97,msasl_18,True,640.0,360.0,False,False,False,3.9706373039706375,0.0336373039706257,False,0.4669999999999996,8.125,False,False,,ok,,normalized_frames/topn_224_gray_jpg/what/msasl_raw_Ag5VPvAe8PA__s007338__e007456__6c83eb824c48,119,jpg,224,224,grayscale,7339,7457,7338,7456,29.97002997002997,train
table,msasl,MS-ASL/videos_MS_ASL_raw/msasl_raw_-hzoIOWYJac.mp4,1020,1083.0,64.0,2.107999999999997,29.887,msasl_34,True,1280.0,720.0,False,False,False,2.141399270585873,0.0333992705858765,False,0.4669999999999996,8.125,False,False,,ok,,normalized_frames/topn_224_gray_jpg/table/msasl_raw_-hzoIOWYJac__s001019__e001082__c7ee059895ac,64,jpg,224,224,grayscale,1020,1083,1019,1082,30.0,train
table,msasl,MS-ASL/videos_MS_ASL_raw/msasl_raw_XtkDeYBnR8o.mp4,3562,3632.0,71.0,2.3359999999999985,29.97,msasl_309,True,640.0,360.0,False,False,False,2.369035702369036,0.033035702369037,False,0.4669999999999996,8.125,False,False,,ok,,normalized_frames/topn_224_gray_jpg/table/msasl_raw_XtkDeYBnR8o__s003561__e003631__240803a26cd0,71,jpg,224,224,grayscale,3562,3632,3561,3631,29.97002997002997,val
fish,msasl,MS-ASL/videos_MS_ASL_raw/msasl_raw_jcnSKdZFr-M.mp4,2580,2669.0,90.0,2.969999999999999,29.97,msasl_124,True,1280.0,720.0,False,False,False,3.003003003003004,0.0330030030030044,False,0.4669999999999996,8.125,False,False,,ok,,normalized_frames/topn_224_gray_jpg/fish/msasl_raw_jcnSKdZFr-M__s002579__e002668__221a0797e448,90,jpg,224,224,grayscale,2580,2669,2579,2668,29.97002997002997,train
orange,msasl,MS-ASL/videos_MS_ASL_raw/msasl_raw_NAZKMt2NhtU.mp4,821,913.0,93.0,3.0700000000000003,29.97,msasl_95,True,480.0,360.0,False,False,False,3.103103103103104,0.033103103103103,False,0.4669999999999996,8.125,False,False,,ok,,normalized_frames/topn_224_gray_jpg/orange/msasl_raw_NAZKMt2NhtU__s000820__e000912__1bea9e09f2a0,93,jpg,224,224,grayscale,821,913,820,912,29.97002997002997,train
finish,msasl,MS-ASL/videos_MS_ASL_raw/msasl_raw_UoITyyziLOw.mp4,6571,6624.0,54.0,1.768999999999977,29.97,msasl_160,True,640.0,360.0,False,False,False,1.8018018018018016,0.0328018018018247,False,0.4669999999999996,8.125,False,False,,ok,,normalized_frames/topn_224_gray_jpg/finish/msasl_raw_UoITyyziLOw__s006570__e006623__ad632f381c42,54,jpg,224,224,grayscale,6571,6624,6570,6623,29.970090947933837,train
but,signingsavvy,kaggle_dataset/videos/16198.mp4,1,45.0,45.0,1.502,29.97,wlasl_11,True,288.0,192.0,False,False,False,1.5015015015015016,0.0004984984984983,False,0.4669999999999996,8.125,False,False,,ok,,normalized_frames/topn_224_gray_jpg/but/16198__s000000__e000044__7f729b7676f7,44,jpg,224,224,grayscale,1,45,0,44,29.97,val
spring,msasl,MS-ASL/videos_MS_ASL_raw/msasl_raw_RAtOGNDP0dg.mp4,8238,8335.0,98.0,3.23599999999999,29.97,msasl_124,True,640.0,360.0,False,False,False,3.2699366032699366,0.0339366032699466,False,0.4669999999999996,8.125,False,False,,ok,,normalized_frames/topn_224_gray_jpg/spring/msasl_raw_RAtOGNDP0dg__s008237__e008334__f13ce5e7d04b,98,jpg,224,224,grayscale,8238,8335,8237,8334,29.97,train
sit,msasl,MS-ASL/videos_MS_ASL_raw/msasl_raw_UjiCWH8PSvM.mp4,281,335.0,55.0,1.8020000000000007,29.97,msasl_140,True,1280.0,720.0,False,False,False,1.8351685018351689,0.0331685018351679,False,0.4669999999999996,8.125,False,False,,ok,,normalized_frames/topn_224_gray_jpg/sit/msasl_raw_UjiCWH8PSvM__s000280__e000334__958ebd562e1b,55,jpg,224,224,grayscale,281,335,280,334,29.97002997002997,train
again,msasl,MS-ASL/videos_MS_ASL_raw/msasl_raw_p8OYydc3WQM.mp4,7567,7697.0,131.0,4.336999999999989,29.97,msasl_262,True,640.0,360.0,False,False,False,4.371037704371038,0.0340377043710491,False,0.4669999999999996,8.125,False,False,,ok,,normalized_frames/topn_224_gray_jpg/again/msasl_raw_p8OYydc3WQM__s007566__e007696__27fe22ebb9e0,131,jpg,224,224,grayscale,7567,7697,7566,7696,29.97002997002997,train
orange,msasl,MS-ASL/videos_MS_ASL_raw/msasl_raw_W_IPtdsIUOo.mp4,93,107.0,15.0,0.4669999999999996,29.97,msasl_262,True,640.0,360.0,False,False,False,0.5005005005005005,0.0335005005005009,False,0.4669999999999996,8.125,False,False,,ok,,normalized_frames/topn_224_gray_jpg/orange/msasl_raw_W_IPtdsIUOo__s000092__e000106__8079aa64f7c3,15,jpg,224,224,grayscale,93,107,92,106,29.97002997002997,train
yes,msasl,MS-ASL/videos_MS_ASL_raw/msasl_raw_FNt4N8WFuVY.mp4,3754,3849.0,96.0,3.9809999999999945,23.867,msasl_401,True,270.0,360.0,False,False,False,4.022290191477772,0.0412901914777776,False,0.4669999999999996,8.125,False,False,,ok,,normalized_frames/topn_224_gray_jpg/yes/msasl_raw_FNt4N8WFuVY__s003753__e003848__2198fe860d70,96,jpg,224,224,grayscale,3754,3849,3753,3848,24.0,train
fish,spreadthesign,kaggle_dataset/videos/22114.mp4,1,86.0,86.0,3.44,25.0,wlasl_0,True,320.0,240.0,False,False,False,3.44,0.0,False,0.4669999999999996,8.125,False,False,,ok,,normalized_frames/topn_224_gray_jpg/fish/22114__s000000__e000085__9475d741acaf,86,jpg,224,224,grayscale,1,86,0,85,25.0,train
learn,msasl,MS-ASL/videos_MS_ASL_raw/msasl_raw_f7COHRpmVKA.mp4,1186,1335.0,150.0,4.9709999999999965,29.97,msasl_32,True,640.0,360.0,False,False,False,5.005005005005005,0.0340050050050084,False,0.4669999999999996,8.125,False,False,,ok,,normalized_frames/topn_224_gray_jpg/learn/msasl_raw_f7COHRpmVKA__s001185__e001334__089cea85297b,150,jpg,224,224,grayscale,1186,1335,1185,1334,29.97002997002997,train
table,msasl,MS-ASL/videos_MS_ASL_raw/msasl_raw_w6PPE2uUA9w.mp4,3061,3148.0,88.0,2.902999999999992,29.97,msasl_203,True,640.0,360.0,False,False,False,2.9362696029362696,0.0332696029362775,False,0.4669999999999996,8.125,False,False,,ok,,normalized_frames/topn_224_gray_jpg/table/msasl_raw_w6PPE2uUA9w__s003060__e003147__d1cb8b6ee3f5,88,jpg,224,224,grayscale,3061,3148,3060,3147,29.97002997002997,train
no,msasl,MS-ASL/videos_MS_ASL_raw/msasl_raw_nvaS2J5mcEk.mp4,8031,8090.0,60.0,1.967999999999961,29.97,msasl_417,True,202.0,360.0,False,False,False,2.002002002002002,0.0340020020020412,False,0.4669999999999996,8.125,False,False,,ok,,normalized_frames/topn_224_gray_jpg/no/msasl_raw_nvaS2J5mcEk__s008030__e008089__8cce70b2757c,60,jpg,224,224,grayscale,8031,8090,8030,8089,29.97002997002997,train
tired,msasl,MS-ASL/videos_MS_ASL_raw/msasl_raw_FNt4N8WFuVY.mp4,19701,19846.0,146.0,6.0750000000000455,23.867,msasl_401,True,270.0,360.0,False,False,False,6.117232999539112,0.0422329995390668,False,0.4669999999999996,8.125,False,False,,ok,,normalized_frames/topn_224_gray_jpg/tired/msasl_raw_FNt4N8WFuVY__s019700__e019845__f39185db1ffe,146,jpg,224,224,grayscale,19701,19846,19700,19845,24.0,train
nice,msasl,MS-ASL/videos_MS_ASL_raw/msasl_raw_uPKOwziViaw.mp4,13211,13308.0,98.0,3.2369999999999663,29.97,msasl_124,True,1280.0,720.0,False,False,False,3.2699366032699366,0.0329366032699702,False,0.4669999999999996,8.125,False,False,,ok,,normalized_frames/topn_224_gray_jpg/nice/msasl_raw_uPKOwziViaw__s013210__e013307__083eb0d92958,98,jpg,224,224,grayscale,13211,13308,13210,13307,29.97002997002997,train
what,msasl,MS-ASL/videos_MS_ASL_raw/msasl_raw_sErq0TJMKEo.mp4,7907,8041.0,135.0,4.471000000000004,29.97,msasl_72,True,472.0,360.0,False,False,False,4.504504504504505,0.033504504504501,False,0.4669999999999996,8.125,False,False,,ok,,normalized_frames/topn_224_gray_jpg/what/msasl_raw_sErq0TJMKEo__s007906__e008040__476136d86fe5,135,jpg,224,224,grayscale,7907,8041,7906,8040,29.97002997002997,train
doctor,msasl,MS-ASL/videos_MS_ASL_raw/msasl_raw_Nf_0FxqOIWM.mp4,8506,8578.0,73.0,2.4049999999999727,29.94,msasl_124,True,1280.0,720.0,False,False,False,2.438209752839011,0.0332097528390384,False,0.4669999999999996,8.125,False,False,,ok,,normalized_frames/topn_224_gray_jpg/doctor/msasl_raw_Nf_0FxqOIWM__s008505__e008577__03d26c0c7dc1,73,jpg,224,224,grayscale,8506,8578,8505,8577,29.97,train
man,msasl,MS-ASL/videos_MS_ASL_raw/msasl_raw_BEKUHzwnVO8.mp4,6556,6626.0,71.0,2.3359999999999843,29.97,msasl_80,True,640.0,360.0,False,False,False,2.369035702369036,0.0330357023690512,False,0.4669999999999996,8.125,False,False,,ok,,normalized_frames/topn_224_gray_jpg/man/msasl_raw_BEKUHzwnVO8__s006555__e006625__ffe03556529e,71,jpg,224,224,grayscale,6556,6626,6555,6625,29.97002997002997,train
table,msasl,MS-ASL/videos_MS_ASL_raw/msasl_raw_mEgQI-DHntY.mp4,0,102.0,103.0,3.403,29.97,msasl_0,True,640.0,360.0,False,False,False,3.4367701034367704,0.0337701034367703,False,0.4669999999999996,8.125,False,False,,ok,,normalized_frames/topn_224_gray_jpg/table/msasl_raw_mEgQI-DHntY__s000000__e000101__9bca618f7e32,102,jpg,224,224,grayscale,0,102,0,101,29.97002997002997,test
deaf,msasl,MS-ASL/videos_MS_ASL_raw/msasl_raw__8t-Avfk310.mp4,0,128.0,129.0,7.455,17.169,msasl_2,True,640.0,360.0,False,False,False,7.513541848680761,0.0585418486807611,False,0.4669999999999996,8.125,False,False,,ok,,normalized_frames/topn_224_gray_jpg/deaf/msasl_raw__8t-Avfk310__s000000__e000127__1ebf120c5593,128,jpg,224,224,grayscale,0,128,0,127,17.169,train
again,msasl,MS-ASL/videos_MS_ASL_raw/msasl_raw_yG09SQB0Hds.mp4,2725,2793.0,69.0,2.2689999999999912,29.97,msasl_160,True,640.0,360.0,False,False,False,2.3023023023023024,0.0333023023023111,False,0.4669999999999996,8.125,False,False,,ok,,normalized_frames/topn_224_gray_jpg/again/msasl_raw_yG09SQB0Hds__s002724__e002792__61a2ec2bbb8f,69,jpg,224,224,grayscale,2725,2793,2724,2792,29.97002997002997,train
tired,msasl,MS-ASL/videos_MS_ASL_raw/msasl_raw_Cv5avR9nEhg.mp4,1768,1848.0,81.0,3.200000000000003,25.0,msasl_12,True,1280.0,720.0,False,False,False,3.24,0.0399999999999973,False,0.4669999999999996,8.125,False,False,,ok,,normalized_frames/topn_224_gray_jpg/tired/msasl_raw_Cv5avR9nEhg__s001767__e001847__6ff784d3361d,81,jpg,224,224,grayscale,1768,1848,1767,1847,25.0,train
father,signschool,kaggle_dataset/videos/14566.mp4,1,79.0,79.0,2.636,29.97002997002997,wlasl_52,True,640.0,360.0,False,False,False,2.6359666666666666,3.333333333355171e-05,False,0.4669999999999996,8.125,False,False,,ok,,normalized_frames/topn_224_gray_jpg/father/14566__s000000__e000078__a029156e3662,79,jpg,224,224,grayscale,1,79,0,78,29.97002997002997,train
yes,msasl,MS-ASL/videos_MS_ASL_raw/msasl_raw_-LB4ENHxcIs.mp4,1138,1205.0,68.0,2.236000000000004,29.97,msasl_233,True,640.0,360.0,False,False,False,2.2689356022689355,0.0329356022689313,False,0.4669999999999996,8.125,False,False,,ok,,normalized_frames/topn_224_gray_jpg/yes/msasl_raw_-LB4ENHxcIs__s001137__e001204__50e41726a9c5,68,jpg,224,224,grayscale,1138,1205,1137,1204,29.97002997002997,train
deaf,msasl,MS-ASL/videos_MS_ASL_raw/msasl_raw_rnr_aY0X0dQ.mp4,4852,4892.0,41.0,1.3340000000000032,30.0,msasl_312,True,640.0,360.0,False,False,False,1.3666666666666667,0.0326666666666635,False,0.4669999999999996,8.125,False,False,,ok,,normalized_frames/topn_224_gray_jpg/deaf/msasl_raw_rnr_aY0X0dQ__s004851__e004891__7efafa030922,41,jpg,224,224,grayscale,4852,4892,4851,4891,30.0,train
again,msasl,MS-ASL/videos_MS_ASL_raw/msasl_raw_HUMEcnkvhJU.mp4,2960,3080.0,121.0,4.004000000000005,29.97,msasl_251,True,640.0,360.0,False,False,False,4.037370704037371,0.0333707040373658,False,0.4669999999999996,8.125,False,False,,ok,,normalized_frames/topn_224_gray_jpg/again/msasl_raw_HUMEcnkvhJU__s002959__e003079__27a0034493ce,121,jpg,224,224,grayscale,2960,3080,2959,3079,29.97002997002997,train
like,msasl,MS-ASL/videos_MS_ASL_raw/msasl_raw_FwGL9FjFpYI.mp4,7036,7126.0,91.0,3.002999999999986,29.97,msasl_26,True,1280.0,720.0,False,False,False,3.0363697030363697,0.0333697030363837,False,0.4669999999999996,8.125,False,False,,ok,,normalized_frames/topn_224_gray_jpg/like/msasl_raw_FwGL9FjFpYI__s007035__e007125__bcc717016990,91,jpg,224,224,grayscale,7036,7126,7035,7125,29.97002997002997,val
orange,asldeafined,kaggle_dataset/videos/40119.mp4,1,88.0,88.0,2.933,30.0,wlasl_13,True,640.0,480.0,False,False,False,2.933333333333333,0.0003333333333332,False,0.4669999999999996,8.125,False,False,,ok,,normalized_frames/topn_224_gray_jpg/orange/40119__s000000__e000087__a90977fb8516,88,jpg,224,224,grayscale,1,88,0,87,30.0,train
finish,msasl,MS-ASL/videos_MS_ASL_raw/msasl_raw_ZG4u7LDCN8A.mp4,1878,1941.0,64.0,2.519999999999996,25.0,msasl_172,True,640.0,360.0,False,False,False,2.56,0.040000000000004,False,0.4669999999999996,8.125,False,False,,ok,,normalized_frames/topn_224_gray_jpg/finish/msasl_raw_ZG4u7LDCN8A__s001877__e001940__621b2fc65e3b,64,jpg,224,224,grayscale,1878,1941,1877,1940,25.0,train
yes,msasl,MS-ASL/videos_MS_ASL_raw/msasl_raw_HUMEcnkvhJU.mp4,39864,39944.0,81.0,2.6690000000000964,29.97,msasl_251,True,640.0,360.0,False,False,False,2.702702702702702,0.0337027027026062,False,0.4669999999999996,8.125,False,False,,ok,,normalized_frames/topn_224_gray_jpg/yes/msasl_raw_HUMEcnkvhJU__s039863__e039943__55eaf5881f60,81,jpg,224,224,grayscale,39864,39944,39863,39943,29.97002997002997,train
yes,msasl,MS-ASL/videos_MS_ASL_raw/msasl_raw_iHR2uV-Uxc8.mp4,9511,9617.0,107.0,3.5369999999999777,29.97,msasl_349,True,640.0,360.0,False,False,False,3.570236903570237,0.0332369035702591,False,0.4669999999999996,8.125,False,False,,ok,,normalized_frames/topn_224_gray_jpg/yes/msasl_raw_iHR2uV-Uxc8__s009510__e009616__14fa225000ec,107,jpg,224,224,grayscale,9511,9617,9510,9616,29.97002997002997,train
learn,msasl,MS-ASL/videos_MS_ASL_raw/msasl_raw_BEKUHzwnVO8.mp4,4945,5055.0,111.0,3.670000000000016,29.97,msasl_80,True,640.0,360.0,False,False,False,3.703703703703704,0.0337037037036878,False,0.4669999999999996,8.125,False,False,,ok,,normalized_frames/topn_224_gray_jpg/learn/msasl_raw_BEKUHzwnVO8__s004944__e005054__e4b39b88ec62,111,jpg,224,224,grayscale,4945,5055,4944,5054,29.97002997002997,train
water,msasl,MS-ASL/videos_MS_ASL_raw/msasl_raw_XtkDeYBnR8o.mp4,5762,5822.0,61.0,2.002000000000009,29.97,msasl_309,True,640.0,360.0,False,False,False,2.035368702035369,0.0333687020353594,False,0.4669999999999996,8.125,False,False,,ok,,normalized_frames/topn_224_gray_jpg/water/msasl_raw_XtkDeYBnR8o__s005761__e005821__8b69550a3b34,61,jpg,224,224,grayscale,5762,5822,5761,5821,29.97002997002997,val
help,msasl,MS-ASL/videos_MS_ASL_raw/msasl_raw_sQELZPmche8.mp4,1389,1456.0,68.0,2.275999999999996,29.441,msasl_140,True,480.0,360.0,False,False,False,2.309704154070854,0.033704154070858,False,0.4669999999999996,8.125,False,False,,ok,,normalized_frames/topn_224_gray_jpg/help/msasl_raw_sQELZPmche8__s001388__e001455__1d2ed9904864,68,jpg,224,224,grayscale,1389,1456,1388,1455,29.5,train
teacher,msasl,MS-ASL/videos_MS_ASL_raw/msasl_raw_P3tBJESDamE.mp4,818,918.0,101.0,4.170999999999999,23.976,msasl_94,True,1280.0,720.0,False,False,False,4.212545879212546,0.0415458792125464,False,0.4669999999999996,8.125,False,False,,ok,,normalized_frames/topn_224_gray_jpg/teacher/msasl_raw_P3tBJESDamE__s000817__e000917__8266c83a4262,101,jpg,224,224,grayscale,818,918,817,917,23.976023976023978,train
spring,aslsearch,kaggle_dataset/videos/43090.mp4,1,78.0,78.0,2.569,30.359615059935845,wlasl_41,True,720.0,400.0,False,False,False,2.5692025358692026,0.0002025358692026,False,0.4669999999999996,8.125,False,False,,ok,,normalized_frames/topn_224_gray_jpg/spring/43090__s000000__e000077__9b1f200cfaea,78,jpg,224,224,grayscale,1,78,0,77,30.359615059935845,train
sit,asldeafined,kaggle_dataset/videos/51919.mp4,1,66.0,66.0,2.2,29.995455234055445,wlasl_13,True,640.0,480.0,False,False,False,2.200333333333333,0.0003333333333332,False,0.4669999999999996,8.125,False,False,,ok,,normalized_frames/topn_224_gray_jpg/sit/51919__s000000__e000065__d1a3724ccf1c,66,jpg,224,224,grayscale,1,66,0,65,29.995455234055445,train
table,msasl,MS-ASL/videos_MS_ASL_raw/msasl_raw_v_SV_07Gcfk.mp4,805,869.0,65.0,2.1359999999999992,29.97,msasl_140,True,1280.0,720.0,False,False,False,2.1688355021688355,0.0328355021688362,False,0.4669999999999996,8.125,False,False,,ok,,normalized_frames/topn_224_gray_jpg/table/msasl_raw_v_SV_07Gcfk__s000804__e000868__b5ab1ced2403,65,jpg,224,224,grayscale,805,869,804,868,29.97002997002997,train
student,msasl,MS-ASL/videos_MS_ASL_raw/msasl_raw_75BkNdtDsoQ.mp4,3782,3832.0,51.0,2.0,25.0,msasl_77,True,640.0,360.0,False,False,False,2.04,0.04,False,0.4669999999999996,8.125,False,False,,ok,,normalized_frames/topn_224_gray_jpg/student/msasl_raw_75BkNdtDsoQ__s003781__e003831__38a9d2a071f3,51,jpg,224,224,grayscale,3782,3832,3781,3831,25.0,train
water,msasl,MS-ASL/videos_MS_ASL_raw/msasl_raw_CmKYKBQuHf4.mp4,6459,6539.0,81.0,2.670000000000016,29.97,msasl_80,True,640.0,360.0,False,False,False,2.702702702702702,0.0327027027026867,False,0.4669999999999996,8.125,False,False,,ok,,normalized_frames/topn_224_gray_jpg/water/msasl_raw_CmKYKBQuHf4__s006458__e006538__1b048eddca57,81,jpg,224,224,grayscale,6459,6539,6458,6538,29.97002997002997,train
man,msasl,MS-ASL/videos_MS_ASL_raw/msasl_raw_xIIGn6cn8BI.mp4,2648,2697.0,50.0,1.634999999999991,29.97,msasl_138,True,640.0,360.0,False,False,False,1.6683350016683351,0.0333350016683442,False,0.4669999999999996,8.125,False,False,,ok,,normalized_frames/topn_224_gray_jpg/man/msasl_raw_xIIGn6cn8BI__s002647__e002696__f0d6d763aa03,50,jpg,224,224,grayscale,2648,2697,2647,2696,29.97002997002997,train
but,spreadthesign,kaggle_dataset/videos/08424.mp4,1,62.0,62.0,2.48,25.0,wlasl_2,True,320.0,240.0,False,False,False,2.48,0.0,False,0.4669999999999996,8.125,False,False,,ok,,normalized_frames/topn_224_gray_jpg/but/08424__s000000__e000061__a7eae999d71b,62,jpg,224,224,grayscale,1,62,0,61,25.0,train
nice,msasl,MS-ASL/videos_MS_ASL_raw/msasl_raw_dMZ-SCl7nA4.mp4,4436,4504.0,69.0,2.2680000000000007,29.97,msasl_286,True,1280.0,720.0,False,False,False,2.3023023023023024,0.0343023023023016,False,0.4669999999999996,8.125,False,False,,ok,,normalized_frames/topn_224_gray_jpg/nice/msasl_raw_dMZ-SCl7nA4__s004435__e004503__8388165b8092,69,jpg,224,224,grayscale,4436,4504,4435,4503,29.97002997002997,train
sit,msasl,MS-ASL/videos_MS_ASL_raw/msasl_raw_fNg_sJ9f8EI.mp4,11853,11972.0,120.0,3.971000000000004,29.97,msasl_32,True,640.0,360.0,False,False,False,4.004004004004004,0.0330040040040002,False,0.4669999999999996,8.125,False,False,,ok,,normalized_frames/topn_224_gray_jpg/sit/msasl_raw_fNg_sJ9f8EI__s011852__e011971__4416f2114582,120,jpg,224,224,grayscale,11853,11972,11852,11971,29.97002997002997,train
mother,msasl,MS-ASL/videos_MS_ASL_raw/msasl_raw_6UrcyZ-QeiU.mp4,2275,2315.0,41.0,1.3349999999999935,29.97,msasl_205,True,640.0,360.0,False,False,False,1.3680347013680347,0.0330347013680412,False,0.4669999999999996,8.125,False,False,,ok,,normalized_frames/topn_224_gray_jpg/mother/msasl_raw_6UrcyZ-QeiU__s002274__e002314__7769de49ba0d,41,jpg,224,224,grayscale,2275,2315,2274,2314,29.97002997002997,train
teacher,msasl,MS-ASL/videos_MS_ASL_raw/msasl_raw_mfrGIHTnKvI.mp4,2754,2816.0,63.0,2.578000000000003,24.042,msasl_94,True,640.0,360.0,False,False,False,2.620414275018717,0.0424142750187139,False,0.4669999999999996,8.125,False,False,,ok,,normalized_frames/topn_224_gray_jpg/teacher/msasl_raw_mfrGIHTnKvI__s002753__e002815__024d0b368a28,63,jpg,224,224,grayscale,2754,2816,2753,2815,24.042,train
need,msasl,MS-ASL/videos_MS_ASL_raw/msasl_raw_OSpNDIzYRTw.mp4,9879,9989.0,111.0,4.399999999999977,25.0,msasl_77,True,640.0,360.0,False,False,False,4.44,0.0400000000000231,False,0.4669999999999996,8.125,False,False,,ok,,normalized_frames/topn_224_gray_jpg/need/msasl_raw_OSpNDIzYRTw__s009878__e009988__c507e491094b,111,jpg,224,224,grayscale,9879,9989,9878,9988,25.0,train
need,msasl,MS-ASL/videos_MS_ASL_raw/msasl_raw_5LuS-TTg7rA.mp4,1055,1102.0,48.0,1.568000000000005,29.97,msasl_26,True,1280.0,720.0,False,False,False,1.6016016016016017,0.0336016016015967,False,0.4669999999999996,8.125,False,False,,ok,,normalized_frames/topn_224_gray_jpg/need/msasl_raw_5LuS-TTg7rA__s001054__e001101__6fe237520bbc,48,jpg,224,224,grayscale,1055,1102,1054,1101,29.97002997002997,val
but,msasl,MS-ASL/videos_MS_ASL_raw/msasl_raw_2VB3WN8adyM.mp4,11136,11224.0,89.0,3.666999999999973,24.0,msasl_125,True,1280.0,720.0,False,False,False,3.7083333333333335,0.0413333333333603,False,0.4669999999999996,8.125,False,False,,ok,,normalized_frames/topn_224_gray_jpg/but/msasl_raw_2VB3WN8adyM__s011135__e011223__d3bf0d4a6ed0,89,jpg,224,224,grayscale,11136,11224,11135,11223,24.00001629882261,test
water,msasl,MS-ASL/videos_MS_ASL_raw/msasl_raw_gGgVocdlmW0.mp4,0,106.0,107.0,3.573,29.663,msasl_2,True,640.0,360.0,False,False,False,3.607187405184911,0.0341874051849107,False,0.4669999999999996,8.125,False,False,,ok,,normalized_frames/topn_224_gray_jpg/water/msasl_raw_gGgVocdlmW0__s000000__e000105__6a09d1c1354f,106,jpg,224,224,grayscale,0,106,0,105,29.663,train
fish,msasl,MS-ASL/videos_MS_ASL_raw/msasl_raw_D6k_RImo0-c.mp4,0,124.0,125.0,4.189,29.599,msasl_2,True,640.0,360.0,False,False,False,4.223115645798845,0.0341156457988445,False,0.4669999999999996,8.125,False,False,,ok,,normalized_frames/topn_224_gray_jpg/fish/msasl_raw_D6k_RImo0-c__s000000__e000123__d2a5d27d8157,124,jpg,224,224,grayscale,0,124,0,123,29.599,train
school,msasl,MS-ASL/videos_MS_ASL_raw/msasl_raw_UoITyyziLOw.mp4,3227,3315.0,89.0,2.9369999999999976,29.97,msasl_160,True,640.0,360.0,False,False,False,2.9696363029696364,0.0326363029696388,False,0.4669999999999996,8.125,False,False,,ok,,normalized_frames/topn_224_gray_jpg/school/msasl_raw_UoITyyziLOw__s003226__e003314__ba306d74a336,89,jpg,224,224,grayscale,3227,3315,3226,3314,29.970090947933837,train
spring,msasl,MS-ASL/videos_MS_ASL_raw/msasl_raw__qRft6V2XC0.mp4,263,312.0,50.0,1.6349999999999998,29.97,msasl_203,True,640.0,360.0,False,False,False,1.6683350016683351,0.0333350016683353,False,0.4669999999999996,8.125,False,False,,ok,,normalized_frames/topn_224_gray_jpg/spring/msasl_raw__qRft6V2XC0__s000262__e000311__8fbc3366e1fd,50,jpg,224,224,grayscale,263,312,262,311,29.97002997002997,train
teacher,msasl,MS-ASL/videos_MS_ASL_raw/msasl_raw_DOZJOFHs75s.mp4,2874,2982.0,109.0,3.6029999999999935,29.97,msasl_95,True,480.0,360.0,False,False,False,3.6369703036369705,0.0339703036369769,False,0.4669999999999996,8.125,False,False,,ok,,normalized_frames/topn_224_gray_jpg/teacher/msasl_raw_DOZJOFHs75s__s002873__e002981__9ab14d0db922,109,jpg,224,224,grayscale,2874,2982,2873,2981,29.97002997002997,train
bird,msasl,MS-ASL/videos_MS_ASL_raw/msasl_raw_Z1XbXReP_UY.mp4,3125,3187.0,63.0,2.0690000000000026,29.97,msasl_26,True,1280.0,720.0,False,False,False,2.1021021021021022,0.0331021021020996,False,0.4669999999999996,8.125,False,False,,ok,,normalized_frames/topn_224_gray_jpg/bird/msasl_raw_Z1XbXReP_UY__s003124__e003186__61cd8d130dfe,63,jpg,224,224,grayscale,3125,3187,3124,3186,29.97002997002997,val
happy,msasl,MS-ASL/videos_MS_ASL_raw/msasl_raw_91foGHKuwL0.mp4,2432,2473.0,42.0,1.366000000000014,30.0,msasl_101,True,640.0,360.0,False,False,False,1.4,0.0339999999999858,False,0.4669999999999996,8.125,False,False,,ok,,normalized_frames/topn_224_gray_jpg/happy/msasl_raw_91foGHKuwL0__s002431__e002472__c0f4ebb6a4a8,42,jpg,224,224,grayscale,2432,2473,2431,2472,30.0,train
tired,msasl,MS-ASL/videos_MS_ASL_raw/msasl_raw_XG_v5S_KDS4.mp4,0,86.0,87.0,2.867,30.0,msasl_0,True,320.0,240.0,False,False,False,2.9,0.0329999999999999,False,0.4669999999999996,8.125,False,False,,ok,,normalized_frames/topn_224_gray_jpg/tired/msasl_raw_XG_v5S_KDS4__s000000__e000085__9c4e867f6553,86,jpg,224,224,grayscale,0,86,0,85,30.0,test
school,msasl,MS-ASL/videos_MS_ASL_raw/msasl_raw_HUMEcnkvhJU.mp4,29311,29399.0,89.0,2.937000000000012,29.97,msasl_251,True,640.0,360.0,False,False,False,2.9696363029696364,0.0326363029696246,False,0.4669999999999996,8.125,False,False,,ok,,normalized_frames/topn_224_gray_jpg/school/msasl_raw_HUMEcnkvhJU__s029310__e029398__2da690dff6e7,89,jpg,224,224,grayscale,29311,29399,29310,29398,29.97002997002997,train
bird,asldeafined,kaggle_dataset/videos/06335.mp4,1,111.0,111.0,3.7,29.99729754076209,wlasl_59,True,640.0,480.0,False,False,False,3.7003333333333335,0.0003333333333332,False,0.4669999999999996,8.125,False,False,,ok,,normalized_frames/topn_224_gray_jpg/bird/06335__s000000__e000110__f4633cf10508,111,jpg,224,224,grayscale,1,111,0,110,29.99729754076209,train
but,msasl,MS-ASL/videos_MS_ASL_raw/msasl_raw_x0q-NTYinOY.mp4,5454,5606.0,153.0,5.072000000000003,29.97,msasl_283,True,640.0,360.0,False,False,False,5.105105105105105,0.0331051051051023,False,0.4669999999999996,8.125,False,False,,ok,,normalized_frames/topn_224_gray_jpg/but/msasl_raw_x0q-NTYinOY__s005453__e005605__a4fc5055f5cd,153,jpg,224,224,grayscale,5454,5606,5453,5605,29.97002997002997,train
father,msasl,MS-ASL/videos_MS_ASL_raw/msasl_raw_UXetwN_cI5A.mp4,10032,10102.0,71.0,2.800000000000012,25.0,msasl_12,True,480.0,360.0,False,False,False,2.84,0.039999999999988,False,0.4669999999999996,8.125,False,False,,ok,,normalized_frames/topn_224_gray_jpg/father/msasl_raw_UXetwN_cI5A__s010031__e010101__774dfe1cef48,71,jpg,224,224,grayscale,10032,10102,10031,10101,25.0,train
yes,aslsignbank,kaggle_dataset/videos/66820.mp4,1,47.0,47.0,1.96,23.9760579506422,wlasl_88,True,656.0,370.0,False,False,False,1.9602888888888883,0.0002888888888885,False,0.4669999999999996,8.125,False,False,,ok,,normalized_frames/topn_224_gray_jpg/yes/66820__s000000__e000046__1c8cd4bec3f8,47,jpg,224,224,grayscale,1,47,0,46,23.9760579506422,val
cousin,msasl,MS-ASL/videos_MS_ASL_raw/msasl_raw_ktkz1BUzs48.mp4,1831,1894.0,64.0,2.1019999999999968,29.97,msasl_26,True,1280.0,720.0,False,False,False,2.135468802135469,0.0334688021354723,False,0.4669999999999996,8.125,False,False,,ok,,normalized_frames/topn_224_gray_jpg/cousin/msasl_raw_ktkz1BUzs48__s001830__e001893__d7427cd28620,64,jpg,224,224,grayscale,1831,1894,1830,1893,29.97002997002997,val
what,msasl,MS-ASL/videos_MS_ASL_raw/msasl_raw_1udGGPLkA-Q.mp4,0,71.0,72.0,2.369,29.97,msasl_0,True,640.0,360.0,False,False,False,2.4024024024024024,0.0334024024024022,False,0.4669999999999996,8.125,False,False,,ok,,normalized_frames/topn_224_gray_jpg/what/msasl_raw_1udGGPLkA-Q__s000000__e000070__0976fa2ab4ad,71,jpg,224,224,grayscale,0,71,0,70,29.97002997002997,test
school,msasl,MS-ASL/videos_MS_ASL_raw/msasl_raw_AkGYEiN8vOY.mp4,2678,2782.0,105.0,4.159999999999997,25.0,msasl_172,True,640.0,360.0,False,False,False,4.2,0.0400000000000035,False,0.4669999999999996,8.125,False,False,,ok,,normalized_frames/topn_224_gray_jpg/school/msasl_raw_AkGYEiN8vOY__s002677__e002781__ab61f1a6e70d,105,jpg,224,224,grayscale,2678,2782,2677,2781,25.0,train
tired,aslsearch,kaggle_dataset/videos/58600.mp4,1,66.0,66.0,2.169,30.431545100693857,wlasl_12,True,720.0,400.0,False,False,False,2.1688021354688023,0.0001978645311977,False,0.4669999999999996,8.125,False,False,,ok,,normalized_frames/topn_224_gray_jpg/tired/58600__s000000__e000065__b4c54f4903df,66,jpg,224,224,grayscale,1,66,0,65,30.431545100693857,train
again,msasl,MS-ASL/videos_MS_ASL_raw/msasl_raw_84NJb1G4eLs.mp4,0,65.0,66.0,2.169,29.97,msasl_96,True,636.0,360.0,False,False,False,2.2022022022022023,0.0332022022022022,False,0.4669999999999996,8.125,False,False,,ok,,normalized_frames/topn_224_gray_jpg/again/msasl_raw_84NJb1G4eLs__s000000__e000064__96175fea9cdd,65,jpg,224,224,grayscale,0,65,0,64,29.97002997002997,train
no,msasl,MS-ASL/videos_MS_ASL_raw/msasl_raw_ckNZidesfIA.mp4,3590,3651.0,62.0,2.0360000000000014,29.97,msasl_286,True,640.0,360.0,False,False,False,2.0687354020687354,0.032735402068734,False,0.4669999999999996,8.125,False,False,,ok,,normalized_frames/topn_224_gray_jpg/no/msasl_raw_ckNZidesfIA__s003589__e003650__d4c190639afc,62,jpg,224,224,grayscale,3590,3651,3589,3650,29.97002997002997,train
tired,msasl,MS-ASL/videos_MS_ASL_raw/msasl_raw_eeHS78JyN70.mp4,21796,21866.0,71.0,2.3360000000000127,29.97,msasl_80,True,640.0,360.0,False,False,False,2.369035702369036,0.0330357023690228,False,0.4669999999999996,8.125,False,False,,ok,,normalized_frames/topn_224_gray_jpg/tired/msasl_raw_eeHS78JyN70__s021795__e021865__db5f356a143f,71,jpg,224,224,grayscale,21796,21866,21795,21865,29.97002997002997,train
orange,msasl,MS-ASL/videos_MS_ASL_raw/msasl_raw_4iWzK-kKmIU.mp4,50,150.0,101.0,3.341,29.932,msasl_144,True,480.0,360.0,False,False,False,3.374315114258988,0.0333151142589871,False,0.4669999999999996,8.125,False,False,,ok,,normalized_frames/topn_224_gray_jpg/orange/msasl_raw_4iWzK-kKmIU__s000049__e000149__b4c8ed92de04,101,jpg,224,224,grayscale,50,150,49,149,29.97002997002997,train
finish,msasl,MS-ASL/videos_MS_ASL_raw/msasl_raw_Tckw40A23Bc.mp4,13066,13119.0,54.0,2.1200000000000045,25.0,msasl_77,True,640.0,360.0,False,False,False,2.16,0.0399999999999955,False,0.4669999999999996,8.125,False,False,,ok,,normalized_frames/topn_224_gray_jpg/finish/msasl_raw_Tckw40A23Bc__s013065__e013118__b5672d332598,54,jpg,224,224,grayscale,13066,13119,13065,13118,25.0,train
deaf,msasl,MS-ASL/videos_MS_ASL_raw/msasl_raw_BEKUHzwnVO8.mp4,11923,11993.0,71.0,2.3349999999999795,29.97,msasl_80,True,640.0,360.0,False,False,False,2.369035702369036,0.034035702369056,False,0.4669999999999996,8.125,False,False,,ok,,normalized_frames/topn_224_gray_jpg/deaf/msasl_raw_BEKUHzwnVO8__s011922__e011992__a3ff957f67be,71,jpg,224,224,grayscale,11923,11993,11922,11992,29.97002997002997,train
table,aslsearch,kaggle_dataset/videos/15781.mp4,1,84.0,84.0,2.769,30.33144977650333,wlasl_12,True,720.0,400.0,False,False,False,2.7694027360694027,0.0004027360694025,False,0.4669999999999996,8.125,False,False,,ok,,normalized_frames/topn_224_gray_jpg/table/15781__s000000__e000083__11e7bc930ce5,84,jpg,224,224,grayscale,1,84,0,83,30.33144977650333,train
need,msasl,MS-ASL/videos_MS_ASL_raw/msasl_raw_JHFExZgYdwk.mp4,5875,5945.0,71.0,2.800000000000012,25.0,msasl_12,True,1280.0,720.0,False,False,False,2.84,0.039999999999988,False,0.4669999999999996,8.125,False,False,,ok,,normalized_frames/topn_224_gray_jpg/need/msasl_raw_JHFExZgYdwk__s005874__e005944__39542bb3d7b1,71,jpg,224,224,grayscale,5875,5945,5874,5944,25.0,train
teacher,msasl,MS-ASL/videos_MS_ASL_raw/msasl_raw_N9tVg829W4c.mp4,20,90.0,71.0,2.333,30.0,msasl_29,True,540.0,360.0,False,False,False,2.3666666666666667,0.0336666666666665,False,0.4669999999999996,8.125,False,False,,ok,,normalized_frames/topn_224_gray_jpg/teacher/msasl_raw_N9tVg829W4c__s000019__e000089__096b9d7537bd,71,jpg,224,224,grayscale,20,90,19,89,30.0,val
need,msasl,MS-ASL/videos_MS_ASL_raw/msasl_raw_TwkGS9TjUX8.mp4,2764,2913.0,150.0,4.972000000000008,29.97,msasl_32,True,640.0,360.0,False,False,False,5.005005005005005,0.0330050050049965,False,0.4669999999999996,8.125,False,False,,ok,,normalized_frames/topn_224_gray_jpg/need/msasl_raw_TwkGS9TjUX8__s002763__e002912__4e980128327a,150,jpg,224,224,grayscale,2764,2913,2763,2912,29.97002997002997,train
what,msasl,MS-ASL/videos_MS_ASL_raw/msasl_raw_X7z-Z1kJwp4.mp4,110,150.0,41.0,1.335,29.97,msasl_36,True,480.0,360.0,False,False,False,1.3680347013680347,0.0330347013680347,False,0.4669999999999996,8.125,False,False,,ok,,normalized_frames/topn_224_gray_jpg/what/msasl_raw_X7z-Z1kJwp4__s000109__e000149__cbb121ac099d,41,jpg,224,224,grayscale,110,150,109,149,29.97002997002997,train
help,msasl,MS-ASL/videos_MS_ASL_raw/msasl_raw_Vintf-DLWq0.mp4,1056,1111.0,56.0,1.841000000000001,29.878,msasl_41,True,202.0,360.0,False,False,False,1.8742887743490195,0.0332887743490182,False,0.4669999999999996,8.125,False,False,,ok,,normalized_frames/topn_224_gray_jpg/help/msasl_raw_Vintf-DLWq0__s001055__e001110__18c8c16d20eb,56,jpg,224,224,grayscale,1056,1111,1055,1110,30.0,train
eat,msasl,MS-ASL/videos_MS_ASL_raw/msasl_raw_mpvWKGLbGW4.mp4,0,138.0,139.0,4.649,29.681,msasl_2,True,640.0,360.0,False,False,False,4.683130622283616,0.0341306222836159,False,0.4669999999999996,8.125,False,False,,ok,,normalized_frames/topn_224_gray_jpg/eat/msasl_raw_mpvWKGLbGW4__s000000__e000137__4b73a20dfea9,138,jpg,224,224,grayscale,0,138,0,137,29.681,train
teacher,msasl,MS-ASL/videos_MS_ASL_raw/msasl_raw_JHFExZgYdwk.mp4,1103,1302.0,200.0,7.960000000000001,25.0,msasl_12,True,1280.0,720.0,False,False,False,8.0,0.0399999999999991,False,0.4669999999999996,8.125,False,False,,ok,,normalized_frames/topn_224_gray_jpg/teacher/msasl_raw_JHFExZgYdwk__s001102__e001301__1ae90fbd84e2,200,jpg,224,224,grayscale,1103,1302,1102,1301,25.0,train
deaf,signingsavvy,kaggle_dataset/videos/14893.mp4,1,45.0,45.0,1.502,29.97,wlasl_10,True,288.0,192.0,False,False,False,1.5015015015015016,0.0004984984984983,False,0.4669999999999996,8.125,False,False,,ok,,normalized_frames/topn_224_gray_jpg/deaf/14893__s000000__e000044__8ec4142767f9,43,jpg,224,224,grayscale,1,45,0,44,29.97,train
student,spreadthesign,kaggle_dataset/videos/55337.mp4,1,108.0,108.0,3.604,29.97,wlasl_63,True,320.0,240.0,False,False,False,3.603603603603604,0.0003963963963964,False,0.4669999999999996,8.125,False,False,,ok,,normalized_frames/topn_224_gray_jpg/student/55337__s000000__e000107__a86b7a355515,108,jpg,224,224,grayscale,1,108,0,107,29.97,train
but,msasl,MS-ASL/videos_MS_ASL_raw/msasl_raw_4h3wQWXM0PM.mp4,0,46.0,47.0,3.067,15.0,msasl_3,True,480.0,360.0,False,False,False,3.1333333333333333,0.0663333333333331,False,0.4669999999999996,8.125,False,False,,ok,,normalized_frames/topn_224_gray_jpg/but/msasl_raw_4h3wQWXM0PM__s000000__e000045__aeab509f306b,46,jpg,224,224,grayscale,0,46,0,45,15.324421258558852,train
finish,msasl,MS-ASL/videos_MS_ASL_raw/msasl_raw_Vintf-DLWq0.mp4,635,670.0,36.0,1.1720000000000006,29.878,msasl_41,True,202.0,360.0,False,False,False,1.2048999263672266,0.032899926367226,False,0.4669999999999996,8.125,False,False,,ok,,normalized_frames/topn_224_gray_jpg/finish/msasl_raw_Vintf-DLWq0__s000634__e000669__d09eed94ce0c,36,jpg,224,224,grayscale,635,670,634,669,30.0,train
help,msasl,MS-ASL/videos_MS_ASL_raw/msasl_raw_GmxS5HkNc3o.mp4,3085,3195.0,111.0,3.792999999999992,29.0,msasl_407,True,640.0,360.0,False,False,False,3.827586206896552,0.0345862068965594,False,0.4669999999999996,8.125,False,False,,ok,,normalized_frames/topn_224_gray_jpg/help/msasl_raw_GmxS5HkNc3o__s003084__e003194__9cf90e616dba,111,jpg,224,224,grayscale,3085,3195,3084,3194,29.0,train
yes,msasl,MS-ASL/videos_MS_ASL_raw/msasl_raw_5sILDEiOcQ0.mp4,5395,5477.0,83.0,3.415999999999997,24.004,msasl_125,True,1280.0,720.0,False,False,False,3.457757040493251,0.0417570404932541,False,0.4669999999999996,8.125,False,False,,ok,,normalized_frames/topn_224_gray_jpg/yes/msasl_raw_5sILDEiOcQ0__s005394__e005476__67a010139499,83,jpg,224,224,grayscale,5395,5477,5394,5476,24.0,test
what,msasl,MS-ASL/videos_MS_ASL_raw/msasl_raw_my4mxg6lXYQ.mp4,15575,15677.0,103.0,3.40300000000002,29.97,msasl_124,True,1280.0,720.0,False,False,False,3.4367701034367704,0.0337701034367503,False,0.4669999999999996,8.125,False,False,,ok,,normalized_frames/topn_224_gray_jpg/what/msasl_raw_my4mxg6lXYQ__s015574__e015676__ec942f72edd6,103,jpg,224,224,grayscale,15575,15677,15574,15676,29.97002997002997,train
happy,msasl,MS-ASL/videos_MS_ASL_raw/msasl_raw_jQb9NL9_S6U.mp4,4452,4527.0,76.0,3.01600000000002,24.87,msasl_6,True,640.0,358.0,False,False,False,3.05589063128267,0.0398906312826499,False,0.4669999999999996,8.125,False,False,,ok,,normalized_frames/topn_224_gray_jpg/happy/msasl_raw_jQb9NL9_S6U__s004451__e004526__86f14dea2866,76,jpg,224,224,grayscale,4452,4527,4451,4526,25.0,train
nice,asldeafined,kaggle_dataset/videos/11037.mp4,1,112.0,112.0,3.733,30.0,wlasl_59,True,640.0,480.0,False,False,False,3.733333333333333,0.0003333333333332,False,0.4669999999999996,8.125,False,False,,ok,,normalized_frames/topn_224_gray_jpg/nice/11037__s000000__e000111__0b8da4d7e9d4,112,jpg,224,224,grayscale,1,112,0,111,30.0,train
finish,msasl,MS-ASL/videos_MS_ASL_raw/msasl_raw_WOoFI9xmBNo.mp4,1858,1891.0,34.0,1.100999999999999,29.97,msasl_26,True,1280.0,720.0,False,False,False,1.1344678011344678,0.0334678011344686,False,0.4669999999999996,8.125,False,False,,ok,,normalized_frames/topn_224_gray_jpg/finish/msasl_raw_WOoFI9xmBNo__s001857__e001890__a28cf730cbaf,34,jpg,224,224,grayscale,1858,1891,1857,1890,29.97002997002997,val
tired,spreadthesign,kaggle_dataset/videos/58589.mp4,1,99.0,99.0,3.303,29.97,wlasl_56,True,320.0,240.0,False,False,False,3.3033033033033035,0.0003033033033035,False,0.4669999999999996,8.125,False,False,,ok,,normalized_frames/topn_224_gray_jpg/tired/58589__s000000__e000098__62f1e1d9f5fa,99,jpg,224,224,grayscale,1,99,0,98,29.97,train
sit,msasl,MS-ASL/videos_MS_ASL_raw/msasl_raw_rWIDL_GpaJc.mp4,4851,5015.0,165.0,5.472000000000008,29.972,msasl_274,True,1280.0,720.0,False,False,False,5.505138128920326,0.0331381289203172,False,0.4669999999999996,8.125,False,False,,ok,,normalized_frames/topn_224_gray_jpg/sit/msasl_raw_rWIDL_GpaJc__s004850__e005014__20edaf013d95,165,jpg,224,224,grayscale,4851,5015,4850,5014,29.97002997002997,train
but,msasl,MS-ASL/videos_MS_ASL_raw/msasl_raw_abThwavniFg.mp4,0,32.0,33.0,2.133,15.0,msasl_3,True,480.0,360.0,False,False,False,2.2,0.0670000000000001,False,0.4669999999999996,8.125,False,False,,ok,,normalized_frames/topn_224_gray_jpg/but/msasl_raw_abThwavniFg__s000000__e000031__476be3f7b254,32,jpg,224,224,grayscale,0,32,0,31,14.985014985014985,train
what,msasl,MS-ASL/videos_MS_ASL_raw/msasl_raw_eBkzZg-9hd4.mp4,2924,2976.0,53.0,1.7350000000000136,29.97,msasl_26,True,1280.0,720.0,False,False,False,1.7684351017684352,0.0334351017684215,False,0.4669999999999996,8.125,False,False,,ok,,normalized_frames/topn_224_gray_jpg/what/msasl_raw_eBkzZg-9hd4__s002923__e002975__af1c02b66352,53,jpg,224,224,grayscale,2924,2976,2923,2975,29.97002997002997,val
father,msasl,MS-ASL/videos_MS_ASL_raw/msasl_raw_UXetwN_cI5A.mp4,9912,9972.0,61.0,2.3999999999999773,25.0,msasl_12,True,480.0,360.0,False,False,False,2.44,0.0400000000000226,False,0.4669999999999996,8.125,False,False,,ok,,normalized_frames/topn_224_gray_jpg/father/msasl_raw_UXetwN_cI5A__s009911__e009971__28d3bb785f13,61,jpg,224,224,grayscale,9912,9972,9911,9971,25.0,train
nice,msasl,MS-ASL/videos_MS_ASL_raw/msasl_raw_NAZKMt2NhtU.mp4,2301,2372.0,72.0,2.369,29.97,msasl_95,True,480.0,360.0,False,False,False,2.4024024024024024,0.0334024024024022,False,0.4669999999999996,8.125,False,False,,ok,,normalized_frames/topn_224_gray_jpg/nice/msasl_raw_NAZKMt2NhtU__s002300__e002371__ee7994c422b8,72,jpg,224,224,grayscale,2301,2372,2300,2371,29.97002997002997,train
what,asldeafined,kaggle_dataset/videos/62970.mp4,1,88.0,88.0,2.933,30.0,wlasl_13,True,640.0,480.0,False,False,False,2.933333333333333,0.0003333333333332,False,0.4669999999999996,8.125,False,False,,ok,,normalized_frames/topn_224_gray_jpg/what/62970__s000000__e000087__bb706594e23c,88,jpg,224,224,grayscale,1,88,0,87,30.0,train
learn,msasl,MS-ASL/videos_MS_ASL_raw/msasl_raw_2j7WDaPzZJ8.mp4,0,86.0,87.0,2.867,30.0,msasl_0,True,640.0,360.0,False,False,False,2.9,0.0329999999999999,False,0.4669999999999996,8.125,False,False,,ok,,normalized_frames/topn_224_gray_jpg/learn/msasl_raw_2j7WDaPzZJ8__s000000__e000085__f0406e12324d,86,jpg,224,224,grayscale,0,86,0,85,30.0,test
table,signingsavvy,kaggle_dataset/videos/15776.mp4,1,41.0,41.0,1.368,29.97,wlasl_11,True,288.0,192.0,False,False,False,1.3680347013680347,3.4701368034628643e-05,False,0.4669999999999996,8.125,False,False,,ok,,normalized_frames/topn_224_gray_jpg/table/15776__s000000__e000040__4b9cbf7969b0,40,jpg,224,224,grayscale,1,41,0,40,29.97,val
finish,msasl,MS-ASL/videos_MS_ASL_raw/msasl_raw_XtkDeYBnR8o.mp4,2986,3166.0,181.0,6.006,29.97,msasl_309,True,640.0,360.0,False,False,False,6.039372706039373,0.0333727060393727,False,0.4669999999999996,8.125,False,False,,ok,,normalized_frames/topn_224_gray_jpg/finish/msasl_raw_XtkDeYBnR8o__s002985__e003165__e50368ebfa81,181,jpg,224,224,grayscale,2986,3166,2985,3165,29.97002997002997,val
table,msasl,MS-ASL/videos_MS_ASL_raw/msasl_raw_Zjg2IfknuHE.mp4,7847,8018.0,172.0,6.840000000000032,25.0,msasl_77,True,480.0,270.0,False,False,False,6.88,0.039999999999968,False,0.4669999999999996,8.125,False,False,,ok,,normalized_frames/topn_224_gray_jpg/table/msasl_raw_Zjg2IfknuHE__s007846__e008017__029333d35da6,172,jpg,224,224,grayscale,7847,8018,7846,8017,25.0,train
cousin,msasl,MS-ASL/videos_MS_ASL_raw/msasl_raw_XUg1eKl65p4.mp4,2770,2821.0,52.0,1.7009999999999934,29.97,msasl_124,True,1280.0,720.0,False,False,False,1.7350684017350684,0.0340684017350749,False,0.4669999999999996,8.125,False,False,,ok,,normalized_frames/topn_224_gray_jpg/cousin/msasl_raw_XUg1eKl65p4__s002769__e002820__31d34ddefe21,52,jpg,224,224,grayscale,2770,2821,2769,2820,29.97002997002997,train
school,msasl,MS-ASL/videos_MS_ASL_raw/msasl_raw_ucXplZLMUzY.mp4,716,788.0,73.0,2.402000000000001,29.97,msasl_245,True,640.0,360.0,False,False,False,2.4357691024357693,0.0337691024357682,False,0.4669999999999996,8.125,False,False,,ok,,normalized_frames/topn_224_gray_jpg/school/msasl_raw_ucXplZLMUzY__s000715__e000787__98fbabdbf3f1,73,jpg,224,224,grayscale,716,788,715,787,29.97002997002997,val
spring,msasl,MS-ASL/videos_MS_ASL_raw/msasl_raw_MEXrabscwQo.mp4,0,86.0,87.0,3.44,25.0,msasl_0,True,480.0,360.0,False,False,False,3.48,0.04,False,0.4669999999999996,8.125,False,False,,ok,,normalized_frames/topn_224_gray_jpg/spring/msasl_raw_MEXrabscwQo__s000000__e000085__ba4b27cc34c2,86,jpg,224,224,grayscale,0,86,0,85,25.0,test
help,msasl,MS-ASL/videos_MS_ASL_raw/msasl_raw_OSpNDIzYRTw.mp4,4342,4483.0,142.0,5.639999999999986,25.0,msasl_77,True,640.0,360.0,False,False,False,5.68,0.0400000000000133,False,0.4669999999999996,8.125,False,False,,ok,,normalized_frames/topn_224_gray_jpg/help/msasl_raw_OSpNDIzYRTw__s004341__e004482__74fd6cf44caa,142,jpg,224,224,grayscale,4342,4483,4341,4482,25.0,train
but,msasl,MS-ASL/videos_MS_ASL_raw/msasl_raw_kdz5f_PJxDk.mp4,15394,15573.0,180.0,5.97300000000007,29.97,msasl_46,True,640.0,360.0,False,False,False,6.006006006006007,0.0330060060059365,False,0.4669999999999996,8.125,False,False,,ok,,normalized_frames/topn_224_gray_jpg/but/msasl_raw_kdz5f_PJxDk__s015393__e015572__245a9b23eb84,180,jpg,224,224,grayscale,15394,15573,15393,15572,29.97002997002997,train
like,msasl,MS-ASL/videos_MS_ASL_raw/msasl_raw_ZgUBU0NNEDU.mp4,5026,5165.0,140.0,4.638000000000005,29.97,msasl_26,True,1280.0,720.0,False,False,False,4.671338004671338,0.0333380046713331,False,0.4669999999999996,8.125,False,False,,ok,,normalized_frames/topn_224_gray_jpg/like/msasl_raw_ZgUBU0NNEDU__s005025__e005164__dddbb6b8e940,140,jpg,224,224,grayscale,5026,5165,5025,5164,29.97002997002997,val
nice,signingsavvy,kaggle_dataset/videos/11040.mp4,1,29.0,29.0,0.968,29.97,wlasl_11,True,288.0,192.0,False,False,False,0.9676343009676344,0.0003656990323656,False,0.4669999999999996,8.125,False,False,,ok,,normalized_frames/topn_224_gray_jpg/nice/11040__s000000__e000028__f6043b7e7ec9,28,jpg,224,224,grayscale,1,29,0,28,29.97,val
cousin,msasl,MS-ASL/videos_MS_ASL_raw/msasl_raw_xhXw38OKfRQ.mp4,1691,1801.0,111.0,3.666000000000004,30.0,msasl_22,True,640.0,360.0,False,False,False,3.7,0.0339999999999962,False,0.4669999999999996,8.125,False,False,,ok,,normalized_frames/topn_224_gray_jpg/cousin/msasl_raw_xhXw38OKfRQ__s001690__e001800__9c9249909677,111,jpg,224,224,grayscale,1691,1801,1690,1800,30.0,train
need,msasl,MS-ASL/videos_MS_ASL_raw/msasl_raw_2nXrJ_7NOgE.mp4,3506,3605.0,100.0,3.95999999999998,25.0,msasl_12,True,1280.0,720.0,False,False,False,4.0,0.04000000000002,False,0.4669999999999996,8.125,False,False,,ok,,normalized_frames/topn_224_gray_jpg/need/msasl_raw_2nXrJ_7NOgE__s003505__e003604__4a3f1a6ede5a,100,jpg,224,224,grayscale,3506,3605,3505,3604,25.0,train
doctor,msasl,MS-ASL/videos_MS_ASL_raw/msasl_raw_8hBFgtJOZaE.mp4,8365,8435.0,71.0,2.7999999999999545,25.0,msasl_12,True,480.0,360.0,False,False,False,2.84,0.0400000000000453,False,0.4669999999999996,8.125,False,False,,ok,,normalized_frames/topn_224_gray_jpg/doctor/msasl_raw_8hBFgtJOZaE__s008364__e008434__448e2e422fe9,71,jpg,224,224,grayscale,8365,8435,8364,8434,25.0,train
doctor,msasl,MS-ASL/videos_MS_ASL_raw/msasl_raw_Cv5avR9nEhg.mp4,7493,7563.0,71.0,2.7999999999999545,25.0,msasl_12,True,1280.0,720.0,False,False,False,2.84,0.0400000000000453,False,0.4669999999999996,8.125,False,False,,ok,,normalized_frames/topn_224_gray_jpg/doctor/msasl_raw_Cv5avR9nEhg__s007492__e007562__396828cd461f,71,jpg,224,224,grayscale,7493,7563,7492,7562,25.0,train
water,msasl,MS-ASL/videos_MS_ASL_raw/msasl_raw_qTkiE_bUdtA.mp4,0,35.0,36.0,1.4,25.0,msasl_152,True,480.0,272.0,False,False,False,1.44,0.04,False,0.4669999999999996,8.125,False,False,,ok,,normalized_frames/topn_224_gray_jpg/water/msasl_raw_qTkiE_bUdtA__s000000__e000034__5609ceb6e210,35,jpg,224,224,grayscale,0,35,0,34,25.0,train
father,msasl,MS-ASL/videos_MS_ASL_raw/msasl_raw_6UrcyZ-QeiU.mp4,2967,3027.0,61.0,2.002000000000009,29.97,msasl_205,True,640.0,360.0,False,False,False,2.035368702035369,0.0333687020353594,False,0.4669999999999996,8.125,False,False,,ok,,normalized_frames/topn_224_gray_jpg/father/msasl_raw_6UrcyZ-QeiU__s002966__e003026__e6e0cb4e3128,61,jpg,224,224,grayscale,2967,3027,2966,3026,29.97002997002997,train
but,msasl,MS-ASL/videos_MS_ASL_raw/msasl_raw_lvqGMGFmuV4.mp4,4664,4803.0,140.0,4.637999999999977,29.97,msasl_72,True,472.0,360.0,False,False,False,4.671338004671338,0.0333380046713616,False,0.4669999999999996,8.125,False,False,,ok,,normalized_frames/topn_224_gray_jpg/but/msasl_raw_lvqGMGFmuV4__s004663__e004802__409e5d035e01,140,jpg,224,224,grayscale,4664,4803,4663,4802,29.97002997002997,train
sit,signschool,kaggle_dataset/videos/09850.mp4,1,31.0,31.0,1.293,23.97607548596669,wlasl_31,True,1920.0,1080.0,False,False,False,1.2929555555555556,4.444444444429152e-05,False,0.4669999999999996,8.125,False,False,,ok,,normalized_frames/topn_224_gray_jpg/sit/09850__s000000__e000030__b9041817f5ff,31,jpg,224,224,grayscale,1,31,0,30,23.97607548596669,train
cousin,msasl,MS-ASL/videos_MS_ASL_raw/msasl_raw_7sZLZpm4n2E.mp4,1393,1464.0,72.0,2.369,29.97,msasl_140,True,1280.0,720.0,False,False,False,2.4024024024024024,0.0334024024024022,False,0.4669999999999996,8.125,False,False,,ok,,normalized_frames/topn_224_gray_jpg/cousin/msasl_raw_7sZLZpm4n2E__s001392__e001463__e6b92f67780e,72,jpg,224,224,grayscale,1393,1464,1392,1463,29.97002997002997,train
mother,msasl,MS-ASL/videos_MS_ASL_raw/msasl_raw_75BkNdtDsoQ.mp4,5582,5616.0,35.0,1.3599999999999852,25.0,msasl_77,True,640.0,360.0,False,False,False,1.4,0.0400000000000146,False,0.4669999999999996,8.125,False,False,,ok,,normalized_frames/topn_224_gray_jpg/mother/msasl_raw_75BkNdtDsoQ__s005581__e005615__fed95153df64,35,jpg,224,224,grayscale,5582,5616,5581,5615,25.0,train
deaf,msasl,MS-ASL/videos_MS_ASL_raw/msasl_raw_25ymRY7hbjs.mp4,5294,5405.0,112.0,3.704000000000008,29.97,msasl_72,True,626.0,360.0,False,False,False,3.737070403737071,0.0330704037370623,False,0.4669999999999996,8.125,False,False,,ok,,normalized_frames/topn_224_gray_jpg/deaf/msasl_raw_25ymRY7hbjs__s005293__e005404__e6d3bded2e66,112,jpg,224,224,grayscale,5294,5405,5293,5404,29.97002997002997,train
what,msasl,MS-ASL/videos_MS_ASL_raw/msasl_raw_qk58RD7dz_k.mp4,20,70.0,51.0,2.498,20.017,msasl_2,True,640.0,360.0,False,False,False,2.5478343408103115,0.0498343408103112,False,0.4669999999999996,8.125,False,False,,ok,,normalized_frames/topn_224_gray_jpg/what/msasl_raw_qk58RD7dz_k__s000019__e000069__17d853349a89,51,jpg,224,224,grayscale,20,70,19,69,20.017023023853618,train
what,aslsignbank,kaggle_dataset/videos/66769.mp4,1,47.0,47.0,1.96,23.9760579506422,wlasl_88,True,656.0,370.0,False,False,False,1.9602888888888883,0.0002888888888885,False,0.4669999999999996,8.125,False,False,,ok,,normalized_frames/topn_224_gray_jpg/what/66769__s000000__e000046__47637ad04ef9,47,jpg,224,224,grayscale,1,47,0,46,23.9760579506422,val
school,signschool,kaggle_dataset/videos/49597.mp4,1,34.0,34.0,1.418,23.976117906085705,wlasl_32,True,1920.0,1080.0,False,False,False,1.4180777777777778,7.777777777784323e-05,False,0.4669999999999996,8.125,False,False,,ok,,normalized_frames/topn_224_gray_jpg/school/49597__s000000__e000033__8ea60a91bab9,34,jpg,224,224,grayscale,1,34,0,33,23.976117906085705,train
eat,spreadthesign,kaggle_dataset/videos/22743.mp4,1,85.0,85.0,3.4,25.0,wlasl_0,True,320.0,240.0,False,False,False,3.4,0.0,False,0.4669999999999996,8.125,False,False,,ok,,normalized_frames/topn_224_gray_jpg/eat/22743__s000000__e000084__43114376f546,85,jpg,224,224,grayscale,1,85,0,84,25.0,train
tired,msasl,MS-ASL/videos_MS_ASL_raw/msasl_raw_Nf_0FxqOIWM.mp4,20765,20955.0,191.0,6.346000000000004,29.94,msasl_124,True,1280.0,720.0,False,False,False,6.379425517702071,0.0334255177020672,False,0.4669999999999996,8.125,False,False,,ok,,normalized_frames/topn_224_gray_jpg/tired/msasl_raw_Nf_0FxqOIWM__s020764__e020954__0786d57a4d3d,191,jpg,224,224,grayscale,20765,20955,20764,20954,29.97,train
mother,msasl,MS-ASL/videos_MS_ASL_raw/msasl_raw_ucXplZLMUzY.mp4,1124,1199.0,76.0,2.501999999999996,29.97,msasl_245,True,640.0,360.0,False,False,False,2.5358692025358693,0.0338692025358735,False,0.4669999999999996,8.125,False,False,,ok,,normalized_frames/topn_224_gray_jpg/mother/msasl_raw_ucXplZLMUzY__s001123__e001198__fbbe40c00c2b,76,jpg,224,224,grayscale,1124,1199,1123,1198,29.97002997002997,val
deaf,aslsearch,kaggle_dataset/videos/14903.mp4,1,82.0,82.0,2.703,30.340374572525587,wlasl_12,True,720.0,400.0,False,False,False,2.702669336002669,0.0003306639973303,False,0.4669999999999996,8.125,False,False,,ok,,normalized_frames/topn_224_gray_jpg/deaf/14903__s000000__e000081__81f6a87c350d,82,jpg,224,224,grayscale,1,82,0,81,30.340374572525587,train
help,msasl,MS-ASL/videos_MS_ASL_raw/msasl_raw_UlRyKsP78qQ.mp4,1683,1740.0,58.0,1.902000000000001,29.97,msasl_26,True,1280.0,720.0,False,False,False,1.9352686019352687,0.0332686019352677,False,0.4669999999999996,8.125,False,False,,ok,,normalized_frames/topn_224_gray_jpg/help/msasl_raw_UlRyKsP78qQ__s001682__e001739__b7977109dfb2,58,jpg,224,224,grayscale,1683,1740,1682,1739,29.97002997002997,val
again,asldeafined,kaggle_dataset/videos/01464.mp4,1,75.0,75.0,2.5,29.99600053326224,wlasl_15,True,640.0,480.0,False,False,False,2.5003333333333324,0.0003333333333324,False,0.4669999999999996,8.125,False,False,,ok,,normalized_frames/topn_224_gray_jpg/again/01464__s000000__e000074__68a5fd5de01e,75,jpg,224,224,grayscale,1,75,0,74,29.996000533262237,train
bird,startasl,kaggle_dataset/videos/10397.mp4,1,63.0,63.0,2.102,29.97002997002997,wlasl_38,True,1280.0,720.0,False,False,False,2.1021,0.0001000000000002,False,0.4669999999999996,8.125,False,False,,ok,,normalized_frames/topn_224_gray_jpg/bird/10397__s000000__e000062__cf589b082bb9,63,jpg,224,224,grayscale,1,63,0,62,29.97002997002997,train
learn,msasl,MS-ASL/videos_MS_ASL_raw/msasl_raw_xbVVThaez2g.mp4,1539,1603.0,65.0,2.1330000000000027,30.0,msasl_34,True,1280.0,720.0,False,False,False,2.1666666666666665,0.0336666666666638,False,0.4669999999999996,8.125,False,False,,ok,,normalized_frames/topn_224_gray_jpg/learn/msasl_raw_xbVVThaez2g__s001538__e001602__7e773c71ac0e,65,jpg,224,224,grayscale,1539,1603,1538,1602,30.0,train
what,msasl,MS-ASL/videos_MS_ASL_raw/msasl_raw_GCMo9e9GOWs.mp4,716,789.0,74.0,2.4350000000000023,29.97,msasl_94,True,640.0,360.0,False,False,False,2.469135802469136,0.0341358024691338,False,0.4669999999999996,8.125,False,False,,ok,,normalized_frames/topn_224_gray_jpg/what/msasl_raw_GCMo9e9GOWs__s000715__e000788__11dc303c9c96,74,jpg,224,224,grayscale,716,789,715,788,29.97002997002997,train
nice,msasl,MS-ASL/videos_MS_ASL_raw/msasl_raw_yYmiLJpJocA.mp4,0,86.0,87.0,2.867,30.0,msasl_0,True,320.0,240.0,False,False,False,2.9,0.0329999999999999,False,0.4669999999999996,8.125,False,False,,ok,,normalized_frames/topn_224_gray_jpg/nice/msasl_raw_yYmiLJpJocA__s000000__e000085__834e1274d7f3,86,jpg,224,224,grayscale,0,86,0,85,30.0,test
tired,asldeafined,kaggle_dataset/videos/58594.mp4,1,86.0,86.0,2.866,30.00348877776485,wlasl_13,True,640.0,480.0,False,False,False,2.866333333333334,0.0003333333333337,False,0.4669999999999996,8.125,False,False,,ok,,normalized_frames/topn_224_gray_jpg/tired/58594__s000000__e000085__ecf13c008b1c,86,jpg,224,224,grayscale,1,86,0,85,30.003488777764854,train
teacher,msasl,MS-ASL/videos_MS_ASL_raw/msasl_raw_25ymRY7hbjs.mp4,2647,2784.0,138.0,4.570999999999998,29.97,msasl_72,True,626.0,360.0,False,False,False,4.604604604604605,0.0336046046046067,False,0.4669999999999996,8.125,False,False,,ok,,normalized_frames/topn_224_gray_jpg/teacher/msasl_raw_25ymRY7hbjs__s002646__e002783__40356a33209a,138,jpg,224,224,grayscale,2647,2784,2646,2783,29.97002997002997,train
teacher,msasl,MS-ASL/videos_MS_ASL_raw/msasl_raw_FNt4N8WFuVY.mp4,217,400.0,184.0,7.667,23.867,msasl_401,True,270.0,360.0,False,False,False,7.709389533665731,0.0423895336657311,False,0.4669999999999996,8.125,False,False,,ok,,normalized_frames/topn_224_gray_jpg/teacher/msasl_raw_FNt4N8WFuVY__s000216__e000399__b941f2a1aa37,184,jpg,224,224,grayscale,217,400,216,399,24.0,train
student,msasl,MS-ASL/videos_MS_ASL_raw/msasl_raw_rnr_aY0X0dQ.mp4,15070,15171.0,102.0,3.366999999999962,30.0,msasl_312,True,640.0,360.0,False,False,False,3.4,0.0330000000000381,False,0.4669999999999996,8.125,False,False,,ok,,normalized_frames/topn_224_gray_jpg/student/msasl_raw_rnr_aY0X0dQ__s015069__e015170__3c4032a7e065,102,jpg,224,224,grayscale,15070,15171,15069,15170,30.0,train
tired,startasl,kaggle_dataset/videos/58590.mp4,1,85.0,85.0,2.836,29.97002997002997,wlasl_38,True,1280.0,720.0,False,False,False,2.8361666666666667,0.0001666666666668,False,0.4669999999999996,8.125,False,False,,ok,,normalized_frames/topn_224_gray_jpg/tired/58590__s000000__e000084__a9ee09d53cbd,85,jpg,224,224,grayscale,1,85,0,84,29.97002997002997,train
finish,asldeafined,kaggle_dataset/videos/21945.mp4,1,69.0,69.0,2.3,29.995652803941457,wlasl_21,True,640.0,480.0,False,False,False,2.3003333333333336,0.0003333333333337,False,0.4669999999999996,8.125,False,False,,ok,,normalized_frames/topn_224_gray_jpg/finish/21945__s000000__e000068__96899c7120e1,69,jpg,224,224,grayscale,1,69,0,68,29.995652803941457,train
school,msasl,MS-ASL/videos_MS_ASL_raw/msasl_raw_nvaS2J5mcEk.mp4,9098,9139.0,42.0,1.367999999999995,29.97,msasl_417,True,202.0,360.0,False,False,False,1.4014014014014011,0.0334014014014063,False,0.4669999999999996,8.125,False,False,,ok,,normalized_frames/topn_224_gray_jpg/school/msasl_raw_nvaS2J5mcEk__s009097__e009138__825df1637e76,42,jpg,224,224,grayscale,9098,9139,9097,9138,29.97002997002997,train
spring,msasl,MS-ASL/videos_MS_ASL_raw/msasl_raw_2ofPs_uTel4.mp4,14310,14456.0,147.0,6.090000000000032,23.976,msasl_411,True,1280.0,720.0,False,False,False,6.131131131131132,0.0411311311310997,False,0.4669999999999996,8.125,False,False,,ok,,normalized_frames/topn_224_gray_jpg/spring/msasl_raw_2ofPs_uTel4__s014309__e014455__eba950bb9b15,147,jpg,224,224,grayscale,14310,14456,14309,14455,23.976023976023978,train
teacher,msasl,MS-ASL/videos_MS_ASL_raw/msasl_raw_UKGBW9-wo4k.mp4,2339,2398.0,60.0,1.9680000000000035,29.97,msasl_124,True,640.0,360.0,False,False,False,2.002002002002002,0.0340020020019986,False,0.4669999999999996,8.125,False,False,,ok,,normalized_frames/topn_224_gray_jpg/teacher/msasl_raw_UKGBW9-wo4k__s002338__e002397__b5cc61e9cd17,60,jpg,224,224,grayscale,2339,2398,2338,2397,29.97,train
learn,msasl,MS-ASL/videos_MS_ASL_raw/msasl_raw_78mzpzvN9tc.mp4,0,101.0,102.0,3.37,29.97,msasl_0,True,1280.0,720.0,False,False,False,3.4034034034034035,0.0334034034034034,False,0.4669999999999996,8.125,False,False,,ok,,normalized_frames/topn_224_gray_jpg/learn/msasl_raw_78mzpzvN9tc__s000000__e000100__6d45b0bccd30,101,jpg,224,224,grayscale,0,101,0,100,29.97,test
water,msasl,MS-ASL/videos_MS_ASL_raw/msasl_raw_IMF7K2ClfQc.mp4,847,907.0,61.0,2.001999999999999,29.97,msasl_247,True,640.0,360.0,False,False,False,2.035368702035369,0.0333687020353696,False,0.4669999999999996,8.125,False,False,,ok,,normalized_frames/topn_224_gray_jpg/water/msasl_raw_IMF7K2ClfQc__s000846__e000906__364baa5f3ecd,61,jpg,224,224,grayscale,847,907,846,906,29.97002997002997,train
spring,msasl,MS-ASL/videos_MS_ASL_raw/msasl_raw_WJCEpGRkGoM.mp4,20,100.0,81.0,2.6660000000000004,30.0,msasl_132,True,480.0,360.0,False,False,False,2.7,0.0339999999999998,False,0.4669999999999996,8.125,False,False,,ok,,normalized_frames/topn_224_gray_jpg/spring/msasl_raw_WJCEpGRkGoM__s000019__e000099__2dff337e320c,81,jpg,224,224,grayscale,20,100,19,99,30.0,val
tired,msasl,MS-ASL/videos_MS_ASL_raw/msasl_raw_uPKOwziViaw.mp4,16869,16978.0,110.0,3.637000000000057,29.97,msasl_124,True,1280.0,720.0,False,False,False,3.670337003670337,0.0333370036702804,False,0.4669999999999996,8.125,False,False,,ok,,normalized_frames/topn_224_gray_jpg/tired/msasl_raw_uPKOwziViaw__s016868__e016977__c77636b75919,110,jpg,224,224,grayscale,16869,16978,16868,16977,29.97002997002997,train
doctor,spreadthesign,kaggle_dataset/videos/17013.mp4,1,74.0,74.0,2.96,25.0,wlasl_8,True,320.0,240.0,False,False,False,2.96,0.0,False,0.4669999999999996,8.125,False,False,,ok,,normalized_frames/topn_224_gray_jpg/doctor/17013__s000000__e000073__5bcc4aa1e468,74,jpg,224,224,grayscale,1,74,0,73,25.0,train
help,signingsavvy,kaggle_dataset/videos/01626.mp4,1,50.0,50.0,1.668,29.97,wlasl_10,True,288.0,192.0,False,False,False,1.6683350016683351,0.0003350016683352,False,0.4669999999999996,8.125,False,False,,ok,,normalized_frames/topn_224_gray_jpg/help/01626__s000000__e000049__331f909b6869,49,jpg,224,224,grayscale,1,50,0,49,29.97,train
teacher,msasl,MS-ASL/videos_MS_ASL_raw/msasl_raw_oXzTnqvjnN8.mp4,1991,2026.0,36.0,1.1659999999999968,30.0,msasl_34,True,1280.0,720.0,False,False,False,1.2,0.0340000000000031,False,0.4669999999999996,8.125,False,False,,ok,,normalized_frames/topn_224_gray_jpg/teacher/msasl_raw_oXzTnqvjnN8__s001990__e002025__7157fd42025e,36,jpg,224,224,grayscale,1991,2026,1990,2025,30.0,train
like,aslsearch,kaggle_dataset/videos/33286.mp4,1,99.0,99.0,3.27,30.27612526658435,wlasl_12,True,720.0,400.0,False,False,False,3.2699032365699034,9.676343009656918e-05,False,0.4669999999999996,8.125,False,False,,ok,,normalized_frames/topn_224_gray_jpg/like/33286__s000000__e000098__8877408c45f6,99,jpg,224,224,grayscale,1,99,0,98,30.27612526658435,train
teacher,msasl,MS-ASL/videos_MS_ASL_raw/msasl_raw__HOx2QkkTsg.mp4,419,464.0,46.0,1.503,29.94,msasl_144,True,480.0,360.0,False,False,False,1.5364061456245823,0.0334061456245824,False,0.4669999999999996,8.125,False,False,,ok,,normalized_frames/topn_224_gray_jpg/teacher/msasl_raw__HOx2QkkTsg__s000418__e000463__7471f24b305d,46,jpg,224,224,grayscale,419,464,418,463,29.97023809523809,train
student,msasl,MS-ASL/videos_MS_ASL_raw/msasl_raw_mfrGIHTnKvI.mp4,2839,2895.0,57.0,2.329000000000008,24.042,msasl_94,True,640.0,360.0,False,False,False,2.3708510107312204,0.0418510107312122,False,0.4669999999999996,8.125,False,False,,ok,,normalized_frames/topn_224_gray_jpg/student/msasl_raw_mfrGIHTnKvI__s002838__e002894__6d08c4ddf3e3,57,jpg,224,224,grayscale,2839,2895,2838,2894,24.042,train
nice,msasl,MS-ASL/videos_MS_ASL_raw/msasl_raw_1bj72qXSy8c.mp4,6654,6735.0,82.0,3.373999999999967,24.002,msasl_125,True,1280.0,720.0,False,False,False,3.41638196816932,0.0423819681693524,False,0.4669999999999996,8.125,False,False,,ok,,normalized_frames/topn_224_gray_jpg/nice/msasl_raw_1bj72qXSy8c__s006653__e006734__ecc217cb3971,82,jpg,224,224,grayscale,6654,6735,6653,6734,24.0,test
help,msasl,MS-ASL/videos_MS_ASL_raw/msasl_raw_eRZW3DPxDGk.mp4,15171,15259.0,89.0,2.9329999999999927,30.0,msasl_312,True,640.0,360.0,False,False,False,2.966666666666667,0.033666666666674,False,0.4669999999999996,8.125,False,False,,ok,,normalized_frames/topn_224_gray_jpg/help/msasl_raw_eRZW3DPxDGk__s015170__e015258__e016675f71ce,89,jpg,224,224,grayscale,15171,15259,15170,15258,30.0,train
help,msasl,MS-ASL/videos_MS_ASL_raw/msasl_raw_WxY7E9P46DM.mp4,4615,4773.0,159.0,5.489999999999981,28.78,msasl_394,True,1080.0,720.0,False,False,False,5.524669909659486,0.0346699096595051,False,0.4669999999999996,8.125,False,False,,ok,,normalized_frames/topn_224_gray_jpg/help/msasl_raw_WxY7E9P46DM__s004614__e004772__cad6a7721a8e,159,jpg,224,224,grayscale,4615,4773,4614,4772,28.78,train
student,msasl,MS-ASL/videos_MS_ASL_raw/msasl_raw_9YXf5wXD1Nc.mp4,0,89.0,90.0,2.967,30.0,msasl_135,True,480.0,360.0,False,False,False,3.0,0.0329999999999999,False,0.4669999999999996,8.125,False,False,,ok,,normalized_frames/topn_224_gray_jpg/student/msasl_raw_9YXf5wXD1Nc__s000000__e000088__828aa038d8b5,89,jpg,224,224,grayscale,0,89,0,88,30.0,train
teacher,msasl,MS-ASL/videos_MS_ASL_raw/msasl_raw_vcrTUbE1NoY.mp4,1029,1113.0,85.0,2.8029999999999973,29.97,msasl_286,True,960.0,720.0,False,False,False,2.836169502836169,0.0331695028361722,False,0.4669999999999996,8.125,False,False,,ok,,normalized_frames/topn_224_gray_jpg/teacher/msasl_raw_vcrTUbE1NoY__s001028__e001112__4ff2c503a870,85,jpg,224,224,grayscale,1029,1113,1028,1112,29.97002997002997,train
teacher,msasl,MS-ASL/videos_MS_ASL_raw/msasl_raw_TYEae1fcehg.mp4,5879,6043.0,165.0,5.47199999999998,29.97,msasl_124,True,1280.0,720.0,False,False,False,5.505505505505505,0.0335055055055253,False,0.4669999999999996,8.125,False,False,,ok,,normalized_frames/topn_224_gray_jpg/teacher/msasl_raw_TYEae1fcehg__s005878__e006042__61e14f6b6ce0,165,jpg,224,224,grayscale,5879,6043,5878,6042,29.97002997002997,train
spring,msasl,MS-ASL/videos_MS_ASL_raw/msasl_raw_u3HQEPwg9lQ.mp4,0,96.0,97.0,3.84,25.0,msasl_0,True,480.0,360.0,False,False,False,3.88,0.04,False,0.4669999999999996,8.125,False,False,,ok,,normalized_frames/topn_224_gray_jpg/spring/msasl_raw_u3HQEPwg9lQ__s000000__e000095__4297bb88734f,96,jpg,224,224,grayscale,0,96,0,95,25.0,test
yes,msasl,MS-ASL/videos_MS_ASL_raw/msasl_raw_3J2KaRL9i_Q.mp4,0,59.0,60.0,1.968,29.975,msasl_0,True,640.0,360.0,False,False,False,2.001668056713928,0.0336680567139282,False,0.4669999999999996,8.125,False,False,,ok,,normalized_frames/topn_224_gray_jpg/yes/msasl_raw_3J2KaRL9i_Q__s000000__e000058__19031d78eab6,59,jpg,224,224,grayscale,0,59,0,58,29.97002997002997,test
spring,msasl,MS-ASL/videos_MS_ASL_raw/msasl_raw_UjiCWH8PSvM.mp4,2247,2316.0,70.0,2.3020000000000067,29.97,msasl_140,True,1280.0,720.0,False,False,False,2.335669002335669,0.0336690023356625,False,0.4669999999999996,8.125,False,False,,ok,,normalized_frames/topn_224_gray_jpg/spring/msasl_raw_UjiCWH8PSvM__s002246__e002315__697ad8dcfe68,70,jpg,224,224,grayscale,2247,2316,2246,2315,29.97002997002997,train
table,signingsavvy,kaggle_dataset/videos/56563.mp4,1,41.0,41.0,1.368,29.97,wlasl_11,True,288.0,192.0,False,False,False,1.3680347013680347,3.4701368034628643e-05,False,0.4669999999999996,8.125,False,False,,ok,,normalized_frames/topn_224_gray_jpg/table/56563__s000000__e000040__d1f168393157,40,jpg,224,224,grayscale,1,41,0,40,29.97,val
table,msasl,MS-ASL/videos_MS_ASL_raw/msasl_raw_RAtOGNDP0dg.mp4,10461,10532.0,72.0,2.369000000000028,29.97,msasl_124,True,640.0,360.0,False,False,False,2.4024024024024024,0.0334024024023742,False,0.4669999999999996,8.125,False,False,,ok,,normalized_frames/topn_224_gray_jpg/table/msasl_raw_RAtOGNDP0dg__s010460__e010531__dec5b7885269,72,jpg,224,224,grayscale,10461,10532,10460,10531,29.97,train
what,msasl,MS-ASL/videos_MS_ASL_raw/msasl_raw__LGqHR3FhL8.mp4,14274,14346.0,73.0,2.401999999999987,29.97,msasl_80,True,640.0,360.0,False,False,False,2.4357691024357693,0.0337691024357824,False,0.4669999999999996,8.125,False,False,,ok,,normalized_frames/topn_224_gray_jpg/what/msasl_raw__LGqHR3FhL8__s014273__e014345__b9ef95d41842,73,jpg,224,224,grayscale,14274,14346,14273,14345,29.97002997002997,train
water,msasl,MS-ASL/videos_MS_ASL_raw/msasl_raw_c0tloO5tJUY.mp4,7520,7685.0,166.0,6.599999999999966,25.0,msasl_172,True,640.0,360.0,False,False,False,6.64,0.0400000000000337,False,0.4669999999999996,8.125,False,False,,ok,,normalized_frames/topn_224_gray_jpg/water/msasl_raw_c0tloO5tJUY__s007519__e007684__e2d07a320dc8,166,jpg,224,224,grayscale,7520,7685,7519,7684,25.0,train
man,msasl,MS-ASL/videos_MS_ASL_raw/msasl_raw_0bIF7jh6lnE.mp4,1012,1035.0,24.0,0.7679999999999936,29.97,msasl_125,True,480.0,360.0,False,False,False,0.8008008008008008,0.0328008008008072,False,0.4669999999999996,8.125,False,False,,ok,,normalized_frames/topn_224_gray_jpg/man/msasl_raw_0bIF7jh6lnE__s001011__e001034__916060715914,24,jpg,224,224,grayscale,1012,1035,1011,1034,29.97002997002997,test
help,signingsavvy,kaggle_dataset/videos/27215.mp4,1,30.0,30.0,1.001,29.97,wlasl_11,True,288.0,192.0,False,False,False,1.001001001001001,1.0010010011995971e-06,False,0.4669999999999996,8.125,False,False,,ok,,normalized_frames/topn_224_gray_jpg/help/27215__s000000__e000029__c865afbd4dbe,30,jpg,224,224,grayscale,1,30,0,29,29.97,val
no,msasl,MS-ASL/videos_MS_ASL_raw/msasl_raw_WxY7E9P46DM.mp4,9873,10059.0,187.0,6.463000000000022,28.78,msasl_394,True,1080.0,720.0,False,False,False,6.497567755385684,0.0345677553856615,False,0.4669999999999996,8.125,False,False,,ok,,normalized_frames/topn_224_gray_jpg/no/msasl_raw_WxY7E9P46DM__s009872__e010058__2ef7a0233a19,187,jpg,224,224,grayscale,9873,10059,9872,10058,28.78,train
happy,msasl,MS-ASL/videos_MS_ASL_raw/msasl_raw_QTbj2GM5ohs.mp4,728,848.0,121.0,4.800000000000001,25.0,msasl_94,True,1280.0,720.0,False,False,False,4.84,0.0399999999999991,False,0.4669999999999996,8.125,False,False,,ok,,normalized_frames/topn_224_gray_jpg/happy/msasl_raw_QTbj2GM5ohs__s000727__e000847__b9f0d1c17167,121,jpg,224,224,grayscale,728,848,727,847,25.0,train
learn,msasl,MS-ASL/videos_MS_ASL_raw/msasl_raw_FNt4N8WFuVY.mp4,429,575.0,147.0,6.117999999999999,23.867,msasl_401,True,270.0,360.0,False,False,False,6.159131855700339,0.0411318557003399,False,0.4669999999999996,8.125,False,False,,ok,,normalized_frames/topn_224_gray_jpg/learn/msasl_raw_FNt4N8WFuVY__s000428__e000574__49c857026f55,147,jpg,224,224,grayscale,429,575,428,574,24.0,train
happy,msasl,MS-ASL/videos_MS_ASL_raw/msasl_raw_kZuJalsv_z0.mp4,1375,1517.0,143.0,4.734000000000002,30.0,msasl_163,True,1280.0,720.0,False,False,False,4.766666666666667,0.0326666666666648,False,0.4669999999999996,8.125,False,False,,ok,,normalized_frames/topn_224_gray_jpg/happy/msasl_raw_kZuJalsv_z0__s001374__e001516__ff684d674344,143,jpg,224,224,grayscale,1375,1517,1374,1516,30.0,train
school,msasl,MS-ASL/videos_MS_ASL_raw/msasl_raw_SiTBL7DYzZQ.mp4,1242,1354.0,113.0,4.479999999999997,25.0,msasl_94,True,1280.0,720.0,False,False,False,4.52,0.0400000000000027,False,0.4669999999999996,8.125,False,False,,ok,,normalized_frames/topn_224_gray_jpg/school/msasl_raw_SiTBL7DYzZQ__s001241__e001353__abbd56a3348e,113,jpg,224,224,grayscale,1242,1354,1241,1353,25.0,train
spring,signschool,kaggle_dataset/videos/25846.mp4,1,40.0,40.0,1.335,29.97002997002997,wlasl_4,True,1920.0,1080.0,False,False,False,1.334666666666667,0.0003333333333332,False,0.4669999999999996,8.125,False,False,,ok,,normalized_frames/topn_224_gray_jpg/spring/25846__s000000__e000039__a4a654e89537,40,jpg,224,224,grayscale,1,40,0,39,29.97002997002997,train
sit,msasl,MS-ASL/videos_MS_ASL_raw/msasl_raw_thdb-I-H9kE.mp4,921,1006.0,86.0,3.3999999999999986,25.0,msasl_94,True,1280.0,720.0,False,False,False,3.44,0.0400000000000013,False,0.4669999999999996,8.125,False,False,,ok,,normalized_frames/topn_224_gray_jpg/sit/msasl_raw_thdb-I-H9kE__s000920__e001005__cf42766fc990,86,jpg,224,224,grayscale,921,1006,920,1005,25.0,train
fish,msasl,MS-ASL/videos_MS_ASL_raw/msasl_raw_KRrKqGEGdMg.mp4,19170,19289.0,120.0,3.971000000000004,29.97,msasl_32,True,640.0,360.0,False,False,False,4.004004004004004,0.0330040040040002,False,0.4669999999999996,8.125,False,False,,ok,,normalized_frames/topn_224_gray_jpg/fish/msasl_raw_KRrKqGEGdMg__s019169__e019288__19cfc4e53a08,120,jpg,224,224,grayscale,19170,19289,19169,19288,29.97002997002997,train
orange,msasl,MS-ASL/videos_MS_ASL_raw/msasl_raw_pc0-gVEETVg.mp4,2195,2320.0,126.0,4.171000000000007,29.97,msasl_72,True,626.0,360.0,False,False,False,4.2042042042042045,0.0332042042041971,False,0.4669999999999996,8.125,False,False,,ok,,normalized_frames/topn_224_gray_jpg/orange/msasl_raw_pc0-gVEETVg__s002194__e002319__44d4d68e37fa,126,jpg,224,224,grayscale,2195,2320,2194,2319,29.97002997002997,train
fish,msasl,MS-ASL/videos_MS_ASL_raw/msasl_raw_Z1XbXReP_UY.mp4,3020,3091.0,72.0,2.369,29.97,msasl_26,True,1280.0,720.0,False,False,False,2.4024024024024024,0.0334024024024022,False,0.4669999999999996,8.125,False,False,,ok,,normalized_frames/topn_224_gray_jpg/fish/msasl_raw_Z1XbXReP_UY__s003019__e003090__bae5fb4fdf13,72,jpg,224,224,grayscale,3020,3091,3019,3090,29.97002997002997,val
sit,msasl,MS-ASL/videos_MS_ASL_raw/msasl_raw_v_SV_07Gcfk.mp4,474,530.0,57.0,1.8680000000000003,29.97,msasl_140,True,1280.0,720.0,False,False,False,1.901901901901902,0.0339019019019015,False,0.4669999999999996,8.125,False,False,,ok,,normalized_frames/topn_224_gray_jpg/sit/msasl_raw_v_SV_07Gcfk__s000473__e000529__563dec1c2a7b,57,jpg,224,224,grayscale,474,530,473,529,29.97002997002997,train
like,msasl,MS-ASL/videos_MS_ASL_raw/msasl_raw_xQR5y_xUtpA.mp4,2615,2671.0,57.0,1.867999999999995,29.97,msasl_26,True,1280.0,720.0,False,False,False,1.901901901901902,0.0339019019019068,False,0.4669999999999996,8.125,False,False,,ok,,normalized_frames/topn_224_gray_jpg/like/msasl_raw_xQR5y_xUtpA__s002614__e002670__eb7e3545e354,57,jpg,224,224,grayscale,2615,2671,2614,2670,29.97002997002997,val
water,msasl,MS-ASL/videos_MS_ASL_raw/msasl_raw_PvzBgEcEPew.mp4,4574,4698.0,125.0,4.95999999999998,25.0,msasl_77,True,640.0,360.0,False,False,False,5.0,0.0400000000000195,False,0.4669999999999996,8.125,False,False,,ok,,normalized_frames/topn_224_gray_jpg/water/msasl_raw_PvzBgEcEPew__s004573__e004697__d4416a016546,125,jpg,224,224,grayscale,4574,4698,4573,4697,25.0,train
teacher,msasl,MS-ASL/videos_MS_ASL_raw/msasl_raw_c49qWjgFtRI.mp4,2807,2882.0,76.0,2.5,30.0,msasl_101,True,640.0,360.0,False,False,False,2.533333333333333,0.0333333333333332,False,0.4669999999999996,8.125,False,False,,ok,,normalized_frames/topn_224_gray_jpg/teacher/msasl_raw_c49qWjgFtRI__s002806__e002881__12f3ee64bfb2,76,jpg,224,224,grayscale,2807,2882,2806,2881,30.0,train
finish,msasl,MS-ASL/videos_MS_ASL_raw/msasl_raw_bX1eJjB3nyA.mp4,5287,5376.0,90.0,2.968999999999994,29.97,msasl_261,True,640.0,360.0,False,False,False,3.003003003003004,0.0340030030030091,False,0.4669999999999996,8.125,False,False,,ok,,normalized_frames/topn_224_gray_jpg/finish/msasl_raw_bX1eJjB3nyA__s005286__e005375__97d1d556db5c,90,jpg,224,224,grayscale,5287,5376,5286,5375,29.97002997002997,train
bird,msasl,MS-ASL/videos_MS_ASL_raw/msasl_raw_pl2FLu62aSA.mp4,862,918.0,57.0,1.869,29.97,msasl_140,True,1280.0,720.0,False,False,False,1.901901901901902,0.0329019019019019,False,0.4669999999999996,8.125,False,False,,ok,,normalized_frames/topn_224_gray_jpg/bird/msasl_raw_pl2FLu62aSA__s000861__e000917__68c004a75392,57,jpg,224,224,grayscale,862,918,861,917,29.97002997002997,train
no,msasl,MS-ASL/videos_MS_ASL_raw/msasl_raw_fNg_sJ9f8EI.mp4,5410,5529.0,120.0,3.969999999999999,29.97,msasl_32,True,640.0,360.0,False,False,False,4.004004004004004,0.0340040040040054,False,0.4669999999999996,8.125,False,False,,ok,,normalized_frames/topn_224_gray_jpg/no/msasl_raw_fNg_sJ9f8EI__s005409__e005528__83d3ff451349,120,jpg,224,224,grayscale,5410,5529,5409,5528,29.97002997002997,train
happy,msasl,MS-ASL/videos_MS_ASL_raw/msasl_raw_D5Glywo1wSA.mp4,190,263.0,74.0,2.4350000000000005,29.97,msasl_144,True,480.0,360.0,False,False,False,2.469135802469136,0.0341358024691356,False,0.4669999999999996,8.125,False,False,,ok,,normalized_frames/topn_224_gray_jpg/happy/msasl_raw_D5Glywo1wSA__s000189__e000262__82cbdcbd137c,74,jpg,224,224,grayscale,190,263,189,262,29.97002997002997,train
spring,signingsavvy,kaggle_dataset/videos/43083.mp4,1,45.0,45.0,1.502,29.97,wlasl_10,True,288.0,192.0,False,False,False,1.5015015015015016,0.0004984984984983,False,0.4669999999999996,8.125,False,False,,ok,,normalized_frames/topn_224_gray_jpg/spring/43083__s000000__e000044__59cc9a885bb2,43,jpg,224,224,grayscale,1,45,0,44,29.97,train
like,msasl,MS-ASL/videos_MS_ASL_raw/msasl_raw_HUMEcnkvhJU.mp4,17826,17956.0,131.0,4.337999999999965,29.97,msasl_251,True,640.0,360.0,False,False,False,4.371037704371038,0.0330377043710727,False,0.4669999999999996,8.125,False,False,,ok,,normalized_frames/topn_224_gray_jpg/like/msasl_raw_HUMEcnkvhJU__s017825__e017955__86d1538d3bf3,131,jpg,224,224,grayscale,17826,17956,17825,17955,29.97002997002997,train
mother,signschool,kaggle_dataset/videos/36604.mp4,1,75.0,75.0,2.502,29.97002997002997,wlasl_52,True,640.0,360.0,False,False,False,2.5025,0.0005000000000001,False,0.4669999999999996,8.125,False,False,,ok,,normalized_frames/topn_224_gray_jpg/mother/36604__s000000__e000074__7a092fa36c6f,75,jpg,224,224,grayscale,1,75,0,74,29.97002997002997,train
tired,signschool,kaggle_dataset/videos/58591.mp4,1,83.0,83.0,2.769,29.97002997002997,wlasl_60,True,854.0,480.0,False,False,False,2.769433333333333,0.000433333333333,False,0.4669999999999996,8.125,False,False,,ok,,normalized_frames/topn_224_gray_jpg/tired/58591__s000000__e000082__c03c08cb29ed,83,jpg,224,224,grayscale,1,83,0,82,29.97002997002997,train
need,msasl,MS-ASL/videos_MS_ASL_raw/msasl_raw_KRrKqGEGdMg.mp4,20989,21138.0,150.0,4.97199999999998,29.97,msasl_32,True,640.0,360.0,False,False,False,5.005005005005005,0.033005005005025,False,0.4669999999999996,8.125,False,False,,ok,,normalized_frames/topn_224_gray_jpg/need/msasl_raw_KRrKqGEGdMg__s020988__e021137__0ba066130911,150,jpg,224,224,grayscale,20989,21138,20988,21137,29.97002997002997,train
no,signingsavvy,kaggle_dataset/videos/38533.mp4,1,54.0,54.0,1.802,29.97,wlasl_10,True,288.0,192.0,False,False,False,1.8018018018018016,0.0001981981981982,False,0.4669999999999996,8.125,False,False,,ok,,normalized_frames/topn_224_gray_jpg/no/38533__s000000__e000053__32650c7ee936,53,jpg,224,224,grayscale,1,54,0,53,29.97,train
cousin,msasl,MS-ASL/videos_MS_ASL_raw/msasl_raw_sUC-XDC5TvA.mp4,1529,1582.0,54.0,1.768000000000001,29.97,msasl_26,True,1280.0,720.0,False,False,False,1.8018018018018016,0.0338018018018009,False,0.4669999999999996,8.125,False,False,,ok,,normalized_frames/topn_224_gray_jpg/cousin/msasl_raw_sUC-XDC5TvA__s001528__e001581__6efda2bdf78c,54,jpg,224,224,grayscale,1529,1582,1528,1581,29.97002997002997,val
father,aslsearch,kaggle_dataset/videos/14572.mp4,1,88.0,88.0,2.903,30.314831204956377,wlasl_12,True,720.0,400.0,False,False,False,2.9028695362028696,0.0001304637971304,False,0.4669999999999996,8.125,False,False,,ok,,normalized_frames/topn_224_gray_jpg/father/14572__s000000__e000087__e7bc214820ce,88,jpg,224,224,grayscale,1,88,0,87,30.314831204956377,train
man,msasl,MS-ASL/videos_MS_ASL_raw/msasl_raw_0bIF7jh6lnE.mp4,966,1002.0,37.0,1.2010000000000003,29.97,msasl_125,True,480.0,360.0,False,False,False,1.234567901234568,0.0335679012345677,False,0.4669999999999996,8.125,False,False,,ok,,normalized_frames/topn_224_gray_jpg/man/msasl_raw_0bIF7jh6lnE__s000965__e001001__bc96bd59bc90,37,jpg,224,224,grayscale,966,1002,965,1001,29.97002997002997,test
need,asldeafined,kaggle_dataset/videos/51290.mp4,1,61.0,61.0,2.033,30.0,wlasl_15,True,640.0,480.0,False,False,False,2.033333333333333,0.0003333333333332,False,0.4669999999999996,8.125,False,False,,ok,,normalized_frames/topn_224_gray_jpg/need/51290__s000000__e000060__09e674aa2d52,61,jpg,224,224,grayscale,1,61,0,60,30.0,train
father,msasl,MS-ASL/videos_MS_ASL_raw/msasl_raw_6UrcyZ-QeiU.mp4,2637,2677.0,41.0,1.3349999999999935,29.97,msasl_205,True,640.0,360.0,False,False,False,1.3680347013680347,0.0330347013680412,False,0.4669999999999996,8.125,False,False,,ok,,normalized_frames/topn_224_gray_jpg/father/msasl_raw_6UrcyZ-QeiU__s002636__e002676__a0f6fde16de0,41,jpg,224,224,grayscale,2637,2677,2636,2676,29.97002997002997,train
man,msasl,MS-ASL/videos_MS_ASL_raw/msasl_raw_QbCeFN4IZw4.mp4,0,89.0,90.0,2.967,30.0,msasl_135,True,480.0,360.0,False,False,False,3.0,0.0329999999999999,False,0.4669999999999996,8.125,False,False,,ok,,normalized_frames/topn_224_gray_jpg/man/msasl_raw_QbCeFN4IZw4__s000000__e000088__ecc0c64f6b5a,89,jpg,224,224,grayscale,0,89,0,88,30.0,train
water,msasl,MS-ASL/videos_MS_ASL_raw/msasl_raw_q38xuZH11jw.mp4,4202,4311.0,110.0,3.632999999999981,30.0,msasl_107,True,568.0,320.0,False,False,False,3.6666666666666665,0.0336666666666856,False,0.4669999999999996,8.125,False,False,,ok,,normalized_frames/topn_224_gray_jpg/water/msasl_raw_q38xuZH11jw__s004201__e004310__b0d727ea04f6,110,jpg,224,224,grayscale,4202,4311,4201,4310,30.0,train
spring,msasl,MS-ASL/videos_MS_ASL_raw/msasl_raw_GFjM3GkAbdw.mp4,0,64.0,65.0,2.333,27.427,msasl_223,True,640.0,360.0,False,False,False,2.369927443759799,0.0369274437597986,False,0.4669999999999996,8.125,False,False,,ok,,normalized_frames/topn_224_gray_jpg/spring/msasl_raw_GFjM3GkAbdw__s000000__e000063__9e8e440712ce,64,jpg,224,224,grayscale,0,64,0,63,30.0,train
no,msasl,MS-ASL/videos_MS_ASL_raw/msasl_raw_JYF-AfMbUNw.mp4,7813,7902.0,90.0,2.968999999999994,29.97,msasl_125,True,640.0,352.0,False,False,False,3.003003003003004,0.0340030030030091,False,0.4669999999999996,8.125,False,False,,ok,,normalized_frames/topn_224_gray_jpg/no/msasl_raw_JYF-AfMbUNw__s007812__e007901__60ec8d4a0e8f,90,jpg,224,224,grayscale,7813,7902,7812,7901,29.97002997002997,test
help,msasl,MS-ASL/videos_MS_ASL_raw/msasl_raw_-hzoIOWYJac.mp4,1126,1188.0,63.0,2.074000000000005,29.887,msasl_34,True,1280.0,720.0,False,False,False,2.107939906982969,0.033939906982964,False,0.4669999999999996,8.125,False,False,,ok,,normalized_frames/topn_224_gray_jpg/help/msasl_raw_-hzoIOWYJac__s001125__e001187__4a0499e9e3db,63,jpg,224,224,grayscale,1126,1188,1125,1187,30.0,train
what,msasl,MS-ASL/videos_MS_ASL_raw/msasl_raw_z8e_-viWx9E.mp4,5144,5270.0,127.0,4.204000000000008,29.97,msasl_40,True,640.0,360.0,False,False,False,4.237570904237571,0.0335709042375631,False,0.4669999999999996,8.125,False,False,,ok,,normalized_frames/topn_224_gray_jpg/what/msasl_raw_z8e_-viWx9E__s005143__e005269__7bebe5667d08,127,jpg,224,224,grayscale,5144,5270,5143,5269,29.97002997002997,train
help,msasl,MS-ASL/videos_MS_ASL_raw/msasl_raw_DhcTHDFqTfI.mp4,120,220.0,101.0,3.34,29.942,msasl_144,True,480.0,360.0,False,False,False,3.3731881637833143,0.0331881637833144,False,0.4669999999999996,8.125,False,False,,ok,,normalized_frames/topn_224_gray_jpg/help/msasl_raw_DhcTHDFqTfI__s000119__e000219__a53677f3cfe1,101,jpg,224,224,grayscale,120,220,119,219,29.97002997002997,train
nice,msasl,MS-ASL/videos_MS_ASL_raw/msasl_raw_Ag5VPvAe8PA.mp4,573,691.0,119.0,3.937000000000001,29.97,msasl_18,True,640.0,360.0,False,False,False,3.9706373039706375,0.0336373039706363,False,0.4669999999999996,8.125,False,False,,ok,,normalized_frames/topn_224_gray_jpg/nice/msasl_raw_Ag5VPvAe8PA__s000572__e000690__b88de7d997c6,119,jpg,224,224,grayscale,573,691,572,690,29.97002997002997,train
like,msasl,MS-ASL/videos_MS_ASL_raw/msasl_raw_MDQQ9WZNwcc.mp4,5789,5883.0,95.0,3.1370000000000005,29.97,msasl_126,True,640.0,360.0,False,False,False,3.169836503169837,0.0328365031698361,False,0.4669999999999996,8.125,False,False,,ok,,normalized_frames/topn_224_gray_jpg/like/msasl_raw_MDQQ9WZNwcc__s005788__e005882__76148a5d57fa,95,jpg,224,224,grayscale,5789,5883,5788,5882,29.97002997002997,train
learn,msasl,MS-ASL/videos_MS_ASL_raw/msasl_raw_nvaS2J5mcEk.mp4,6143,6232.0,90.0,2.969999999999999,29.97,msasl_417,True,202.0,360.0,False,False,False,3.003003003003004,0.0330030030030044,False,0.4669999999999996,8.125,False,False,,ok,,normalized_frames/topn_224_gray_jpg/learn/msasl_raw_nvaS2J5mcEk__s006142__e006231__3da2a3f0ebbc,90,jpg,224,224,grayscale,6143,6232,6142,6231,29.97002997002997,train
bird,msasl,MS-ASL/videos_MS_ASL_raw/msasl_raw_CmKYKBQuHf4.mp4,1725,1804.0,80.0,2.634999999999998,29.97,msasl_80,True,640.0,360.0,False,False,False,2.669336002669336,0.0343360026693382,False,0.4669999999999996,8.125,False,False,,ok,,normalized_frames/topn_224_gray_jpg/bird/msasl_raw_CmKYKBQuHf4__s001724__e001803__0df1ee2f00e2,80,jpg,224,224,grayscale,1725,1804,1724,1803,29.97002997002997,train
man,signschool,kaggle_dataset/videos/34737.mp4,1,34.0,34.0,1.134,29.97002997002997,wlasl_39,True,1920.0,1080.0,False,False,False,1.1344666666666667,0.0004666666666668,False,0.4669999999999996,8.125,False,False,,ok,,normalized_frames/topn_224_gray_jpg/man/34737__s000000__e000033__57096c5d57f5,34,jpg,224,224,grayscale,1,34,0,33,29.97002997002997,train
father,msasl,MS-ASL/videos_MS_ASL_raw/msasl_raw_KftGqsKKn7w.mp4,2651,2823.0,173.0,5.73299999999999,30.0,msasl_22,True,640.0,360.0,False,False,False,5.766666666666667,0.0336666666666767,False,0.4669999999999996,8.125,False,False,,ok,,normalized_frames/topn_224_gray_jpg/father/msasl_raw_KftGqsKKn7w__s002650__e002822__1d3e2c954eda,173,jpg,224,224,grayscale,2651,2823,2650,2822,30.0,train
fish,elementalasl,kaggle_dataset/videos/22113.mp4,1,76.0,76.0,3.167,24.0,wlasl_19,True,320.0,180.0,False,False,False,3.1666666666666665,0.0003333333333332,False,0.4669999999999996,8.125,False,False,,ok,,normalized_frames/topn_224_gray_jpg/fish/22113__s000000__e000075__9d53d42631c7,76,jpg,224,224,grayscale,1,76,0,75,24.0,train
orange,msasl,MS-ASL/videos_MS_ASL_raw/msasl_raw_P_VWeMzjoEY.mp4,20,53.0,34.0,1.138,29.0,msasl_357,True,640.0,360.0,False,False,False,1.1724137931034482,0.0344137931034482,False,0.4669999999999996,8.125,False,False,,ok,,normalized_frames/topn_224_gray_jpg/orange/msasl_raw_P_VWeMzjoEY__s000019__e000052__0d0a4596032c,34,jpg,224,224,grayscale,20,53,19,52,29.0,train
orange,msasl,MS-ASL/videos_MS_ASL_raw/msasl_raw_mCjHYreiZ24.mp4,20670,20819.0,150.0,4.97199999999998,29.97,msasl_32,True,480.0,360.0,False,False,False,5.005005005005005,0.033005005005025,False,0.4669999999999996,8.125,False,False,,ok,,normalized_frames/topn_224_gray_jpg/orange/msasl_raw_mCjHYreiZ24__s020669__e020818__152abc1b2f7c,150,jpg,224,224,grayscale,20670,20819,20669,20818,29.97002997002997,train
nice,aslsearch,kaggle_dataset/videos/38293.mp4,1,94.0,94.0,3.103,30.29258379122356,wlasl_41,True,720.0,400.0,False,False,False,3.1030697364030697,6.973640306950912e-05,False,0.4669999999999996,8.125,False,False,,ok,,normalized_frames/topn_224_gray_jpg/nice/38293__s000000__e000093__7968865feddc,94,jpg,224,224,grayscale,1,94,0,93,30.29258379122356,train
man,msasl,MS-ASL/videos_MS_ASL_raw/msasl_raw_pv1yeA4iHmU.mp4,1662,1790.0,129.0,4.271000000000001,29.97,msasl_319,True,640.0,360.0,False,False,False,4.3043043043043046,0.0333043043043037,False,0.4669999999999996,8.125,False,False,,ok,,normalized_frames/topn_224_gray_jpg/man/msasl_raw_pv1yeA4iHmU__s001661__e001789__db5e7c3531c1,129,jpg,224,224,grayscale,1662,1790,1661,1789,29.97002997002997,train
cousin,msasl,MS-ASL/videos_MS_ASL_raw/msasl_raw_xhXw38OKfRQ.mp4,2000,2066.0,67.0,2.200000000000003,30.0,msasl_22,True,640.0,360.0,False,False,False,2.2333333333333334,0.0333333333333305,False,0.4669999999999996,8.125,False,False,,ok,,normalized_frames/topn_224_gray_jpg/cousin/msasl_raw_xhXw38OKfRQ__s001999__e002065__3f4dc9738206,67,jpg,224,224,grayscale,2000,2066,1999,2065,30.0,train
but,msasl,MS-ASL/videos_MS_ASL_raw/msasl_raw_rWIDL_GpaJc.mp4,1694,1754.0,61.0,2.0020000000000024,29.972,msasl_274,True,1280.0,720.0,False,False,False,2.03523288402509,0.0332328840250877,False,0.4669999999999996,8.125,False,False,,ok,,normalized_frames/topn_224_gray_jpg/but/msasl_raw_rWIDL_GpaJc__s001693__e001753__2bb9d2d14add,61,jpg,224,224,grayscale,1694,1754,1693,1753,29.97002997002997,train
orange,msasl,MS-ASL/videos_MS_ASL_raw/msasl_raw_shPBfkIYYpU.mp4,28438,28566.0,129.0,4.271000000000072,29.97,msasl_46,True,640.0,360.0,False,False,False,4.3043043043043046,0.0333043043042327,False,0.4669999999999996,8.125,False,False,,ok,,normalized_frames/topn_224_gray_jpg/orange/msasl_raw_shPBfkIYYpU__s028437__e028565__8a021db0fce7,129,jpg,224,224,grayscale,28438,28566,28437,28565,29.97002997002997,train
again,msasl,MS-ASL/videos_MS_ASL_raw/msasl_raw_9bosgmeAAuo.mp4,11320,11382.0,63.0,2.067999999999984,29.97,msasl_80,True,640.0,360.0,False,False,False,2.1021021021021022,0.0341021021021181,False,0.4669999999999996,8.125,False,False,,ok,,normalized_frames/topn_224_gray_jpg/again/msasl_raw_9bosgmeAAuo__s011319__e011381__c6d020e92ddd,63,jpg,224,224,grayscale,11320,11382,11319,11381,29.97002997002997,train
no,msasl,MS-ASL/videos_MS_ASL_raw/msasl_raw_yDNcxRM9Nf8.mp4,211,282.0,72.0,2.3690000000000007,29.97,msasl_144,True,480.0,360.0,False,False,False,2.4024024024024024,0.0334024024024017,False,0.4669999999999996,8.125,False,False,,ok,,normalized_frames/topn_224_gray_jpg/no/msasl_raw_yDNcxRM9Nf8__s000210__e000281__2137d7f6bedf,72,jpg,224,224,grayscale,211,282,210,281,29.97002997002997,train
deaf,msasl,MS-ASL/videos_MS_ASL_raw/msasl_raw_rnr_aY0X0dQ.mp4,4908,4948.0,41.0,1.3329999999999984,30.0,msasl_312,True,640.0,360.0,False,False,False,1.3666666666666667,0.0336666666666682,False,0.4669999999999996,8.125,False,False,,ok,,normalized_frames/topn_224_gray_jpg/deaf/msasl_raw_rnr_aY0X0dQ__s004907__e004947__f0b0271a38b2,41,jpg,224,224,grayscale,4908,4948,4907,4947,30.0,train
water,msasl,MS-ASL/videos_MS_ASL_raw/msasl_raw_m49LzvNVTgc.mp4,149,217.0,69.0,2.2689999999999992,29.97,msasl_144,True,480.0,360.0,False,False,False,2.3023023023023024,0.0333023023023031,False,0.4669999999999996,8.125,False,False,,ok,,normalized_frames/topn_224_gray_jpg/water/msasl_raw_m49LzvNVTgc__s000148__e000216__eb60f95a324c,69,jpg,224,224,grayscale,149,217,148,216,29.97002997002997,train
eat,msasl,MS-ASL/videos_MS_ASL_raw/msasl_raw_FBimL8-ND3E.mp4,6506,6556.0,51.0,1.6680000000000064,29.97,msasl_101,True,360.0,360.0,False,False,False,1.7017017017017018,0.0337017017016954,False,0.4669999999999996,8.125,False,False,,ok,,normalized_frames/topn_224_gray_jpg/eat/msasl_raw_FBimL8-ND3E__s006505__e006555__56cdb19ea1d8,51,jpg,224,224,grayscale,6506,6556,6505,6555,29.97002997002997,train
doctor,msasl,MS-ASL/videos_MS_ASL_raw/msasl_raw_IEVgcJA3JWk.mp4,0,70.0,71.0,2.336,29.97,msasl_0,True,1280.0,720.0,False,False,False,2.369035702369036,0.0330357023690357,False,0.4669999999999996,8.125,False,False,,ok,,normalized_frames/topn_224_gray_jpg/doctor/msasl_raw_IEVgcJA3JWk__s000000__e000069__68609b7e0fb3,70,jpg,224,224,grayscale,0,70,0,69,29.97002997002997,test
father,msasl,MS-ASL/videos_MS_ASL_raw/msasl_raw_KHJjHjG-8JU.mp4,806,886.0,81.0,2.6690000000000005,29.97,msasl_384,True,640.0,360.0,False,False,False,2.702702702702702,0.0337027027027021,False,0.4669999999999996,8.125,False,False,,ok,,normalized_frames/topn_224_gray_jpg/father/msasl_raw_KHJjHjG-8JU__s000805__e000885__7705bab89cf9,81,jpg,224,224,grayscale,806,886,805,885,29.97002997002997,train
father,aslsearch,kaggle_dataset/videos/21221.mp4,1,88.0,88.0,2.903,30.314831204956377,wlasl_12,True,720.0,400.0,False,False,False,2.9028695362028696,0.0001304637971304,False,0.4669999999999996,8.125,False,False,,ok,,normalized_frames/topn_224_gray_jpg/father/21221__s000000__e000087__b494d57f7e2a,88,jpg,224,224,grayscale,1,88,0,87,30.314831204956377,train
happy,msasl,MS-ASL/videos_MS_ASL_raw/msasl_raw_ZgUBU0NNEDU.mp4,8073,8153.0,81.0,2.6689999999999827,29.97,msasl_26,True,1280.0,720.0,False,False,False,2.702702702702702,0.0337027027027199,False,0.4669999999999996,8.125,False,False,,ok,,normalized_frames/topn_224_gray_jpg/happy/msasl_raw_ZgUBU0NNEDU__s008072__e008152__7288fc4bd907,81,jpg,224,224,grayscale,8073,8153,8072,8152,29.97002997002997,val
water,msasl,MS-ASL/videos_MS_ASL_raw/msasl_raw_u9uSLW1AfS8.mp4,0,121.0,122.0,4.84,25.0,msasl_14,True,640.0,360.0,False,False,False,4.88,0.04,False,0.4669999999999996,8.125,False,False,,ok,,normalized_frames/topn_224_gray_jpg/water/msasl_raw_u9uSLW1AfS8__s000000__e000120__8f5349471944,120,jpg,224,224,grayscale,0,121,0,120,25.0,train
sit,msasl,MS-ASL/videos_MS_ASL_raw/msasl_raw_my4mxg6lXYQ.mp4,11304,11388.0,85.0,2.8029999999999973,29.97,msasl_124,True,1280.0,720.0,False,False,False,2.836169502836169,0.0331695028361722,False,0.4669999999999996,8.125,False,False,,ok,,normalized_frames/topn_224_gray_jpg/sit/msasl_raw_my4mxg6lXYQ__s011303__e011387__76ef517b5281,85,jpg,224,224,grayscale,11304,11388,11303,11387,29.97002997002997,train
orange,msasl,MS-ASL/videos_MS_ASL_raw/msasl_raw_QBtof6T2N0Q.mp4,0,50.0,51.0,3.333,15.0,msasl_3,True,480.0,360.0,False,False,False,3.4,0.0669999999999997,False,0.4669999999999996,8.125,False,False,,ok,,normalized_frames/topn_224_gray_jpg/orange/msasl_raw_QBtof6T2N0Q__s000000__e000049__3e753eead08f,50,jpg,224,224,grayscale,0,50,0,49,15.0,train
water,msasl,MS-ASL/videos_MS_ASL_raw/msasl_raw_pAKBVHFXkFQ.mp4,5569,5641.0,73.0,2.4020000000000152,29.97,msasl_124,True,1280.0,720.0,False,False,False,2.4357691024357693,0.033769102435754,False,0.4669999999999996,8.125,False,False,,ok,,normalized_frames/topn_224_gray_jpg/water/msasl_raw_pAKBVHFXkFQ__s005568__e005640__52e917a52c7f,73,jpg,224,224,grayscale,5569,5641,5568,5640,29.97002997002997,train
help,signingsavvy,kaggle_dataset/videos/27217.mp4,1,64.0,64.0,2.135,29.97,wlasl_11,True,288.0,192.0,False,False,False,2.135468802135469,0.0004688021354692,False,0.4669999999999996,8.125,False,False,,ok,,normalized_frames/topn_224_gray_jpg/help/27217__s000000__e000063__7423a295ed6f,63,jpg,224,224,grayscale,1,64,0,63,29.97,val
school,signingsavvy,kaggle_dataset/videos/49602.mp4,1,33.0,33.0,1.101,29.97,wlasl_11,True,288.0,192.0,False,False,False,1.1011011011011012,0.0001011011011011,False,0.4669999999999996,8.125,False,False,,ok,,normalized_frames/topn_224_gray_jpg/school/49602__s000000__e000032__8221ad6124de,32,jpg,224,224,grayscale,1,33,0,32,29.97,val
table,msasl,MS-ASL/videos_MS_ASL_raw/msasl_raw_nHnqAu_1K-c.mp4,2864,2924.0,61.0,2.0,30.0,msasl_101,True,640.0,360.0,False,False,False,2.033333333333333,0.0333333333333332,False,0.4669999999999996,8.125,False,False,,ok,,normalized_frames/topn_224_gray_jpg/table/msasl_raw_nHnqAu_1K-c__s002863__e002923__d892903651b3,61,jpg,224,224,grayscale,2864,2924,2863,2923,30.0,train
fish,msasl,MS-ASL/videos_MS_ASL_raw/msasl_raw_hUrfB8bikfw.mp4,2630,2650.0,21.0,0.6679999999999922,29.97,msasl_124,True,640.0,360.0,False,False,False,0.7007007007007007,0.0327007007007085,False,0.4669999999999996,8.125,False,False,,ok,,normalized_frames/topn_224_gray_jpg/fish/msasl_raw_hUrfB8bikfw__s002629__e002649__8c381d802b10,21,jpg,224,224,grayscale,2630,2650,2629,2649,29.97,train
bird,msasl,MS-ASL/videos_MS_ASL_raw/msasl_raw_u0XAd3TkGaA.mp4,35893,36042.0,150.0,4.971000000000004,29.97,msasl_46,True,640.0,360.0,False,False,False,5.005005005005005,0.0340050050050013,False,0.4669999999999996,8.125,False,False,,ok,,normalized_frames/topn_224_gray_jpg/bird/msasl_raw_u0XAd3TkGaA__s035892__e036041__f0b7dd4e91ae,150,jpg,224,224,grayscale,35893,36042,35892,36041,29.97002997002997,train
again,msasl,MS-ASL/videos_MS_ASL_raw/msasl_raw_rnr_aY0X0dQ.mp4,628,668.0,41.0,1.3339999999999996,30.0,msasl_312,True,640.0,360.0,False,False,False,1.3666666666666667,0.032666666666667,False,0.4669999999999996,8.125,False,False,,ok,,normalized_frames/topn_224_gray_jpg/again/msasl_raw_rnr_aY0X0dQ__s000627__e000667__e877a7a2fccb,41,jpg,224,224,grayscale,628,668,627,667,30.0,train
sit,msasl,MS-ASL/videos_MS_ASL_raw/msasl_raw_JHFExZgYdwk.mp4,2807,2906.0,100.0,3.9599999999999937,25.0,msasl_12,True,1280.0,720.0,False,False,False,4.0,0.0400000000000062,False,0.4669999999999996,8.125,False,False,,ok,,normalized_frames/topn_224_gray_jpg/sit/msasl_raw_JHFExZgYdwk__s002806__e002905__12a1675b2cdf,100,jpg,224,224,grayscale,2807,2906,2806,2905,25.0,train
orange,msasl,MS-ASL/videos_MS_ASL_raw/msasl_raw_p8OYydc3WQM.mp4,9583,9671.0,89.0,2.9360000000000355,29.97,msasl_262,True,640.0,360.0,False,False,False,2.9696363029696364,0.0336363029696009,False,0.4669999999999996,8.125,False,False,,ok,,normalized_frames/topn_224_gray_jpg/orange/msasl_raw_p8OYydc3WQM__s009582__e009670__b003eecf1429,89,jpg,224,224,grayscale,9583,9671,9582,9670,29.97002997002997,train
finish,signingsavvy,kaggle_dataset/videos/21950.mp4,1,30.0,30.0,1.001,29.97,wlasl_11,True,288.0,192.0,False,False,False,1.001001001001001,1.0010010011995971e-06,False,0.4669999999999996,8.125,False,False,,ok,,normalized_frames/topn_224_gray_jpg/finish/21950__s000000__e000029__4e6612f0f470,29,jpg,224,224,grayscale,1,30,0,29,29.97,val
eat,msasl,MS-ASL/videos_MS_ASL_raw/msasl_raw_eBkzZg-9hd4.mp4,1377,1420.0,44.0,1.4350000000000025,29.97,msasl_26,True,1280.0,720.0,False,False,False,1.4681348014681348,0.0331348014681323,False,0.4669999999999996,8.125,False,False,,ok,,normalized_frames/topn_224_gray_jpg/eat/msasl_raw_eBkzZg-9hd4__s001376__e001419__19932a453eea,44,jpg,224,224,grayscale,1377,1420,1376,1419,29.97002997002997,val
cousin,msasl,MS-ASL/videos_MS_ASL_raw/msasl_raw_XUg1eKl65p4.mp4,2833,2884.0,52.0,1.7009999999999934,29.97,msasl_124,True,1280.0,720.0,False,False,False,1.7350684017350684,0.0340684017350749,False,0.4669999999999996,8.125,False,False,,ok,,normalized_frames/topn_224_gray_jpg/cousin/msasl_raw_XUg1eKl65p4__s002832__e002883__40f3638cdf2f,52,jpg,224,224,grayscale,2833,2884,2832,2883,29.97002997002997,train
man,aslsignbank,kaggle_dataset/videos/66097.mp4,1,64.0,64.0,2.669,23.976023976023978,wlasl_97,True,656.0,370.0,False,False,False,2.6693333333333333,0.0003333333333332,False,0.4669999999999996,8.125,False,False,,ok,,normalized_frames/topn_224_gray_jpg/man/66097__s000000__e000063__dadcfc524e98,64,jpg,224,224,grayscale,1,64,0,63,23.976023976023978,train
cousin,startasl,kaggle_dataset/videos/13632.mp4,1,71.0,71.0,2.369,29.97002997002997,wlasl_38,True,1280.0,720.0,False,False,False,2.3690333333333333,3.333333333310762e-05,False,0.4669999999999996,8.125,False,False,,ok,,normalized_frames/topn_224_gray_jpg/cousin/13632__s000000__e000070__ff00f6966d1b,71,jpg,224,224,grayscale,1,71,0,70,29.97002997002997,train
man,msasl,MS-ASL/videos_MS_ASL_raw/msasl_raw_L-AmHMWSiTQ.mp4,0,146.0,147.0,5.84,25.0,msasl_14,True,640.0,360.0,False,False,False,5.88,0.04,False,0.4669999999999996,8.125,False,False,,ok,,normalized_frames/topn_224_gray_jpg/man/msasl_raw_L-AmHMWSiTQ__s000000__e000145__004f55cfc473,146,jpg,224,224,grayscale,0,146,0,145,25.0,train
orange,msasl,MS-ASL/videos_MS_ASL_raw/msasl_raw_B2MuRVFAn6w.mp4,2827,2860.0,34.0,1.3269999999999982,24.871,msasl_6,True,640.0,358.0,False,False,False,1.367053998632946,0.0400539986329477,False,0.4669999999999996,8.125,False,False,,ok,,normalized_frames/topn_224_gray_jpg/orange/msasl_raw_B2MuRVFAn6w__s002826__e002859__3e27a91057e5,34,jpg,224,224,grayscale,2827,2860,2826,2859,25.0,train
need,msasl,MS-ASL/videos_MS_ASL_raw/msasl_raw_OSpNDIzYRTw.mp4,10020,10150.0,131.0,5.199999999999989,25.0,msasl_77,True,640.0,360.0,False,False,False,5.24,0.0400000000000115,False,0.4669999999999996,8.125,False,False,,ok,,normalized_frames/topn_224_gray_jpg/need/msasl_raw_OSpNDIzYRTw__s010019__e010149__379a3f80233a,131,jpg,224,224,grayscale,10020,10150,10019,10149,25.0,train
eat,msasl,MS-ASL/videos_MS_ASL_raw/msasl_raw_vE4RFGPqGqY.mp4,67,142.0,76.0,2.5,30.0,msasl_445,True,568.0,320.0,False,False,False,2.533333333333333,0.0333333333333332,False,0.4669999999999996,8.125,False,False,,ok,,normalized_frames/topn_224_gray_jpg/eat/msasl_raw_vE4RFGPqGqY__s000066__e000141__8c4b6da5a9ac,76,jpg,224,224,grayscale,67,142,66,141,30.0,train
like,msasl,MS-ASL/videos_MS_ASL_raw/msasl_raw_Xt6F1wT394I.mp4,5810,5941.0,132.0,4.370999999999981,29.97,msasl_286,True,1280.0,720.0,False,False,False,4.404404404404405,0.0334044044044237,False,0.4669999999999996,8.125,False,False,,ok,,normalized_frames/topn_224_gray_jpg/like/msasl_raw_Xt6F1wT394I__s005809__e005940__05a13d3a563c,132,jpg,224,224,grayscale,5810,5941,5809,5940,29.97002997002997,train
doctor,msasl,MS-ASL/videos_MS_ASL_raw/msasl_raw_58HG2sIrxS0.mp4,0,120.0,121.0,4.004,29.97,msasl_62,True,640.0,360.0,False,False,False,4.037370704037371,0.0333707040373711,False,0.4669999999999996,8.125,False,False,,ok,,normalized_frames/topn_224_gray_jpg/doctor/msasl_raw_58HG2sIrxS0__s000000__e000119__a3f03f3b434d,120,jpg,224,224,grayscale,0,120,0,119,29.97002997002997,train
no,msasl,MS-ASL/videos_MS_ASL_raw/msasl_raw_yDNcxRM9Nf8.mp4,120,211.0,92.0,3.0360000000000005,29.97,msasl_144,True,480.0,360.0,False,False,False,3.0697364030697365,0.033736403069736,False,0.4669999999999996,8.125,False,False,,ok,,normalized_frames/topn_224_gray_jpg/no/msasl_raw_yDNcxRM9Nf8__s000119__e000210__aa55475714c7,92,jpg,224,224,grayscale,120,211,119,210,29.97002997002997,train
student,aslsearch,kaggle_dataset/videos/55348.mp4,1,78.0,78.0,2.569,30.359615059935845,wlasl_12,True,720.0,400.0,False,False,False,2.5692025358692026,0.0002025358692026,False,0.4669999999999996,8.125,False,False,,ok,,normalized_frames/topn_224_gray_jpg/student/55348__s000000__e000077__3e751a2ca10b,78,jpg,224,224,grayscale,1,78,0,77,30.359615059935845,train
tired,signschool,kaggle_dataset/videos/58592.mp4,1,65.0,65.0,2.169,29.97002997002997,wlasl_46,True,1920.0,1080.0,False,False,False,2.168833333333333,0.0001666666666668,False,0.4669999999999996,8.125,False,False,,ok,,normalized_frames/topn_224_gray_jpg/tired/58592__s000000__e000064__9c5af34833af,65,jpg,224,224,grayscale,1,65,0,64,29.97002997002997,train
finish,msasl,MS-ASL/videos_MS_ASL_raw/msasl_raw_hYLBYbojIBc.mp4,0,80.0,81.0,2.667,30.0,msasl_0,True,320.0,240.0,False,False,False,2.7,0.0330000000000003,False,0.4669999999999996,8.125,False,False,,ok,,normalized_frames/topn_224_gray_jpg/finish/msasl_raw_hYLBYbojIBc__s000000__e000079__c972176e0b45,80,jpg,224,224,grayscale,0,80,0,79,30.0,test
yes,signschool,kaggle_dataset/videos/64284.mp4,1,56.0,56.0,1.869,29.97002997002997,wlasl_3,True,1920.0,1080.0,False,False,False,1.8685333333333327,0.0004666666666666,False,0.4669999999999996,8.125,False,False,,ok,,normalized_frames/topn_224_gray_jpg/yes/64284__s000000__e000055__4c8ddd252f2a,56,jpg,224,224,grayscale,1,56,0,55,29.97002997002997,train
mother,aslsignbank,kaggle_dataset/videos/66146.mp4,1,61.0,61.0,2.544,23.976102507664493,wlasl_90,True,656.0,370.0,False,False,False,2.5442,0.0001999999999999,False,0.4669999999999996,8.125,False,False,,ok,,normalized_frames/topn_224_gray_jpg/mother/66146__s000000__e000060__90c3b8ee4a7f,61,jpg,224,224,grayscale,1,61,0,60,23.976102507664493,train
doctor,asldeafined,kaggle_dataset/videos/17017.mp4,1,85.0,85.0,2.833,30.0,wlasl_21,True,640.0,480.0,False,False,False,2.833333333333333,0.0003333333333332,False,0.4669999999999996,8.125,False,False,,ok,,normalized_frames/topn_224_gray_jpg/doctor/17017__s000000__e000084__12036809394c,85,jpg,224,224,grayscale,1,85,0,84,30.0,train
no,msasl,MS-ASL/videos_MS_ASL_raw/msasl_raw_nyUDOPmQlZQ.mp4,0,104.0,105.0,3.47,29.97,msasl_38,True,640.0,360.0,False,False,False,3.503503503503504,0.0335035035035033,False,0.4669999999999996,8.125,False,False,,ok,,normalized_frames/topn_224_gray_jpg/no/msasl_raw_nyUDOPmQlZQ__s000000__e000103__dc51246a4ea7,104,jpg,224,224,grayscale,0,104,0,103,29.97002997002997,train
cousin,msasl,MS-ASL/videos_MS_ASL_raw/msasl_raw_7sZLZpm4n2E.mp4,1312,1372.0,61.0,2.0020000000000024,29.97,msasl_140,True,1280.0,720.0,False,False,False,2.035368702035369,0.0333687020353661,False,0.4669999999999996,8.125,False,False,,ok,,normalized_frames/topn_224_gray_jpg/cousin/msasl_raw_7sZLZpm4n2E__s001311__e001371__8c9cccbdb85f,61,jpg,224,224,grayscale,1312,1372,1311,1371,29.97002997002997,train
but,spreadthesign,kaggle_dataset/videos/16192.mp4,1,64.0,64.0,2.135,29.97002997002997,wlasl_78,True,320.0,240.0,False,False,False,2.135466666666667,0.000466666666667,False,0.4669999999999996,8.125,False,False,,ok,,normalized_frames/topn_224_gray_jpg/but/16192__s000000__e000063__020e613e56b0,64,jpg,224,224,grayscale,1,64,0,63,29.97002997002997,val
like,msasl,MS-ASL/videos_MS_ASL_raw/msasl_raw_uPKOwziViaw.mp4,11325,11502.0,178.0,5.906000000000006,29.97,msasl_124,True,1280.0,720.0,False,False,False,5.939272605939273,0.0332726059392669,False,0.4669999999999996,8.125,False,False,,ok,,normalized_frames/topn_224_gray_jpg/like/msasl_raw_uPKOwziViaw__s011324__e011501__6d8550ca4141,178,jpg,224,224,grayscale,11325,11502,11324,11501,29.97002997002997,train
father,msasl,MS-ASL/videos_MS_ASL_raw/msasl_raw_6UrcyZ-QeiU.mp4,3037,3087.0,51.0,1.6680000000000064,29.97,msasl_205,True,640.0,360.0,False,False,False,1.7017017017017018,0.0337017017016954,False,0.4669999999999996,8.125,False,False,,ok,,normalized_frames/topn_224_gray_jpg/father/msasl_raw_6UrcyZ-QeiU__s003036__e003086__b607881c57b6,51,jpg,224,224,grayscale,3037,3087,3036,3086,29.97002997002997,train
learn,signschool,kaggle_dataset/videos/32607.mp4,1,57.0,57.0,2.377,23.976023976023978,wlasl_27,True,1280.0,720.0,False,False,False,2.377375,0.000375,False,0.4669999999999996,8.125,False,False,,ok,,normalized_frames/topn_224_gray_jpg/learn/32607__s000000__e000056__9416d61bf259,57,jpg,224,224,grayscale,1,57,0,56,23.976023976023978,train
water,msasl,MS-ASL/videos_MS_ASL_raw/msasl_raw_sj1ThuEZG-8.mp4,0,77.0,78.0,2.567,30.0,msasl_0,True,320.0,240.0,False,False,False,2.6,0.0329999999999999,False,0.4669999999999996,8.125,False,False,,ok,,normalized_frames/topn_224_gray_jpg/water/msasl_raw_sj1ThuEZG-8__s000000__e000076__325c281e543b,77,jpg,224,224,grayscale,0,77,0,76,30.0,test
school,msasl,MS-ASL/videos_MS_ASL_raw/msasl_raw_uPKOwziViaw.mp4,14936,15112.0,177.0,5.872000000000014,29.97,msasl_124,True,1280.0,720.0,False,False,False,5.9059059059059065,0.0339059059058923,False,0.4669999999999996,8.125,False,False,,ok,,normalized_frames/topn_224_gray_jpg/school/msasl_raw_uPKOwziViaw__s014935__e015111__6c11827485ec,177,jpg,224,224,grayscale,14936,15112,14935,15111,29.97002997002997,train
happy,msasl,MS-ASL/videos_MS_ASL_raw/msasl_raw_vcrTUbE1NoY.mp4,4636,4718.0,83.0,2.7360000000000184,29.97,msasl_286,True,960.0,720.0,False,False,False,2.7694361027694363,0.0334361027694178,False,0.4669999999999996,8.125,False,False,,ok,,normalized_frames/topn_224_gray_jpg/happy/msasl_raw_vcrTUbE1NoY__s004635__e004717__e15662004548,83,jpg,224,224,grayscale,4636,4718,4635,4717,29.97002997002997,train
teacher,msasl,MS-ASL/videos_MS_ASL_raw/msasl_raw_4AwP2ED0O78.mp4,4299,4435.0,137.0,4.532999999999987,30.0,msasl_22,True,640.0,360.0,False,False,False,4.566666666666666,0.0336666666666793,False,0.4669999999999996,8.125,False,False,,ok,,normalized_frames/topn_224_gray_jpg/teacher/msasl_raw_4AwP2ED0O78__s004298__e004434__104e1b186afa,137,jpg,224,224,grayscale,4299,4435,4298,4434,30.0,train
no,msasl,MS-ASL/videos_MS_ASL_raw/msasl_raw_0HvgswZfDGI.mp4,0,35.0,36.0,2.333,15.0,msasl_3,True,480.0,360.0,False,False,False,2.4,0.0669999999999997,False,0.4669999999999996,8.125,False,False,,ok,,normalized_frames/topn_224_gray_jpg/no/msasl_raw_0HvgswZfDGI__s000000__e000034__8b4d0a3a6f87,35,jpg,224,224,grayscale,0,35,0,34,14.985014985014985,train
no,msasl,MS-ASL/videos_MS_ASL_raw/msasl_raw_g59_3vr_NT0.mp4,5071,5163.0,93.0,3.067000000000008,30.0,msasl_163,True,1280.0,720.0,False,False,False,3.1,0.0329999999999919,False,0.4669999999999996,8.125,False,False,,ok,,normalized_frames/topn_224_gray_jpg/no/msasl_raw_g59_3vr_NT0__s005070__e005162__70531090094b,93,jpg,224,224,grayscale,5071,5163,5070,5162,30.0,train
teacher,msasl,MS-ASL/videos_MS_ASL_raw/msasl_raw_R_ES8RZua1g.mp4,2308,2406.0,99.0,3.266999999999996,30.0,msasl_40,True,568.0,320.0,False,False,False,3.3,0.0330000000000039,False,0.4669999999999996,8.125,False,False,,ok,,normalized_frames/topn_224_gray_jpg/teacher/msasl_raw_R_ES8RZua1g__s002307__e002405__49a82ee3777b,99,jpg,224,224,grayscale,2308,2406,2307,2405,30.0,train
school,aslsearch,kaggle_dataset/videos/49606.mp4,1,87.0,87.0,2.87,30.318840916754844,wlasl_41,True,720.0,400.0,False,False,False,2.869502836169503,0.0004971638304969,False,0.4669999999999996,8.125,False,False,,ok,,normalized_frames/topn_224_gray_jpg/school/49606__s000000__e000086__472886ba6227,87,jpg,224,224,grayscale,1,87,0,86,30.318840916754844,train
cousin,msasl,MS-ASL/videos_MS_ASL_raw/msasl_raw_sUC-XDC5TvA.mp4,870,935.0,66.0,2.1690000000000005,29.97,msasl_26,True,1280.0,720.0,False,False,False,2.2022022022022023,0.0332022022022018,False,0.4669999999999996,8.125,False,False,,ok,,normalized_frames/topn_224_gray_jpg/cousin/msasl_raw_sUC-XDC5TvA__s000869__e000934__de9f31a82782,66,jpg,224,224,grayscale,870,935,869,934,29.97002997002997,val
again,msasl,MS-ASL/videos_MS_ASL_raw/msasl_raw_n0PdKty8WRA.mp4,486,568.0,83.0,2.7330000000000005,30.0,msasl_163,True,1280.0,720.0,False,False,False,2.7666666666666666,0.033666666666666,False,0.4669999999999996,8.125,False,False,,ok,,normalized_frames/topn_224_gray_jpg/again/msasl_raw_n0PdKty8WRA__s000485__e000567__b83e7449b4b2,83,jpg,224,224,grayscale,486,568,485,567,30.0,train
man,msasl,MS-ASL/videos_MS_ASL_raw/msasl_raw_UXetwN_cI5A.mp4,17041,17111.0,71.0,2.800000000000068,25.0,msasl_12,True,480.0,360.0,False,False,False,2.84,0.0399999999999316,False,0.4669999999999996,8.125,False,False,,ok,,normalized_frames/topn_224_gray_jpg/man/msasl_raw_UXetwN_cI5A__s017040__e017110__519117f6a463,71,jpg,224,224,grayscale,17041,17111,17040,17110,25.0,train
fish,msasl,MS-ASL/videos_MS_ASL_raw/msasl_raw_ac1Lgm6qns8.mp4,5404,5564.0,161.0,6.400000000000006,25.0,msasl_77,True,640.0,360.0,False,False,False,6.44,0.0399999999999947,False,0.4669999999999996,8.125,False,False,,ok,,normalized_frames/topn_224_gray_jpg/fish/msasl_raw_ac1Lgm6qns8__s005403__e005563__7f588991815b,161,jpg,224,224,grayscale,5404,5564,5403,5563,25.0,train
tired,msasl,MS-ASL/videos_MS_ASL_raw/msasl_raw_KRrKqGEGdMg.mp4,15185,15334.0,150.0,4.971000000000004,29.97,msasl_32,True,640.0,360.0,False,False,False,5.005005005005005,0.0340050050050013,False,0.4669999999999996,8.125,False,False,,ok,,normalized_frames/topn_224_gray_jpg/tired/msasl_raw_KRrKqGEGdMg__s015184__e015333__70f3e8372aaf,150,jpg,224,224,grayscale,15185,15334,15184,15333,29.97002997002997,train
tired,msasl,MS-ASL/videos_MS_ASL_raw/msasl_raw_Z7Z6RzQ4vCU.mp4,2325,2401.0,77.0,2.5349999999999966,29.97,msasl_26,True,1280.0,720.0,False,False,False,2.569235902569236,0.0342359025692395,False,0.4669999999999996,8.125,False,False,,ok,,normalized_frames/topn_224_gray_jpg/tired/msasl_raw_Z7Z6RzQ4vCU__s002324__e002400__1210442fdc35,77,jpg,224,224,grayscale,2325,2401,2324,2400,29.97002997002997,val
yes,msasl,MS-ASL/videos_MS_ASL_raw/msasl_raw_WxY7E9P46DM.mp4,9677,9856.0,180.0,6.21999999999997,28.78,msasl_394,True,1080.0,720.0,False,False,False,6.254343293954134,0.0343432939541639,False,0.4669999999999996,8.125,False,False,,ok,,normalized_frames/topn_224_gray_jpg/yes/msasl_raw_WxY7E9P46DM__s009676__e009855__167fe911ecb3,180,jpg,224,224,grayscale,9677,9856,9676,9855,28.78,train
teacher,msasl,MS-ASL/videos_MS_ASL_raw/msasl_raw_NOZSXL8Z_Q4.mp4,3173,3262.0,90.0,2.969999999999999,29.97,msasl_18,True,640.0,360.0,False,False,False,3.003003003003004,0.0330030030030044,False,0.4669999999999996,8.125,False,False,,ok,,normalized_frames/topn_224_gray_jpg/teacher/msasl_raw_NOZSXL8Z_Q4__s003172__e003261__883dfbc0d572,90,jpg,224,224,grayscale,3173,3262,3172,3261,29.97002997002997,train
bird,msasl,MS-ASL/videos_MS_ASL_raw/msasl_raw_6PrrP_W_960.mp4,0,78.0,79.0,3.12,25.0,msasl_13,True,640.0,360.0,False,False,False,3.16,0.04,False,0.4669999999999996,8.125,False,False,,ok,,normalized_frames/topn_224_gray_jpg/bird/msasl_raw_6PrrP_W_960__s000000__e000077__026771a974db,78,jpg,224,224,grayscale,0,78,0,77,25.0,train
table,msasl,MS-ASL/videos_MS_ASL_raw/msasl_raw__LGqHR3FhL8.mp4,5255,5335.0,81.0,2.6689999999999827,29.97,msasl_80,True,640.0,360.0,False,False,False,2.702702702702702,0.0337027027027199,False,0.4669999999999996,8.125,False,False,,ok,,normalized_frames/topn_224_gray_jpg/table/msasl_raw__LGqHR3FhL8__s005254__e005334__aeb716655b22,81,jpg,224,224,grayscale,5255,5335,5254,5334,29.97002997002997,train
need,msasl,MS-ASL/videos_MS_ASL_raw/msasl_raw_kgmz82HWI-I.mp4,0,61.0,62.0,2.035,29.97,msasl_0,True,1280.0,720.0,False,False,False,2.0687354020687354,0.0337354020687352,False,0.4669999999999996,8.125,False,False,,ok,,normalized_frames/topn_224_gray_jpg/need/msasl_raw_kgmz82HWI-I__s000000__e000060__1d5c45f886fd,61,jpg,224,224,grayscale,0,61,0,60,29.97002997002997,test
happy,msasl,MS-ASL/videos_MS_ASL_raw/msasl_raw_SC9lyDxbwUE.mp4,1493,1612.0,120.0,3.970999999999997,29.97,msasl_18,True,640.0,360.0,False,False,False,4.004004004004004,0.0330040040040073,False,0.4669999999999996,8.125,False,False,,ok,,normalized_frames/topn_224_gray_jpg/happy/msasl_raw_SC9lyDxbwUE__s001492__e001611__ed188bfcf903,120,jpg,224,224,grayscale,1493,1612,1492,1611,29.97002997002997,train
table,msasl,MS-ASL/videos_MS_ASL_raw/msasl_raw_UlRyKsP78qQ.mp4,899,958.0,60.0,1.968,29.97,msasl_26,True,1280.0,720.0,False,False,False,2.002002002002002,0.0340020020020022,False,0.4669999999999996,8.125,False,False,,ok,,normalized_frames/topn_224_gray_jpg/table/msasl_raw_UlRyKsP78qQ__s000898__e000957__44a8ba119b4d,60,jpg,224,224,grayscale,899,958,898,957,29.97002997002997,val
man,msasl,MS-ASL/videos_MS_ASL_raw/msasl_raw_rWIDL_GpaJc.mp4,2237,2393.0,157.0,5.204999999999998,29.972,msasl_274,True,1280.0,720.0,False,False,False,5.238222340851461,0.0332223408514629,False,0.4669999999999996,8.125,False,False,,ok,,normalized_frames/topn_224_gray_jpg/man/msasl_raw_rWIDL_GpaJc__s002236__e002392__ae5408162388,157,jpg,224,224,grayscale,2237,2393,2236,2392,29.97002997002997,train
deaf,msasl,MS-ASL/videos_MS_ASL_raw/msasl_raw_ZHUVt5W8UEk.mp4,2721,2783.0,63.0,2.067999999999998,29.97,msasl_349,True,640.0,360.0,False,False,False,2.1021021021021022,0.0341021021021044,False,0.4669999999999996,8.125,False,False,,ok,,normalized_frames/topn_224_gray_jpg/deaf/msasl_raw_ZHUVt5W8UEk__s002720__e002782__9f57e697ebcc,63,jpg,224,224,grayscale,2721,2783,2720,2782,29.97002997002997,train
again,msasl,MS-ASL/videos_MS_ASL_raw/msasl_raw_rnr_aY0X0dQ.mp4,558,618.0,61.0,2.0,30.0,msasl_312,True,640.0,360.0,False,False,False,2.033333333333333,0.0333333333333332,False,0.4669999999999996,8.125,False,False,,ok,,normalized_frames/topn_224_gray_jpg/again/msasl_raw_rnr_aY0X0dQ__s000557__e000617__7cb2a38099cd,61,jpg,224,224,grayscale,558,618,557,617,30.0,train
doctor,signingsavvy,kaggle_dataset/videos/17020.mp4,1,55.0,55.0,1.835,29.97,wlasl_10,True,288.0,192.0,False,False,False,1.8351685018351689,0.0001685018351686,False,0.4669999999999996,8.125,False,False,,ok,,normalized_frames/topn_224_gray_jpg/doctor/17020__s000000__e000054__d08543c78854,54,jpg,224,224,grayscale,1,55,0,54,29.97,train
help,asldeafined,kaggle_dataset/videos/27208.mp4,1,68.0,68.0,2.266,30.004412413590234,wlasl_21,True,640.0,480.0,False,False,False,2.2663333333333333,0.0003333333333332,False,0.4669999999999996,8.125,False,False,,ok,,normalized_frames/topn_224_gray_jpg/help/27208__s000000__e000067__2e604add4256,68,jpg,224,224,grayscale,1,68,0,67,30.004412413590234,train
father,aslbrick,kaggle_dataset/videos/69318.mp4,1,89.0,89.0,2.97,29.97002997002997,wlasl_116,True,640.0,480.0,False,False,False,2.9696333333333333,0.0003666666666668,False,0.4669999999999996,8.125,False,False,,ok,,normalized_frames/topn_224_gray_jpg/father/69318__s000000__e000088__bf654b1e0edd,89,jpg,224,224,grayscale,1,89,0,88,29.97002997002997,train
student,msasl,MS-ASL/videos_MS_ASL_raw/msasl_raw_nBvBJ91I5ZI.mp4,160,194.0,35.0,1.1339999999999997,29.97,msasl_40,True,640.0,360.0,False,False,False,1.1678345011678346,0.0338345011678349,False,0.4669999999999996,8.125,False,False,,ok,,normalized_frames/topn_224_gray_jpg/student/msasl_raw_nBvBJ91I5ZI__s000159__e000193__9734835aa3a0,35,jpg,224,224,grayscale,160,194,159,193,29.97002997002997,train
cousin,aslsearch,kaggle_dataset/videos/13647.mp4,1,79.0,79.0,2.603,30.35461993102476,wlasl_41,True,720.0,400.0,False,False,False,2.602569235902569,0.0004307640974312,False,0.4669999999999996,8.125,False,False,,ok,,normalized_frames/topn_224_gray_jpg/cousin/13647__s000000__e000078__08f40700cd86,79,jpg,224,224,grayscale,1,79,0,78,30.35461993102476,train
mother,msasl,MS-ASL/videos_MS_ASL_raw/msasl_raw_rkQZQhloXuE.mp4,3199,3259.0,61.0,2.002000000000009,29.97,msasl_370,True,640.0,360.0,False,False,False,2.035368702035369,0.0333687020353594,False,0.4669999999999996,8.125,False,False,,ok,,normalized_frames/topn_224_gray_jpg/mother/msasl_raw_rkQZQhloXuE__s003198__e003258__f70fc8a4d459,61,jpg,224,224,grayscale,3199,3259,3198,3258,29.97002997002997,train
again,msasl,MS-ASL/videos_MS_ASL_raw/msasl_raw_Fz1I_Ssr3AE.mp4,8583,8673.0,91.0,3.6000000000000227,25.0,msasl_77,True,640.0,360.0,False,False,False,3.64,0.0399999999999773,False,0.4669999999999996,8.125,False,False,,ok,,normalized_frames/topn_224_gray_jpg/again/msasl_raw_Fz1I_Ssr3AE__s008582__e008672__2cc831a49242,91,jpg,224,224,grayscale,8583,8673,8582,8672,25.0,train
help,signingsavvy,kaggle_dataset/videos/27216.mp4,1,55.0,55.0,1.835,29.97,wlasl_11,True,288.0,192.0,False,False,False,1.8351685018351689,0.0001685018351686,False,0.4669999999999996,8.125,False,False,,ok,,normalized_frames/topn_224_gray_jpg/help/27216__s000000__e000054__644fbd4b45fc,53,jpg,224,224,grayscale,1,55,0,54,29.97,val
water,msasl,MS-ASL/videos_MS_ASL_raw/msasl_raw_-SdOfxGhb0A.mp4,0,80.0,81.0,2.669,29.97,msasl_0,True,640.0,360.0,False,False,False,2.702702702702702,0.0337027027027025,False,0.4669999999999996,8.125,False,False,,ok,,normalized_frames/topn_224_gray_jpg/water/msasl_raw_-SdOfxGhb0A__s000000__e000079__28a1469be57e,80,jpg,224,224,grayscale,0,80,0,79,29.97002997002997,test
school,signschool,kaggle_dataset/videos/49598.mp4,1,55.0,55.0,1.835,29.97002997002997,wlasl_46,True,1280.0,720.0,False,False,False,1.8351666666666664,0.0001666666666666,False,0.4669999999999996,8.125,False,False,,ok,,normalized_frames/topn_224_gray_jpg/school/49598__s000000__e000054__d7f5277bae19,55,jpg,224,224,grayscale,1,55,0,54,29.97002997002997,train
water,msasl,MS-ASL/videos_MS_ASL_raw/msasl_raw_bX1eJjB3nyA.mp4,9065,9153.0,89.0,2.935999999999978,29.97,msasl_261,True,640.0,360.0,False,False,False,2.9696363029696364,0.0336363029696582,False,0.4669999999999996,8.125,False,False,,ok,,normalized_frames/topn_224_gray_jpg/water/msasl_raw_bX1eJjB3nyA__s009064__e009152__ab300ea40123,89,jpg,224,224,grayscale,9065,9153,9064,9152,29.97002997002997,train
mother,msasl,MS-ASL/videos_MS_ASL_raw/msasl_raw_fJVwZyjEa4k.mp4,850,968.0,119.0,3.937000000000001,29.97,msasl_41,True,202.0,360.0,False,False,False,3.9706373039706375,0.0336373039706363,False,0.4669999999999996,8.125,False,False,,ok,,normalized_frames/topn_224_gray_jpg/mother/msasl_raw_fJVwZyjEa4k__s000849__e000967__02909d98179b,119,jpg,224,224,grayscale,850,968,849,967,29.97002997002997,train
spring,signschool,kaggle_dataset/videos/54118.mp4,1,45.0,45.0,1.877,23.97613043014954,wlasl_4,True,1920.0,1080.0,False,False,False,1.876866666666667,0.0001333333333333,False,0.4669999999999996,8.125,False,False,,ok,,normalized_frames/topn_224_gray_jpg/spring/54118__s000000__e000044__420e03713d99,45,jpg,224,224,grayscale,1,45,0,44,23.97613043014954,train
what,startasl,kaggle_dataset/videos/62965.mp4,1,74.0,74.0,2.469,29.97,wlasl_36,True,736.0,414.0,False,False,False,2.469135802469136,0.0001358024691362,False,0.4669999999999996,8.125,False,False,,ok,,normalized_frames/topn_224_gray_jpg/what/62965__s000000__e000073__972f829b29e7,74,jpg,224,224,grayscale,1,74,0,73,29.97,test
happy,msasl,MS-ASL/videos_MS_ASL_raw/msasl_raw_D5Glywo1wSA.mp4,50,170.0,121.0,4.004,29.97,msasl_144,True,480.0,360.0,False,False,False,4.037370704037371,0.0333707040373711,False,0.4669999999999996,8.125,False,False,,ok,,normalized_frames/topn_224_gray_jpg/happy/msasl_raw_D5Glywo1wSA__s000049__e000169__100b3d843179,121,jpg,224,224,grayscale,50,170,49,169,29.97002997002997,train
yes,msasl,MS-ASL/videos_MS_ASL_raw/msasl_raw_MDQQ9WZNwcc.mp4,3566,3657.0,92.0,3.037000000000006,29.97,msasl_126,True,640.0,360.0,False,False,False,3.0697364030697365,0.0327364030697303,False,0.4669999999999996,8.125,False,False,,ok,,normalized_frames/topn_224_gray_jpg/yes/msasl_raw_MDQQ9WZNwcc__s003565__e003656__c2cc46649de9,92,jpg,224,224,grayscale,3566,3657,3565,3656,29.97002997002997,train
learn,msasl,MS-ASL/videos_MS_ASL_raw/msasl_raw_0bIF7jh6lnE.mp4,1503,1523.0,21.0,0.6670000000000016,29.97,msasl_125,True,480.0,360.0,False,False,False,0.7007007007007007,0.033700700700699,False,0.4669999999999996,8.125,False,False,,ok,,normalized_frames/topn_224_gray_jpg/learn/msasl_raw_0bIF7jh6lnE__s001502__e001522__5a49b90f30f5,21,jpg,224,224,grayscale,1503,1523,1502,1522,29.97002997002997,test
nice,msasl,MS-ASL/videos_MS_ASL_raw/msasl_raw_rkQZQhloXuE.mp4,1519,1579.0,61.0,2.0020000000000024,29.97,msasl_370,True,640.0,360.0,False,False,False,2.035368702035369,0.0333687020353661,False,0.4669999999999996,8.125,False,False,,ok,,normalized_frames/topn_224_gray_jpg/nice/msasl_raw_rkQZQhloXuE__s001518__e001578__490cdd2cfb63,61,jpg,224,224,grayscale,1519,1579,1518,1578,29.97002997002997,train
cousin,msasl,MS-ASL/videos_MS_ASL_raw/msasl_raw_XUg1eKl65p4.mp4,2940,2999.0,60.0,1.968999999999994,29.97,msasl_124,True,1280.0,720.0,False,False,False,2.002002002002002,0.033002002002008,False,0.4669999999999996,8.125,False,False,,ok,,normalized_frames/topn_224_gray_jpg/cousin/msasl_raw_XUg1eKl65p4__s002939__e002998__f883112186a3,60,jpg,224,224,grayscale,2940,2999,2939,2998,29.97002997002997,train
nice,msasl,MS-ASL/videos_MS_ASL_raw/msasl_raw_KTURNRi-wy0.mp4,1772,1828.0,57.0,1.868000000000002,29.97,msasl_26,True,1280.0,720.0,False,False,False,1.901901901901902,0.0339019019018997,False,0.4669999999999996,8.125,False,False,,ok,,normalized_frames/topn_224_gray_jpg/nice/msasl_raw_KTURNRi-wy0__s001771__e001827__8a9deb1302a5,57,jpg,224,224,grayscale,1772,1828,1771,1827,29.97002997002997,val
learn,msasl,MS-ASL/videos_MS_ASL_raw/msasl_raw_7b4vSYwKgok.mp4,1075,1109.0,35.0,1.1340000000000003,30.0,msasl_34,True,1280.0,720.0,False,False,False,1.1666666666666667,0.0326666666666664,False,0.4669999999999996,8.125,False,False,,ok,,normalized_frames/topn_224_gray_jpg/learn/msasl_raw_7b4vSYwKgok__s001074__e001108__0e980455a2dd,35,jpg,224,224,grayscale,1075,1109,1074,1108,30.0,train
water,msasl,MS-ASL/videos_MS_ASL_raw/msasl_raw_vE4RFGPqGqY.mp4,5429,5506.0,78.0,2.565999999999974,30.0,msasl_445,True,568.0,320.0,False,False,False,2.6,0.034000000000026,False,0.4669999999999996,8.125,False,False,,ok,,normalized_frames/topn_224_gray_jpg/water/msasl_raw_vE4RFGPqGqY__s005428__e005505__0021dab99bc1,78,jpg,224,224,grayscale,5429,5506,5428,5505,30.0,train
fish,msasl,MS-ASL/videos_MS_ASL_raw/msasl_raw_D-o9yqEqiMo.mp4,0,67.0,68.0,2.68,25.0,msasl_0,True,480.0,360.0,False,False,False,2.72,0.04,False,0.4669999999999996,8.125,False,False,,ok,,normalized_frames/topn_224_gray_jpg/fish/msasl_raw_D-o9yqEqiMo__s000000__e000066__81616e24f48a,67,jpg,224,224,grayscale,0,67,0,66,25.0,test
orange,msasl,MS-ASL/videos_MS_ASL_raw/msasl_raw_gRIcq644uAQ.mp4,10940,11030.0,91.0,3.002999999999986,29.97,msasl_286,True,640.0,360.0,False,False,False,3.0363697030363697,0.0333697030363837,False,0.4669999999999996,8.125,False,False,,ok,,normalized_frames/topn_224_gray_jpg/orange/msasl_raw_gRIcq644uAQ__s010939__e011029__fe27baf995e2,91,jpg,224,224,grayscale,10940,11030,10939,11029,29.97002997002997,train
finish,msasl,MS-ASL/videos_MS_ASL_raw/msasl_raw_WxY7E9P46DM.mp4,3127,3283.0,157.0,5.420000000000002,28.78,msasl_394,True,1080.0,720.0,False,False,False,5.455177206393328,0.0351772063933264,False,0.4669999999999996,8.125,False,False,,ok,,normalized_frames/topn_224_gray_jpg/finish/msasl_raw_WxY7E9P46DM__s003126__e003282__8edbf6ab0d31,157,jpg,224,224,grayscale,3127,3283,3126,3282,28.78,train
what,signingsavvy,kaggle_dataset/videos/62975.mp4,1,53.0,53.0,1.768,29.97,wlasl_10,True,288.0,192.0,False,False,False,1.7684351017684352,0.0004351017684351,False,0.4669999999999996,8.125,False,False,,ok,,normalized_frames/topn_224_gray_jpg/what/62975__s000000__e000052__65e40b1f1ae6,52,jpg,224,224,grayscale,1,53,0,52,29.97,train
mother,msasl,MS-ASL/videos_MS_ASL_raw/msasl_raw_uE3IDWh0xnA.mp4,149,179.0,31.0,1.0,30.0,msasl_34,True,406.0,720.0,False,False,False,1.0333333333333334,0.0333333333333334,False,0.4669999999999996,8.125,False,False,,ok,,normalized_frames/topn_224_gray_jpg/mother/msasl_raw_uE3IDWh0xnA__s000148__e000178__d689483cd2b2,31,jpg,224,224,grayscale,149,179,148,178,30.0,train
like,msasl,MS-ASL/videos_MS_ASL_raw/msasl_raw_GmxS5HkNc3o.mp4,385,497.0,113.0,3.862000000000002,29.0,msasl_407,True,640.0,360.0,False,False,False,3.896551724137931,0.0345517241379291,False,0.4669999999999996,8.125,False,False,,ok,,normalized_frames/topn_224_gray_jpg/like/msasl_raw_GmxS5HkNc3o__s000384__e000496__22a6c9f1a5bf,113,jpg,224,224,grayscale,385,497,384,496,29.0,train
deaf,msasl,MS-ASL/videos_MS_ASL_raw/msasl_raw_BEKUHzwnVO8.mp4,11833,11903.0,71.0,2.3350000000000364,29.97,msasl_80,True,640.0,360.0,False,False,False,2.369035702369036,0.0340357023689992,False,0.4669999999999996,8.125,False,False,,ok,,normalized_frames/topn_224_gray_jpg/deaf/msasl_raw_BEKUHzwnVO8__s011832__e011902__7cc14eaa3636,71,jpg,224,224,grayscale,11833,11903,11832,11902,29.97002997002997,train
again,msasl,MS-ASL/videos_MS_ASL_raw/msasl_raw_oqQ8Nt5NvjQ.mp4,0,85.0,86.0,2.836,29.97,msasl_0,True,640.0,360.0,False,False,False,2.8695362028695364,0.0335362028695365,False,0.4669999999999996,8.125,False,False,,ok,,normalized_frames/topn_224_gray_jpg/again/msasl_raw_oqQ8Nt5NvjQ__s000000__e000084__83a239e0e106,85,jpg,224,224,grayscale,0,85,0,84,29.97002997002997,test
table,msasl,MS-ASL/videos_MS_ASL_raw/msasl_raw_N8DVUr4x3G8.mp4,0,83.0,84.0,2.767,30.0,msasl_62,True,640.0,360.0,False,False,False,2.8,0.0329999999999999,False,0.4669999999999996,8.125,False,False,,ok,,normalized_frames/topn_224_gray_jpg/table/msasl_raw_N8DVUr4x3G8__s000000__e000082__fefbb560dd1d,83,jpg,224,224,grayscale,0,83,0,82,30.0,train
finish,msasl,MS-ASL/videos_MS_ASL_raw/msasl_raw_lElR-sVcYyw.mp4,26481,26552.0,72.0,2.369000000000028,29.97,msasl_32,True,640.0,360.0,False,False,False,2.4024024024024024,0.0334024024023742,False,0.4669999999999996,8.125,False,False,,ok,,normalized_frames/topn_224_gray_jpg/finish/msasl_raw_lElR-sVcYyw__s026480__e026551__9926acc16351,72,jpg,224,224,grayscale,26481,26552,26480,26551,29.97002997002997,train
sit,msasl,MS-ASL/videos_MS_ASL_raw/msasl_raw_ygYvSt7YdSs.mp4,0,53.0,54.0,1.768,29.97,msasl_96,True,636.0,360.0,False,False,False,1.8018018018018016,0.0338018018018018,False,0.4669999999999996,8.125,False,False,,ok,,normalized_frames/topn_224_gray_jpg/sit/msasl_raw_ygYvSt7YdSs__s000000__e000052__d1c22b6c8b8c,53,jpg,224,224,grayscale,0,53,0,52,29.97002997002997,train
doctor,msasl,MS-ASL/videos_MS_ASL_raw/msasl_raw_ZeCINgiBgEI.mp4,0,70.0,71.0,4.375,16.0,msasl_112,True,640.0,360.0,False,False,False,4.4375,0.0625,False,0.4669999999999996,8.125,False,False,,ok,,normalized_frames/topn_224_gray_jpg/doctor/msasl_raw_ZeCINgiBgEI__s000000__e000069__888f52c1da67,68,jpg,224,224,grayscale,0,70,0,69,15.161,train
nice,msasl,MS-ASL/videos_MS_ASL_raw/msasl_raw_LNw3SmRomG8.mp4,0,113.0,114.0,3.81,29.659,msasl_2,True,640.0,360.0,False,False,False,3.843689942344651,0.033689942344651,False,0.4669999999999996,8.125,False,False,,ok,,normalized_frames/topn_224_gray_jpg/nice/msasl_raw_LNw3SmRomG8__s000000__e000112__080732624e1e,113,jpg,224,224,grayscale,0,113,0,112,29.65900812876519,train
spring,asldeafined,kaggle_dataset/videos/43081.mp4,1,82.0,82.0,2.733,30.0,wlasl_13,True,640.0,480.0,False,False,False,2.7333333333333334,0.0003333333333332,False,0.4669999999999996,8.125,False,False,,ok,,normalized_frames/topn_224_gray_jpg/spring/43081__s000000__e000081__40dfe9ecc188,82,jpg,224,224,grayscale,1,82,0,81,30.0,train
eat,startasl,kaggle_dataset/videos/18324.mp4,1,67.0,67.0,2.236,29.97,wlasl_36,True,736.0,414.0,False,False,False,2.235568902235569,0.000431097764431,False,0.4669999999999996,8.125,False,False,,ok,,normalized_frames/topn_224_gray_jpg/eat/18324__s000000__e000066__2b2e95968d3f,67,jpg,224,224,grayscale,1,67,0,66,29.97,test
man,spreadthesign,kaggle_dataset/videos/34732.mp4,1,72.0,72.0,2.88,25.0,wlasl_37,True,320.0,240.0,False,False,False,2.88,0.0,False,0.4669999999999996,8.125,False,False,,ok,,normalized_frames/topn_224_gray_jpg/man/34732__s000000__e000071__12ed1d9c6f4b,72,jpg,224,224,grayscale,1,72,0,71,25.0,train
teacher,signschool,kaggle_dataset/videos/57040.mp4,1,39.0,39.0,1.627,23.97606491980656,wlasl_31,True,1920.0,1080.0,False,False,False,1.6266222222222215,0.0003777777777784,False,0.4669999999999996,8.125,False,False,,ok,,normalized_frames/topn_224_gray_jpg/teacher/57040__s000000__e000038__d59317e7ace3,39,jpg,224,224,grayscale,1,39,0,38,23.976064919806557,train
water,msasl,MS-ASL/videos_MS_ASL_raw/msasl_raw_m49LzvNVTgc.mp4,924,998.0,75.0,2.4689999999999976,29.97,msasl_144,True,480.0,360.0,False,False,False,2.5025025025025025,0.0335025025025048,False,0.4669999999999996,8.125,False,False,,ok,,normalized_frames/topn_224_gray_jpg/water/msasl_raw_m49LzvNVTgc__s000923__e000997__b486927b5ffc,75,jpg,224,224,grayscale,924,998,923,997,29.97002997002997,train
eat,msasl,MS-ASL/videos_MS_ASL_raw/msasl_raw_jDCw7stJaM4.mp4,323,412.0,90.0,2.9700000000000006,29.97,msasl_72,True,472.0,360.0,False,False,False,3.003003003003004,0.0330030030030026,False,0.4669999999999996,8.125,False,False,,ok,,normalized_frames/topn_224_gray_jpg/eat/msasl_raw_jDCw7stJaM4__s000322__e000411__5755a346fae9,90,jpg,224,224,grayscale,323,412,322,411,29.97002997002997,train
man,msasl,MS-ASL/videos_MS_ASL_raw/msasl_raw_jD_YbAqxNe4.mp4,90,160.0,71.0,2.3360000000000003,29.97,msasl_96,True,636.0,360.0,False,False,False,2.369035702369036,0.0330357023690353,False,0.4669999999999996,8.125,False,False,,ok,,normalized_frames/topn_224_gray_jpg/man/msasl_raw_jD_YbAqxNe4__s000089__e000159__b1c55a15b994,71,jpg,224,224,grayscale,90,160,89,159,29.97002997002997,train
table,msasl,MS-ASL/videos_MS_ASL_raw/msasl_raw_my4mxg6lXYQ.mp4,2752,2812.0,61.0,2.001999999999996,29.97,msasl_124,True,1280.0,720.0,False,False,False,2.035368702035369,0.0333687020353727,False,0.4669999999999996,8.125,False,False,,ok,,normalized_frames/topn_224_gray_jpg/table/msasl_raw_my4mxg6lXYQ__s002751__e002811__e74741a4306a,61,jpg,224,224,grayscale,2752,2812,2751,2811,29.97002997002997,train
but,msasl,MS-ASL/videos_MS_ASL_raw/msasl_raw_p8OYydc3WQM.mp4,5127,5248.0,122.0,4.037000000000006,29.97,msasl_262,True,640.0,360.0,False,False,False,4.070737404070737,0.033737404070731,False,0.4669999999999996,8.125,False,False,,ok,,normalized_frames/topn_224_gray_jpg/but/msasl_raw_p8OYydc3WQM__s005126__e005247__b4a85f38228a,122,jpg,224,224,grayscale,5127,5248,5126,5247,29.97002997002997,train
need,aslsearch,kaggle_dataset/videos/37894.mp4,1,83.0,83.0,2.736,30.33585775436286,wlasl_41,True,720.0,400.0,False,False,False,2.736036036036036,3.603603603563599e-05,False,0.4669999999999996,8.125,False,False,,ok,,normalized_frames/topn_224_gray_jpg/need/37894__s000000__e000082__00c4aaa5d8a1,83,jpg,224,224,grayscale,1,83,0,82,30.33585775436286,train
school,msasl,MS-ASL/videos_MS_ASL_raw/msasl_raw_9jjWGDFqmQc.mp4,0,67.0,68.0,2.913,23.0,msasl_112,True,640.0,360.0,False,False,False,2.9565217391304346,0.0435217391304347,False,0.4669999999999996,8.125,False,False,,ok,,normalized_frames/topn_224_gray_jpg/school/msasl_raw_9jjWGDFqmQc__s000000__e000066__b7a4f80329a5,46,jpg,224,224,grayscale,0,67,0,66,15.103,train
teacher,msasl,MS-ASL/videos_MS_ASL_raw/msasl_raw_HYK7P7Cm_aY.mp4,182,232.0,51.0,1.6679999999999993,29.97,msasl_36,True,480.0,360.0,False,False,False,1.7017017017017018,0.0337017017017025,False,0.4669999999999996,8.125,False,False,,ok,,normalized_frames/topn_224_gray_jpg/teacher/msasl_raw_HYK7P7Cm_aY__s000181__e000231__5620fa6feae3,51,jpg,224,224,grayscale,182,232,181,231,29.97002997002997,train
bird,msasl,MS-ASL/videos_MS_ASL_raw/msasl_raw_stsGYdklN_k.mp4,707,749.0,43.0,1.402000000000001,29.97,msasl_124,True,640.0,360.0,False,False,False,1.4347681014347682,0.0327681014347671,False,0.4669999999999996,8.125,False,False,,ok,,normalized_frames/topn_224_gray_jpg/bird/msasl_raw_stsGYdklN_k__s000706__e000748__b890e1cdeb6c,43,jpg,224,224,grayscale,707,749,706,748,29.97,train
tired,msasl,MS-ASL/videos_MS_ASL_raw/msasl_raw_ZgUBU0NNEDU.mp4,8360,8460.0,101.0,3.336999999999989,29.97,msasl_26,True,1280.0,720.0,False,False,False,3.3700367033700367,0.0330367033700476,False,0.4669999999999996,8.125,False,False,,ok,,normalized_frames/topn_224_gray_jpg/tired/msasl_raw_ZgUBU0NNEDU__s008359__e008459__c611f68e0d79,101,jpg,224,224,grayscale,8360,8460,8359,8459,29.97002997002997,val
eat,msasl,MS-ASL/videos_MS_ASL_raw/msasl_raw_mC0lNJ6iz-s.mp4,31642,31677.0,36.0,1.167999999999893,29.97,msasl_32,True,640.0,360.0,False,False,False,1.2012012012012012,0.0332012012013083,False,0.4669999999999996,8.125,False,False,,ok,,normalized_frames/topn_224_gray_jpg/eat/msasl_raw_mC0lNJ6iz-s__s031641__e031676__88e401047eab,36,jpg,224,224,grayscale,31642,31677,31641,31676,29.97002997002997,train
spring,msasl,MS-ASL/videos_MS_ASL_raw/msasl_raw_yYU3LnDDyG0.mp4,0,96.0,97.0,3.2,30.0,msasl_223,True,640.0,360.0,False,False,False,3.2333333333333334,0.0333333333333332,False,0.4669999999999996,8.125,False,False,,ok,,normalized_frames/topn_224_gray_jpg/spring/msasl_raw_yYU3LnDDyG0__s000000__e000095__ca43916c214b,96,jpg,224,224,grayscale,0,96,0,95,30.0,train
finish,msasl,MS-ASL/videos_MS_ASL_raw/msasl_raw_ZHUVt5W8UEk.mp4,4673,4734.0,62.0,2.0360000000000014,29.97,msasl_349,True,640.0,360.0,False,False,False,2.0687354020687354,0.032735402068734,False,0.4669999999999996,8.125,False,False,,ok,,normalized_frames/topn_224_gray_jpg/finish/msasl_raw_ZHUVt5W8UEk__s004672__e004733__f95417fd5fd9,62,jpg,224,224,grayscale,4673,4734,4672,4733,29.97002997002997,train
but,msasl,MS-ASL/videos_MS_ASL_raw/msasl_raw_u0XAd3TkGaA.mp4,14586,14676.0,91.0,3.0030000000000427,29.97,msasl_46,True,640.0,360.0,False,False,False,3.0363697030363697,0.0333697030363269,False,0.4669999999999996,8.125,False,False,,ok,,normalized_frames/topn_224_gray_jpg/but/msasl_raw_u0XAd3TkGaA__s014585__e014675__f59b61caaeda,91,jpg,224,224,grayscale,14586,14676,14585,14675,29.97002997002997,train
yes,msasl,MS-ASL/videos_MS_ASL_raw/msasl_raw_FwGL9FjFpYI.mp4,15949,16041.0,93.0,3.07000000000005,29.97,msasl_26,True,1280.0,720.0,False,False,False,3.103103103103104,0.0331031031030533,False,0.4669999999999996,8.125,False,False,,ok,,normalized_frames/topn_224_gray_jpg/yes/msasl_raw_FwGL9FjFpYI__s015948__e016040__4b3164e1b0eb,93,jpg,224,224,grayscale,15949,16041,15948,16040,29.97002997002997,val
orange,asldeafined,kaggle_dataset/videos/40118.mp4,1,88.0,88.0,2.933,30.0,wlasl_13,True,640.0,480.0,False,False,False,2.933333333333333,0.0003333333333332,False,0.4669999999999996,8.125,False,False,,ok,,normalized_frames/topn_224_gray_jpg/orange/40118__s000000__e000087__fb28eb34d151,88,jpg,224,224,grayscale,1,88,0,87,30.0,train
orange,msasl,MS-ASL/videos_MS_ASL_raw/msasl_raw_exk-qIRNw7Y.mp4,2350,2409.0,60.0,1.967999999999989,29.97,msasl_26,True,1280.0,720.0,False,False,False,2.002002002002002,0.034002002002013,False,0.4669999999999996,8.125,False,False,,ok,,normalized_frames/topn_224_gray_jpg/orange/msasl_raw_exk-qIRNw7Y__s002349__e002408__f3f7472f3d25,60,jpg,224,224,grayscale,2350,2409,2349,2408,29.97002997002997,val
school,msasl,MS-ASL/videos_MS_ASL_raw/msasl_raw_JHFExZgYdwk.mp4,3808,3906.0,99.0,3.920000000000016,25.0,msasl_12,True,1280.0,720.0,False,False,False,3.96,0.039999999999984,False,0.4669999999999996,8.125,False,False,,ok,,normalized_frames/topn_224_gray_jpg/school/msasl_raw_JHFExZgYdwk__s003807__e003905__5635636a6549,99,jpg,224,224,grayscale,3808,3906,3807,3905,25.0,train
student,msasl,MS-ASL/videos_MS_ASL_raw/msasl_raw_DOZJOFHs75s.mp4,2711,2823.0,113.0,3.737000000000009,29.97,msasl_95,True,480.0,360.0,False,False,False,3.770437103770437,0.0334371037704284,False,0.4669999999999996,8.125,False,False,,ok,,normalized_frames/topn_224_gray_jpg/student/msasl_raw_DOZJOFHs75s__s002710__e002822__3b21ad8bad30,113,jpg,224,224,grayscale,2711,2823,2710,2822,29.97002997002997,train
mother,signingsavvy,kaggle_dataset/videos/36607.mp4,1,46.0,46.0,1.535,29.97,wlasl_11,True,288.0,192.0,False,False,False,1.5348682015348682,0.0001317984651316,False,0.4669999999999996,8.125,False,False,,ok,,normalized_frames/topn_224_gray_jpg/mother/36607__s000000__e000045__582df17a64cd,45,jpg,224,224,grayscale,1,46,0,45,29.97,val
tired,msasl,MS-ASL/videos_MS_ASL_raw/msasl_raw_iHR2uV-Uxc8.mp4,5032,5082.0,51.0,1.667999999999978,29.97,msasl_349,True,640.0,360.0,False,False,False,1.7017017017017018,0.0337017017017238,False,0.4669999999999996,8.125,False,False,,ok,,normalized_frames/topn_224_gray_jpg/tired/msasl_raw_iHR2uV-Uxc8__s005031__e005081__aa4029287660,51,jpg,224,224,grayscale,5032,5082,5031,5081,29.97002997002997,train
school,msasl,MS-ASL/videos_MS_ASL_raw/msasl_raw_-A4DGiMwiu8.mp4,206,331.0,126.0,4.170000000000001,29.97,msasl_144,True,480.0,360.0,False,False,False,4.2042042042042045,0.0342042042042036,False,0.4669999999999996,8.125,False,False,,ok,,normalized_frames/topn_224_gray_jpg/school/msasl_raw_-A4DGiMwiu8__s000205__e000330__c33ee68b815b,126,jpg,224,224,grayscale,206,331,205,330,29.97002997002997,train
